t,seg,rx,ry,rz,fx,fy,fz
3886.7421,0,0.29957,0.06071,0.26164,0.29900,0.06017,0.26173
3886.7731,0,0.30045,0.06100,0.26139,0.29944,0.06042,0.26163
3886.8131,0,0.30061,0.06128,0.26164,0.29979,0.06068,0.26163
3886.8424,0,0.29830,0.06145,0.26184,0.29934,0.06091,0.26169
3886.8735,0,0.29946,0.06156,0.26158,0.29938,0.06111,0.26166
3886.9118,0,0.29948,0.06145,0.26154,0.29941,0.06121,0.26162
3886.9422,0,0.30041,0.06145,0.26128,0.29971,0.06128,0.26152
3886.9744,0,0.29954,0.06151,0.26164,0.29966,0.06135,0.26156
3887.0103,0,0.29919,0.06204,0.26196,0.29952,0.06156,0.26168
3887.0419,0,0.29891,0.06209,0.26232,0.29934,0.06172,0.26187
3887.0741,0,0.29684,0.06262,0.26280,0.29859,0.06199,0.26215
3887.1076,0,0.29675,0.06291,0.26285,0.29804,0.06226,0.26236
3887.1421,0,0.29717,0.06459,0.26282,0.29778,0.06296,0.26250
3887.1757,0,0.29481,0.06558,0.26323,0.29689,0.06375,0.26272
3887.2064,0,0.29340,0.06654,0.26339,0.29584,0.06459,0.26292
3887.2438,0,0.29514,0.06722,0.26308,0.29563,0.06538,0.26297
3887.2737,0,0.29533,0.06765,0.26283,0.29554,0.06606,0.26293
3887.3056,0,0.29560,0.06773,0.26280,0.29556,0.06656,0.26289
3887.3439,0,0.29540,0.06792,0.26282,0.29551,0.06697,0.26287
3887.3743,0,0.29419,0.06809,0.26297,0.29512,0.06730,0.26290
3887.4067,0,0.29549,0.06881,0.26260,0.29523,0.06776,0.26281
3887.4452,0,0.29369,0.06934,0.26238,0.29477,0.06823,0.26268
3887.4786,0,0.29313,0.07020,0.26237,0.29428,0.06882,0.26259
3887.5094,0,0.29162,0.07137,0.26308,0.29348,0.06959,0.26273
3887.5433,0,0.28956,0.07223,0.26353,0.29230,0.07038,0.26297
3887.5741,0,0.28625,0.07243,0.26587,0.29049,0.07099,0.26384
3887.6060,0,0.28619,0.07257,0.26732,0.28920,0.07147,0.26489
3887.6615,0,0.28529,0.07123,0.26887,0.28803,0.07140,0.26608
3887.6921,0,0.28769,0.06834,0.26933,0.28793,0.07048,0.26706
3887.7217,0,0.28579,0.06445,0.26945,0.28728,0.06867,0.26777
3887.7525,0,0.28904,0.05857,0.26823,0.28781,0.06564,0.26791
3887.7840,0,0.28418,0.05223,0.26817,0.28672,0.06162,0.26799
3887.8141,0,0.28839,0.04453,0.26771,0.28722,0.05649,0.26790
3887.8441,0,0.29075,0.03797,0.26759,0.28828,0.05093,0.26781
3887.8740,0,0.29052,0.03363,0.26881,0.28895,0.04574,0.26811
3887.9070,0,0.28864,0.02933,0.26940,0.28886,0.04082,0.26849
3887.9419,0,0.28497,0.02475,0.27062,0.28769,0.03600,0.26913
3887.9758,0,0.28351,0.02085,0.27160,0.28644,0.03145,0.26987
3888.0077,0,0.28277,0.01606,0.27183,0.28534,0.02683,0.27046
3888.0421,0,0.28361,0.01189,0.27176,0.28482,0.02235,0.27085
3888.0778,0,0.28216,0.00610,0.27188,0.28402,0.01747,0.27116
3888.1087,0,0.28141,-0.00019,0.27205,0.28324,0.01217,0.27143
3888.1420,0,0.27850,-0.00609,0.27267,0.28182,0.00670,0.27180
3888.1800,0,0.27638,-0.01181,0.27278,0.28019,0.00115,0.27209
3888.2098,0,0.27604,-0.01765,0.27265,0.27894,-0.00449,0.27226
3888.2428,0,0.27383,-0.02377,0.27264,0.27741,-0.01028,0.27237
3888.2742,0,0.27574,-0.02932,0.27253,0.27691,-0.01599,0.27242
3888.3106,0,0.27612,-0.03456,0.27193,0.27667,-0.02156,0.27227
3888.3411,0,0.27830,-0.04123,0.27137,0.27716,-0.02746,0.27200
3888.3738,0,0.28012,-0.04680,0.27121,0.27805,-0.03326,0.27177
3888.4098,0,0.28243,-0.05277,0.27035,0.27936,-0.03911,0.27134
3888.4420,0,0.28539,-0.05820,0.26973,0.28117,-0.04484,0.27086
3888.4766,0,0.28601,-0.06278,0.26970,0.28262,-0.05022,0.27051
3888.5078,0,0.28660,-0.06668,0.27001,0.28381,-0.05516,0.27036
3888.5421,0,0.28304,-0.07082,0.27073,0.28358,-0.05986,0.27047
3888.5745,0,0.28332,-0.07506,0.27080,0.28350,-0.06442,0.27057
3888.6057,0,0.28430,-0.07808,0.27062,0.28374,-0.06852,0.27058
3888.6590,0,0.28443,-0.08003,0.27036,0.28395,-0.07197,0.27052
3888.6884,0,0.28159,-0.08315,0.27089,0.28324,-0.07532,0.27063
3888.7300,0,0.28247,-0.08670,0.27106,0.28301,-0.07874,0.27076
3888.7596,0,0.28054,-0.09001,0.27172,0.28227,-0.08212,0.27105
3888.7887,0,0.28040,-0.09359,0.27159,0.28171,-0.08556,0.27121
3888.8185,0,0.27846,-0.09892,0.27128,0.28074,-0.08957,0.27123
3888.8491,0,0.27926,-0.10393,0.27036,0.28029,-0.09388,0.27097
3888.8819,0,0.28018,-0.10820,0.26958,0.28026,-0.09817,0.27055
3888.9161,0,0.27944,-0.11283,0.26870,0.28001,-0.10257,0.27000
3888.9481,0,0.27964,-0.11542,0.26841,0.27990,-0.10643,0.26952
3888.9775,0,0.28213,-0.11921,0.26757,0.28057,-0.11026,0.26893
3889.0077,0,0.28014,-0.12190,0.26791,0.28044,-0.11375,0.26863
3889.0419,0,0.28075,-0.12521,0.26789,0.28053,-0.11719,0.26841
3889.0760,0,0.28045,-0.12892,0.26821,0.28051,-0.12071,0.26835
3889.1064,0,0.27953,-0.13233,0.26898,0.28022,-0.12420,0.26854
3889.1424,0,0.27914,-0.13597,0.26949,0.27989,-0.12773,0.26882
3889.1800,0,0.27997,-0.13946,0.26991,0.27992,-0.13125,0.26915
3889.2101,0,0.28071,-0.14331,0.27013,0.28015,-0.13487,0.26945
3889.2405,0,0.27938,-0.14685,0.27111,0.27992,-0.13846,0.26994
3889.2740,0,0.27875,-0.15035,0.27152,0.27957,-0.14203,0.27042
3889.3066,0,0.27800,-0.15250,0.27230,0.27910,-0.14517,0.27098
3889.3442,0,0.27700,-0.15603,0.27301,0.27847,-0.14843,0.27159
3889.3789,0,0.27704,-0.15882,0.27310,0.27804,-0.15155,0.27205
3889.4087,0,0.27638,-0.16317,0.27344,0.27754,-0.15503,0.27246
3889.4418,0,0.27708,-0.16679,0.27292,0.27740,-0.15856,0.27260
3889.4746,0,0.27755,-0.16969,0.27198,0.27745,-0.16190,0.27241
3889.5061,0,0.27646,-0.17399,0.27176,0.27715,-0.16553,0.27222
3889.5443,0,0.27680,-0.17697,0.27147,0.27704,-0.16896,0.27199
3889.5743,0,0.27440,-0.17951,0.27153,0.27625,-0.17213,0.27185
3889.6063,0,0.27576,-0.18229,0.27147,0.27610,-0.17517,0.27174
3889.6582,0,0.27504,-0.18459,0.27154,0.27578,-0.17800,0.27168
3889.6877,0,0.27491,-0.18684,0.27143,0.27552,-0.18065,0.27160
3889.7187,0,0.27625,-0.18894,0.27104,0.27574,-0.18314,0.27144
3889.7519,0,0.27607,-0.19156,0.27111,0.27584,-0.18566,0.27134
3889.7841,0,0.27592,-0.19437,0.27104,0.27586,-0.18827,0.27125
3889.8136,0,0.27688,-0.19791,0.27103,0.27617,-0.19116,0.27118
3889.8440,0,0.27853,-0.20165,0.27094,0.27688,-0.19431,0.27111
3889.8745,0,0.27726,-0.20519,0.27132,0.27699,-0.19757,0.27117
3889.9070,0,0.27430,-0.20847,0.27229,0.27618,-0.20084,0.27151
3889.9429,0,0.27531,-0.21092,0.27254,0.27592,-0.20387,0.27182
3889.9747,0,0.27440,-0.21375,0.27303,0.27547,-0.20683,0.27218
3890.0093,0,0.27623,-0.21599,0.27315,0.27570,-0.20958,0.27247
3890.0418,0,0.27407,-0.21827,0.27365,0.27521,-0.21219,0.27283
3890.0747,0,0.27470,-0.22107,0.27398,0.27506,-0.21485,0.27317
3890.1067,0,0.27286,-0.22349,0.27447,0.27440,-0.21745,0.27356
3890.1437,0,0.27433,-0.22569,0.27434,0.27438,-0.21992,0.27379
3890.1764,0,0.27184,-0.22825,0.27488,0.27362,-0.22242,0.27412
3890.2073,0,0.27363,-0.23118,0.27480,0.27362,-0.22505,0.27432
3890.2380,0,0.27435,-0.23521,0.27495,0.27384,-0.22809,0.27451
3890.2758,0,0.27461,-0.23659,0.27521,0.27407,-0.23064,0.27472
3890.3087,0,0.27443,-0.23944,0.27516,0.27418,-0.23328,0.27485
3890.3399,0,0.27582,-0.24237,0.27471,0.27467,-0.23601,0.27481
3890.3741,0,0.27612,-0.24318,0.27451,0.27510,-0.23816,0.27472
3890.4066,0,0.27603,-0.24606,0.27444,0.27538,-0.24053,0.27464
3890.4469,0,0.27756,-0.24897,0.27383,0.27604,-0.24306,0.27439
3890.4782,0,0.27600,-0.25166,0.27366,0.27603,-0.24564,0.27417
3890.5088,0,0.27534,-0.25409,0.27350,0.27582,-0.24818,0.27397
3890.5422,0,0.27584,-0.25691,0.27328,0.27583,-0.25080,0.27377
3890.5758,0,0.27573,-0.25935,0.27314,0.27580,-0.25336,0.27358
3890.6087,0,0.27323,-0.26241,0.27339,0.27503,-0.25608,0.27352
3890.6412,0,0.27170,-0.26534,0.27372,0.27403,-0.25885,0.27358
3890.6896,0,0.27286,-0.26828,0.27364,0.27368,-0.26168,0.27360
3890.7213,0,0.27249,-0.27033,0.27354,0.27332,-0.26428,0.27358
3890.7525,0,0.27187,-0.27307,0.27360,0.27289,-0.26691,0.27359
3890.7927,0,0.27333,-0.27560,0.27323,0.27302,-0.26952,0.27348
3890.8238,0,0.27362,-0.27810,0.27288,0.27320,-0.27209,0.27330
3890.8590,0,0.27481,-0.27980,0.27262,0.27368,-0.27441,0.27309
3890.8898,0,0.27362,-0.28202,0.27228,0.27366,-0.27669,0.27285
3890.9203,0,0.27340,-0.28424,0.27224,0.27358,-0.27896,0.27267
3890.9517,0,0.27443,-0.28580,0.27173,0.27384,-0.28101,0.27239
3890.9818,0,0.27486,-0.28688,0.27144,0.27414,-0.28277,0.27210
3891.0117,0,0.27510,-0.28718,0.27135,0.27443,-0.28409,0.27188
3891.0433,0,0.27509,-0.28902,0.27135,0.27463,-0.28557,0.27172
3891.0742,0,0.27362,-0.29060,0.27129,0.27433,-0.28708,0.27159
3891.1067,0,0.27288,-0.29243,0.27131,0.27389,-0.28869,0.27151
3891.1424,0,0.27325,-0.29432,0.27112,0.27370,-0.29038,0.27139
3891.1738,0,0.27381,-0.29497,0.27068,0.27373,-0.29175,0.27118
3891.2055,0,0.27205,-0.29517,0.27097,0.27323,-0.29278,0.27112
3891.2441,0,0.27112,-0.29550,0.27116,0.27260,-0.29360,0.27113
3891.2739,0,0.26991,-0.29553,0.27151,0.27179,-0.29418,0.27124
3891.3114,0,0.27021,-0.29676,0.27160,0.27132,-0.29495,0.27135
3891.3463,0,0.27053,-0.29679,0.27178,0.27108,-0.29550,0.27148
3891.3762,0,0.27097,-0.29702,0.27193,0.27105,-0.29596,0.27161
3891.4066,0,0.27188,-0.29691,0.27172,0.27130,-0.29624,0.27165
3891.4387,0,0.27250,-0.29724,0.27165,0.27166,-0.29654,0.27165
3891.4745,0,0.27142,-0.29702,0.27164,0.27159,-0.29668,0.27164
3891.5069,0,0.27107,-0.29680,0.27146,0.27143,-0.29672,0.27159
3891.5385,0,0.27094,-0.29637,0.27136,0.27128,-0.29662,0.27152
3891.5747,0,0.27044,-0.29588,0.27130,0.27103,-0.29639,0.27145
3891.6071,0,0.26956,-0.29494,0.27126,0.27059,-0.29596,0.27140
3891.6578,0,0.26880,-0.29348,0.27107,0.27005,-0.29522,0.27130
3891.6886,0,0.26891,-0.29112,0.27087,0.26971,-0.29399,0.27117
3891.7205,0,0.26944,-0.28950,0.27037,0.26963,-0.29264,0.27093
3891.7511,0,0.26971,-0.28662,0.26997,0.26966,-0.29083,0.27064
3891.7903,0,0.27051,-0.28373,0.26910,0.26991,-0.28870,0.27018
3891.8211,0,0.27098,-0.28137,0.26849,0.27023,-0.28650,0.26967
3891.8514,0,0.27466,-0.27801,0.26775,0.27156,-0.28395,0.26910
3891.8817,0,0.27033,-0.27609,0.26793,0.27119,-0.28159,0.26875
3891.9142,0,0.27068,-0.27276,0.26839,0.27104,-0.27894,0.26864
3891.9448,0,0.27075,-0.26935,0.26866,0.27095,-0.27606,0.26865
3891.9776,0,0.27196,-0.26622,0.26845,0.27125,-0.27311,0.26859
3892.0086,0,0.27014,-0.26169,0.26878,0.27092,-0.26968,0.26865
3892.0423,0,0.26984,-0.25734,0.26884,0.27059,-0.26598,0.26871
3892.0762,0,0.27296,-0.25313,0.26817,0.27130,-0.26213,0.26855
3892.1154,0,0.27236,-0.24955,0.26775,0.27162,-0.25835,0.26831
3892.1513,0,0.27039,-0.24627,0.26759,0.27125,-0.25473,0.26809
3892.1843,0,0.26913,-0.24362,0.26769,0.27061,-0.25139,0.26797
3892.2172,0,0.26900,-0.24033,0.26783,0.27013,-0.24807,0.26793
3892.2523,0,0.26953,-0.23732,0.26798,0.26995,-0.24485,0.26794
3892.2824,0,0.26908,-0.23437,0.26815,0.26969,-0.24170,0.26801
3892.3151,0,0.27010,-0.23056,0.26827,0.26981,-0.23836,0.26809
3892.3451,0,0.27196,-0.22660,0.26842,0.27046,-0.23483,0.26819
3892.3772,0,0.27209,-0.22235,0.26857,0.27095,-0.23109,0.26830
3892.4089,0,0.27098,-0.21820,0.26876,0.27096,-0.22722,0.26844
3892.4441,0,0.27118,-0.21397,0.26841,0.27102,-0.22324,0.26843
3892.4742,0,0.27163,-0.21025,0.26822,0.27120,-0.21935,0.26837
3892.5104,0,0.27171,-0.20521,0.26821,0.27136,-0.21511,0.26832
3892.5412,0,0.27085,-0.20262,0.26809,0.27121,-0.21136,0.26825
3892.5778,0,0.27207,-0.19912,0.26789,0.27146,-0.20769,0.26814
3892.6085,0,0.27142,-0.19603,0.26795,0.27145,-0.20419,0.26808
3892.6395,0,0.27152,-0.19314,0.26833,0.27147,-0.20088,0.26816
3892.6785,0,0.27233,-0.18989,0.26860,0.27173,-0.19758,0.26829
3892.7084,0,0.27285,-0.18678,0.26887,0.27207,-0.19434,0.26846
3892.7390,0,0.27196,-0.18372,0.26948,0.27204,-0.19116,0.26877
3892.7742,0,0.27165,-0.17992,0.26961,0.27192,-0.18779,0.26902
3892.8059,0,0.27068,-0.17715,0.26988,0.27155,-0.18460,0.26928
3892.8381,0,0.27134,-0.17282,0.27002,0.27149,-0.18106,0.26950
3892.8745,0,0.27137,-0.17055,0.26974,0.27145,-0.17791,0.26957
3892.9070,0,0.27204,-0.16561,0.26966,0.27163,-0.17422,0.26960
3892.9402,0,0.27105,-0.16107,0.26965,0.27145,-0.17027,0.26961
3892.9754,0,0.26953,-0.15668,0.26994,0.27088,-0.16619,0.26971
3893.0063,0,0.26891,-0.15238,0.26986,0.27029,-0.16205,0.26976
3893.0380,0,0.26852,-0.14889,0.26990,0.26976,-0.15810,0.26980
3893.0769,0,0.26889,-0.14554,0.26971,0.26949,-0.15433,0.26977
3893.1104,0,0.26755,-0.14175,0.26976,0.26891,-0.15056,0.26977
3893.1426,0,0.26938,-0.13883,0.26926,0.26905,-0.14704,0.26962
3893.1752,0,0.26895,-0.13547,0.26937,0.26902,-0.14357,0.26954
3893.2072,0,0.27023,-0.13036,0.26905,0.26939,-0.13961,0.26940
3893.2384,0,0.27406,-0.12321,0.26861,0.27079,-0.13469,0.26916
3893.2749,0,0.27444,-0.11653,0.26844,0.27188,-0.12924,0.26895
3893.3096,0,0.27511,-0.11022,0.26800,0.27285,-0.12353,0.26866
3893.3481,0,0.27680,-0.10659,0.26727,0.27403,-0.11845,0.26824
3893.3814,0,0.27812,-0.10379,0.26689,0.27526,-0.11405,0.26784
3893.4113,0,0.27892,-0.10048,0.26692,0.27636,-0.10998,0.26756
3893.4421,0,0.28152,-0.09582,0.26650,0.27790,-0.10573,0.26724
3893.4744,0,0.27967,-0.09092,0.26637,0.27844,-0.10129,0.26698
3893.5073,0,0.27894,-0.08691,0.26629,0.27859,-0.09698,0.26677
3893.5372,0,0.27875,-0.08214,0.26640,0.27864,-0.09253,0.26666
3893.5747,0,0.27789,-0.07681,0.26675,0.27841,-0.08781,0.26669
3893.6069,0,0.27608,-0.07152,0.26741,0.27771,-0.08292,0.26690
3893.6565,0,0.27236,-0.06699,0.26830,0.27611,-0.07814,0.26732
3893.6871,0,0.27364,-0.06217,0.26859,0.27537,-0.07335,0.26770
3893.7197,0,0.27518,-0.05761,0.26877,0.27531,-0.06863,0.26802
3893.7522,0,0.27463,-0.05383,0.26918,0.27511,-0.06419,0.26837
3893.7831,0,0.27472,-0.04918,0.26923,0.27499,-0.05968,0.26863
3893.8156,0,0.27491,-0.04594,0.26921,0.27497,-0.05556,0.26880
3893.8463,0,0.27546,-0.04200,0.26890,0.27511,-0.05149,0.26883
3893.8771,0,0.27540,-0.03817,0.26873,0.27520,-0.04750,0.26880
3893.9081,0,0.27556,-0.03411,0.26880,0.27531,-0.04348,0.26880
3893.9389,0,0.27837,-0.03016,0.26828,0.27623,-0.03948,0.26865
3893.9766,0,0.27770,-0.02582,0.26819,0.27667,-0.03538,0.26851
3894.0063,0,0.27891,-0.02151,0.26761,0.27734,-0.03122,0.26824
3894.0382,0,0.27971,-0.01743,0.26754,0.27805,-0.02708,0.26803
3894.0735,0,0.28017,-0.01397,0.26738,0.27869,-0.02315,0.26783
3894.1145,0,0.28268,-0.00961,0.26707,0.27988,-0.01909,0.26760
3894.1444,0,0.28383,-0.00543,0.26696,0.28107,-0.01499,0.26741
3894.1752,0,0.28480,0.00006,0.26647,0.28219,-0.01048,0.26713
3894.2069,0,0.28245,0.00454,0.26663,0.28227,-0.00597,0.26698
3894.2402,0,0.28313,0.00894,0.26661,0.28253,-0.00150,0.26687
3894.2749,0,0.28264,0.01403,0.26631,0.28256,0.00316,0.26670
3894.3075,0,0.28334,0.01816,0.26606,0.28279,0.00766,0.26651
3894.3418,0,0.28324,0.02205,0.26556,0.28293,0.01198,0.26622
3894.3730,0,0.28533,0.02601,0.26502,0.28365,0.01619,0.26586
3894.4134,0,0.28794,0.02984,0.26388,0.28493,0.02028,0.26527
3894.4442,0,0.28437,0.03228,0.26396,0.28476,0.02388,0.26488
3894.4750,0,0.28370,0.03505,0.26405,0.28445,0.02723,0.26463
3894.5088,0,0.28335,0.03825,0.26430,0.28412,0.03054,0.26453
3894.5403,0,0.28619,0.04245,0.26412,0.28474,0.03411,0.26441
3894.5738,0,0.28611,0.04649,0.26508,0.28515,0.03783,0.26461
3894.6059,0,0.28326,0.04992,0.26589,0.28458,0.04145,0.26499
3894.6603,0,0.28185,0.05215,0.26634,0.28376,0.04466,0.26540
3894.6916,0,0.28142,0.05488,0.26670,0.28306,0.04773,0.26579
3894.7217,0,0.27926,0.05700,0.26705,0.28192,0.05051,0.26617
3894.7516,0,0.27736,0.05947,0.26759,0.28055,0.05320,0.26660
3894.7812,0,0.27854,0.06176,0.26740,0.27995,0.05577,0.26684
3894.8168,0,0.28054,0.06547,0.26781,0.28013,0.05868,0.26713
3894.8468,0,0.28145,0.06975,0.26763,0.28052,0.06200,0.26728
3894.8772,0,0.27960,0.07275,0.26763,0.28024,0.06523,0.26738
3894.9108,0,0.28059,0.07534,0.26702,0.28035,0.06826,0.26728
3894.9462,0,0.28086,0.07781,0.26667,0.28050,0.07112,0.26709
3894.9766,0,0.28327,0.08102,0.26604,0.28133,0.07409,0.26678
3895.0069,0,0.28542,0.08430,0.26528,0.28256,0.07715,0.26633
3895.0391,0,0.29008,0.08876,0.26423,0.28481,0.08064,0.26570
3895.0752,0,0.28967,0.09232,0.26441,0.28627,0.08414,0.26531
3895.1067,0,0.29115,0.09728,0.26383,0.28773,0.08808,0.26486
3895.1380,0,0.28674,0.10012,0.26462,0.28744,0.09169,0.26479
3895.1785,0,0.28965,0.10460,0.26445,0.28810,0.09557,0.26469
3895.2098,0,0.29203,0.10853,0.26420,0.28928,0.09946,0.26454
3895.2407,0,0.28896,0.11304,0.26538,0.28918,0.10353,0.26480
3895.2753,0,0.28982,0.11718,0.26540,0.28937,0.10763,0.26498
3895.3074,0,0.28710,0.12062,0.26625,0.28869,0.11152,0.26536
3895.3379,0,0.28676,0.12262,0.26647,0.28811,0.11485,0.26569
3895.3703,0,0.29014,0.12574,0.26629,0.28872,0.11812,0.26587
3895.4062,0,0.28925,0.12946,0.26704,0.28888,0.12152,0.26622
3895.4390,0,0.29242,0.13267,0.26682,0.28994,0.12487,0.26640
3895.4698,0,0.29035,0.13470,0.26740,0.29006,0.12781,0.26670
3895.5064,0,0.29307,0.13748,0.26726,0.29097,0.13071,0.26687
3895.5394,0,0.29457,0.14144,0.26682,0.29205,0.13393,0.26685
3895.5734,0,0.29211,0.14597,0.26771,0.29207,0.13754,0.26711
3895.6061,0,0.29271,0.14922,0.26797,0.29226,0.14105,0.26737
3895.6564,0,0.29285,0.15338,0.26831,0.29244,0.14475,0.26765
3895.6875,0,0.29330,0.15685,0.26842,0.29270,0.14838,0.26788
3895.7177,0,0.29101,0.16043,0.26927,0.29219,0.15199,0.26830
3895.7515,0,0.29194,0.16407,0.26919,0.29211,0.15562,0.26857
3895.7839,0,0.29326,0.16805,0.26958,0.29246,0.15935,0.26887
3895.8162,0,0.29256,0.17191,0.26985,0.29249,0.16311,0.26916
3895.8485,0,0.29483,0.17439,0.26966,0.29319,0.16650,0.26931
3895.8785,0,0.29334,0.17785,0.26976,0.29324,0.16990,0.26945
3895.9086,0,0.29279,0.18073,0.26933,0.29310,0.17315,0.26941
3895.9424,0,0.29124,0.18448,0.26909,0.29255,0.17655,0.26932
3895.9740,0,0.28802,0.18791,0.26899,0.29119,0.17996,0.26922
3896.0068,0,0.28949,0.19202,0.26833,0.29068,0.18358,0.26895
3896.0390,0,0.28754,0.19578,0.26846,0.28974,0.18724,0.26880
3896.0751,0,0.28615,0.20021,0.26870,0.28866,0.19113,0.26877
3896.1066,0,0.28636,0.20498,0.26849,0.28797,0.19528,0.26869
3896.1382,0,0.28709,0.21001,0.26833,0.28771,0.19970,0.26858
3896.1733,0,0.28696,0.21394,0.26819,0.28748,0.20397,0.26846
3896.2087,0,0.28602,0.21737,0.26844,0.28705,0.20799,0.26846
3896.2383,0,0.28747,0.22065,0.26814,0.28717,0.21179,0.26836
3896.2741,0,0.28830,0.22436,0.26776,0.28751,0.21556,0.26818
3896.3105,0,0.28871,0.22756,0.26725,0.28787,0.21916,0.26790
3896.3445,0,0.28753,0.23068,0.26715,0.28777,0.22262,0.26768
3896.3744,0,0.28549,0.23380,0.26725,0.28708,0.22597,0.26755
3896.4073,0,0.28512,0.23656,0.26740,0.28649,0.22915,0.26750
3896.4390,0,0.28334,0.23945,0.26811,0.28555,0.23224,0.26769
3896.4703,0,0.28222,0.24285,0.26886,0.28455,0.23542,0.26804
3896.5057,0,0.28305,0.24619,0.26913,0.28410,0.23865,0.26837
3896.5391,0,0.28345,0.24928,0.26889,0.28390,0.24184,0.26852
3896.5711,0,0.28398,0.25264,0.26896,0.28393,0.24508,0.26865
3896.6073,0,0.28527,0.25587,0.26857,0.28433,0.24832,0.26863
3896.6561,0,0.28466,0.25916,0.26828,0.28443,0.25157,0.26852
3896.6867,0,0.28334,0.26210,0.26842,0.28410,0.25473,0.26849
3896.7200,0,0.28161,0.26488,0.26824,0.28336,0.25778,0.26842
3896.7534,0,0.28155,0.26811,0.26814,0.28282,0.26088,0.26833
3896.7906,0,0.28139,0.27047,0.26814,0.28239,0.26375,0.26827
3896.8206,0,0.28204,0.27325,0.26806,0.28228,0.26660,0.26821
3896.8532,0,0.28173,0.27699,0.26814,0.28212,0.26972,0.26819
3896.8914,0,0.28018,0.27968,0.26824,0.28154,0.27271,0.26820
3896.9216,0,0.27996,0.28347,0.26839,0.28106,0.27593,0.26826
3896.9527,0,0.27821,0.28677,0.26874,0.28021,0.27918,0.26840
3896.9853,0,0.27800,0.29012,0.26905,0.27955,0.28246,0.26860
3897.0161,0,0.27819,0.29208,0.26904,0.27914,0.28535,0.26873
3897.0461,0,0.27834,0.29491,0.26887,0.27890,0.28822,0.26877
3897.0825,0,0.27726,0.29681,0.26882,0.27841,0.29080,0.26879
3897.1125,0,0.27665,0.29952,0.26885,0.27788,0.29341,0.26880
3897.1426,0,0.27701,0.30195,0.26891,0.27762,0.29598,0.26884
3897.1745,0,0.27685,0.30358,0.26950,0.27739,0.29826,0.26904
3897.2077,0,0.27729,0.30610,0.26987,0.27736,0.30061,0.26929
3897.2376,0,0.27632,0.30827,0.27036,0.27705,0.30291,0.26961
3897.2720,0,0.27412,0.31000,0.27117,0.27617,0.30504,0.27008
3897.3065,0,0.27353,0.31219,0.27133,0.27538,0.30718,0.27045
3897.3441,0,0.27117,0.31474,0.27207,0.27411,0.30945,0.27094
3897.3734,0,0.27318,0.31682,0.27190,0.27383,0.31166,0.27123
3897.4071,0,0.27314,0.31926,0.27202,0.27363,0.31394,0.27146
3897.4383,0,0.27264,0.32202,0.27196,0.27333,0.31636,0.27161
3897.4709,0,0.27229,0.32528,0.27192,0.27302,0.31904,0.27171
3897.5075,0,0.27226,0.32815,0.27171,0.27279,0.32177,0.27171
3897.5383,0,0.27369,0.33094,0.27116,0.27306,0.32452,0.27154
3897.5711,0,0.27387,0.33374,0.27118,0.27330,0.32729,0.27143
3897.6077,0,0.27343,0.33626,0.27108,0.27334,0.32998,0.27133
3897.6575,0,0.27304,0.33932,0.27127,0.27325,0.33278,0.27131
3897.6921,0,0.27026,0.34208,0.27185,0.27235,0.33557,0.27147
3897.7242,0,0.27033,0.34474,0.27218,0.27175,0.33832,0.27169
3897.7538,0,0.27080,0.34734,0.27221,0.27146,0.34103,0.27184
3897.7854,0,0.27076,0.35046,0.27216,0.27125,0.34386,0.27194
3897.8154,0,0.27065,0.35310,0.27252,0.27107,0.34663,0.27211
3897.8459,0,0.26954,0.35511,0.27259,0.27061,0.34918,0.27226
3897.8753,0,0.26990,0.35735,0.27217,0.27040,0.35163,0.27223
3897.9068,0,0.26820,0.35942,0.27222,0.26974,0.35397,0.27223
3897.9387,0,0.26837,0.36145,0.27135,0.26933,0.35621,0.27196
3897.9704,0,0.26743,0.36204,0.27137,0.26876,0.35796,0.27179
3898.0066,0,0.26702,0.36292,0.27097,0.26824,0.35945,0.27154
3898.0383,0,0.26845,0.36243,0.27071,0.26830,0.36034,0.27129
3898.0701,0,0.26788,0.36267,0.27040,0.26818,0.36104,0.27102
3898.1067,0,0.26643,0.36212,0.27039,0.26765,0.36137,0.27083
3898.1401,0,0.26572,0.36249,0.27052,0.26707,0.36170,0.27074
3898.1709,0,0.26680,0.36217,0.27006,0.26699,0.36184,0.27054
3898.2111,0,0.26810,0.36131,0.26996,0.26732,0.36169,0.27036
3898.2427,0,0.26727,0.36025,0.27012,0.26731,0.36125,0.27029
3898.2731,0,0.26738,0.35696,0.27029,0.26733,0.35996,0.27029
3898.3065,0,0.26582,0.35354,0.27106,0.26688,0.35804,0.27052
3898.3411,0,0.27029,0.34821,0.27019,0.26790,0.35509,0.27042
3898.3730,0,0.26953,0.34153,0.27033,0.26839,0.35102,0.27039
3898.4076,0,0.27217,0.33525,0.26917,0.26952,0.34629,0.27003
3898.4450,0,0.27242,0.32862,0.26921,0.27039,0.34099,0.26978
3898.4751,0,0.27140,0.32285,0.26962,0.27069,0.33555,0.26973
3898.5072,0,0.27072,0.31691,0.26983,0.27070,0.32995,0.26976
3898.5388,0,0.27056,0.31111,0.26964,0.27066,0.32430,0.26972
3898.5712,0,0.26830,0.30495,0.26969,0.26995,0.31849,0.26971
3898.6065,0,0.26986,0.29916,0.26921,0.26992,0.31269,0.26956
3898.6572,0,0.27125,0.29360,0.26899,0.27032,0.30697,0.26939
3898.6886,0,0.26824,0.28645,0.26915,0.26970,0.30081,0.26932
3898.7203,0,0.26748,0.28060,0.26890,0.26903,0.29475,0.26919
3898.7554,0,0.26974,0.27353,0.26794,0.26925,0.28838,0.26881
3898.7868,0,0.27240,0.26642,0.26666,0.27019,0.28179,0.26817
3898.8192,0,0.27238,0.26086,0.26579,0.27085,0.27551,0.26745
3898.8505,0,0.27037,0.25441,0.26539,0.27070,0.26918,0.26684
3898.8803,0,0.27048,0.24654,0.26440,0.27064,0.26239,0.26610
3898.9227,0,0.27264,0.23899,0.26343,0.27124,0.25537,0.26530
3898.9623,0,0.27210,0.23190,0.26270,0.27150,0.24833,0.26452
3898.9988,0,0.27309,0.22468,0.26201,0.27198,0.24123,0.26377
3899.0296,0,0.27342,0.21752,0.26150,0.27241,0.23412,0.26309
3899.0621,0,0.27637,0.21054,0.26065,0.27360,0.22705,0.26236
3899.0952,0,0.27912,0.20322,0.25978,0.27525,0.21990,0.26158
3899.1264,0,0.28316,0.19615,0.25894,0.27763,0.21277,0.26079
3899.1573,0,0.28349,0.19054,0.25834,0.27939,0.20610,0.26006
3899.1877,0,0.28223,0.18539,0.25814,0.28024,0.19989,0.25948
3899.2179,0,0.28269,0.17876,0.25736,0.28098,0.19355,0.25884
3899.2503,0,0.28205,0.17198,0.25633,0.28130,0.18708,0.25809
3899.2833,0,0.28399,0.16581,0.25567,0.28211,0.18070,0.25737
3899.3163,0,0.28531,0.16036,0.25472,0.28307,0.17460,0.25657
3899.3455,0,0.28321,0.15376,0.25447,0.28311,0.16835,0.25594
3899.3760,0,0.28403,0.14732,0.25400,0.28339,0.16204,0.25536
3899.4103,0,0.28524,0.14152,0.25366,0.28394,0.15588,0.25485
3899.4417,0,0.28772,0.13502,0.25320,0.28508,0.14962,0.25435
3899.4726,0,0.28616,0.12965,0.25370,0.28540,0.14363,0.25416
3899.5075,0,0.28287,0.12242,0.25413,0.28464,0.13727,0.25415
3899.5393,0,0.28372,0.11378,0.25375,0.28437,0.13022,0.25403
3899.5714,0,0.28651,0.10612,0.25279,0.28501,0.12299,0.25366
3899.6076,0,0.28898,0.10236,0.25147,0.28620,0.11680,0.25300
3899.6544,0,0.28653,0.09690,0.25229,0.28630,0.11083,0.25279
3899.6858,0,0.28618,0.09000,0.25245,0.28626,0.10458,0.25269
3899.7181,0,0.28541,0.08335,0.25262,0.28601,0.09821,0.25267
3899.7499,0,0.28640,0.07729,0.25261,0.28613,0.09193,0.25265
3899.7837,0,0.28770,0.07126,0.25256,0.28660,0.08573,0.25262
3899.8159,0,0.28822,0.06535,0.25254,0.28709,0.07962,0.25260
3899.8464,0,0.28803,0.06022,0.25270,0.28737,0.07380,0.25263
3899.8771,0,0.28845,0.05502,0.25217,0.28769,0.06816,0.25249
3899.9077,0,0.28828,0.05051,0.25176,0.28787,0.06287,0.25227
3899.9407,0,0.29063,0.04561,0.25132,0.28870,0.05769,0.25199
3899.9711,0,0.29176,0.04005,0.25048,0.28962,0.05240,0.25153
3900.0083,0,0.29126,0.03580,0.25033,0.29011,0.04742,0.25117
3900.0429,0,0.28812,0.03061,0.25095,0.28951,0.04238,0.25111
3900.0730,0,0.28671,0.02428,0.25096,0.28867,0.03695,0.25106
3900.1059,0,0.28735,0.01895,0.25098,0.28827,0.03155,0.25104
3900.1402,0,0.28705,0.01371,0.25114,0.28791,0.02620,0.25107
3900.1704,0,0.28568,0.00765,0.25122,0.28724,0.02063,0.25112
3900.2052,0,0.28550,0.00184,0.25137,0.28672,0.01500,0.25119
3900.2387,0,0.28399,-0.00452,0.25150,0.28590,0.00914,0.25128
3900.2713,0,0.28632,-0.01015,0.25147,0.28602,0.00335,0.25134
3900.3054,0,0.28646,-0.01536,0.25123,0.28616,-0.00226,0.25131
3900.3379,0,0.28873,-0.02110,0.25106,0.28693,-0.00791,0.25123
3900.3780,0,0.29221,-0.02595,0.25092,0.28851,-0.01332,0.25114
3900.4088,0,0.29097,-0.03135,0.25118,0.28925,-0.01873,0.25115
3900.4382,0,0.28769,-0.03685,0.25198,0.28878,-0.02417,0.25140
3900.4764,0,0.28761,-0.04147,0.25286,0.28843,-0.02936,0.25184
3900.5064,0,0.28740,-0.04495,0.25348,0.28812,-0.03404,0.25233
3900.5387,0,0.28403,-0.04782,0.25433,0.28689,-0.03817,0.25293
3900.5702,0,0.28510,-0.05018,0.25427,0.28636,-0.04177,0.25333
3900.6018,0,0.28438,-0.05163,0.25446,0.28576,-0.04473,0.25367
3900.6527,0,0.28617,-0.05101,0.25373,0.28589,-0.04662,0.25369
3900.6841,0,0.28417,-0.04991,0.25382,0.28537,-0.04760,0.25373
3900.7177,0,0.28301,-0.04939,0.25359,0.28466,-0.04814,0.25369
3900.7536,0,0.28369,-0.04869,0.25354,0.28437,-0.04831,0.25364
3900.7858,0,0.28448,-0.04836,0.25353,0.28440,-0.04832,0.25361
3900.8170,0,0.28537,-0.04699,0.25363,0.28469,-0.04792,0.25362
3900.8507,0,0.28418,-0.04707,0.25407,0.28454,-0.04767,0.25375
3900.8826,0,0.28414,-0.04734,0.25427,0.28442,-0.04757,0.25391
3900.9126,0,0.28576,-0.04711,0.25419,0.28482,-0.04743,0.25399
3900.9446,0,0.28398,-0.04779,0.25376,0.28457,-0.04754,0.25392
3900.9753,0,0.28383,-0.04818,0.25283,0.28435,-0.04773,0.25360
3901.0058,0,0.28522,-0.04845,0.25119,0.28461,-0.04795,0.25287
3901.0391,0,0.28424,-0.04816,0.24982,0.28450,-0.04801,0.25196
3901.0754,0,0.28431,-0.04933,0.24828,0.28444,-0.04841,0.25085
3901.1069,0,0.28583,-0.04908,0.24685,0.28486,-0.04861,0.24965
3901.1382,0,0.28526,-0.04933,0.24565,0.28498,-0.04883,0.24845
3901.1714,0,0.28582,-0.04793,0.24409,0.28523,-0.04856,0.24714
3901.2068,0,0.28741,-0.04819,0.24216,0.28588,-0.04845,0.24565
3901.2395,0,0.28690,-0.04824,0.24023,0.28619,-0.04838,0.24402
3901.2712,0,0.28637,-0.04887,0.23777,0.28624,-0.04853,0.24215
3901.3068,0,0.28370,-0.04966,0.23606,0.28548,-0.04887,0.24032
3901.3411,0,0.28312,-0.05007,0.23394,0.28477,-0.04923,0.23841
3901.3720,0,0.28246,-0.04958,0.23165,0.28408,-0.04933,0.23638
3901.4065,0,0.27970,-0.04922,0.22978,0.28276,-0.04930,0.23440
3901.4388,0,0.27969,-0.04916,0.22738,0.28184,-0.04926,0.23229
3901.4713,0,0.27891,-0.04964,0.22535,0.28096,-0.04937,0.23021
3901.5069,0,0.27391,-0.05071,0.22366,0.27885,-0.04977,0.22825
3901.5392,0,0.27246,-0.05209,0.22179,0.27693,-0.05047,0.22631
3901.5704,0,0.27407,-0.05255,0.21891,0.27607,-0.05109,0.22409
3901.6030,0,0.27286,-0.05269,0.21657,0.27511,-0.05157,0.22183
3901.6556,0,0.27372,-0.05275,0.21401,0.27469,-0.05193,0.21949
3901.6861,0,0.27359,-0.05277,0.21142,0.27436,-0.05218,0.21707
3901.7171,0,0.27261,-0.05325,0.20922,0.27384,-0.05250,0.21471
3901.7482,0,0.27409,-0.05300,0.20639,0.27391,-0.05265,0.21221
3901.7796,0,0.27495,-0.05309,0.20384,0.27422,-0.05278,0.20970
3901.8108,0,0.27457,-0.05203,0.20159,0.27433,-0.05256,0.20727
3901.8432,0,0.27545,-0.05145,0.19929,0.27466,-0.05222,0.20488
3901.8739,0,0.27617,-0.05084,0.19695,0.27512,-0.05181,0.20250
3901.9070,0,0.27481,-0.05107,0.19489,0.27503,-0.05159,0.20021
3901.9385,0,0.27359,-0.04978,0.19300,0.27460,-0.05105,0.19805
3901.9714,0,0.27321,-0.04978,0.19096,0.27418,-0.05066,0.19592
3902.0025,0,0.27341,-0.04985,0.18881,0.27395,-0.05042,0.19379
3902.0392,0,0.27349,-0.04972,0.18652,0.27381,-0.05021,0.19161
3902.0709,0,0.27475,-0.05034,0.18427,0.27409,-0.05025,0.18941
3902.1023,0,0.27422,-0.04957,0.18228,0.27413,-0.05004,0.18727
3902.1374,0,0.27322,-0.04908,0.18040,0.27386,-0.04976,0.18521
3902.1728,0,0.27133,-0.04944,0.17869,0.27310,-0.04966,0.18325
3902.2029,0,0.26867,-0.05009,0.17721,0.27177,-0.04979,0.18144
3902.2383,0,0.26719,-0.05091,0.17555,0.27040,-0.05013,0.17967
3902.2718,0,0.26773,-0.05089,0.17363,0.26960,-0.05035,0.17786
3902.3022,0,0.26683,-0.05137,0.17151,0.26877,-0.05066,0.17595
3902.3391,0,0.26592,-0.05292,0.16930,0.26791,-0.05134,0.17396
3902.3765,0,0.26468,-0.05336,0.16796,0.26694,-0.05194,0.17216
3902.4118,0,0.26551,-0.05284,0.16615,0.26651,-0.05221,0.17036
3902.4425,0,0.26398,-0.05417,0.16493,0.26575,-0.05280,0.16873
3902.4793,0,0.26289,-0.05275,0.16392,0.26489,-0.05278,0.16729
3902.5123,0,0.26408,-0.05221,0.16233,0.26465,-0.05261,0.16580
3902.5421,0,0.26342,-0.05133,0.16140,0.26428,-0.05223,0.16448
3902.5727,0,0.26200,-0.05103,0.15984,0.26360,-0.05187,0.16309
3902.6044,0,0.25969,-0.05135,0.15898,0.26242,-0.05171,0.16186
3902.6563,0,0.25832,-0.05102,0.15786,0.26119,-0.05151,0.16066
3902.6883,0,0.25885,-0.05042,0.15638,0.26049,-0.05118,0.15937
3902.7213,0,0.25852,-0.05111,0.15508,0.25990,-0.05116,0.15809
3902.7522,0,0.25784,-0.05043,0.15379,0.25928,-0.05094,0.15680
3902.7848,0,0.25517,-0.05100,0.15246,0.25805,-0.05096,0.15550
3902.8164,0,0.25640,-0.04941,0.15083,0.25755,-0.05049,0.15410
3902.8475,0,0.25504,-0.04888,0.14921,0.25680,-0.05001,0.15263
3902.8796,0,0.25169,-0.04904,0.14786,0.25527,-0.04972,0.15120
3902.9096,0,0.25155,-0.04936,0.14664,0.25415,-0.04961,0.14983
3902.9393,0,0.24999,-0.04875,0.14565,0.25290,-0.04935,0.14858
3902.9703,0,0.24814,-0.04817,0.14488,0.25147,-0.04900,0.14747
3903.0023,0,0.24592,-0.04835,0.14440,0.24981,-0.04880,0.14655
3903.0395,0,0.24470,-0.04816,0.14358,0.24827,-0.04861,0.14566
3903.0709,0,0.24294,-0.04853,0.14285,0.24667,-0.04859,0.14481
3903.1030,0,0.24165,-0.04880,0.14243,0.24517,-0.04865,0.14410
3903.1389,0,0.24154,-0.04762,0.14165,0.24408,-0.04834,0.14337
3903.1711,0,0.23996,-0.04849,0.14105,0.24284,-0.04839,0.14267
3903.2033,0,0.23903,-0.04821,0.14061,0.24170,-0.04833,0.14205
3903.2380,0,0.23895,-0.04756,0.13978,0.24088,-0.04810,0.14137
3903.2712,0,0.23820,-0.04758,0.13898,0.24007,-0.04795,0.14065
3903.3024,0,0.23605,-0.04788,0.13846,0.23887,-0.04793,0.13999
3903.3380,0,0.23594,-0.04817,0.13754,0.23799,-0.04800,0.13926
3903.3695,0,0.23321,-0.04740,0.13742,0.23655,-0.04782,0.13871
3903.4024,0,0.23260,-0.04643,0.13725,0.23537,-0.04740,0.13827
3903.4389,0,0.23218,-0.04663,0.13704,0.23441,-0.04717,0.13790
3903.4701,0,0.23095,-0.04683,0.13720,0.23337,-0.04707,0.13769
3903.5022,0,0.23076,-0.04612,0.13722,0.23259,-0.04678,0.13755
3903.5389,0,0.23159,-0.04633,0.13725,0.23229,-0.04665,0.13746
3903.5703,0,0.23103,-0.04659,0.13722,0.23191,-0.04663,0.13739
3903.6024,0,0.23141,-0.04611,0.13716,0.23176,-0.04647,0.13732
3903.6524,0,0.23049,-0.04587,0.13731,0.23138,-0.04629,0.13732
3903.6826,0,0.23127,-0.04634,0.13690,0.23135,-0.04631,0.13719
3903.7133,0,0.23161,-0.04655,0.13652,0.23143,-0.04638,0.13699
3903.7430,0,0.22926,-0.04715,0.13654,0.23078,-0.04661,0.13686
3903.7726,0,0.23085,-0.04679,0.13604,0.23080,-0.04666,0.13661
3903.8026,0,0.22903,-0.04674,0.13605,0.23027,-0.04669,0.13644
3903.8381,0,0.22790,-0.04732,0.13606,0.22956,-0.04688,0.13633
3903.8711,0,0.22868,-0.04675,0.13613,0.22930,-0.04684,0.13627
3903.9026,0,0.22814,-0.04656,0.13642,0.22895,-0.04676,0.13631
3903.9392,0,0.22803,-0.04664,0.13679,0.22867,-0.04672,0.13646
3903.9705,0,0.22811,-0.04656,0.13711,0.22851,-0.04667,0.13665
3904.0019,0,0.22890,-0.04690,0.13743,0.22862,-0.04674,0.13689
3904.0385,0,0.22839,-0.04754,0.13778,0.22855,-0.04698,0.13715
3904.0701,0,0.22865,-0.04796,0.13810,0.22858,-0.04728,0.13744
3904.1029,0,0.22760,-0.04750,0.13888,0.22829,-0.04734,0.13787
3904.1382,0,0.22941,-0.04817,0.13885,0.22862,-0.04759,0.13817
3904.1710,0,0.22876,-0.04818,0.13904,0.22867,-0.04777,0.13843
3904.2042,0,0.22856,-0.04839,0.13901,0.22863,-0.04796,0.13860
3904.2417,0,0.22814,-0.04822,0.13904,0.22849,-0.04804,0.13873
3904.2720,0,0.22815,-0.04745,0.13890,0.22838,-0.04786,0.13878
3904.3035,0,0.22838,-0.04768,0.13879,0.22838,-0.04781,0.13878
3904.3386,0,0.22692,-0.04772,0.13910,0.22795,-0.04778,0.13888
3904.3706,0,0.22725,-0.04678,0.13935,0.22774,-0.04748,0.13902
3904.4083,0,0.22818,-0.04625,0.13964,0.22787,-0.04711,0.13921
3904.4424,0,0.22820,-0.04750,0.13979,0.22797,-0.04723,0.13938
3904.4726,0,0.22854,-0.04742,0.14012,0.22814,-0.04728,0.13960
3904.5025,0,0.22851,-0.04682,0.14041,0.22825,-0.04714,0.13985
3904.5411,0,0.22827,-0.04683,0.14058,0.22826,-0.04705,0.14007
3904.5707,0,0.22797,-0.04663,0.14131,0.22817,-0.04693,0.14044
3904.6080,0,0.22842,-0.04620,0.14199,0.22825,-0.04671,0.14090
3904.6589,0,0.22979,-0.04508,0.14256,0.22871,-0.04622,0.14140
3904.6926,0,0.22951,-0.04541,0.14363,0.22895,-0.04598,0.14207
3904.7235,0,0.22905,-0.04551,0.14482,0.22898,-0.04584,0.14290
3904.7549,0,0.22976,-0.04468,0.14613,0.22921,-0.04549,0.14386
3904.7890,0,0.22912,-0.04388,0.14786,0.22919,-0.04501,0.14506
3904.8223,0,0.23238,-0.04442,0.14929,0.23014,-0.04483,0.14633
3904.8551,0,0.23484,-0.04356,0.15064,0.23155,-0.04445,0.14763
3904.8875,0,0.23400,-0.04265,0.15255,0.23229,-0.04391,0.14910
3904.9169,0,0.23558,-0.04347,0.15400,0.23327,-0.04378,0.15057
3904.9487,0,0.23536,-0.04343,0.15557,0.23390,-0.04367,0.15207
3904.9785,0,0.23672,-0.04166,0.15762,0.23475,-0.04307,0.15374
3905.0090,0,0.24018,-0.04113,0.15874,0.23638,-0.04249,0.15524
3905.0398,0,0.24290,-0.04042,0.16019,0.23833,-0.04187,0.15672
3905.0704,0,0.24316,-0.03927,0.16228,0.23978,-0.04109,0.15839
3905.1044,0,0.24568,-0.03982,0.16375,0.24155,-0.04071,0.16000
3905.1388,0,0.24689,-0.04015,0.16526,0.24315,-0.04054,0.16158
3905.1706,0,0.24722,-0.04041,0.16676,0.24437,-0.04050,0.16313
3905.2126,0,0.24799,-0.04068,0.16834,0.24546,-0.04055,0.16469
3905.2455,0,0.24937,-0.04077,0.16990,0.24663,-0.04062,0.16626
3905.2767,0,0.24986,-0.04097,0.17120,0.24760,-0.04072,0.16774
3905.3068,0,0.25005,-0.04036,0.17266,0.24834,-0.04062,0.16922
3905.3406,0,0.25091,-0.04091,0.17406,0.24911,-0.04070,0.17067
3905.3708,0,0.24970,-0.04109,0.17576,0.24929,-0.04082,0.17220
3905.4045,0,0.25101,-0.04098,0.17711,0.24980,-0.04087,0.17367
3905.4409,0,0.25078,-0.04120,0.17871,0.25010,-0.04097,0.17518
3905.4723,0,0.25052,-0.04085,0.18033,0.25023,-0.04093,0.17673
3905.5099,0,0.25247,-0.04056,0.18151,0.25090,-0.04082,0.17816
3905.5427,0,0.25178,-0.04096,0.18272,0.25116,-0.04086,0.17953
3905.5735,0,0.25263,-0.04082,0.18392,0.25160,-0.04085,0.18085
3905.6046,0,0.25282,-0.04058,0.18516,0.25197,-0.04077,0.18214
3905.6604,0,0.25365,-0.04068,0.18641,0.25247,-0.04074,0.18342
3905.6910,0,0.25334,-0.04119,0.18771,0.25273,-0.04088,0.18471
3905.7235,0,0.25476,-0.04220,0.18889,0.25334,-0.04127,0.18596
3905.7575,0,0.25484,-0.04244,0.19045,0.25379,-0.04162,0.18731
3905.7912,0,0.25481,-0.04292,0.19206,0.25410,-0.04201,0.18873
3905.8255,0,0.25713,-0.04349,0.19351,0.25501,-0.04246,0.19017
3905.8598,0,0.25708,-0.04375,0.19572,0.25563,-0.04284,0.19183
3905.8911,0,0.25846,-0.04344,0.19771,0.25648,-0.04302,0.19359
3905.9211,0,0.26065,-0.04372,0.19956,0.25773,-0.04323,0.19538
3905.9522,0,0.26113,-0.04410,0.20152,0.25875,-0.04349,0.19722
3905.9834,0,0.26098,-0.04453,0.20308,0.25942,-0.04381,0.19898
3906.0214,0,0.26098,-0.04481,0.20453,0.25989,-0.04411,0.20065
3906.0510,0,0.26135,-0.04556,0.20590,0.26033,-0.04454,0.20222
3906.0833,0,0.26060,-0.04508,0.20748,0.26041,-0.04470,0.20380
3906.1128,0,0.26027,-0.04499,0.20905,0.26037,-0.04479,0.20537
3906.1440,0,0.26095,-0.04519,0.21053,0.26054,-0.04491,0.20692
3906.1752,0,0.25994,-0.04589,0.21244,0.26036,-0.04520,0.20858
3906.2064,0,0.26106,-0.04568,0.21404,0.26057,-0.04535,0.21022
3906.2358,0,0.26131,-0.04604,0.21577,0.26079,-0.04555,0.21188
3906.2722,0,0.26270,-0.04495,0.21754,0.26137,-0.04537,0.21358
3906.3044,0,0.26149,-0.04614,0.21934,0.26140,-0.04560,0.21531
3906.3382,0,0.26221,-0.04613,0.22089,0.26164,-0.04576,0.21698
3906.3711,0,0.26102,-0.04682,0.22296,0.26146,-0.04608,0.21877
3906.4028,0,0.26264,-0.04586,0.22473,0.26181,-0.04601,0.22056
3906.4384,0,0.26447,-0.04649,0.22641,0.26261,-0.04616,0.22232
3906.4760,0,0.26536,-0.04588,0.22794,0.26344,-0.04607,0.22400
3906.5073,0,0.26416,-0.04782,0.22973,0.26365,-0.04660,0.22572
3906.5392,0,0.26446,-0.04701,0.23133,0.26390,-0.04672,0.22740
3906.5776,0,0.26575,-0.04746,0.23281,0.26445,-0.04694,0.22902
3906.6086,0,0.26498,-0.04807,0.23449,0.26461,-0.04728,0.23067
3906.6382,0,0.26501,-0.04882,0.23603,0.26473,-0.04774,0.23227
3906.6722,0,0.26440,-0.05003,0.23794,0.26463,-0.04843,0.23397
3906.7084,0,0.26361,-0.05075,0.24003,0.26432,-0.04913,0.23579
3906.7413,0,0.26444,-0.05114,0.24179,0.26436,-0.04973,0.23759
3906.7743,0,0.26321,-0.05171,0.24419,0.26401,-0.05032,0.23957
3906.8051,0,0.26216,-0.05191,0.24631,0.26346,-0.05080,0.24159
3906.8365,0,0.26160,-0.05211,0.24861,0.26290,-0.05119,0.24370
3906.8707,0,0.26304,-0.05187,0.25104,0.26294,-0.05140,0.24590
3906.9033,0,0.26309,-0.05119,0.25444,0.26299,-0.05133,0.24846
3906.9399,0,0.26446,-0.05114,0.25773,0.26343,-0.05128,0.25124
3906.9727,0,0.26599,-0.04898,0.26124,0.26420,-0.05059,0.25424
3907.0033,0,0.26940,-0.04891,0.26418,0.26576,-0.05008,0.25722
3907.0342,0,0.27109,-0.04805,0.26720,0.26736,-0.04947,0.26022
3907.0701,0,0.27444,-0.04807,0.26970,0.26948,-0.04905,0.26306
3907.1048,0,0.27507,-0.04734,0.27221,0.27116,-0.04854,0.26581
3907.1481,0,0.27453,-0.04738,0.27462,0.27217,-0.04819,0.26845
3907.1958,0,0.27487,-0.04666,0.27667,0.27298,-0.04773,0.27092
3907.2376,0,0.27677,-0.04594,0.27863,0.27412,-0.04719,0.27323
3907.2825,0,0.27871,-0.04561,0.28067,0.27549,-0.04672,0.27546
3907.3140,0,0.27771,-0.04684,0.28293,0.27616,-0.04675,0.27770
3907.3460,0,0.27809,-0.04734,0.28488,0.27674,-0.04693,0.27986
3907.3768,0,0.28086,-0.04708,0.28656,0.27797,-0.04698,0.28187
3907.4082,0,0.28154,-0.04768,0.28841,0.27904,-0.04719,0.28383
3907.4386,0,0.28221,-0.04735,0.29046,0.27999,-0.04724,0.28582
3907.4701,0,0.28311,-0.04885,0.29262,0.28093,-0.04772,0.28786
3907.5036,0,0.28514,-0.04887,0.29501,0.28219,-0.04807,0.29000
3907.5397,0,0.28527,-0.04789,0.29782,0.28311,-0.04801,0.29235
3907.5701,0,0.28717,-0.04739,0.30044,0.28433,-0.04783,0.29477
3907.6049,0,0.28652,-0.04790,0.30300,0.28499,-0.04785,0.29724
3907.6375,0,0.28681,-0.04658,0.30514,0.28553,-0.04747,0.29961
3907.6929,0,0.28685,-0.04785,0.30693,0.28593,-0.04758,0.30181
3907.7236,0,0.28532,-0.04897,0.30939,0.28575,-0.04800,0.30408
3907.7535,0,0.28478,-0.04885,0.31160,0.28546,-0.04826,0.30634
3907.7889,0,0.28674,-0.04928,0.31352,0.28584,-0.04856,0.30849
3907.8199,0,0.28844,-0.04931,0.31519,0.28662,-0.04879,0.31050
3907.8604,0,0.28925,-0.04917,0.31702,0.28741,-0.04890,0.31246
3907.8900,0,0.28743,-0.04931,0.31867,0.28742,-0.04902,0.31432
3907.9208,0,0.28907,-0.04950,0.31968,0.28791,-0.04917,0.31593
3907.9534,0,0.28982,-0.04928,0.32114,0.28849,-0.04920,0.31749
3907.9857,0,0.28940,-0.05043,0.32294,0.28876,-0.04957,0.31913
3908.0164,0,0.28956,-0.05153,0.32468,0.28900,-0.05016,0.32079
3908.0467,0,0.28972,-0.05192,0.32666,0.28922,-0.05069,0.32255
3908.0801,0,0.29093,-0.05191,0.32861,0.28973,-0.05105,0.32437
3908.1109,0,0.29294,-0.05208,0.33009,0.29069,-0.05136,0.32609
3908.1414,0,0.28994,-0.05239,0.33262,0.29047,-0.05167,0.32805
3908.1724,0,0.29103,-0.05232,0.33419,0.29064,-0.05186,0.32989
3908.2038,0,0.28984,-0.05293,0.33592,0.29040,-0.05218,0.33170
3908.2359,0,0.29118,-0.05261,0.33722,0.29063,-0.05231,0.33335
3908.2717,0,0.29263,-0.05239,0.33838,0.29123,-0.05233,0.33486
3908.3040,0,0.29573,-0.05209,0.33947,0.29258,-0.05226,0.33624
3908.3364,0,0.29433,-0.05216,0.34169,0.29310,-0.05223,0.33788
3908.3663,0,0.29586,-0.05157,0.34337,0.29393,-0.05203,0.33953
3908.3956,0,0.29820,-0.05154,0.34476,0.29521,-0.05189,0.34110
3908.4275,0,0.29767,-0.05210,0.34666,0.29595,-0.05195,0.34276
3908.4574,0,0.29866,-0.05223,0.34813,0.29676,-0.05203,0.34438
3908.4888,0,0.30059,-0.05192,0.35003,0.29791,-0.05200,0.34607
3908.5200,0,0.30185,-0.05131,0.35190,0.29909,-0.05179,0.34782
3908.5502,0,0.30446,-0.05087,0.35368,0.30070,-0.05152,0.34958
3908.5835,0,0.30496,-0.05014,0.35590,0.30198,-0.05110,0.35147
3908.6161,0,0.30750,-0.05005,0.35798,0.30364,-0.05079,0.35343
3908.6469,0,0.30703,-0.05004,0.35979,0.30465,-0.05056,0.35534
3908.6795,0,0.30865,-0.04988,0.36164,0.30585,-0.05036,0.35723
3908.7102,0,0.30912,-0.04886,0.36266,0.30683,-0.04991,0.35886
3908.7398,0,0.30807,-0.04914,0.36369,0.30720,-0.04968,0.36031
3908.7713,0,0.30641,-0.04953,0.36459,0.30697,-0.04963,0.36159
3908.8024,0,0.30529,-0.04957,0.36549,0.30646,-0.04962,0.36276
3908.8347,0,0.30510,-0.04923,0.36641,0.30606,-0.04950,0.36385
3908.8706,0,0.30521,-0.04973,0.36727,0.30580,-0.04957,0.36488
3908.9030,0,0.30537,-0.04931,0.36812,0.30567,-0.04949,0.36585
3908.9370,0,0.30697,-0.04945,0.36825,0.30606,-0.04948,0.36657
3908.9704,0,0.30699,-0.05012,0.36810,0.30634,-0.04967,0.36703
3909.0039,0,0.30820,-0.05054,0.36747,0.30690,-0.04993,0.36716
3909.0397,0,0.30710,-0.05019,0.36721,0.30696,-0.05001,0.36718
3909.0735,0,0.30608,-0.04945,0.36701,0.30670,-0.04984,0.36713
3909.1036,0,0.30685,-0.04884,0.36644,0.30674,-0.04954,0.36692
3909.1357,0,0.30579,-0.04902,0.36616,0.30646,-0.04939,0.36669
3909.1705,0,0.30626,-0.04948,0.36575,0.30640,-0.04941,0.36641
3909.2029,0,0.30606,-0.04922,0.36552,0.30630,-0.04936,0.36614
3909.2336,0,0.30752,-0.04919,0.36499,0.30666,-0.04931,0.36580
3909.2713,0,0.30700,-0.04929,0.36453,0.30677,-0.04930,0.36542
3909.3046,0,0.30861,-0.04838,0.36409,0.30732,-0.04902,0.36502
3909.3403,0,0.30981,-0.04801,0.36337,0.30807,-0.04872,0.36453
3909.3710,0,0.30944,-0.04717,0.36281,0.30848,-0.04826,0.36401
3909.4043,0,0.31009,-0.04740,0.36206,0.30896,-0.04800,0.36343
3909.4369,0,0.30824,-0.04677,0.36149,0.30874,-0.04763,0.36285
3909.4810,0,0.30773,-0.04645,0.36083,0.30844,-0.04728,0.36224
3909.5114,0,0.30695,-0.04589,0.36012,0.30799,-0.04686,0.36161
3909.5411,0,0.30983,-0.04527,0.35830,0.30854,-0.04638,0.36061
3909.5732,0,0.30722,-0.04632,0.35754,0.30815,-0.04636,0.35969
3909.6037,0,0.30779,-0.04625,0.35584,0.30804,-0.04633,0.35854
3909.6593,0,0.30958,-0.04648,0.35371,0.30850,-0.04637,0.35709
3909.6912,0,0.30672,-0.04567,0.35216,0.30797,-0.04616,0.35561
3909.7216,0,0.30593,-0.04645,0.35003,0.30736,-0.04625,0.35394
3909.7533,0,0.30430,-0.04644,0.34760,0.30644,-0.04631,0.35204
3909.7857,0,0.30249,-0.04671,0.34532,0.30526,-0.04643,0.35002
3909.8170,0,0.29915,-0.04650,0.34354,0.30342,-0.04645,0.34808
3909.8525,0,0.29808,-0.04631,0.34146,0.30182,-0.04641,0.34609
3909.8841,0,0.29745,-0.04634,0.33932,0.30051,-0.04639,0.34406
3909.9138,0,0.29646,-0.04669,0.33747,0.29929,-0.04648,0.34208
3909.9498,0,0.29257,-0.04732,0.33654,0.29728,-0.04673,0.34042
3909.9824,0,0.29260,-0.04735,0.33472,0.29587,-0.04692,0.33871
3910.0155,0,0.29303,-0.04713,0.33282,0.29502,-0.04698,0.33694
3910.0464,0,0.29458,-0.04687,0.33052,0.29489,-0.04695,0.33502
3910.0794,0,0.29505,-0.04722,0.32799,0.29494,-0.04703,0.33291
3910.1105,0,0.29371,-0.04663,0.32620,0.29457,-0.04691,0.33090
3910.1400,0,0.29193,-0.04586,0.32423,0.29378,-0.04659,0.32890
3910.1711,0,0.29211,-0.04525,0.32174,0.29328,-0.04619,0.32675
3910.2027,0,0.29425,-0.04517,0.31929,0.29357,-0.04588,0.32451
3910.2343,0,0.29248,-0.04591,0.31753,0.29324,-0.04589,0.32242
3910.2709,0,0.29099,-0.04712,0.31553,0.29257,-0.04626,0.32035
3910.3025,0,0.28946,-0.04811,0.31367,0.29163,-0.04681,0.31835
3910.3355,0,0.28801,-0.04872,0.31191,0.29055,-0.04739,0.31642
3910.3751,0,0.28986,-0.04792,0.30941,0.29034,-0.04755,0.31432
3910.4056,0,0.29202,-0.04802,0.30679,0.29084,-0.04769,0.31206
3910.4353,0,0.29167,-0.04934,0.30434,0.29109,-0.04818,0.30974
3910.4725,0,0.28880,-0.05056,0.30276,0.29041,-0.04890,0.30765
3910.5052,0,0.28408,-0.05163,0.30142,0.28851,-0.04972,0.30578
3910.5381,0,0.28498,-0.05125,0.29884,0.28745,-0.05018,0.30370
3910.5767,0,0.28537,-0.05217,0.29625,0.28682,-0.05078,0.30146
3910.6091,0,0.28372,-0.05262,0.29425,0.28589,-0.05133,0.29930
3910.6390,0,0.28710,-0.05382,0.29105,0.28625,-0.05208,0.29682
3910.6707,0,0.28697,-0.05381,0.28830,0.28647,-0.05260,0.29427
3910.7055,0,0.28515,-0.05499,0.28601,0.28607,-0.05331,0.29179
3910.7355,0,0.28444,-0.05618,0.28368,0.28558,-0.05417,0.28936
3910.7687,0,0.28254,-0.05679,0.28145,0.28467,-0.05496,0.28699
3910.8028,0,0.28183,-0.05743,0.27930,0.28382,-0.05570,0.28468
3910.8350,0,0.27992,-0.05887,0.27748,0.28265,-0.05665,0.28252
3910.8661,0,0.28078,-0.05940,0.27529,0.28209,-0.05747,0.28035
3910.9023,0,0.28158,-0.06027,0.27277,0.28194,-0.05831,0.27808
3910.9347,0,0.28069,-0.06038,0.27067,0.28156,-0.05893,0.27586
3910.9672,0,0.27820,-0.06115,0.26889,0.28055,-0.05960,0.27377
3911.0021,0,0.27970,-0.06046,0.26641,0.28030,-0.05986,0.27156
3911.0344,0,0.27528,-0.06119,0.26516,0.27879,-0.06026,0.26964
3911.0666,0,0.27577,-0.06229,0.26291,0.27789,-0.06087,0.26762
3911.1046,0,0.27695,-0.06207,0.26046,0.27761,-0.06123,0.26547
3911.1354,0,0.27680,-0.06158,0.25780,0.27736,-0.06133,0.26317
3911.1684,0,0.27790,-0.06167,0.25478,0.27752,-0.06143,0.26065
3911.2034,0,0.27463,-0.06221,0.25238,0.27666,-0.06167,0.25817
3911.2378,0,0.27654,-0.06199,0.24893,0.27662,-0.06176,0.25540
3911.2750,0,0.27441,-0.06162,0.24625,0.27596,-0.06172,0.25265
3911.3055,0,0.27407,-0.06152,0.24305,0.27539,-0.06166,0.24977
3911.3352,0,0.27476,-0.06129,0.23998,0.27520,-0.06155,0.24684
3911.3681,0,0.27182,-0.06142,0.23778,0.27419,-0.06151,0.24412
3911.4034,0,0.27329,-0.06094,0.23516,0.27392,-0.06134,0.24143
3911.4434,0,0.27293,-0.06027,0.23270,0.27362,-0.06102,0.23881
3911.4758,0,0.27196,-0.06064,0.23042,0.27313,-0.06090,0.23629
3911.5061,0,0.27381,-0.05996,0.22737,0.27333,-0.06062,0.23362
3911.5403,0,0.27328,-0.05896,0.22489,0.27332,-0.06012,0.23100
3911.5706,0,0.27115,-0.05801,0.22217,0.27267,-0.05949,0.22835
3911.6066,0,0.27041,-0.05844,0.21918,0.27199,-0.05917,0.22560
3911.6582,0,0.27086,-0.05820,0.21593,0.27165,-0.05888,0.22270
3911.6904,0,0.27195,-0.05694,0.21236,0.27174,-0.05830,0.21960
3911.7216,0,0.27183,-0.05652,0.20918,0.27177,-0.05777,0.21647
3911.7528,0,0.27331,-0.05621,0.20535,0.27223,-0.05730,0.21314
3911.7881,0,0.27179,-0.05683,0.20256,0.27210,-0.05716,0.20996
3911.8221,0,0.26940,-0.05673,0.19964,0.27129,-0.05703,0.20687
3911.8523,0,0.27098,-0.05484,0.19617,0.27120,-0.05637,0.20366
3911.8820,0,0.26987,-0.05415,0.19301,0.27080,-0.05570,0.20046
3911.9114,0,0.26983,-0.05389,0.18950,0.27051,-0.05516,0.19717
3911.9432,0,0.26944,-0.05349,0.18611,0.27019,-0.05466,0.19385
3911.9738,0,0.26885,-0.05375,0.18320,0.26979,-0.05439,0.19066
3912.0048,0,0.26915,-0.05320,0.18023,0.26959,-0.05403,0.18753
3912.0355,0,0.26482,-0.05394,0.17819,0.26816,-0.05400,0.18473
3912.0679,0,0.26309,-0.05356,0.17636,0.26664,-0.05387,0.18222
3912.1069,0,0.26106,-0.05284,0.17449,0.26497,-0.05356,0.17990
3912.1374,0,0.26127,-0.05223,0.17210,0.26386,-0.05316,0.17756
3912.1679,0,0.25964,-0.05206,0.16976,0.26259,-0.05283,0.17522
3912.2021,0,0.25901,-0.05133,0.16711,0.26152,-0.05238,0.17279
3912.2379,0,0.25783,-0.05041,0.16498,0.26041,-0.05179,0.17044
3912.2685,0,0.25635,-0.05052,0.16253,0.25919,-0.05141,0.16807
3912.3021,0,0.25334,-0.05023,0.16087,0.25744,-0.05106,0.16591
3912.3340,0,0.25183,-0.04813,0.15913,0.25576,-0.05018,0.16388
3912.3692,0,0.25221,-0.04668,0.15692,0.25469,-0.04913,0.16179
3912.4034,0,0.24657,-0.04681,0.15557,0.25225,-0.04843,0.15992
3912.4372,0,0.24893,-0.04578,0.15272,0.25126,-0.04764,0.15776
3912.4711,0,0.24726,-0.04544,0.15059,0.25006,-0.04698,0.15561
3912.5027,0,0.24554,-0.04484,0.14823,0.24870,-0.04634,0.15340
3912.5348,0,0.24597,-0.04340,0.14607,0.24788,-0.04546,0.15120
3912.5673,0,0.24154,-0.04360,0.14434,0.24598,-0.04490,0.14914
3912.6082,0,0.23681,-0.04219,0.14284,0.24323,-0.04409,0.14725
3912.6509,0,0.23430,-0.04212,0.14121,0.24055,-0.04350,0.14544
3912.6822,0,0.23147,-0.04152,0.13981,0.23783,-0.04291,0.14375
3912.7151,0,0.22960,-0.04015,0.13873,0.23536,-0.04208,0.14224
3912.7450,0,0.22964,-0.03931,0.13700,0.23364,-0.04125,0.14067
3912.7758,0,0.22937,-0.03729,0.13539,0.23236,-0.04006,0.13909
3912.8054,0,0.22572,-0.03724,0.13391,0.23037,-0.03922,0.13754
3912.8445,0,0.22443,-0.03565,0.13215,0.22859,-0.03815,0.13592
3912.8754,0,0.22331,-0.03399,0.13051,0.22700,-0.03690,0.13430
3912.9114,0,0.22311,-0.03283,0.12860,0.22584,-0.03568,0.13259
3912.9439,0,0.22096,-0.03195,0.12693,0.22437,-0.03456,0.13089
3912.9765,0,0.22173,-0.03099,0.12474,0.22358,-0.03349,0.12905
3913.0080,0,0.22029,-0.03058,0.12268,0.22259,-0.03261,0.12714
3913.0395,0,0.21799,-0.03094,0.12065,0.22121,-0.03211,0.12519
3913.0700,0,0.21557,-0.03065,0.11891,0.21952,-0.03167,0.12330
3913.1040,0,0.21423,-0.03113,0.11686,0.21793,-0.03151,0.12137
3913.1361,0,0.21033,-0.03022,0.11602,0.21565,-0.03113,0.11977
3913.1666,0,0.20917,-0.03002,0.11497,0.21371,-0.03079,0.11833
3913.2024,0,0.20816,-0.02910,0.11412,0.21204,-0.03029,0.11706
3913.2343,0,0.20953,-0.02979,0.11285,0.21129,-0.03014,0.11580
3913.2680,0,0.20884,-0.02969,0.11187,0.21056,-0.03000,0.11462
3913.3078,0,0.20732,-0.02872,0.11143,0.20959,-0.02962,0.11367
3913.3384,0,0.20689,-0.02936,0.11045,0.20878,-0.02954,0.11270
3913.3705,0,0.20360,-0.02815,0.11017,0.20722,-0.02912,0.11194
3913.4022,0,0.20234,-0.02796,0.10986,0.20576,-0.02877,0.11132
3913.4410,0,0.20135,-0.02764,0.11003,0.20444,-0.02843,0.11093
3913.4738,0,0.20265,-0.02787,0.11019,0.20390,-0.02826,0.11071
3913.5105,0,0.20319,-0.02869,0.11071,0.20369,-0.02839,0.11071
3913.5433,0,0.20488,-0.02840,0.11088,0.20404,-0.02840,0.11076
3913.5781,0,0.20595,-0.02783,0.11101,0.20461,-0.02823,0.11084
3913.6092,0,0.20628,-0.02738,0.11128,0.20511,-0.02797,0.11097
3913.6461,0,0.20540,-0.02634,0.11175,0.20520,-0.02748,0.11120
3913.6759,0,0.20458,-0.02658,0.11273,0.20501,-0.02721,0.11166
3913.7059,0,0.20259,-0.02578,0.11456,0.20428,-0.02678,0.11253
3913.7374,0,0.20371,-0.02752,0.11684,0.20411,-0.02700,0.11383
3913.7709,0,0.20606,-0.02771,0.11949,0.20470,-0.02721,0.11552
3913.8041,0,0.21212,-0.02722,0.12225,0.20692,-0.02722,0.11754
3913.8394,0,0.21257,-0.02758,0.12537,0.20862,-0.02732,0.11989
3913.8690,0,0.21171,-0.02826,0.12816,0.20955,-0.02760,0.12237
3913.8990,0,0.21064,-0.02705,0.13086,0.20987,-0.02744,0.12492
3913.9341,0,0.21226,-0.02674,0.13286,0.21059,-0.02723,0.12730
3913.9708,0,0.21421,-0.02613,0.13475,0.21168,-0.02690,0.12954
3914.0059,0,0.21790,-0.02519,0.13678,0.21354,-0.02639,0.13171
3914.0361,0,0.22234,-0.02331,0.13870,0.21618,-0.02547,0.13381
3914.0680,0,0.22485,-0.02442,0.14094,0.21878,-0.02515,0.13595
3914.1042,0,0.22703,-0.02337,0.14365,0.22126,-0.02462,0.13826
3914.1401,0,0.22862,-0.02498,0.14706,0.22347,-0.02473,0.14090
3914.1706,0,0.23105,-0.02553,0.14974,0.22574,-0.02497,0.14355
3914.2053,0,0.23171,-0.02587,0.15284,0.22753,-0.02524,0.14634
3914.2361,0,0.23497,-0.02685,0.15531,0.22976,-0.02572,0.14903
3914.2704,0,0.23771,-0.02671,0.15746,0.23215,-0.02602,0.15156
3914.3024,0,0.23900,-0.02637,0.15954,0.23420,-0.02612,0.15395
3914.3368,0,0.24083,-0.02700,0.16175,0.23619,-0.02638,0.15629
3914.3672,0,0.24189,-0.02784,0.16382,0.23790,-0.02682,0.15855
3914.4026,0,0.24323,-0.02908,0.16600,0.23950,-0.02750,0.16079
3914.4346,0,0.24628,-0.02954,0.16808,0.24153,-0.02811,0.16297
3914.4674,0,0.24570,-0.03154,0.17136,0.24278,-0.02914,0.16549
3914.5033,0,0.24855,-0.03260,0.17413,0.24451,-0.03018,0.16808
3914.5352,0,0.25017,-0.03267,0.17715,0.24621,-0.03093,0.17080
3914.5661,0,0.25308,-0.03286,0.18025,0.24827,-0.03150,0.17364
3914.6049,0,0.25659,-0.03284,0.18252,0.25077,-0.03191,0.17630
3914.6512,0,0.25852,-0.03324,0.18542,0.25309,-0.03231,0.17904
3914.6820,0,0.26074,-0.03367,0.18813,0.25539,-0.03272,0.18177
3914.7144,0,0.26153,-0.03450,0.19095,0.25723,-0.03325,0.18452
3914.7461,0,0.26337,-0.03535,0.19358,0.25907,-0.03388,0.18724
3914.7776,0,0.26229,-0.03596,0.19711,0.26004,-0.03450,0.19020
3914.8082,0,0.26520,-0.03568,0.19963,0.26159,-0.03486,0.19303
3914.8388,0,0.26518,-0.03514,0.20264,0.26266,-0.03494,0.19591
3914.8699,0,0.26593,-0.03556,0.20555,0.26365,-0.03513,0.19880
3914.9021,0,0.26497,-0.03571,0.20804,0.26404,-0.03530,0.20158
3914.9385,0,0.26542,-0.03644,0.21046,0.26446,-0.03564,0.20424
3914.9683,0,0.26575,-0.03678,0.21262,0.26484,-0.03599,0.20675
3915.0004,0,0.26635,-0.03712,0.21466,0.26529,-0.03633,0.20913
3915.0348,0,0.26708,-0.03777,0.21650,0.26583,-0.03676,0.21134
3915.0669,0,0.26888,-0.03675,0.21831,0.26674,-0.03676,0.21343
3915.1014,0,0.26799,-0.03671,0.22023,0.26712,-0.03674,0.21547
3915.1352,0,0.26754,-0.03593,0.22231,0.26724,-0.03650,0.21752
3915.1670,0,0.26813,-0.03590,0.22445,0.26751,-0.03632,0.21960
3915.2011,0,0.26725,-0.03549,0.22644,0.26743,-0.03607,0.22165
3915.2351,0,0.26853,-0.03561,0.22851,0.26776,-0.03593,0.22371
3915.2692,0,0.26882,-0.03497,0.23091,0.26808,-0.03564,0.22587
3915.3005,0,0.26882,-0.03459,0.23321,0.26830,-0.03533,0.22807
3915.3364,0,0.27060,-0.03593,0.23560,0.26899,-0.03551,0.23033
3915.3668,0,0.27145,-0.03484,0.23870,0.26973,-0.03531,0.23284
3915.4045,0,0.27198,-0.03608,0.24189,0.27040,-0.03554,0.23555
3915.4354,0,0.27599,-0.03645,0.24428,0.27208,-0.03581,0.23817
3915.4753,0,0.27695,-0.03614,0.24725,0.27354,-0.03591,0.24090
3915.5090,0,0.27884,-0.03638,0.25005,0.27513,-0.03605,0.24364
3915.5412,0,0.27835,-0.03687,0.25277,0.27610,-0.03630,0.24638
3915.5716,0,0.27772,-0.03704,0.25526,0.27658,-0.03652,0.24905
3915.6041,0,0.27748,-0.03664,0.25755,0.27685,-0.03656,0.25160
3915.6365,0,0.27896,-0.03568,0.26007,0.27749,-0.03629,0.25414
3915.6831,0,0.27981,-0.03483,0.26224,0.27818,-0.03585,0.25657
3915.7135,0,0.28147,-0.03356,0.26490,0.27917,-0.03516,0.25907
3915.7439,0,0.28394,-0.03324,0.26720,0.28060,-0.03459,0.26151
3915.7741,0,0.28651,-0.03349,0.26947,0.28237,-0.03426,0.26390
3915.8044,0,0.28858,-0.03259,0.27216,0.28424,-0.03376,0.26638
3915.8371,0,0.28930,-0.03196,0.27497,0.28575,-0.03322,0.26895
3915.8676,0,0.29286,-0.03100,0.27707,0.28789,-0.03255,0.27139
3915.9028,0,0.29339,-0.02974,0.27927,0.28954,-0.03171,0.27375
3915.9351,0,0.29600,-0.02906,0.28142,0.29147,-0.03091,0.27605
3915.9667,0,0.29888,-0.02825,0.28330,0.29370,-0.03012,0.27823
3915.9990,0,0.30181,-0.02623,0.28530,0.29613,-0.02895,0.28035
3916.0344,0,0.30444,-0.02545,0.28738,0.29862,-0.02790,0.28246
3916.0667,0,0.30519,-0.02458,0.28944,0.30060,-0.02691,0.28455
3916.0992,0,0.30588,-0.02354,0.29195,0.30218,-0.02590,0.28677
3916.1349,0,0.30663,-0.02244,0.29458,0.30351,-0.02486,0.28911
3916.1668,0,0.31183,-0.02140,0.29648,0.30601,-0.02382,0.29132
3916.1982,0,0.31159,-0.02107,0.29927,0.30768,-0.02300,0.29371
3916.2349,0,0.31090,-0.02059,0.30252,0.30865,-0.02227,0.29635
3916.2685,0,0.31161,-0.02098,0.30543,0.30954,-0.02189,0.29907
3916.3017,0,0.31251,-0.02158,0.30852,0.31043,-0.02179,0.30191
3916.3389,0,0.31335,-0.02177,0.31182,0.31131,-0.02179,0.30488
3916.3705,0,0.31236,-0.02211,0.31571,0.31162,-0.02188,0.30813
3916.4044,0,0.31174,-0.02282,0.31903,0.31166,-0.02216,0.31140
3916.4374,0,0.30829,-0.02395,0.32337,0.31065,-0.02270,0.31499
3916.4728,0,0.30814,-0.02528,0.32685,0.30989,-0.02347,0.31855
3916.5026,0,0.30758,-0.02592,0.32980,0.30920,-0.02421,0.32192
3916.5360,0,0.30895,-0.02648,0.33248,0.30913,-0.02489,0.32509
3916.5670,0,0.31060,-0.02669,0.33524,0.30957,-0.02543,0.32814
3916.6000,0,0.31256,-0.02771,0.33725,0.31047,-0.02611,0.33087
3916.6354,0,0.31432,-0.02886,0.33922,0.31162,-0.02694,0.33338
3916.6675,0,0.31570,-0.02950,0.34079,0.31285,-0.02770,0.33560
3916.7028,0,0.31577,-0.02947,0.34195,0.31372,-0.02823,0.33751
3916.7414,0,0.31981,-0.02843,0.34236,0.31555,-0.02829,0.33896
3916.7716,0,0.32032,-0.02748,0.34292,0.31698,-0.02805,0.34015
3916.8041,0,0.32091,-0.02572,0.34383,0.31816,-0.02735,0.34126
3916.8375,0,0.32163,-0.02482,0.34471,0.31920,-0.02659,0.34229
3916.8724,0,0.32058,-0.02368,0.34584,0.31962,-0.02572,0.34336
3916.9032,0,0.31897,-0.02278,0.34666,0.31942,-0.02483,0.34435
3916.9346,0,0.31777,-0.02265,0.34670,0.31893,-0.02418,0.34505
3916.9666,0,0.31802,-0.02353,0.34641,0.31865,-0.02398,0.34546
3916.9995,0,0.31744,-0.02365,0.34649,0.31829,-0.02388,0.34577
3917.0397,0,0.31702,-0.02419,0.34686,0.31791,-0.02397,0.34610
3917.0694,0,0.31500,-0.02458,0.34770,0.31704,-0.02415,0.34658
3917.1038,0,0.31692,-0.02379,0.34780,0.31700,-0.02404,0.34694
3917.1402,0,0.31678,-0.02391,0.34793,0.31693,-0.02400,0.34724
3917.1729,0,0.31894,-0.02321,0.34753,0.31753,-0.02376,0.34733
3917.2042,0,0.31936,-0.02307,0.34730,0.31808,-0.02356,0.34732
3917.2374,0,0.31966,-0.02296,0.34732,0.31856,-0.02338,0.34732
3917.2701,0,0.31896,-0.02230,0.34776,0.31868,-0.02306,0.34745
3917.3022,0,0.31955,-0.02154,0.34804,0.31894,-0.02260,0.34763
3917.3354,0,0.31934,-0.02071,0.34888,0.31906,-0.02203,0.34800
3917.3699,0,0.31808,-0.02060,0.34942,0.31876,-0.02160,0.34843
3917.4015,0,0.31816,-0.02084,0.34963,0.31858,-0.02138,0.34879
3917.4346,0,0.31730,-0.02025,0.34967,0.31820,-0.02104,0.34905
3917.4670,0,0.31794,-0.02039,0.34919,0.31812,-0.02084,0.34910
3917.5005,0,0.31693,-0.02062,0.34935,0.31776,-0.02078,0.34917
3917.5349,0,0.31631,-0.02127,0.34914,0.31733,-0.02092,0.34916
3917.5729,0,0.31634,-0.02156,0.34880,0.31703,-0.02112,0.34905
3917.6033,0,0.31462,-0.02203,0.34870,0.31631,-0.02139,0.34895
3917.6627,0,0.31394,-0.02242,0.34852,0.31560,-0.02170,0.34882
3917.6939,0,0.31407,-0.02262,0.34831,0.31514,-0.02197,0.34866
3917.7308,0,0.31524,-0.02245,0.34815,0.31517,-0.02212,0.34851
3917.7616,0,0.31427,-0.02221,0.34833,0.31490,-0.02214,0.34846
3917.7929,0,0.31454,-0.02197,0.34834,0.31479,-0.02209,0.34842
3917.8239,0,0.31481,-0.02188,0.34814,0.31480,-0.02203,0.34834
3917.8544,0,0.31628,-0.02209,0.34789,0.31524,-0.02205,0.34820
3917.8850,0,0.31697,-0.02258,0.34771,0.31576,-0.02221,0.34805
3917.9177,0,0.31625,-0.02293,0.34759,0.31591,-0.02242,0.34792
3917.9506,0,0.31557,-0.02319,0.34724,0.31581,-0.02265,0.34771
3917.9807,0,0.31646,-0.02404,0.34672,0.31600,-0.02307,0.34741
3918.0123,0,0.31516,-0.02457,0.34636,0.31575,-0.02352,0.34710
3918.0442,0,0.31417,-0.02516,0.34610,0.31528,-0.02401,0.34680
3918.0766,0,0.31341,-0.02472,0.34576,0.31472,-0.02422,0.34649
3918.1097,0,0.31608,-0.02408,0.34492,0.31513,-0.02418,0.34602
3918.1425,0,0.31581,-0.02315,0.34424,0.31533,-0.02387,0.34548
3918.1733,0,0.31586,-0.02153,0.34352,0.31549,-0.02317,0.34489
3918.2051,0,0.31594,-0.01948,0.34269,0.31563,-0.02206,0.34423
3918.2360,0,0.31389,-0.01706,0.34213,0.31510,-0.02056,0.34360
3918.2670,0,0.31486,-0.01630,0.34114,0.31503,-0.01928,0.34286
3918.2998,0,0.31171,-0.01582,0.34119,0.31404,-0.01825,0.34236
3918.3367,0,0.30888,-0.01530,0.34140,0.31249,-0.01736,0.34207
3918.3670,0,0.30831,-0.01495,0.34142,0.31123,-0.01664,0.34188
3918.3998,0,0.30940,-0.01463,0.34090,0.31068,-0.01604,0.34158
3918.4394,0,0.31259,-0.01576,0.34004,0.31125,-0.01595,0.34112
3918.4758,0,0.31190,-0.01640,0.34008,0.31145,-0.01609,0.34081
3918.5062,0,0.31271,-0.01702,0.33978,0.31183,-0.01637,0.34050
3918.5386,0,0.31282,-0.01791,0.33984,0.31212,-0.01683,0.34030
3918.5691,0,0.31298,-0.01827,0.33945,0.31238,-0.01726,0.34005
3918.6003,0,0.31364,-0.01906,0.33926,0.31276,-0.01780,0.33981
3918.6346,0,0.31438,-0.01978,0.33882,0.31325,-0.01840,0.33951
3918.6670,0,0.31315,-0.02030,0.33902,0.31322,-0.01897,0.33936
3918.6981,0,0.31404,-0.02006,0.33874,0.31346,-0.01929,0.33918
3918.7346,0,0.31414,-0.02011,0.33889,0.31367,-0.01954,0.33909
3918.7717,0,0.31249,-0.02034,0.33912,0.31331,-0.01978,0.33910
3918.8038,0,0.31215,-0.02039,0.33923,0.31297,-0.01996,0.33914
3918.8364,0,0.31133,-0.02030,0.33961,0.31248,-0.02006,0.33928
3918.8690,0,0.31105,-0.01965,0.33967,0.31205,-0.01994,0.33939
3918.9017,0,0.31086,-0.01928,0.33983,0.31169,-0.01974,0.33952
3918.9349,0,0.31313,-0.01916,0.33934,0.31212,-0.01957,0.33947
3918.9661,0,0.31282,-0.01912,0.33939,0.31233,-0.01943,0.33945
3918.9992,0,0.31240,-0.01994,0.33928,0.31235,-0.01959,0.33939
3919.0340,0,0.31286,-0.02008,0.33907,0.31250,-0.01973,0.33930
3919.0684,0,0.31404,-0.02010,0.33876,0.31296,-0.01984,0.33914
3919.1053,0,0.31380,-0.01964,0.33886,0.31321,-0.01978,0.33905
3919.1357,0,0.31459,-0.01937,0.33865,0.31363,-0.01966,0.33893
3919.1689,0,0.31381,-0.01934,0.33887,0.31368,-0.01956,0.33891
3919.1986,0,0.31366,-0.01949,0.33873,0.31367,-0.01954,0.33886
3919.2338,0,0.31352,-0.01954,0.33875,0.31363,-0.01954,0.33883
3919.2672,0,0.31243,-0.01897,0.33873,0.31327,-0.01937,0.33880
3919.2990,0,0.31186,-0.01944,0.33831,0.31285,-0.01939,0.33865
3919.3325,0,0.31123,-0.01891,0.33839,0.31236,-0.01925,0.33857
3919.3680,0,0.31107,-0.01872,0.33813,0.31197,-0.01909,0.33844
3919.3992,0,0.30966,-0.01781,0.33838,0.31128,-0.01870,0.33842
3919.4360,0,0.30854,-0.01537,0.33849,0.31046,-0.01770,0.33844
3919.4671,0,0.30734,-0.01305,0.33908,0.30952,-0.01631,0.33863
3919.4998,0,0.30753,-0.00860,0.33954,0.30892,-0.01400,0.33890
3919.5362,0,0.30805,-0.00512,0.33951,0.30866,-0.01133,0.33908
3919.5693,0,0.30988,-0.00189,0.33927,0.30903,-0.00850,0.33914
3919.6004,0,0.31009,0.00067,0.33901,0.30935,-0.00575,0.33910
3919.6358,0,0.30895,0.00277,0.33874,0.30923,-0.00319,0.33899
3919.6668,0,0.30735,0.00496,0.33863,0.30866,-0.00075,0.33889
3919.7007,0,0.30768,0.00717,0.33844,0.30837,0.00163,0.33875
3919.7356,0,0.30993,0.01037,0.33785,0.30884,0.00425,0.33848
3919.7685,0,0.30801,0.01336,0.33804,0.30859,0.00698,0.33835
3919.8033,0,0.31012,0.01567,0.33716,0.30905,0.00959,0.33799
3919.8374,0,0.31246,0.01867,0.33643,0.31007,0.01231,0.33752
3919.8712,0,0.31362,0.02128,0.33570,0.31114,0.01500,0.33698
3919.9132,0,0.31434,0.02485,0.33544,0.31210,0.01796,0.33651
3919.9451,0,0.31592,0.02798,0.33524,0.31324,0.02096,0.33613
3919.9795,0,0.31294,0.03218,0.33631,0.31315,0.02433,0.33619
3920.0105,0,0.31177,0.03688,0.33648,0.31274,0.02809,0.33628
3920.0414,0,0.31134,0.04127,0.33656,0.31232,0.03205,0.33636
3920.0728,0,0.30928,0.04583,0.33742,0.31141,0.03618,0.33668
3920.1036,0,0.31177,0.04993,0.33733,0.31152,0.04031,0.33687
3920.1374,0,0.31385,0.05518,0.33738,0.31222,0.04477,0.33703
3920.1705,0,0.31201,0.06085,0.33840,0.31215,0.04959,0.33744
3920.2030,0,0.31426,0.06667,0.33846,0.31278,0.05472,0.33775
3920.2327,0,0.31466,0.07216,0.33880,0.31335,0.05995,0.33806
3920.2700,0,0.31132,0.07753,0.33970,0.31274,0.06522,0.33855
3920.3063,0,0.30927,0.08296,0.34034,0.31170,0.07054,0.33909
3920.3360,0,0.30771,0.08844,0.34117,0.31050,0.07591,0.33971
3920.3662,0,0.30571,0.09410,0.34199,0.30907,0.08137,0.34040
3920.3992,0,0.30542,0.09960,0.34265,0.30797,0.08684,0.34107
3920.4311,0,0.30514,0.10543,0.34307,0.30712,0.09242,0.34167
3920.4670,0,0.30404,0.11113,0.34367,0.30620,0.09803,0.34227
3920.4995,0,0.30380,0.11705,0.34377,0.30548,0.10374,0.34272
3920.5326,0,0.30429,0.12296,0.34402,0.30512,0.10950,0.34311
3920.5678,0,0.30685,0.12895,0.34353,0.30564,0.11534,0.34323
3920.5982,0,0.30902,0.13389,0.34302,0.30665,0.12090,0.34317
3920.6309,0,0.30754,0.13910,0.34336,0.30692,0.12636,0.34323
3920.6668,0,0.30935,0.14435,0.34315,0.30765,0.13176,0.34320
3920.6998,0,0.30978,0.14958,0.34297,0.30829,0.13711,0.34313
3920.7362,0,0.31045,0.15433,0.34284,0.30894,0.14227,0.34304
3920.7661,0,0.30627,0.15948,0.34373,0.30814,0.14744,0.34325
3920.7989,0,0.30638,0.16453,0.34395,0.30761,0.15256,0.34346
3920.8377,0,0.30522,0.16955,0.34437,0.30689,0.15766,0.34373
3920.8679,0,0.30815,0.17450,0.34454,0.30727,0.16271,0.34398
3920.8990,0,0.30901,0.18044,0.34450,0.30779,0.16803,0.34413
3920.9345,0,0.30941,0.18481,0.34400,0.30828,0.17306,0.34410
3920.9670,0,0.30829,0.18941,0.34431,0.30828,0.17797,0.34416
3920.9993,0,0.30759,0.19493,0.34481,0.30807,0.18306,0.34435
3921.0348,0,0.30686,0.20054,0.34506,0.30771,0.18830,0.34457
3921.0704,0,0.30765,0.20499,0.34525,0.30769,0.19331,0.34477
3921.1070,0,0.30574,0.20942,0.34576,0.30710,0.19814,0.34507
3921.1391,0,0.30642,0.21521,0.34610,0.30690,0.20326,0.34538
3921.1706,0,0.30474,0.22183,0.34703,0.30625,0.20883,0.34587
3921.2034,0,0.30570,0.22848,0.34755,0.30609,0.21473,0.34638
3921.2378,0,0.30518,0.23567,0.34801,0.30582,0.22101,0.34687
3921.2728,0,0.30555,0.24202,0.34809,0.30574,0.22731,0.34723
3921.3044,0,0.31019,0.24914,0.34762,0.30707,0.23386,0.34735
3921.3398,0,0.30749,0.25624,0.34828,0.30720,0.24058,0.34763
3921.3699,0,0.30518,0.26495,0.34872,0.30659,0.24789,0.34796
3921.4030,0,0.30200,0.27291,0.34990,0.30521,0.25539,0.34854
3921.4324,0,0.30619,0.28061,0.34969,0.30551,0.26296,0.34888
3921.4672,0,0.30625,0.28814,0.34992,0.30573,0.27051,0.34920
3921.5045,0,0.30281,0.29570,0.35127,0.30485,0.27807,0.34982
3921.5345,0,0.30238,0.30100,0.35190,0.30411,0.28495,0.35044
3921.5664,0,0.30274,0.30641,0.35280,0.30370,0.29139,0.35115
3921.5998,0,0.30350,0.31070,0.35359,0.30364,0.29718,0.35188
3921.6367,0,0.30449,0.31440,0.35419,0.30390,0.30235,0.35257
3921.6716,0,0.30464,0.31821,0.35469,0.30412,0.30711,0.35321
3921.7059,0,0.30491,0.32128,0.35549,0.30436,0.31136,0.35390
3921.7386,0,0.30767,0.32494,0.35596,0.30535,0.31543,0.35452
3921.7702,0,0.30848,0.32780,0.35659,0.30629,0.31914,0.35514
3921.8044,0,0.30898,0.33155,0.35710,0.30710,0.32287,0.35573
3921.8380,0,0.30748,0.33384,0.35782,0.30721,0.32616,0.35636
3921.8711,0,0.30572,0.33544,0.35792,0.30676,0.32894,0.35682
3921.9071,0,0.30674,0.33586,0.35708,0.30676,0.33102,0.35690
3921.9392,0,0.30788,0.33477,0.35594,0.30709,0.33214,0.35661
3921.9710,0,0.31063,0.33117,0.35372,0.30815,0.33185,0.35575
3922.0034,0,0.31258,0.32582,0.35159,0.30948,0.33004,0.35450
3922.0362,0,0.31224,0.31674,0.34996,0.31031,0.32605,0.35314
3922.0670,0,0.30719,0.30701,0.34832,0.30937,0.32034,0.35169
3922.0994,0,0.30661,0.29398,0.34595,0.30854,0.31243,0.34997
3922.1314,0,0.30974,0.28017,0.34291,0.30890,0.30275,0.34785
3922.1681,0,0.30541,0.26741,0.34151,0.30786,0.29215,0.34595
3922.2013,0,0.30415,0.25556,0.33987,0.30674,0.28117,0.34413
3922.2315,0,0.30090,0.24411,0.33969,0.30499,0.27005,0.34279
3922.2663,0,0.30262,0.23204,0.33910,0.30428,0.25865,0.34169
3922.2993,0,0.30459,0.21928,0.33792,0.30437,0.24684,0.34056
3922.3322,0,0.30715,0.20682,0.33675,0.30521,0.23483,0.33942
3922.3663,0,0.30736,0.19369,0.33606,0.30585,0.22249,0.33841
3922.4001,0,0.30680,0.18259,0.33572,0.30614,0.21052,0.33760
3922.4317,0,0.30906,0.16986,0.33457,0.30701,0.19832,0.33669
3922.4680,0,0.30996,0.15800,0.33432,0.30790,0.18623,0.33598
3922.5015,0,0.30755,0.14784,0.33496,0.30779,0.17471,0.33567
3922.5318,0,0.30107,0.13592,0.33643,0.30577,0.16307,0.33590
3922.5689,0,0.30505,0.12426,0.33534,0.30556,0.15143,0.33573
3922.6022,0,0.30588,0.11270,0.33540,0.30565,0.13981,0.33563
3922.6344,0,0.30660,0.10194,0.33538,0.30594,0.12845,0.33556
3922.6689,0,0.30706,0.09311,0.33581,0.30627,0.11785,0.33563
3922.7003,0,0.30843,0.08091,0.33593,0.30692,0.10677,0.33572
3922.7329,0,0.30884,0.07085,0.33588,0.30750,0.09599,0.33577
3922.7666,0,0.30680,0.06051,0.33596,0.30729,0.08535,0.33583
3922.8108,0,0.30894,0.05250,0.33556,0.30778,0.07549,0.33575
3922.8452,0,0.30880,0.04537,0.33631,0.30809,0.06645,0.33592
3922.8771,0,0.30960,0.03689,0.33622,0.30854,0.05759,0.33601
3922.9069,0,0.30829,0.02806,0.33697,0.30847,0.04873,0.33630
3922.9371,0,0.30728,0.01968,0.33748,0.30811,0.04001,0.33665
3922.9683,0,0.30708,0.01349,0.33743,0.30780,0.03206,0.33688
3923.0063,0,0.30556,0.00646,0.33809,0.30713,0.02438,0.33725
3923.0378,0,0.30793,-0.00069,0.33762,0.30737,0.01686,0.33736
3923.0689,0,0.30850,-0.00783,0.33726,0.30771,0.00945,0.33733
3923.1032,0,0.30944,-0.01394,0.33719,0.30823,0.00243,0.33729
3923.1373,0,0.31151,-0.02089,0.33658,0.30921,-0.00456,0.33708
3923.1684,0,0.31182,-0.02751,0.33636,0.31000,-0.01145,0.33686
3923.2003,0,0.31135,-0.03419,0.33636,0.31040,-0.01827,0.33671
3923.2348,0,0.31111,-0.04119,0.33625,0.31061,-0.02514,0.33657
3923.2697,0,0.30724,-0.04849,0.33717,0.30960,-0.03215,0.33675
3923.3021,0,0.30891,-0.05516,0.33669,0.30939,-0.03905,0.33673
3923.3338,0,0.30641,-0.06217,0.33742,0.30850,-0.04599,0.33694
3923.3675,0,0.30601,-0.06786,0.33764,0.30775,-0.05255,0.33715
3923.4011,0,0.30559,-0.07411,0.33783,0.30710,-0.05902,0.33736
3923.4541,0,0.30610,-0.08105,0.33776,0.30680,-0.06563,0.33748
3923.5007,0,0.30755,-0.08674,0.33787,0.30703,-0.07196,0.33759
3923.5511,0,0.30824,-0.09236,0.33791,0.30739,-0.07808,0.33769
3923.5913,0,0.30951,-0.09901,0.33761,0.30803,-0.08436,0.33767
3923.6260,0,0.30825,-0.10548,0.33738,0.30809,-0.09070,0.33758
3923.6599,0,0.30615,-0.10957,0.33814,0.30751,-0.09636,0.33775
3923.6932,0,0.30670,-0.11475,0.33782,0.30727,-0.10188,0.33777
3923.7247,0,0.30888,-0.11921,0.33740,0.30775,-0.10708,0.33766
3923.7569,0,0.30680,-0.12346,0.33774,0.30747,-0.11199,0.33768
3923.7896,0,0.30747,-0.12847,0.33734,0.30747,-0.11694,0.33758
3923.8214,0,0.30794,-0.13356,0.33726,0.30761,-0.12192,0.33749
3923.8529,0,0.30619,-0.13753,0.33756,0.30718,-0.12661,0.33751
3923.8851,0,0.30760,-0.14154,0.33741,0.30731,-0.13109,0.33748
3923.9169,0,0.30669,-0.14605,0.33766,0.30712,-0.13558,0.33754
3923.9514,0,0.30622,-0.15025,0.33778,0.30685,-0.13998,0.33761
3923.9837,0,0.30637,-0.15433,0.33805,0.30671,-0.14428,0.33774
3924.0184,0,0.30516,-0.15779,0.33833,0.30624,-0.14834,0.33792
3924.0488,0,0.30594,-0.16202,0.33812,0.30615,-0.15244,0.33798
3924.0795,0,0.30488,-0.16601,0.33819,0.30577,-0.15651,0.33804
3924.1234,0,0.30471,-0.17064,0.33847,0.30545,-0.16075,0.33817
3924.1585,0,0.30244,-0.17423,0.33902,0.30455,-0.16479,0.33842
3924.1941,0,0.30535,-0.17872,0.33880,0.30479,-0.16897,0.33854
3924.2250,0,0.30732,-0.18238,0.33840,0.30555,-0.17299,0.33850
3924.2564,0,0.30524,-0.18609,0.33869,0.30546,-0.17692,0.33855
3924.2910,0,0.30363,-0.18881,0.33908,0.30491,-0.18049,0.33871
3924.3240,0,0.30441,-0.19237,0.33908,0.30476,-0.18405,0.33882
3924.3558,0,0.30469,-0.19574,0.33906,0.30474,-0.18756,0.33889
3924.3881,0,0.30528,-0.19922,0.33912,0.30490,-0.19106,0.33896
3924.4256,0,0.30411,-0.20281,0.33982,0.30466,-0.19458,0.33922
3924.4556,0,0.30433,-0.20631,0.33992,0.30456,-0.19810,0.33943
3924.4929,0,0.30482,-0.20943,0.34008,0.30464,-0.20150,0.33962
3924.5252,0,0.30422,-0.21199,0.34071,0.30452,-0.20465,0.33995
3924.5567,0,0.30252,-0.21592,0.34142,0.30392,-0.20803,0.34039
3924.5873,0,0.30375,-0.21890,0.34215,0.30386,-0.21129,0.34092
3924.6199,0,0.30392,-0.22306,0.34287,0.30388,-0.21482,0.34151
3924.6540,0,0.30453,-0.22646,0.34327,0.30408,-0.21831,0.34203
3924.7071,0,0.30373,-0.23135,0.34367,0.30397,-0.22223,0.34253
3924.7374,0,0.30458,-0.23413,0.34376,0.30415,-0.22580,0.34289
3924.7689,0,0.30354,-0.23738,0.34398,0.30397,-0.22927,0.34322
3924.8002,0,0.30462,-0.24043,0.34409,0.30416,-0.23262,0.34348
3924.8312,0,0.30567,-0.24326,0.34387,0.30462,-0.23581,0.34360
3924.8616,0,0.30625,-0.24526,0.34400,0.30511,-0.23865,0.34372
3924.8923,0,0.30827,-0.24820,0.34414,0.30606,-0.24151,0.34385
3924.9233,0,0.30947,-0.25065,0.34430,0.30708,-0.24425,0.34398
3924.9543,0,0.30799,-0.25267,0.34484,0.30735,-0.24678,0.34424
3924.9861,0,0.30766,-0.25533,0.34523,0.30745,-0.24935,0.34453
3925.0198,0,0.30814,-0.25861,0.34537,0.30765,-0.25213,0.34479
3925.0524,0,0.30926,-0.26055,0.34542,0.30813,-0.25465,0.34498
3925.0840,0,0.31016,-0.26273,0.34539,0.30874,-0.25707,0.34510
3925.1180,0,0.31092,-0.26462,0.34538,0.30940,-0.25934,0.34519
3925.1563,0,0.30988,-0.26721,0.34516,0.30954,-0.26170,0.34518
3925.1916,0,0.31021,-0.26995,0.34477,0.30974,-0.26418,0.34505
3925.2227,0,0.30962,-0.27241,0.34466,0.30971,-0.26665,0.34494
3925.2534,0,0.31113,-0.27447,0.34483,0.31013,-0.26899,0.34491
3925.2920,0,0.31035,-0.27549,0.34531,0.31020,-0.27094,0.34503
3925.3267,0,0.30667,-0.27747,0.34656,0.30914,-0.27290,0.34549
3925.3606,0,0.30815,-0.27836,0.34722,0.30884,-0.27454,0.34601
3925.3931,0,0.30901,-0.28027,0.34753,0.30889,-0.27626,0.34646
3925.4247,0,0.30834,-0.28109,0.34785,0.30873,-0.27771,0.34688
3925.4555,0,0.30893,-0.28312,0.34800,0.30879,-0.27933,0.34722
3925.4899,0,0.30915,-0.28472,0.34799,0.30890,-0.28095,0.34745
3925.5219,0,0.31054,-0.28701,0.34766,0.30939,-0.28277,0.34751
3925.5542,0,0.31040,-0.28819,0.34765,0.30969,-0.28439,0.34755
3925.5872,0,0.30915,-0.28869,0.34785,0.30953,-0.28568,0.34764
3925.6228,0,0.30800,-0.28968,0.34815,0.30907,-0.28688,0.34779
3925.6539,0,0.30791,-0.29041,0.34831,0.30872,-0.28794,0.34795
3925.7098,0,0.30832,-0.29093,0.34794,0.30860,-0.28884,0.34795
3925.7408,0,0.30774,-0.29239,0.34782,0.30834,-0.28990,0.34791
3925.7712,0,0.30761,-0.29228,0.34751,0.30812,-0.29062,0.34779
3925.8042,0,0.30770,-0.29166,0.34683,0.30800,-0.29093,0.34750
3925.8387,0,0.30706,-0.29107,0.34640,0.30772,-0.29097,0.34717
3925.8704,0,0.30782,-0.28799,0.34592,0.30775,-0.29008,0.34680
3925.9035,0,0.30851,-0.28443,0.34519,0.30798,-0.28838,0.34632
3925.9344,0,0.30726,-0.28017,0.34480,0.30776,-0.28592,0.34586
3925.9659,0,0.30572,-0.27372,0.34480,0.30715,-0.28226,0.34554
3925.9962,0,0.30665,-0.26687,0.34392,0.30700,-0.27764,0.34506
3926.0282,0,0.30694,-0.25711,0.34306,0.30698,-0.27149,0.34446
3926.0607,0,0.30764,-0.24516,0.34230,0.30718,-0.26359,0.34381
3926.0964,0,0.30709,-0.23659,0.34107,0.30715,-0.25549,0.34299
3926.1271,0,0.30470,-0.22510,0.34098,0.30642,-0.24637,0.34239
3926.1574,0,0.30616,-0.21187,0.33979,0.30634,-0.23602,0.34161
3926.1879,0,0.30946,-0.19976,0.33819,0.30728,-0.22514,0.34058
3926.2225,0,0.31137,-0.18951,0.33692,0.30850,-0.21445,0.33948
3926.2519,0,0.30932,-0.17759,0.33708,0.30875,-0.20339,0.33876
3926.2845,0,0.30623,-0.16509,0.33729,0.30799,-0.19190,0.33832
3926.3175,0,0.30731,-0.15155,0.33701,0.30779,-0.17980,0.33793
3926.3504,0,0.31026,-0.13825,0.33648,0.30853,-0.16733,0.33749
3926.3851,0,0.30759,-0.12610,0.33706,0.30825,-0.15496,0.33736
3926.4163,0,0.30765,-0.11551,0.33713,0.30807,-0.14313,0.33729
3926.4486,0,0.30915,-0.10344,0.33683,0.30839,-0.13122,0.33716
3926.4801,0,0.30686,-0.09474,0.33689,0.30793,-0.12028,0.33708
3926.5120,0,0.30415,-0.08483,0.33703,0.30680,-0.10964,0.33706
3926.5430,0,0.30231,-0.07400,0.33764,0.30545,-0.09895,0.33724
3926.5751,0,0.30208,-0.06508,0.33735,0.30444,-0.08879,0.33727
3926.6058,0,0.30429,-0.05492,0.33726,0.30440,-0.07863,0.33727
3926.6367,0,0.30407,-0.04557,0.33759,0.30430,-0.06871,0.33736
3926.6888,0,0.30479,-0.03480,0.33895,0.30445,-0.05854,0.33784
3926.7209,0,0.30568,-0.02605,0.33944,0.30482,-0.04879,0.33832
3926.7525,0,0.30709,-0.01738,0.34017,0.30550,-0.03937,0.33888
3926.7843,0,0.30430,-0.01045,0.34138,0.30514,-0.03069,0.33963
3926.8178,0,0.30301,-0.00259,0.34221,0.30450,-0.02226,0.34040
3926.8509,0,0.30249,0.00578,0.34331,0.30390,-0.01385,0.34128
3926.8852,0,0.30241,0.01313,0.34402,0.30345,-0.00576,0.34210
3926.9178,0,0.30167,0.02018,0.34463,0.30292,0.00202,0.34286
3926.9521,0,0.29939,0.02683,0.34531,0.30186,0.00947,0.34359
3926.9845,0,0.30044,0.03372,0.34543,0.30143,0.01674,0.34414
3927.0253,0,0.30318,0.04067,0.34480,0.30196,0.02392,0.34434
3927.0563,0,0.30670,0.04709,0.34446,0.30338,0.03087,0.34438
3927.0877,0,0.31045,0.05366,0.34416,0.30550,0.03771,0.34431
3927.1177,0,0.30919,0.06036,0.34469,0.30661,0.04450,0.34442
3927.1597,0,0.31026,0.06695,0.34463,0.30770,0.05124,0.34449
3927.1898,0,0.31016,0.07384,0.34495,0.30844,0.05802,0.34463
3927.2269,0,0.30846,0.08101,0.34575,0.30845,0.06492,0.34496
3927.2592,0,0.31098,0.08755,0.34588,0.30921,0.07171,0.34524
3927.2895,0,0.31169,0.09323,0.34594,0.30995,0.07816,0.34545
3927.3195,0,0.31059,0.09813,0.34655,0.31014,0.08415,0.34578
3927.3517,0,0.30940,0.10458,0.34749,0.30992,0.09028,0.34629
3927.3835,0,0.30944,0.11002,0.34772,0.30978,0.09620,0.34672
3927.4149,0,0.30998,0.11533,0.34803,0.30984,0.10194,0.34711
3927.4466,0,0.30795,0.12073,0.34874,0.30927,0.10758,0.34760
3927.4869,0,0.30967,0.12726,0.34887,0.30939,0.11348,0.34798
3927.5182,0,0.30872,0.13232,0.34916,0.30919,0.11913,0.34834
3927.5504,0,0.30813,0.13593,0.34942,0.30887,0.12417,0.34866
3927.5811,0,0.30981,0.14053,0.34965,0.30915,0.12908,0.34896
3927.6122,0,0.31245,0.14403,0.34935,0.31014,0.13356,0.34908
3927.6432,0,0.31119,0.14800,0.34958,0.31045,0.13790,0.34923
3927.6764,0,0.31136,0.15143,0.34969,0.31073,0.14196,0.34937
3927.7065,0,0.31044,0.15608,0.35044,0.31064,0.14619,0.34969
3927.7365,0,0.31207,0.16021,0.35065,0.31107,0.15040,0.34998
3927.7670,0,0.30941,0.16515,0.35187,0.31057,0.15482,0.35054
3927.8008,0,0.31207,0.16992,0.35168,0.31102,0.15935,0.35089
3927.8335,0,0.31618,0.17457,0.35095,0.31257,0.16392,0.35090
3927.8638,0,0.31713,0.17841,0.35064,0.31394,0.16826,0.35083
3927.8960,0,0.31523,0.18223,0.35111,0.31432,0.17245,0.35091
3927.9268,0,0.31485,0.18544,0.35132,0.31448,0.17635,0.35103
3927.9587,0,0.31672,0.18961,0.35137,0.31515,0.18033,0.35114
3927.9884,0,0.31741,0.19334,0.35140,0.31583,0.18423,0.35121
3928.0247,0,0.31633,0.19683,0.35172,0.31598,0.18801,0.35136
3928.0580,0,0.31369,0.20081,0.35203,0.31529,0.19185,0.35156
3928.0886,0,0.31475,0.20268,0.35178,0.31513,0.19510,0.35163
3928.1217,0,0.31364,0.20681,0.35224,0.31468,0.19861,0.35181
3928.1539,0,0.31391,0.21026,0.35214,0.31445,0.20211,0.35191
3928.1957,0,0.31394,0.21349,0.35240,0.31430,0.20552,0.35206
3928.2262,0,0.31401,0.21762,0.35260,0.31421,0.20915,0.35222
3928.2581,0,0.31355,0.22120,0.35270,0.31401,0.21277,0.35237
3928.2887,0,0.31640,0.22432,0.35218,0.31473,0.21623,0.35231
3928.3217,0,0.31416,0.22725,0.35255,0.31456,0.21954,0.35238
3928.3555,0,0.31503,0.23116,0.35238,0.31470,0.22302,0.35238
3928.3889,0,0.31448,0.23428,0.35258,0.31463,0.22640,0.35244
3928.4219,0,0.31798,0.23720,0.35190,0.31564,0.22964,0.35228
3928.4542,0,0.31743,0.23962,0.35228,0.31618,0.23263,0.35228
3928.4885,0,0.31835,0.24249,0.35232,0.31683,0.23559,0.35229
3928.5201,0,0.31798,0.24508,0.35242,0.31717,0.23844,0.35233
3928.5513,0,0.31727,0.24702,0.35295,0.31720,0.24101,0.35252
3928.5898,0,0.31965,0.24987,0.35296,0.31794,0.24367,0.35265
3928.6249,0,0.31956,0.25211,0.35323,0.31842,0.24620,0.35282
3928.6767,0,0.31944,0.25588,0.35419,0.31873,0.24910,0.35323
3928.7085,0,0.31878,0.25916,0.35450,0.31874,0.25212,0.35361
3928.7441,0,0.31890,0.26208,0.35457,0.31879,0.25511,0.35390
3928.7780,0,0.32015,0.26572,0.35487,0.31920,0.25829,0.35419
3928.8121,0,0.31902,0.26839,0.35562,0.31915,0.26132,0.35462
3928.8447,0,0.31888,0.27280,0.35640,0.31907,0.26476,0.35515
3928.8825,0,0.31729,0.27705,0.35721,0.31853,0.26845,0.35577
3928.9132,0,0.31948,0.28271,0.35755,0.31882,0.27273,0.35630
3928.9442,0,0.32116,0.28677,0.35743,0.31952,0.27694,0.35664
3928.9756,0,0.32493,0.28973,0.35698,0.32114,0.28078,0.35674
3929.0096,0,0.32547,0.29235,0.35718,0.32244,0.28425,0.35688
3929.0422,0,0.32475,0.29467,0.35699,0.32313,0.28737,0.35691
3929.0757,0,0.32320,0.29691,0.35752,0.32315,0.29023,0.35709
3929.1082,0,0.31968,0.29856,0.35831,0.32211,0.29273,0.35746
3929.1384,0,0.32035,0.29937,0.35861,0.32158,0.29472,0.35780
3929.1693,0,0.32121,0.30065,0.35888,0.32147,0.29650,0.35812
3929.2005,0,0.32098,0.30080,0.35941,0.32132,0.29779,0.35851
3929.2335,0,0.32003,0.30208,0.35997,0.32094,0.29908,0.35895
3929.2644,0,0.32166,0.30201,0.35965,0.32115,0.29996,0.35916
3929.2971,0,0.32057,0.30159,0.35962,0.32098,0.30045,0.35930
3929.3291,0,0.32216,0.30075,0.35874,0.32133,0.30054,0.35913
3929.3605,0,0.32226,0.29967,0.35832,0.32161,0.30028,0.35889
3929.3935,0,0.32070,0.29818,0.35793,0.32134,0.29965,0.35860
3929.4255,0,0.32085,0.29714,0.35723,0.32119,0.29890,0.35819
3929.4574,0,0.32064,0.29515,0.35626,0.32103,0.29777,0.35761
3929.4884,0,0.32140,0.29372,0.35534,0.32114,0.29656,0.35693
3929.5214,0,0.32069,0.29143,0.35467,0.32100,0.29502,0.35625
3929.5534,0,0.32148,0.29011,0.35343,0.32115,0.29354,0.35541
3929.5872,0,0.32045,0.28927,0.35263,0.32094,0.29226,0.35457
3929.6247,0,0.32131,0.28765,0.35108,0.32105,0.29088,0.35352
3929.6742,0,0.32069,0.28688,0.34955,0.32094,0.28968,0.35233
3929.7057,0,0.31645,0.28611,0.34866,0.31959,0.28861,0.35123
3929.7437,0,0.31769,0.28443,0.34636,0.31902,0.28735,0.34977
3929.7790,0,0.31925,0.28394,0.34361,0.31909,0.28633,0.34792
3929.8086,0,0.31832,0.28301,0.34111,0.31886,0.28533,0.34588
3929.8455,0,0.31753,0.28246,0.33888,0.31846,0.28447,0.34378
3929.8831,0,0.31625,0.28172,0.33696,0.31780,0.28364,0.34173
3929.9255,0,0.31632,0.28166,0.33481,0.31735,0.28305,0.33966
3929.9566,0,0.31354,0.27990,0.33294,0.31621,0.28211,0.33764
3929.9884,0,0.30934,0.27814,0.33140,0.31415,0.28091,0.33577
3930.0187,0,0.30759,0.27694,0.32997,0.31218,0.27972,0.33403
3930.0502,0,0.30731,0.27422,0.32806,0.31072,0.27807,0.33224
3930.0798,0,0.30808,0.27217,0.32630,0.30993,0.27630,0.33046
3930.1160,0,0.30754,0.26934,0.32479,0.30921,0.27421,0.32876
3930.1463,0,0.30597,0.26761,0.32394,0.30824,0.27223,0.32731
3930.1775,0,0.30402,0.26598,0.32258,0.30697,0.27036,0.32589
3930.2077,0,0.30485,0.26480,0.32050,0.30634,0.26869,0.32427
3930.2385,0,0.30304,0.26331,0.31884,0.30535,0.26708,0.32264
3930.2734,0,0.30365,0.26169,0.31653,0.30484,0.26546,0.32081
3930.3034,0,0.30464,0.26030,0.31369,0.30478,0.26391,0.31868
3930.3345,0,0.30410,0.26002,0.31130,0.30457,0.26275,0.31646
3930.3684,0,0.30292,0.26008,0.30882,0.30408,0.26195,0.31417
3930.3998,0,0.30225,0.25961,0.30619,0.30353,0.26124,0.31178
3930.4391,0,0.30107,0.25920,0.30368,0.30279,0.26063,0.30935
3930.4705,0,0.30200,0.25875,0.30087,0.30256,0.26007,0.30680
3930.5054,0,0.30013,0.25853,0.29879,0.30183,0.25961,0.30440
3930.5401,0,0.29994,0.25746,0.29659,0.30126,0.25896,0.30206
3930.5708,0,0.29904,0.25719,0.29456,0.30059,0.25843,0.29981
3930.6035,0,0.29887,0.25617,0.29212,0.30008,0.25775,0.29750
3930.6374,0,0.30017,0.25540,0.28948,0.30011,0.25705,0.29509
3930.6900,0,0.29946,0.25492,0.28682,0.29991,0.25641,0.29261
3930.7199,0,0.29970,0.25380,0.28403,0.29985,0.25563,0.29004
3930.7513,0,0.29698,0.25309,0.28172,0.29899,0.25487,0.28754
3930.7860,0,0.29657,0.25292,0.27921,0.29826,0.25428,0.28504
3930.8186,0,0.29577,0.25221,0.27676,0.29751,0.25366,0.28256
3930.8514,0,0.29373,0.25257,0.27466,0.29638,0.25333,0.28019
3930.8908,0,0.29432,0.25208,0.27201,0.29576,0.25296,0.27774
3930.9245,0,0.29441,0.25255,0.26972,0.29536,0.25284,0.27533
3930.9562,0,0.29373,0.25216,0.26757,0.29487,0.25263,0.27300
3930.9875,0,0.29337,0.25174,0.26520,0.29442,0.25237,0.27066
3931.0219,0,0.29131,0.25123,0.26309,0.29349,0.25202,0.26839
3931.0572,0,0.29016,0.25087,0.26092,0.29249,0.25168,0.26615
3931.0904,0,0.29030,0.25054,0.25828,0.29183,0.25134,0.26379
3931.1218,0,0.28967,0.25054,0.25539,0.29118,0.25110,0.26127
3931.1539,0,0.29066,0.24990,0.25241,0.29103,0.25074,0.25861
3931.1876,0,0.29157,0.24966,0.24949,0.29119,0.25041,0.25588
3931.2198,0,0.28916,0.24959,0.24730,0.29058,0.25017,0.25330
3931.2515,0,0.28973,0.24949,0.24422,0.29033,0.24996,0.25058
3931.2814,0,0.28909,0.24800,0.24144,0.28996,0.24938,0.24784
3931.3124,0,0.29060,0.24955,0.23846,0.29015,0.24943,0.24502
3931.3459,0,0.28989,0.24922,0.23590,0.29007,0.24937,0.24229
3931.3766,0,0.28737,0.24808,0.23410,0.28926,0.24898,0.23983
3931.4103,0,0.28578,0.24815,0.23248,0.28822,0.24873,0.23763
3931.4441,0,0.28484,0.24727,0.23043,0.28720,0.24829,0.23547
3931.4743,0,0.28379,0.24636,0.22823,0.28618,0.24771,0.23329
3931.5045,0,0.28198,0.24437,0.22633,0.28492,0.24671,0.23121
3931.5373,0,0.28143,0.24380,0.22390,0.28387,0.24584,0.22901
3931.5709,0,0.27911,0.24421,0.22175,0.28244,0.24535,0.22683
3931.6055,0,0.27691,0.24481,0.22012,0.28078,0.24519,0.22482
3931.6386,0,0.27617,0.24538,0.21774,0.27940,0.24524,0.22270
3931.6877,0,0.27828,0.24650,0.21485,0.27906,0.24562,0.22034
3931.7208,0,0.27802,0.24702,0.21193,0.27875,0.24604,0.21782
3931.7516,0,0.27753,0.24759,0.20928,0.27838,0.24650,0.21526
3931.7849,0,0.27488,0.24852,0.20649,0.27733,0.24711,0.21263
3931.8186,0,0.27305,0.24957,0.20401,0.27605,0.24785,0.21004
3931.8482,0,0.27444,0.25087,0.20100,0.27556,0.24876,0.20733
3931.8803,0,0.27451,0.25155,0.19822,0.27525,0.24959,0.20460
3931.9158,0,0.27377,0.25272,0.19563,0.27480,0.25053,0.20191
3931.9470,0,0.27262,0.25302,0.19313,0.27415,0.25128,0.19927
3931.9796,0,0.27230,0.25381,0.19062,0.27359,0.25204,0.19668
3932.0107,0,0.27125,0.25432,0.18876,0.27289,0.25272,0.19430
3932.0418,0,0.27090,0.25517,0.18647,0.27229,0.25346,0.19195
3932.0792,0,0.27005,0.25539,0.18480,0.27162,0.25404,0.18981
3932.1093,0,0.26946,0.25605,0.18266,0.27097,0.25464,0.18766
3932.1389,0,0.26800,0.25581,0.18067,0.27008,0.25499,0.18556
3932.1766,0,0.26841,0.25637,0.17804,0.26958,0.25540,0.18331
3932.2068,0,0.26621,0.25597,0.17588,0.26857,0.25557,0.18108
3932.2384,0,0.26727,0.25567,0.17344,0.26818,0.25560,0.17879
3932.2707,0,0.26469,0.25571,0.17166,0.26713,0.25563,0.17665
3932.3058,0,0.26422,0.25603,0.16963,0.26626,0.25575,0.17454
3932.3369,0,0.26438,0.25632,0.16737,0.26569,0.25592,0.17239
3932.3674,0,0.26497,0.25618,0.16521,0.26548,0.25600,0.17024
3932.3988,0,0.26586,0.25612,0.16273,0.26559,0.25604,0.16799
3932.4289,0,0.26481,0.25654,0.16032,0.26536,0.25619,0.16569
3932.4588,0,0.26510,0.25659,0.15758,0.26528,0.25631,0.16326
3932.4882,0,0.26491,0.25637,0.15493,0.26517,0.25633,0.16076
3932.5212,0,0.26502,0.25676,0.15234,0.26512,0.25646,0.15823
3932.5565,0,0.26134,0.25710,0.15087,0.26399,0.25665,0.15602
3932.5890,0,0.26002,0.25852,0.14925,0.26280,0.25721,0.15399
3932.6204,0,0.25603,0.25926,0.14871,0.26077,0.25782,0.15241
3932.6744,0,0.25508,0.25994,0.14749,0.25906,0.25846,0.15093
3932.7040,0,0.25429,0.26102,0.14652,0.25763,0.25923,0.14961
3932.7383,0,0.25288,0.26119,0.14576,0.25621,0.25982,0.14845
3932.7711,0,0.25310,0.26235,0.14467,0.25528,0.26058,0.14732
3932.8067,0,0.25609,0.26132,0.14302,0.25552,0.26080,0.14603
3932.8374,0,0.25538,0.26045,0.14126,0.25548,0.26069,0.14460
3932.8740,0,0.25225,0.26098,0.14023,0.25451,0.26078,0.14329
3932.9042,0,0.24956,0.26240,0.13890,0.25302,0.26127,0.14197
3932.9371,0,0.24780,0.26238,0.13749,0.25146,0.26160,0.14063
3932.9682,0,0.24372,0.26302,0.13652,0.24913,0.26203,0.13939
3932.9999,0,0.24181,0.26303,0.13574,0.24694,0.26233,0.13830
3933.0310,0,0.24180,0.26334,0.13476,0.24539,0.26263,0.13724
3933.0606,0,0.24209,0.26367,0.13384,0.24440,0.26295,0.13622
3933.0914,0,0.24087,0.26358,0.13386,0.24334,0.26314,0.13551
3933.1231,0,0.24026,0.26317,0.13364,0.24242,0.26315,0.13495
3933.1553,0,0.24030,0.26416,0.13334,0.24178,0.26345,0.13447
3933.1890,0,0.24000,0.26428,0.13309,0.24125,0.26370,0.13405
3933.2217,0,0.24126,0.26383,0.13266,0.24125,0.26374,0.13364
3933.2531,0,0.24082,0.26342,0.13253,0.24112,0.26364,0.13330
3933.2840,0,0.24135,0.26300,0.13253,0.24119,0.26345,0.13307
3933.3154,0,0.23954,0.26328,0.13294,0.24069,0.26340,0.13303
3933.3470,0,0.24052,0.26429,0.13279,0.24064,0.26367,0.13296
3933.3767,0,0.24000,0.26394,0.13311,0.24045,0.26375,0.13300
3933.4069,0,0.23979,0.26439,0.13311,0.24025,0.26394,0.13304
3933.4371,0,0.23964,0.26422,0.13304,0.24007,0.26402,0.13304
3933.4678,0,0.24057,0.26418,0.13307,0.24022,0.26407,0.13305
3933.4998,0,0.24147,0.26285,0.13325,0.24060,0.26371,0.13311
3933.5356,0,0.23965,0.26284,0.13411,0.24031,0.26345,0.13341
3933.5662,0,0.24044,0.26277,0.13502,0.24035,0.26324,0.13389
3933.5979,0,0.23891,0.26248,0.13720,0.23992,0.26301,0.13489
3933.6349,0,0.23754,0.26291,0.13970,0.23920,0.26298,0.13633
3933.6655,0,0.24218,0.26211,0.14190,0.24010,0.26272,0.13800
3933.6995,0,0.24672,0.26047,0.14434,0.24208,0.26204,0.13990
3933.7319,0,0.24928,0.25904,0.14751,0.24424,0.26114,0.14219
3933.7646,0,0.25258,0.25894,0.15056,0.24674,0.26048,0.14470
3933.7977,0,0.25776,0.25825,0.15362,0.25005,0.25981,0.14737
3933.8309,0,0.26168,0.25741,0.15653,0.25354,0.25909,0.15012
3933.8686,0,0.26152,0.25724,0.16068,0.25593,0.25854,0.15329
3933.9040,0,0.26280,0.25779,0.16446,0.25799,0.25831,0.15664
3933.9386,0,0.26682,0.25730,0.16803,0.26064,0.25801,0.16006
3933.9718,0,0.26655,0.25742,0.17264,0.26241,0.25783,0.16383
3934.0034,0,0.26807,0.25791,0.17690,0.26411,0.25786,0.16775
3934.0399,0,0.26871,0.25733,0.18133,0.26549,0.25770,0.17183
3934.0709,0,0.27134,0.25653,0.18511,0.26725,0.25735,0.17581
3934.1013,0,0.27317,0.25551,0.18900,0.26902,0.25680,0.17977
3934.1341,0,0.27631,0.25645,0.19288,0.27121,0.25669,0.18370
3934.1677,0,0.27582,0.25692,0.19678,0.27259,0.25676,0.18762
3934.2071,0,0.27675,0.25657,0.20053,0.27384,0.25670,0.19150
3934.2380,0,0.27672,0.25582,0.20393,0.27470,0.25644,0.19523
3934.2711,0,0.27651,0.25547,0.20758,0.27525,0.25615,0.19893
3934.3055,0,0.27965,0.25555,0.21055,0.27657,0.25597,0.20242
3934.3390,0,0.28085,0.25507,0.21371,0.27785,0.25570,0.20581
3934.3682,0,0.28171,0.25465,0.21701,0.27901,0.25538,0.20917
3934.4014,0,0.28275,0.25451,0.22036,0.28013,0.25512,0.21253
3934.4355,0,0.28278,0.25400,0.22341,0.28092,0.25479,0.21579
3934.4744,0,0.28333,0.25352,0.22668,0.28165,0.25441,0.21906
3934.5052,0,0.28340,0.25349,0.22968,0.28217,0.25413,0.22224
3934.5406,0,0.28565,0.25365,0.23196,0.28322,0.25398,0.22516
3934.5714,0,0.28628,0.25392,0.23469,0.28414,0.25397,0.22802
3934.6021,0,0.28563,0.25331,0.23735,0.28458,0.25377,0.23082
3934.6334,0,0.28694,0.25342,0.23993,0.28529,0.25366,0.23355
3934.6673,0,0.28770,0.25310,0.24224,0.28601,0.25349,0.23616
3934.7061,0,0.28673,0.25367,0.24486,0.28623,0.25355,0.23877
3934.7388,0,0.28640,0.25383,0.24693,0.28628,0.25363,0.24121
3934.7711,0,0.28617,0.25442,0.24903,0.28625,0.25387,0.24356
3934.8056,0,0.28687,0.25512,0.25125,0.28643,0.25424,0.24586
3934.8388,0,0.28761,0.25441,0.25333,0.28679,0.25429,0.24811
3934.8717,0,0.28654,0.25446,0.25605,0.28671,0.25434,0.25049
3934.9096,0,0.28738,0.25372,0.25855,0.28691,0.25416,0.25291
3934.9420,0,0.28763,0.25412,0.26135,0.28713,0.25415,0.25544
3934.9843,0,0.28817,0.25432,0.26398,0.28744,0.25420,0.25800
3935.0164,0,0.28804,0.25386,0.26634,0.28762,0.25410,0.26050
3935.0482,0,0.29164,0.25402,0.26831,0.28883,0.25407,0.26285
3935.0793,0,0.29206,0.25353,0.27065,0.28980,0.25391,0.26519
3935.1092,0,0.29178,0.25371,0.27328,0.29039,0.25385,0.26761
3935.1415,0,0.29209,0.25385,0.27556,0.29090,0.25385,0.27000
3935.1722,0,0.29170,0.25500,0.27840,0.29114,0.25419,0.27252
3935.2030,0,0.29244,0.25465,0.28047,0.29153,0.25433,0.27490
3935.2348,0,0.29451,0.25426,0.28241,0.29243,0.25431,0.27716
3935.2652,0,0.29708,0.25406,0.28424,0.29382,0.25424,0.27928
3935.2969,0,0.29538,0.25309,0.28659,0.29429,0.25389,0.28148
3935.3357,0,0.29617,0.25317,0.28903,0.29485,0.25368,0.28374
3935.3671,0,0.29535,0.25187,0.29148,0.29500,0.25313,0.28606
3935.3989,0,0.29603,0.25146,0.29398,0.29531,0.25263,0.28844
3935.4314,0,0.29788,0.25072,0.29580,0.29608,0.25206,0.29064
3935.4639,0,0.29897,0.24955,0.29752,0.29695,0.25130,0.29271
3935.5025,0,0.29667,0.24951,0.30005,0.29686,0.25077,0.29491
3935.5340,0,0.29654,0.24968,0.30224,0.29677,0.25044,0.29711
3935.5647,0,0.29780,0.24927,0.30405,0.29708,0.25009,0.29919
3935.5956,0,0.29953,0.24918,0.30555,0.29781,0.24982,0.30110
3935.6286,0,0.29731,0.25018,0.30816,0.29766,0.24992,0.30322
3935.6634,0,0.30038,0.25027,0.30983,0.29848,0.25003,0.30520
3935.6951,0,0.30285,0.25023,0.31146,0.29979,0.25009,0.30708
3935.7269,0,0.30358,0.24984,0.31347,0.30093,0.25001,0.30900
3935.7637,0,0.30481,0.25082,0.31521,0.30209,0.25026,0.31086
3935.7962,0,0.30079,0.25108,0.31818,0.30170,0.25050,0.31306
3935.8291,0,0.30082,0.25147,0.32024,0.30144,0.25079,0.31521
3935.8642,0,0.30345,0.25152,0.32190,0.30204,0.25101,0.31722
3935.8947,0,0.30302,0.25192,0.32423,0.30233,0.25128,0.31932
3935.9281,0,0.30268,0.25218,0.32633,0.30244,0.25155,0.32142
3935.9696,0,0.30398,0.25227,0.32803,0.30290,0.25177,0.32340
3935.9990,0,0.30392,0.25329,0.33010,0.30321,0.25222,0.32541
3936.0315,0,0.30267,0.25329,0.33229,0.30305,0.25254,0.32748
3936.0638,0,0.30285,0.25337,0.33425,0.30299,0.25279,0.32951
3936.0964,0,0.30464,0.25405,0.33593,0.30348,0.25317,0.33144
3936.1359,0,0.30338,0.25453,0.33813,0.30345,0.25358,0.33344
3936.1672,0,0.30458,0.25484,0.34025,0.30379,0.25396,0.33549
3936.2012,0,0.30340,0.25490,0.34259,0.30367,0.25424,0.33762
3936.2317,0,0.30562,0.25558,0.34436,0.30426,0.25464,0.33964
3936.2652,0,0.30783,0.25658,0.34627,0.30533,0.25522,0.34163
3936.3006,0,0.30870,0.25774,0.34836,0.30634,0.25598,0.34365
3936.3321,0,0.30954,0.25727,0.35025,0.30730,0.25637,0.34563
3936.3650,0,0.31130,0.25734,0.35169,0.30850,0.25666,0.34745
3936.3948,0,0.31088,0.25727,0.35351,0.30921,0.25684,0.34927
3936.4292,0,0.30914,0.25644,0.35519,0.30919,0.25672,0.35104
3936.4634,0,0.30788,0.25589,0.35639,0.30880,0.25647,0.35265
3936.5024,0,0.30697,0.25496,0.35698,0.30825,0.25602,0.35395
3936.5338,0,0.30865,0.25474,0.35681,0.30837,0.25563,0.35481
3936.5658,0,0.30922,0.25395,0.35644,0.30863,0.25513,0.35530
3936.5963,0,0.30912,0.25414,0.35674,0.30877,0.25483,0.35573
3936.6275,0,0.31061,0.25402,0.35641,0.30932,0.25459,0.35594
3936.6685,0,0.30763,0.25359,0.35730,0.30881,0.25429,0.35634
3936.6991,0,0.31030,0.25380,0.35744,0.30926,0.25414,0.35667
3936.7306,0,0.30848,0.25374,0.35802,0.30903,0.25402,0.35708
3936.7635,0,0.30894,0.25402,0.35841,0.30900,0.25402,0.35748
3936.7971,0,0.30904,0.25385,0.35830,0.30901,0.25397,0.35772
3936.8293,0,0.30886,0.25399,0.35852,0.30897,0.25398,0.35796
3936.8630,0,0.31006,0.25389,0.35828,0.30929,0.25395,0.35806
3936.8992,0,0.31059,0.25341,0.35772,0.30968,0.25379,0.35796
3936.9296,0,0.30850,0.25288,0.35782,0.30933,0.25352,0.35792
3936.9635,0,0.30917,0.25274,0.35680,0.30928,0.25328,0.35758
3936.9966,0,0.30973,0.25290,0.35589,0.30942,0.25317,0.35707
3937.0285,0,0.31016,0.25237,0.35489,0.30964,0.25293,0.35642
3937.0630,0,0.31021,0.25292,0.35381,0.30981,0.25293,0.35564
3937.0962,0,0.30983,0.25305,0.35261,0.30982,0.25296,0.35473
3937.1277,0,0.31053,0.25337,0.35134,0.31003,0.25309,0.35371
3937.1623,0,0.31053,0.25373,0.35049,0.31018,0.25328,0.35274
3937.2009,0,0.31112,0.25418,0.34964,0.31046,0.25355,0.35181
3937.2309,0,0.31131,0.25423,0.34918,0.31072,0.25375,0.35102
3937.2634,0,0.31163,0.25429,0.34883,0.31099,0.25392,0.35036
3937.2960,0,0.31239,0.25364,0.34833,0.31141,0.25383,0.34975
3937.3339,0,0.31320,0.25339,0.34800,0.31195,0.25370,0.34923
3937.3641,0,0.31269,0.25246,0.34783,0.31217,0.25333,0.34881
3937.3954,0,0.31253,0.25226,0.34789,0.31228,0.25301,0.34853
3937.4360,0,0.31053,0.25216,0.34811,0.31175,0.25275,0.34841
3937.4688,0,0.30941,0.25149,0.34811,0.31105,0.25238,0.34832
3937.5010,0,0.31083,0.25167,0.34766,0.31099,0.25216,0.34812
3937.5316,0,0.31086,0.25168,0.34728,0.31095,0.25202,0.34787
3937.5630,0,0.31186,0.25140,0.34682,0.31122,0.25183,0.34755
3937.5965,0,0.31239,0.25138,0.34620,0.31157,0.25170,0.34715
3937.6283,0,0.31217,0.25134,0.34587,0.31175,0.25159,0.34677
3937.6649,0,0.31087,0.25113,0.34589,0.31149,0.25145,0.34650
3937.6951,0,0.31161,0.25091,0.34540,0.31152,0.25129,0.34617
3937.7291,0,0.31033,0.25132,0.34546,0.31117,0.25130,0.34596
3937.7629,0,0.31028,0.25107,0.34513,0.31090,0.25123,0.34571
3937.7952,0,0.31035,0.25121,0.34501,0.31073,0.25122,0.34550
3937.8281,0,0.31054,0.25105,0.34455,0.31068,0.25117,0.34522
3937.8648,0,0.31218,0.25121,0.34401,0.31113,0.25118,0.34485
3937.8950,0,0.30961,0.25094,0.34450,0.31067,0.25111,0.34475
3937.9297,0,0.31114,0.25088,0.34410,0.31082,0.25104,0.34455
3937.9631,0,0.30926,0.25079,0.34451,0.31035,0.25097,0.34454
3937.9960,0,0.30924,0.25076,0.34430,0.31002,0.25091,0.34447
3938.0294,0,0.30801,0.25039,0.34439,0.30941,0.25075,0.34445
3938.0709,0,0.30762,0.25031,0.34414,0.30888,0.25062,0.34435
3938.1064,0,0.30654,0.25029,0.34434,0.30818,0.25052,0.34435
3938.1360,0,0.30769,0.25074,0.34372,0.30803,0.25059,0.34416
3938.1671,0,0.30836,0.25138,0.34332,0.30813,0.25083,0.34391
3938.2010,0,0.30912,0.25192,0.34311,0.30843,0.25115,0.34367
3938.2312,0,0.30754,0.25234,0.34297,0.30816,0.25151,0.34346
3938.2640,0,0.30812,0.25244,0.34275,0.30815,0.25179,0.34325
3938.2956,0,0.30857,0.25240,0.34221,0.30827,0.25197,0.34294
3938.3352,0,0.30870,0.25279,0.34180,0.30840,0.25222,0.34260
3938.3684,0,0.30680,0.25247,0.34150,0.30792,0.25229,0.34227
3938.4025,0,0.30776,0.25262,0.34113,0.30787,0.25239,0.34192
3938.4340,0,0.30711,0.25295,0.34076,0.30764,0.25256,0.34157
3938.4675,0,0.30861,0.25253,0.34014,0.30793,0.25255,0.34114
3938.5012,0,0.30774,0.25270,0.34013,0.30788,0.25260,0.34084
3938.5322,0,0.30709,0.25254,0.33993,0.30764,0.25258,0.34057
3938.5640,0,0.30797,0.25173,0.33954,0.30774,0.25232,0.34026
3938.5968,0,0.30869,0.25147,0.33935,0.30802,0.25207,0.33999
3938.6273,0,0.30710,0.24954,0.33907,0.30775,0.25131,0.33971
3938.6599,0,0.30762,0.24800,0.33879,0.30771,0.25032,0.33944
3938.6961,0,0.30971,0.24573,0.33768,0.30831,0.24894,0.33891
3938.7281,0,0.30729,0.24361,0.33699,0.30800,0.24734,0.33833
3938.7664,0,0.31027,0.23886,0.33502,0.30868,0.24480,0.33734
3938.8046,0,0.30792,0.23373,0.33427,0.30846,0.24148,0.33642
3938.8349,0,0.30732,0.22753,0.33340,0.30811,0.23729,0.33551
3938.8683,0,0.30591,0.22094,0.33268,0.30745,0.23239,0.33466
3938.8981,0,0.30529,0.21365,0.33174,0.30681,0.22677,0.33379
3938.9307,0,0.30406,0.20565,0.33107,0.30598,0.22043,0.33297
3938.9719,0,0.30438,0.19737,0.33060,0.30550,0.21351,0.33226
3939.0026,0,0.30253,0.18837,0.33070,0.30461,0.20597,0.33179
3939.0339,0,0.30335,0.17861,0.33071,0.30423,0.19776,0.33147
3939.0690,0,0.30560,0.16877,0.33081,0.30464,0.18906,0.33127
3939.0998,0,0.30246,0.15793,0.33132,0.30399,0.17973,0.33128
3939.1373,0,0.30235,0.14772,0.33166,0.30349,0.17012,0.33140
3939.1683,0,0.30075,0.13959,0.33190,0.30267,0.16096,0.33155
3939.2055,0,0.30103,0.13036,0.33186,0.30218,0.15178,0.33164
3939.2375,0,0.29959,0.11979,0.33138,0.30140,0.14218,0.33156
3939.2723,0,0.30348,0.11069,0.32948,0.30203,0.13274,0.33094
3939.3028,0,0.30061,0.09973,0.32903,0.30160,0.12283,0.33037
3939.3354,0,0.30124,0.09101,0.32755,0.30149,0.11329,0.32952
3939.3726,0,0.30359,0.08374,0.32574,0.30212,0.10442,0.32839
3939.4028,0,0.30233,0.07439,0.32497,0.30218,0.09541,0.32736
3939.4328,0,0.29678,0.06782,0.32554,0.30056,0.08713,0.32682
3939.4644,0,0.29798,0.06008,0.32449,0.29979,0.07902,0.32612
3939.4966,0,0.29714,0.05426,0.32430,0.29899,0.07159,0.32557
3939.5292,0,0.30473,0.04797,0.32236,0.30072,0.06450,0.32461
3939.5646,0,0.30577,0.04026,0.32071,0.30223,0.05723,0.32344
3939.5957,0,0.29911,0.03120,0.32087,0.30129,0.04942,0.32267
3939.6288,0,0.29436,0.02234,0.31949,0.29921,0.04130,0.32171
3939.6590,0,0.29510,0.01410,0.31667,0.29798,0.03314,0.32020
3939.7059,0,0.29733,0.00704,0.31298,0.29779,0.02531,0.31804
3939.7368,0,0.29854,-0.00044,0.30924,0.29801,0.01758,0.31540
3939.7700,0,0.30421,-0.00780,0.30482,0.29987,0.00997,0.31222
3939.8014,0,0.30520,-0.01532,0.30087,0.30147,0.00238,0.30882
3939.8312,0,0.30529,-0.02225,0.29655,0.30262,-0.00501,0.30514
3939.8731,0,0.30319,-0.02742,0.29291,0.30279,-0.01173,0.30147
3939.9041,0,0.29611,-0.03378,0.29030,0.30079,-0.01834,0.29812
3939.9365,0,0.29532,-0.03991,0.28559,0.29915,-0.02481,0.29436
3939.9674,0,0.29569,-0.04521,0.28085,0.29811,-0.03093,0.29031
3940.0003,0,0.29528,-0.05065,0.27575,0.29726,-0.03685,0.28594
3940.0312,0,0.29308,-0.05486,0.27096,0.29601,-0.04225,0.28145
3940.0625,0,0.28899,-0.06005,0.26631,0.29390,-0.04759,0.27690
3940.0955,0,0.29096,-0.06480,0.26093,0.29302,-0.05275,0.27211
3940.1323,0,0.28929,-0.06817,0.25636,0.29190,-0.05738,0.26739
3940.1633,0,0.28676,-0.07089,0.25210,0.29036,-0.06143,0.26280
3940.1964,0,0.28113,-0.07244,0.24751,0.28759,-0.06473,0.25821
3940.2275,0,0.27783,-0.07353,0.24247,0.28466,-0.06737,0.25349
3940.2632,0,0.27580,-0.07571,0.23657,0.28200,-0.06987,0.24841
3940.2956,0,0.27595,-0.07620,0.23056,0.28019,-0.07177,0.24306
3940.3303,0,0.27799,-0.07493,0.22463,0.27953,-0.07272,0.23753
3940.3635,0,0.28027,-0.07289,0.21798,0.27975,-0.07277,0.23166
3940.3963,0,0.27664,-0.06926,0.21275,0.27882,-0.07172,0.22599
3940.4278,0,0.27653,-0.06271,0.20724,0.27813,-0.06901,0.22036
3940.4631,0,0.27510,-0.05862,0.20178,0.27722,-0.06590,0.21479
3940.4954,0,0.26810,-0.05531,0.19757,0.27449,-0.06272,0.20962
3940.5278,0,0.26348,-0.05180,0.19310,0.27118,-0.05944,0.20467
3940.5636,0,0.26261,-0.04592,0.18877,0.26861,-0.05539,0.19990
3940.5982,0,0.25880,-0.04059,0.18552,0.26567,-0.05095,0.19558
3940.6280,0,0.25925,-0.03350,0.18208,0.26374,-0.04571,0.19153
3940.6611,0,0.25839,-0.02626,0.17847,0.26214,-0.03988,0.18761
3940.6948,0,0.25460,-0.01965,0.17599,0.25988,-0.03381,0.18413
3940.7287,0,0.25477,-0.01330,0.17304,0.25834,-0.02766,0.18080
3940.7599,0,0.25336,-0.00375,0.17112,0.25685,-0.02049,0.17790
3940.7962,0,0.25224,0.00629,0.16886,0.25547,-0.01245,0.17518
3940.8352,0,0.24737,0.01654,0.16865,0.25304,-0.00375,0.17322
3940.8671,0,0.24551,0.02587,0.16809,0.25078,0.00513,0.17168
3940.8966,0,0.24931,0.03676,0.16669,0.25034,0.01462,0.17019
3940.9281,0,0.24774,0.04648,0.16671,0.24956,0.02418,0.16914
3940.9593,0,0.24678,0.05524,0.16617,0.24872,0.03350,0.16825
3940.9969,0,0.24708,0.06448,0.16570,0.24823,0.04279,0.16749
3941.0278,0,0.24579,0.07427,0.16583,0.24750,0.05224,0.16699
3941.0614,0,0.24759,0.08300,0.16616,0.24753,0.06146,0.16674
3941.0950,0,0.24328,0.09166,0.16778,0.24625,0.07052,0.16705
3941.1278,0,0.24144,0.09867,0.16982,0.24481,0.07897,0.16788
3941.1602,0,0.24166,0.10717,0.17224,0.24386,0.08743,0.16919
3941.1968,0,0.24406,0.11349,0.17502,0.24392,0.09525,0.17094
3941.2277,0,0.24731,0.11943,0.17840,0.24494,0.10250,0.17318
3941.2593,0,0.25306,0.12724,0.18247,0.24738,0.10992,0.17596
3941.2968,0,0.25628,0.13190,0.18711,0.25005,0.11652,0.17931
3941.3279,0,0.25914,0.13685,0.19247,0.25277,0.12262,0.18326
3941.3593,0,0.26282,0.14107,0.19792,0.25579,0.12815,0.18765
3941.3962,0,0.26700,0.14387,0.20380,0.25915,0.13287,0.19250
3941.4283,0,0.27041,0.14633,0.21029,0.26253,0.13691,0.19784
3941.4610,0,0.27148,0.14819,0.21697,0.26521,0.14029,0.20358
3941.4970,0,0.27036,0.14925,0.22365,0.26676,0.14298,0.20960
3941.5273,0,0.27384,0.15033,0.23039,0.26888,0.14518,0.21584
3941.5642,0,0.27456,0.15085,0.23685,0.27059,0.14688,0.22214
3941.5958,0,0.27487,0.14959,0.24342,0.27187,0.14769,0.22852
3941.6278,0,0.27833,0.14988,0.24999,0.27381,0.14835,0.23496
3941.6597,0,0.27942,0.14842,0.25666,0.27549,0.14837,0.24147
3941.6949,0,0.28404,0.14782,0.26269,0.27806,0.14821,0.24784
3941.7275,0,0.28408,0.14660,0.26980,0.27986,0.14772,0.25443
3941.7587,0,0.28479,0.14514,0.27637,0.28134,0.14695,0.26101
3941.7962,0,0.28456,0.14276,0.28281,0.28231,0.14569,0.26755
3941.8276,0,0.29257,0.13879,0.28802,0.28539,0.14362,0.27369
3941.8603,0,0.29519,0.13437,0.29308,0.28833,0.14085,0.27951
3941.9061,0,0.29447,0.12950,0.29901,0.29017,0.13744,0.28536
3941.9374,0,0.29372,0.12461,0.30432,0.29123,0.13359,0.29105
3941.9712,0,0.29284,0.11932,0.30969,0.29172,0.12931,0.29664
3942.0021,0,0.29636,0.11200,0.31357,0.29311,0.12412,0.30172
3942.0353,0,0.29948,0.10586,0.31754,0.29502,0.11864,0.30646
3942.0653,0,0.30317,0.09881,0.31996,0.29747,0.11269,0.31051
3942.0972,0,0.30537,0.08898,0.32246,0.29984,0.10558,0.31410
3942.1282,0,0.30654,0.08156,0.32528,0.30185,0.09837,0.31745
3942.1613,0,0.30579,0.07414,0.32763,0.30303,0.09110,0.32050
3942.1969,0,0.30691,0.06500,0.32859,0.30419,0.08327,0.32293
3942.2278,0,0.30712,0.05687,0.32877,0.30507,0.07535,0.32468
3942.2603,0,0.30796,0.04874,0.32820,0.30594,0.06737,0.32574
3942.3022,0,0.30818,0.04126,0.32744,0.30661,0.05954,0.32625
3942.3325,0,0.30718,0.03221,0.32695,0.30678,0.05134,0.32646
3942.3631,0,0.30572,0.02345,0.32575,0.30646,0.04297,0.32624
3942.3967,0,0.30614,0.01549,0.32394,0.30637,0.03473,0.32555
3942.4298,0,0.30853,0.00912,0.32125,0.30702,0.02705,0.32426
3942.4617,0,0.31208,0.00226,0.31781,0.30854,0.01961,0.32232
3942.4979,0,0.31489,-0.00458,0.31424,0.31044,0.01235,0.31990
3942.5312,0,0.31573,-0.01208,0.31111,0.31203,0.00502,0.31726
3942.5633,0,0.31778,-0.01867,0.30703,0.31375,-0.00209,0.31419
3942.5976,0,0.31455,-0.02485,0.30351,0.31399,-0.00892,0.31099
3942.6418,0,0.31592,-0.02976,0.29907,0.31457,-0.01517,0.30741
3942.6830,0,0.31517,-0.03438,0.29585,0.31475,-0.02093,0.30394
3942.7127,0,0.31230,-0.03916,0.29259,0.31402,-0.02640,0.30054
3942.7433,0,0.31187,-0.04469,0.28782,0.31337,-0.03189,0.29672
3942.7751,0,0.31394,-0.04955,0.28161,0.31354,-0.03719,0.29219
3942.8064,0,0.30991,-0.05458,0.27613,0.31245,-0.04240,0.28737
3942.8379,0,0.30593,-0.06000,0.27081,0.31050,-0.04768,0.28240
3942.8759,0,0.31013,-0.06257,0.26430,0.31039,-0.05215,0.27697
3942.9075,0,0.31124,-0.06765,0.25836,0.31064,-0.05680,0.27139
3942.9397,0,0.30378,-0.06989,0.25372,0.30858,-0.06073,0.26609
3942.9706,0,0.29762,-0.07195,0.24874,0.30529,-0.06410,0.26089
3943.0051,0,0.29200,-0.07445,0.24285,0.30131,-0.06720,0.25547
3943.0355,0,0.29017,-0.07589,0.23640,0.29797,-0.06981,0.24975
3943.0676,0,0.28926,-0.07790,0.22968,0.29535,-0.07224,0.24373
3943.1040,0,0.29405,-0.07524,0.22326,0.29496,-0.07314,0.23759
3943.1371,0,0.29318,-0.07380,0.21769,0.29443,-0.07333,0.23162
3943.1673,0,0.28982,-0.07081,0.21225,0.29305,-0.07258,0.22581
3943.1982,0,0.28996,-0.06584,0.20640,0.29212,-0.07056,0.21999
3943.2286,0,0.28705,-0.06255,0.20135,0.29060,-0.06816,0.21440
3943.2601,0,0.28314,-0.05895,0.19624,0.28836,-0.06539,0.20895
3943.2958,0,0.27769,-0.05472,0.19106,0.28516,-0.06219,0.20358
3943.3286,0,0.27795,-0.04911,0.18588,0.28300,-0.05827,0.19827
3943.3606,0,0.27417,-0.04322,0.18047,0.28035,-0.05375,0.19293
3943.3976,0,0.27164,-0.03781,0.17530,0.27774,-0.04897,0.18764
3943.4284,0,0.27024,-0.03055,0.17097,0.27549,-0.04345,0.18264
3943.4594,0,0.27194,-0.02134,0.16712,0.27442,-0.03681,0.17798
3943.4955,0,0.26648,-0.01338,0.16548,0.27204,-0.02978,0.17423
3943.5292,0,0.26137,-0.00334,0.16466,0.26884,-0.02185,0.17136
3943.5620,0,0.26333,0.00612,0.16295,0.26719,-0.01346,0.16884
3943.5971,0,0.26037,0.01596,0.16243,0.26514,-0.00463,0.16691
3943.6313,0,0.25688,0.02442,0.16221,0.26266,0.00408,0.16550
3943.6684,0,0.25781,0.03473,0.16122,0.26121,0.01328,0.16422
3943.7020,0,0.26061,0.04596,0.16017,0.26103,0.02308,0.16300
3943.7325,0,0.25704,0.05399,0.16064,0.25983,0.03235,0.16229
3943.7628,0,0.26106,0.06362,0.16077,0.26020,0.04173,0.16184
3943.7953,0,0.25968,0.07313,0.16210,0.26004,0.05115,0.16191
3943.8287,0,0.26255,0.08273,0.16268,0.26080,0.06062,0.16214
3943.8591,0,0.26007,0.09227,0.16516,0.26058,0.07012,0.16305
3943.8960,0,0.25775,0.10081,0.16803,0.25973,0.07933,0.16454
3943.9283,0,0.25808,0.10998,0.17039,0.25923,0.08852,0.16630
3943.9607,0,0.26169,0.11620,0.17389,0.25997,0.09683,0.16857
3943.9908,0,0.26527,0.12283,0.17788,0.26156,0.10463,0.17137
3944.0281,0,0.26628,0.12903,0.18279,0.26297,0.11195,0.17479
3944.0598,0,0.26722,0.13321,0.18822,0.26425,0.11833,0.17882
3944.0915,0,0.27150,0.13641,0.19361,0.26642,0.12375,0.18326
3944.1340,0,0.27497,0.13969,0.19945,0.26899,0.12853,0.18811
3944.1671,0,0.27601,0.14291,0.20576,0.27109,0.13284,0.19341
3944.1969,0,0.27853,0.14346,0.21198,0.27332,0.13603,0.19898
3944.2276,0,0.28150,0.14337,0.21798,0.27578,0.13823,0.20468
3944.2604,0,0.28152,0.14265,0.22418,0.27750,0.13956,0.21053
3944.2958,0,0.28290,0.14151,0.23030,0.27912,0.14014,0.21646
3944.3274,0,0.28252,0.14034,0.23677,0.28014,0.14020,0.22256
3944.3604,0,0.28563,0.13793,0.24326,0.28179,0.13952,0.22877
3944.3957,0,0.28709,0.13552,0.25007,0.28338,0.13832,0.23516
3944.4331,0,0.28777,0.13273,0.25658,0.28470,0.13664,0.24159
3944.4640,0,0.29610,0.12858,0.26187,0.28812,0.13422,0.24767
3944.4965,0,0.29935,0.12270,0.26817,0.29149,0.13077,0.25382
3944.5290,0,0.29646,0.11492,0.27450,0.29298,0.12601,0.26002
3944.5619,0,0.29672,0.10763,0.28065,0.29410,0.12050,0.26621
3944.5996,0,0.29742,0.09986,0.28576,0.29510,0.11431,0.27207
3944.6292,0,0.30063,0.09219,0.29014,0.29676,0.10767,0.27749
3944.6607,0,0.30025,0.08142,0.29397,0.29781,0.09980,0.28244
3944.6960,0,0.30063,0.07192,0.29680,0.29865,0.09143,0.28675
3944.7277,0,0.30277,0.06314,0.29900,0.29989,0.08294,0.29042
3944.7604,0,0.29854,0.05309,0.30156,0.29948,0.07399,0.29376
3944.8007,0,0.29665,0.04412,0.30381,0.29863,0.06503,0.29678
3944.8330,0,0.29513,0.03503,0.30536,0.29758,0.05603,0.29935
3944.8630,0,0.29805,0.02642,0.30569,0.29772,0.04715,0.30125
3944.8947,0,0.29593,0.01706,0.30669,0.29718,0.03812,0.30289
3944.9279,0,0.29588,0.00795,0.30624,0.29679,0.02907,0.30389
3944.9608,0,0.29743,0.00030,0.30567,0.29698,0.02044,0.30443
3944.9918,0,0.30436,-0.00891,0.30305,0.29919,0.01164,0.30401
3945.0275,0,0.30731,-0.01762,0.30040,0.30163,0.00286,0.30293
3945.0599,0,0.30695,-0.02639,0.29717,0.30323,-0.00592,0.30120
3945.0923,0,0.30712,-0.03455,0.29312,0.30440,-0.01451,0.29878
3945.1286,0,0.30178,-0.04334,0.28942,0.30361,-0.02315,0.29597
3945.1615,0,0.30404,-0.05153,0.28472,0.30374,-0.03167,0.29260
3945.1929,0,0.30498,-0.05874,0.28018,0.30411,-0.03979,0.28887
3945.2279,0,0.29708,-0.06456,0.27803,0.30200,-0.04722,0.28562
3945.2659,0,0.29779,-0.07172,0.27371,0.30074,-0.05457,0.28205
3945.2986,0,0.30351,-0.07380,0.26827,0.30157,-0.06034,0.27791
3945.3301,0,0.30624,-0.07670,0.26375,0.30297,-0.06525,0.27366
3945.3637,0,0.30390,-0.07993,0.26003,0.30325,-0.06965,0.26957
3945.4037,0,0.30417,-0.08287,0.25615,0.30353,-0.07362,0.26555
3945.4341,0,0.29772,-0.08477,0.25361,0.30179,-0.07696,0.26196
3945.4724,0,0.29294,-0.08503,0.25034,0.29913,-0.07938,0.25848
3945.5061,0,0.28905,-0.08863,0.24594,0.29611,-0.08216,0.25471
3945.5392,0,0.28711,-0.09073,0.24180,0.29341,-0.08473,0.25084
3945.5711,0,0.28431,-0.09388,0.23703,0.29068,-0.08747,0.24670
3945.6025,0,0.28263,-0.09673,0.23286,0.28826,-0.09025,0.24255
3945.6551,0,0.28153,-0.09905,0.22981,0.28624,-0.09289,0.23872
3945.6846,0,0.28199,-0.09894,0.22770,0.28497,-0.09471,0.23542
3945.7183,0,0.28018,-0.09791,0.22652,0.28353,-0.09567,0.23275
3945.7492,0,0.28100,-0.09776,0.22477,0.28277,-0.09630,0.23035
3945.7828,0,0.28227,-0.09631,0.22295,0.28262,-0.09630,0.22813
3945.8125,0,0.28205,-0.09478,0.22174,0.28245,-0.09584,0.22621
3945.8434,0,0.28180,-0.09082,0.22074,0.28225,-0.09434,0.22457
3945.8757,0,0.28174,-0.08715,0.22034,0.28210,-0.09218,0.22330
3945.9099,0,0.28524,-0.08301,0.21941,0.28304,-0.08943,0.22213
3945.9407,0,0.28383,-0.07821,0.21912,0.28328,-0.08607,0.22123
3945.9830,0,0.28054,-0.07027,0.21891,0.28245,-0.08133,0.22053
3946.0129,0,0.27809,-0.06198,0.21856,0.28115,-0.07552,0.21994
3946.0466,0,0.27643,-0.05221,0.21798,0.27973,-0.06853,0.21935
3946.0868,0,0.27686,-0.04061,0.21802,0.27887,-0.06015,0.21895
3946.1181,0,0.27954,-0.02708,0.21719,0.27907,-0.05023,0.21842
3946.1515,0,0.28242,-0.01404,0.21697,0.28008,-0.03937,0.21799
3946.1848,0,0.28573,-0.00056,0.21624,0.28177,-0.02773,0.21746
3946.2179,0,0.28520,0.01448,0.21694,0.28280,-0.01507,0.21731
3946.2522,0,0.28653,0.03082,0.21705,0.28392,-0.00130,0.21723
3946.2819,0,0.28902,0.04671,0.21628,0.28545,0.01310,0.21694
3946.3137,0,0.29140,0.06508,0.21564,0.28724,0.02869,0.21655
3946.3457,0,0.29070,0.07930,0.21561,0.28827,0.04388,0.21627
3946.3761,0,0.28874,0.09382,0.21607,0.28841,0.05886,0.21621
3946.4104,0,0.28406,0.10527,0.21686,0.28711,0.07278,0.21640
3946.4420,0,0.28264,0.11603,0.21870,0.28577,0.08576,0.21709
3946.4769,0,0.28671,0.12337,0.21906,0.28605,0.09704,0.21768
3946.5082,0,0.28710,0.12927,0.21936,0.28637,0.10671,0.21819
3946.5451,0,0.28978,0.13024,0.21944,0.28739,0.11377,0.21856
3946.5773,0,0.28935,0.12779,0.21968,0.28798,0.11797,0.21890
3946.6150,0,0.28944,0.12180,0.21953,0.28842,0.11912,0.21909
3946.6461,0,0.28912,0.11498,0.21869,0.28863,0.11788,0.21897
3946.6766,0,0.28651,0.10586,0.21760,0.28799,0.11427,0.21856
3946.7111,0,0.28569,0.09602,0.21725,0.28730,0.10880,0.21817
3946.7437,0,0.28766,0.08527,0.21647,0.28741,0.10174,0.21766
3946.7760,0,0.28800,0.07210,0.21585,0.28759,0.09285,0.21712
3946.8064,0,0.28881,0.06014,0.21558,0.28795,0.08303,0.21665
3946.8384,0,0.28681,0.04614,0.21557,0.28761,0.07197,0.21633
3946.8741,0,0.28520,0.03300,0.21597,0.28689,0.06027,0.21622
3946.9078,0,0.28658,0.01982,0.21675,0.28679,0.04814,0.21638
3946.9418,0,0.28573,0.00677,0.21712,0.28648,0.03573,0.21660
3946.9728,0,0.28577,-0.00719,0.21818,0.28626,0.02285,0.21708
3947.0072,0,0.28556,-0.01982,0.21948,0.28605,0.01005,0.21780
3947.0397,0,0.28720,-0.03350,0.22150,0.28640,-0.00301,0.21891
3947.0757,0,0.28239,-0.04885,0.22297,0.28520,-0.01676,0.22013
3947.1061,0,0.28317,-0.06225,0.22418,0.28459,-0.03041,0.22134
3947.1388,0,0.28084,-0.07511,0.22533,0.28346,-0.04382,0.22254
3947.1766,0,0.28098,-0.08911,0.22530,0.28272,-0.05741,0.22337
3947.2070,0,0.28285,-0.10076,0.22508,0.28276,-0.07041,0.22388
3947.2374,0,0.28394,-0.11068,0.22552,0.28311,-0.08249,0.22437
3947.2745,0,0.28382,-0.11866,0.22578,0.28332,-0.09334,0.22479
3947.3052,0,0.28565,-0.12547,0.22607,0.28402,-0.10298,0.22518
3947.3365,0,0.28318,-0.13347,0.22765,0.28377,-0.11213,0.22592
3947.3680,0,0.28171,-0.13927,0.22867,0.28315,-0.12027,0.22674
3947.4013,0,0.27964,-0.14277,0.23014,0.28210,-0.12702,0.22776
3947.4342,0,0.27723,-0.14505,0.23155,0.28064,-0.13243,0.22890
3947.4684,0,0.27830,-0.14503,0.23166,0.27994,-0.13621,0.22973
3947.5070,0,0.27864,-0.14411,0.23194,0.27955,-0.13858,0.23039
3947.5378,0,0.27904,-0.14040,0.23207,0.27939,-0.13913,0.23089
3947.5675,0,0.27822,-0.13447,0.23224,0.27904,-0.13773,0.23130
3947.5972,0,0.28035,-0.12628,0.23206,0.27944,-0.13430,0.23152
3947.6286,0,0.28601,-0.11728,0.23030,0.28141,-0.12919,0.23116
3947.6605,0,0.28346,-0.10882,0.22976,0.28203,-0.12308,0.23074
3947.6945,0,0.28284,-0.10012,0.22869,0.28227,-0.11619,0.23012
3947.7281,0,0.28308,-0.08979,0.22770,0.28251,-0.10827,0.22940
3947.7599,0,0.28258,-0.07577,0.22841,0.28254,-0.09852,0.22910
3947.7932,0,0.28317,-0.06449,0.22734,0.28272,-0.08831,0.22857
3947.8286,0,0.28159,-0.05159,0.22757,0.28239,-0.07729,0.22827
3947.8608,0,0.28469,-0.03601,0.22735,0.28308,-0.06491,0.22800
3947.8916,0,0.28734,-0.02064,0.22677,0.28436,-0.05163,0.22763
3947.9287,0,0.29332,-0.00699,0.22638,0.28705,-0.03824,0.22725
3947.9646,0,0.29419,0.00826,0.22673,0.28919,-0.02429,0.22710
3947.9949,0,0.29569,0.02450,0.22766,0.29114,-0.00965,0.22727
3948.0282,0,0.29692,0.04203,0.22743,0.29288,0.00585,0.22731
3948.0612,0,0.29993,0.05968,0.22701,0.29499,0.02200,0.22722
3948.0926,0,0.29639,0.07639,0.22689,0.29541,0.03832,0.22712
3948.1286,0,0.29740,0.09159,0.22709,0.29601,0.05430,0.22711
3948.1598,0,0.29489,0.10643,0.22730,0.29568,0.06994,0.22717
3948.1921,0,0.29211,0.11617,0.22816,0.29461,0.08381,0.22746
3948.2343,0,0.29723,0.12377,0.22676,0.29539,0.09580,0.22725
3948.2681,0,0.29828,0.12804,0.22685,0.29626,0.10547,0.22713
3948.3026,0,0.30042,0.12932,0.22624,0.29751,0.11263,0.22686
3948.3331,0,0.30077,0.13008,0.22591,0.29849,0.11786,0.22658
3948.3640,0,0.29874,0.12738,0.22628,0.29856,0.12072,0.22649
3948.3956,0,0.29897,0.12550,0.22529,0.29869,0.12215,0.22613
3948.4276,0,0.29718,0.12386,0.22553,0.29823,0.12267,0.22595
3948.4607,0,0.29776,0.12151,0.22511,0.29809,0.12232,0.22570
3948.4915,0,0.29757,0.11728,0.22483,0.29794,0.12081,0.22544
3948.5287,0,0.29874,0.11246,0.22428,0.29818,0.11830,0.22509
3948.5615,0,0.29826,0.10548,0.22370,0.29820,0.11446,0.22467
3948.5953,0,0.29622,0.09687,0.22373,0.29761,0.10918,0.22439
3948.6289,0,0.30084,0.08738,0.22309,0.29858,0.10264,0.22400
3948.6599,0,0.30253,0.07792,0.22290,0.29976,0.09522,0.22367
3948.6923,0,0.29815,0.06685,0.22350,0.29928,0.08671,0.22362
3948.7277,0,0.29924,0.05708,0.22335,0.29927,0.07782,0.22354
3948.7618,0,0.29954,0.04728,0.22308,0.29935,0.06866,0.22340
3948.7918,0,0.29841,0.03682,0.22333,0.29907,0.05911,0.22338
3948.8275,0,0.29718,0.02578,0.22363,0.29850,0.04911,0.22345
3948.8594,0,0.29832,0.01411,0.22343,0.29845,0.03861,0.22345
3948.8942,0,0.29617,0.00346,0.22370,0.29776,0.02806,0.22352
3948.9282,0,0.29724,-0.00617,0.22372,0.29761,0.01779,0.22358
3948.9601,0,0.29627,-0.01635,0.22468,0.29721,0.00755,0.22391
3948.9921,0,0.29220,-0.02747,0.22568,0.29571,-0.00296,0.22444
3949.0269,0,0.29212,-0.03517,0.22586,0.29463,-0.01262,0.22487
3949.0591,0,0.28876,-0.04618,0.22558,0.29287,-0.02269,0.22508
3949.0910,0,0.28729,-0.05517,0.22557,0.29120,-0.03243,0.22523
3949.1274,0,0.28851,-0.06228,0.22486,0.29039,-0.04139,0.22512
3949.1603,0,0.29179,-0.06682,0.22453,0.29081,-0.04902,0.22494
3949.1919,0,0.28946,-0.07027,0.22489,0.29040,-0.05539,0.22493
3949.2281,0,0.28991,-0.07202,0.22497,0.29026,-0.06038,0.22494
3949.2613,0,0.29152,-0.07208,0.22437,0.29063,-0.06389,0.22477
3949.2941,0,0.28944,-0.07290,0.22408,0.29027,-0.06659,0.22456
3949.3262,0,0.28810,-0.07336,0.22370,0.28962,-0.06862,0.22430
3949.3605,0,0.28827,-0.07310,0.22271,0.28922,-0.06996,0.22382
3949.3918,0,0.28929,-0.07338,0.22163,0.28924,-0.07099,0.22317
3949.4289,0,0.28918,-0.07472,0.22046,0.28922,-0.07211,0.22235
3949.4594,0,0.28959,-0.07533,0.21940,0.28933,-0.07308,0.22147
3949.4928,0,0.28871,-0.07743,0.21806,0.28915,-0.07438,0.22045
3949.5273,0,0.28714,-0.07903,0.21730,0.28854,-0.07578,0.21950
3949.5598,0,0.28706,-0.08076,0.21650,0.28810,-0.07727,0.21860
3949.5911,0,0.28734,-0.08068,0.21617,0.28787,-0.07829,0.21787
3949.6295,0,0.28479,-0.08095,0.21612,0.28695,-0.07909,0.21735
3949.6654,0,0.28354,-0.08065,0.21624,0.28593,-0.07956,0.21702
3949.6953,0,0.28329,-0.08062,0.21644,0.28514,-0.07988,0.21684
3949.7275,0,0.28410,-0.07969,0.21634,0.28482,-0.07982,0.21669
3949.7605,0,0.28410,-0.08070,0.21640,0.28461,-0.08009,0.21661
3949.7926,0,0.28542,-0.08050,0.21637,0.28485,-0.08021,0.21654
3949.8281,0,0.28459,-0.08060,0.21634,0.28477,-0.08033,0.21648
3949.8625,0,0.28432,-0.08074,0.21643,0.28464,-0.08045,0.21646
3949.8929,0,0.28361,-0.08118,0.21665,0.28433,-0.08067,0.21652
3949.9283,0,0.28441,-0.08091,0.21639,0.28435,-0.08074,0.21648
3949.9611,0,0.28505,-0.08087,0.21581,0.28456,-0.08078,0.21628
3949.9924,0,0.28803,-0.08076,0.21482,0.28560,-0.08077,0.21584
3950.0246,0,0.28742,-0.08091,0.21430,0.28615,-0.08081,0.21538
3950.0595,0,0.28790,-0.08151,0.21335,0.28668,-0.08102,0.21477
3950.0935,0,0.28897,-0.08307,0.21221,0.28736,-0.08164,0.21400
3950.1229,0,0.28748,-0.08527,0.21106,0.28740,-0.08273,0.21312
3950.1584,0,0.28738,-0.08595,0.20964,0.28739,-0.08369,0.21208
3950.1934,0,0.28681,-0.09026,0.20832,0.28722,-0.08566,0.21095
3950.2274,0,0.28635,-0.09453,0.20641,0.28696,-0.08832,0.20959
3950.2608,0,0.28372,-0.09815,0.20463,0.28598,-0.09127,0.20810
3950.2940,0,0.28282,-0.10260,0.20248,0.28504,-0.09467,0.20641
3950.3239,0,0.27817,-0.10570,0.20065,0.28298,-0.09798,0.20468
3950.3624,0,0.27784,-0.10892,0.19801,0.28144,-0.10126,0.20268
3950.3952,0,0.27312,-0.11473,0.19569,0.27894,-0.10530,0.20058
3950.4261,0,0.27245,-0.11909,0.19268,0.27699,-0.10944,0.19821
3950.4598,0,0.27244,-0.12282,0.18987,0.27563,-0.11345,0.19571
3950.4913,0,0.27285,-0.12388,0.18705,0.27479,-0.11658,0.19311
3950.5230,0,0.27260,-0.12607,0.18455,0.27413,-0.11943,0.19054
3950.5602,0,0.26976,-0.12841,0.18231,0.27282,-0.12212,0.18808
3950.5926,0,0.26838,-0.13235,0.17985,0.27149,-0.12519,0.18561
3950.6299,0,0.26366,-0.13646,0.17788,0.26914,-0.12857,0.18329
3950.6611,0,0.26053,-0.14070,0.17517,0.26656,-0.13221,0.18085
3950.6927,0,0.25603,-0.14508,0.17290,0.26340,-0.13607,0.17847
3950.7325,0,0.25135,-0.14848,0.17080,0.25979,-0.13979,0.17617
3950.7655,0,0.24902,-0.15203,0.16834,0.25656,-0.14346,0.17382
3950.8039,0,0.24773,-0.15674,0.16578,0.25391,-0.14745,0.17141
3950.8357,0,0.24553,-0.16036,0.16373,0.25140,-0.15132,0.16910
3950.8680,0,0.24544,-0.16356,0.16139,0.24961,-0.15499,0.16679
3950.8983,0,0.24284,-0.16737,0.15915,0.24758,-0.15871,0.16450
3950.9294,0,0.24006,-0.17261,0.15670,0.24532,-0.16288,0.16216
3950.9635,0,0.23463,-0.17692,0.15524,0.24211,-0.16709,0.16008
3950.9945,0,0.23336,-0.18136,0.15257,0.23949,-0.17137,0.15783
3951.0269,0,0.22999,-0.18253,0.15028,0.23664,-0.17472,0.15556
3951.0619,0,0.22769,-0.18560,0.14807,0.23395,-0.17798,0.15331
3951.0946,0,0.22553,-0.18804,0.14538,0.23143,-0.18100,0.15093
3951.1262,0,0.22324,-0.19228,0.14247,0.22897,-0.18438,0.14839
3951.1658,0,0.22045,-0.19432,0.14052,0.22641,-0.18736,0.14603
3951.1970,0,0.21771,-0.19675,0.13823,0.22380,-0.19018,0.14369
3951.2296,0,0.21555,-0.19964,0.13605,0.22133,-0.19302,0.14140
3951.2594,0,0.21218,-0.20057,0.13452,0.21858,-0.19528,0.13933
3951.2913,0,0.20929,-0.20473,0.13272,0.21580,-0.19812,0.13735
3951.3311,0,0.20599,-0.20634,0.13144,0.21285,-0.20058,0.13558
3951.3611,0,0.20296,-0.20925,0.13014,0.20988,-0.20318,0.13395
3951.3931,0,0.20224,-0.20899,0.12892,0.20759,-0.20492,0.13244
3951.4263,0,0.20099,-0.21043,0.12758,0.20561,-0.20658,0.13098
3951.4660,0,0.20174,-0.21088,0.12661,0.20445,-0.20787,0.12967
3951.5049,0,0.20128,-0.21174,0.12540,0.20350,-0.20903,0.12839
3951.5360,0,0.20064,-0.21040,0.12541,0.20264,-0.20944,0.12749
3951.5679,0,0.19817,-0.21032,0.12525,0.20130,-0.20970,0.12682
3951.6001,0,0.19827,-0.20972,0.12503,0.20039,-0.20971,0.12628
3951.6313,0,0.19824,-0.20862,0.12500,0.19974,-0.20938,0.12590
3951.6621,0,0.19799,-0.20795,0.12473,0.19922,-0.20895,0.12555
3951.6939,0,0.19749,-0.20770,0.12457,0.19870,-0.20857,0.12525
3951.7294,0,0.19681,-0.20655,0.12453,0.19813,-0.20797,0.12504
3951.7606,0,0.19705,-0.20581,0.12460,0.19781,-0.20732,0.12490
3951.7917,0,0.19726,-0.20557,0.12458,0.19764,-0.20679,0.12481
3951.8235,0,0.19728,-0.20432,0.12555,0.19753,-0.20605,0.12503
3951.8617,0,0.19734,-0.20195,0.12768,0.19747,-0.20482,0.12582
3951.8932,0,0.19890,-0.20043,0.13018,0.19790,-0.20350,0.12713
3951.9258,0,0.20188,-0.19962,0.13239,0.19910,-0.20234,0.12871
3951.9616,0,0.20397,-0.19863,0.13534,0.20056,-0.20123,0.13070
3951.9964,0,0.20776,-0.19682,0.13820,0.20272,-0.19990,0.13295
3952.0267,0,0.20950,-0.19566,0.14133,0.20475,-0.19863,0.13546
3952.0640,0,0.21346,-0.19510,0.14418,0.20736,-0.19757,0.13808
3952.0942,0,0.21433,-0.19303,0.14812,0.20945,-0.19621,0.14109
3952.1267,0,0.21860,-0.19222,0.15125,0.21220,-0.19501,0.14414
3952.1600,0,0.22176,-0.18976,0.15489,0.21507,-0.19344,0.14736
3952.1916,0,0.22562,-0.18730,0.15919,0.21823,-0.19159,0.15091
3952.2240,0,0.22847,-0.18287,0.16348,0.22130,-0.18898,0.15468
3952.2594,0,0.23226,-0.17866,0.16738,0.22459,-0.18588,0.15849
3952.2928,0,0.23863,-0.17313,0.17118,0.22880,-0.18206,0.16230
3952.3236,0,0.23828,-0.16756,0.17486,0.23165,-0.17771,0.16607
3952.3598,0,0.24150,-0.16303,0.17854,0.23460,-0.17331,0.16981
3952.3923,0,0.24116,-0.15564,0.18263,0.23657,-0.16801,0.17366
3952.4247,0,0.24894,-0.14780,0.18553,0.24028,-0.16194,0.17722
3952.4627,0,0.25121,-0.14257,0.18953,0.24356,-0.15613,0.18091
3952.4972,0,0.25084,-0.13793,0.19379,0.24575,-0.15067,0.18477
3952.5321,0,0.25132,-0.13004,0.19835,0.24742,-0.14448,0.18885
3952.5641,0,0.25367,-0.12279,0.20321,0.24929,-0.13797,0.19316
3952.5962,0,0.26036,-0.11521,0.20734,0.25261,-0.13115,0.19741
3952.6295,0,0.26556,-0.10896,0.21147,0.25650,-0.12449,0.20163
3952.6606,0,0.26718,-0.10117,0.21601,0.25970,-0.11750,0.20594
3952.6938,0,0.26560,-0.09468,0.22049,0.26147,-0.11065,0.21031
3952.7242,0,0.26308,-0.08771,0.22469,0.26195,-0.10377,0.21462
3952.7604,0,0.26547,-0.08000,0.22787,0.26301,-0.09664,0.21860
3952.7932,0,0.26769,-0.07280,0.23120,0.26441,-0.08949,0.22238
3952.8247,0,0.26635,-0.06488,0.23491,0.26499,-0.08210,0.22614
3952.8659,0,0.26698,-0.05728,0.23772,0.26559,-0.07466,0.22961
3952.8965,0,0.26952,-0.05126,0.23986,0.26677,-0.06764,0.23268
3952.9277,0,0.26929,-0.04478,0.24257,0.26753,-0.06078,0.23565
3952.9630,0,0.27000,-0.03688,0.24515,0.26827,-0.05361,0.23850
3952.9948,0,0.27103,-0.03009,0.24745,0.26910,-0.04655,0.24118
3953.0292,0,0.27372,-0.02212,0.25023,0.27048,-0.03922,0.24390
3953.0681,0,0.27742,-0.01485,0.25295,0.27257,-0.03191,0.24661
3953.1060,0,0.27968,-0.00792,0.25598,0.27470,-0.02471,0.24942
3953.1366,0,0.27928,-0.00272,0.25902,0.27608,-0.01812,0.25230
3953.1678,0,0.28276,0.00503,0.26194,0.27808,-0.01117,0.25519
3953.2008,0,0.28188,0.01228,0.26492,0.27922,-0.00414,0.25811
3953.2324,0,0.28062,0.02104,0.26809,0.27964,0.00342,0.26110
3953.2639,0,0.28291,0.02816,0.27019,0.28062,0.01084,0.26383
3953.2952,0,0.28534,0.03660,0.27302,0.28204,0.01857,0.26659
3953.3283,0,0.28614,0.04528,0.27592,0.28327,0.02658,0.26939
3953.3611,0,0.28402,0.05277,0.27893,0.28349,0.03444,0.27225
3953.3922,0,0.28696,0.06088,0.28151,0.28453,0.04237,0.27503
3953.4240,0,0.29390,0.06830,0.28298,0.28734,0.05015,0.27741
3953.4607,0,0.29229,0.07491,0.28583,0.28883,0.05758,0.27994
3953.4921,0,0.29178,0.07954,0.28844,0.28972,0.06417,0.28249
3953.5277,0,0.29536,0.08617,0.28988,0.29141,0.07077,0.28471
3953.5610,0,0.29685,0.09306,0.29173,0.29304,0.07746,0.28681
3953.5927,0,0.29837,0.09911,0.29412,0.29464,0.08395,0.28901
3953.6300,0,0.29758,0.10530,0.29634,0.29552,0.09036,0.29121
3953.6604,0,0.29627,0.11236,0.29906,0.29575,0.09696,0.29356
3953.6945,0,0.29755,0.11936,0.30129,0.29629,0.10368,0.29588
3953.7266,0,0.29583,0.12606,0.30407,0.29615,0.11039,0.29834
3953.7600,0,0.30007,0.13337,0.30605,0.29733,0.11729,0.30065
3953.7926,0,0.30412,0.14016,0.30769,0.29936,0.12415,0.30276
3953.8246,0,0.30474,0.14645,0.31056,0.30098,0.13084,0.30510
3953.8603,0,0.30598,0.15227,0.31329,0.30248,0.13727,0.30756
3953.8922,0,0.30823,0.16080,0.31579,0.30420,0.14433,0.31003
3953.9243,0,0.30731,0.16933,0.31817,0.30514,0.15183,0.31247
3953.9609,0,0.31065,0.17660,0.31965,0.30679,0.15926,0.31462
3953.9946,0,0.31251,0.18207,0.32107,0.30851,0.16610,0.31656
3954.0247,0,0.31429,0.18602,0.32216,0.31024,0.17208,0.31824
3954.0599,0,0.31515,0.18912,0.32292,0.31171,0.17719,0.31964
3954.0913,0,0.31412,0.19278,0.32340,0.31243,0.18187,0.32077
3954.1246,0,0.31603,0.19307,0.32321,0.31351,0.18523,0.32150
3954.1558,0,0.31630,0.19366,0.32329,0.31435,0.18776,0.32204
3954.1938,0,0.31545,0.19375,0.32320,0.31468,0.18955,0.32239
3954.2239,0,0.31600,0.19351,0.32298,0.31508,0.19074,0.32257
3954.2562,0,0.31458,0.19292,0.32309,0.31493,0.19139,0.32272
3954.2923,0,0.31294,0.19263,0.32299,0.31433,0.19176,0.32280
3954.3313,0,0.31337,0.19279,0.32307,0.31404,0.19207,0.32288
3954.3616,0,0.31520,0.19256,0.32301,0.31439,0.19222,0.32292
3954.3921,0,0.31662,0.19263,0.32327,0.31506,0.19234,0.32303
3954.4311,0,0.31585,0.19215,0.32394,0.31530,0.19228,0.32330
3954.4631,0,0.31369,0.19079,0.32372,0.31481,0.19184,0.32343
3954.4948,0,0.31548,0.18758,0.32107,0.31501,0.19056,0.32272
3954.5262,0,0.31289,0.18662,0.31753,0.31438,0.18938,0.32116
3954.5683,0,0.31743,0.18534,0.31148,0.31529,0.18817,0.31826
3954.5987,0,0.31929,0.18367,0.30309,0.31649,0.18682,0.31371
3954.6294,0,0.31728,0.18355,0.29520,0.31673,0.18584,0.30816
3954.6605,0,0.31329,0.18285,0.28676,0.31570,0.18494,0.30174
3954.6936,0,0.31166,0.18179,0.27852,0.31449,0.18400,0.29477
3954.7246,0,0.31051,0.18041,0.27088,0.31329,0.18292,0.28760
3954.7606,0,0.30862,0.17681,0.26461,0.31189,0.18109,0.28071
3954.7924,0,0.30082,0.17501,0.26122,0.30857,0.17926,0.27486
3954.8236,0,0.29005,0.17194,0.26084,0.30301,0.17707,0.27065
3954.8603,0,0.28673,0.16914,0.26248,0.29813,0.17469,0.26820
3954.8941,0,0.28424,0.16594,0.26619,0.29396,0.17206,0.26760
3954.9277,0,0.28273,0.16347,0.27188,0.29059,0.16948,0.26888
3954.9611,0,0.28870,0.15900,0.27690,0.29003,0.16634,0.27129
3954.9926,0,0.29268,0.15459,0.28286,0.29082,0.16281,0.27476
3955.0239,0,0.30002,0.15177,0.28770,0.29358,0.15950,0.27864
3955.0566,0,0.30392,0.14688,0.29259,0.29669,0.15571,0.28283
3955.0921,0,0.30588,0.14345,0.29680,0.29944,0.15204,0.28702
3955.1237,0,0.30816,0.13946,0.29869,0.30206,0.14826,0.29052
3955.1561,0,0.30659,0.13599,0.29939,0.30342,0.14458,0.29318
3955.1932,0,0.30978,0.13194,0.29671,0.30533,0.14079,0.29424
3955.2235,0,0.31519,0.13062,0.29179,0.30829,0.13774,0.29350
3955.2566,0,0.31745,0.12835,0.28571,0.31104,0.13492,0.29117
3955.2987,0,0.31643,0.12493,0.27860,0.31265,0.13192,0.28739
3955.3321,0,0.31498,0.12342,0.27091,0.31335,0.12937,0.28245
3955.3622,0,0.31139,0.12064,0.26498,0.31276,0.12675,0.27721
3955.3947,0,0.30805,0.11655,0.26039,0.31135,0.12369,0.27216
3955.4349,0,0.30087,0.11408,0.25720,0.30821,0.12081,0.26767
3955.4663,0,0.29137,0.11098,0.25647,0.30316,0.11786,0.26431
3955.4974,0,0.28689,0.10848,0.25772,0.29828,0.11504,0.26234
3955.5291,0,0.29146,0.10612,0.25965,0.29623,0.11237,0.26153
3955.5595,0,0.29451,0.10293,0.26333,0.29571,0.10954,0.26207
3955.5932,0,0.29562,0.09939,0.26855,0.29569,0.10649,0.26401
3955.6458,0,0.29772,0.09608,0.27491,0.29630,0.10337,0.26728
3955.6769,0,0.29872,0.09217,0.28106,0.29702,0.10001,0.27142
3955.7096,0,0.30282,0.08827,0.28609,0.29876,0.09649,0.27582
3955.7411,0,0.30055,0.08389,0.29099,0.29930,0.09271,0.28037
3955.7735,0,0.30622,0.08024,0.29286,0.30137,0.08897,0.28412
3955.8036,0,0.30882,0.07704,0.29404,0.30361,0.08539,0.28709
3955.8330,0,0.30865,0.07303,0.29380,0.30512,0.08168,0.28911
3955.8643,0,0.30919,0.06949,0.29206,0.30634,0.07803,0.28999
3955.8967,0,0.31127,0.06691,0.28785,0.30782,0.07469,0.28935
3955.9293,0,0.31108,0.06365,0.28331,0.30880,0.07138,0.28754
3955.9624,0,0.30669,0.06156,0.27879,0.30816,0.06843,0.28491
3955.9993,0,0.30540,0.06022,0.27281,0.30734,0.06597,0.28128
3956.0319,0,0.30545,0.05793,0.26713,0.30677,0.06356,0.27704
3956.0626,0,0.29896,0.05549,0.26308,0.30443,0.06114,0.27285
3956.0950,0,0.29468,0.05207,0.25966,0.30150,0.05842,0.26889
3956.1267,0,0.28882,0.05019,0.25757,0.29770,0.05595,0.26550
3956.1604,0,0.28592,0.04781,0.25644,0.29417,0.05351,0.26278
3956.1934,0,0.28414,0.04637,0.25570,0.29116,0.05137,0.26065
3956.2260,0,0.28195,0.04340,0.25647,0.28840,0.04898,0.25940
3956.2578,0,0.28327,0.04080,0.25653,0.28686,0.04652,0.25854
3956.2947,0,0.28329,0.03771,0.25712,0.28579,0.04388,0.25811
3956.3259,0,0.28370,0.03475,0.25774,0.28516,0.04114,0.25800
3956.3558,0,0.28323,0.03148,0.25815,0.28458,0.03824,0.25805
3956.3915,0,0.28280,0.02852,0.25828,0.28405,0.03533,0.25812
3956.4247,0,0.28066,0.02438,0.25887,0.28303,0.03204,0.25834
3956.4583,0,0.28217,0.01871,0.25903,0.28277,0.02804,0.25855
3956.4982,0,0.27970,0.01400,0.25968,0.28185,0.02383,0.25889
3956.5293,0,0.28319,0.00834,0.26039,0.28225,0.01918,0.25934
3956.5635,0,0.28188,0.00218,0.26122,0.28214,0.01408,0.25990
3956.5944,0,0.27940,-0.00427,0.26160,0.28132,0.00858,0.26041
3956.6270,0,0.27646,-0.01019,0.26238,0.27986,0.00295,0.26100
3956.6601,0,0.27434,-0.01624,0.26294,0.27821,-0.00281,0.26158
3956.6955,0,0.27374,-0.02187,0.26319,0.27687,-0.00853,0.26207
3956.7297,0,0.27130,-0.02797,0.26376,0.27520,-0.01436,0.26257
3956.7627,0,0.27025,-0.03392,0.26366,0.27371,-0.02023,0.26290
3956.7963,0,0.26945,-0.03769,0.26411,0.27243,-0.02547,0.26326
3956.8260,0,0.26947,-0.04217,0.26441,0.27154,-0.03048,0.26361
3956.8558,0,0.26937,-0.04718,0.26529,0.27089,-0.03549,0.26411
3956.8914,0,0.26926,-0.05232,0.26572,0.27040,-0.04054,0.26460
3956.9308,0,0.26866,-0.05746,0.26621,0.26988,-0.04562,0.26508
3956.9626,0,0.27136,-0.06308,0.26586,0.27033,-0.05086,0.26531
3956.9935,0,0.27135,-0.06879,0.26539,0.27063,-0.05624,0.26533
3957.0250,0,0.27297,-0.07456,0.26474,0.27133,-0.06173,0.26516
3957.0572,0,0.27049,-0.08084,0.26487,0.27108,-0.06747,0.26507
3957.0979,0,0.27190,-0.08686,0.26443,0.27132,-0.07328,0.26488
3957.1288,0,0.27527,-0.09130,0.26335,0.27251,-0.07869,0.26442
3957.1591,0,0.27774,-0.09473,0.26233,0.27408,-0.08350,0.26379
3957.1924,0,0.28125,-0.09828,0.26203,0.27623,-0.08794,0.26327
3957.2250,0,0.28498,-0.10060,0.26208,0.27885,-0.09174,0.26291
3957.2563,0,0.28525,-0.10566,0.26221,0.28077,-0.09591,0.26270
3957.2928,0,0.28293,-0.10971,0.26294,0.28142,-0.10005,0.26277
3957.3248,0,0.28168,-0.11422,0.26388,0.28150,-0.10430,0.26310
3957.3564,0,0.27915,-0.11776,0.26507,0.28079,-0.10834,0.26369
3957.3917,0,0.28118,-0.12143,0.26496,0.28091,-0.11227,0.26407
3957.4248,0,0.28081,-0.12522,0.26471,0.28088,-0.11615,0.26426
3957.4553,0,0.27727,-0.12929,0.26551,0.27980,-0.12009,0.26464
3957.4914,0,0.27739,-0.13186,0.26645,0.27907,-0.12362,0.26518
3957.5236,0,0.27808,-0.13554,0.26675,0.27878,-0.12720,0.26565
3957.5559,0,0.27894,-0.13919,0.26737,0.27883,-0.13080,0.26617
3957.5924,0,0.27633,-0.14286,0.26830,0.27808,-0.13442,0.26681
3957.6383,0,0.27200,-0.14695,0.26986,0.27626,-0.13818,0.26772
3957.6715,0,0.27082,-0.15211,0.27085,0.27462,-0.14236,0.26866
3957.7015,0,0.26768,-0.15492,0.27231,0.27254,-0.14613,0.26976
3957.7354,0,0.26460,-0.15912,0.27364,0.27016,-0.15002,0.27092
3957.7688,0,0.26674,-0.16342,0.27408,0.26913,-0.15404,0.27187
3957.8013,0,0.26522,-0.16728,0.27434,0.26796,-0.15801,0.27261
3957.8345,0,0.26621,-0.17063,0.27453,0.26744,-0.16180,0.27319
3957.8686,0,0.26699,-0.17368,0.27443,0.26730,-0.16536,0.27356
3957.8993,0,0.26391,-0.17610,0.27447,0.26629,-0.16858,0.27383
3957.9306,0,0.26256,-0.17916,0.27416,0.26517,-0.17176,0.27393
3957.9626,0,0.26554,-0.18293,0.27288,0.26528,-0.17511,0.27362
3957.9939,0,0.26475,-0.18667,0.27193,0.26512,-0.17858,0.27311
3958.0276,0,0.26311,-0.19285,0.27116,0.26452,-0.18286,0.27253
3958.0593,0,0.25802,-0.19849,0.27104,0.26257,-0.18755,0.27208
3958.0929,0,0.25864,-0.20369,0.27070,0.26139,-0.19239,0.27167
3958.1245,0,0.25737,-0.20813,0.27077,0.26018,-0.19711,0.27140
3958.1591,0,0.25600,-0.21300,0.27100,0.25893,-0.20188,0.27128
3958.1926,0,0.25550,-0.21819,0.27101,0.25790,-0.20677,0.27120
3958.2244,0,0.25371,-0.22264,0.27096,0.25664,-0.21153,0.27113
3958.2565,0,0.25331,-0.22835,0.27079,0.25564,-0.21658,0.27103
3958.2882,0,0.24980,-0.23201,0.27116,0.25389,-0.22121,0.27107
3958.3256,0,0.24766,-0.23509,0.27121,0.25202,-0.22537,0.27111
3958.3576,0,0.24626,-0.23832,0.27127,0.25029,-0.22926,0.27116
3958.3885,0,0.24451,-0.24142,0.27132,0.24856,-0.23291,0.27121
3958.4304,0,0.24437,-0.24421,0.27186,0.24730,-0.23630,0.27140
3958.4615,0,0.24312,-0.24621,0.27247,0.24605,-0.23927,0.27172
3958.4941,0,0.24280,-0.24610,0.27262,0.24507,-0.24132,0.27199
3958.5258,0,0.24437,-0.24555,0.27263,0.24486,-0.24259,0.27219
3958.5562,0,0.24521,-0.24469,0.27244,0.24497,-0.24322,0.27226
3958.5985,0,0.24503,-0.24363,0.27192,0.24499,-0.24334,0.27216
3958.6416,0,0.24535,-0.24133,0.27118,0.24510,-0.24274,0.27187
3958.6740,0,0.24594,-0.23878,0.27015,0.24535,-0.24155,0.27135
3958.7062,0,0.24570,-0.23477,0.26943,0.24545,-0.23952,0.27078
3958.7369,0,0.24764,-0.23020,0.26825,0.24611,-0.23672,0.27002
3958.7675,0,0.25085,-0.22498,0.26683,0.24753,-0.23320,0.26906
3958.7988,0,0.24978,-0.21902,0.26600,0.24821,-0.22895,0.26814
3958.8303,0,0.25205,-0.21066,0.26403,0.24936,-0.22346,0.26691
3958.8638,0,0.25376,-0.20300,0.26328,0.25068,-0.21732,0.26582
3958.8946,0,0.25559,-0.19433,0.26203,0.25215,-0.21042,0.26468
3958.9265,0,0.25467,-0.18670,0.26116,0.25291,-0.20331,0.26363
3958.9586,0,0.25699,-0.17696,0.25978,0.25413,-0.19540,0.26247
3958.9960,0,0.25803,-0.16858,0.25874,0.25530,-0.18736,0.26135
3959.0266,0,0.25650,-0.15979,0.25782,0.25566,-0.17909,0.26029
3959.0583,0,0.25781,-0.15035,0.25626,0.25631,-0.17047,0.25908
3959.0927,0,0.26155,-0.13924,0.25446,0.25788,-0.16110,0.25770
3959.1261,0,0.26636,-0.12898,0.25222,0.26042,-0.15146,0.25605
3959.1569,0,0.26857,-0.11890,0.25038,0.26287,-0.14169,0.25435
3959.1926,0,0.26475,-0.10781,0.25030,0.26343,-0.13153,0.25314
3959.2241,0,0.26209,-0.09810,0.24958,0.26303,-0.12150,0.25207
3959.2561,0,0.25727,-0.08682,0.25062,0.26130,-0.11110,0.25164
3959.2885,0,0.25646,-0.07520,0.25018,0.25985,-0.10033,0.25120
3959.3267,0,0.25435,-0.06489,0.24940,0.25820,-0.08970,0.25066
3959.3580,0,0.25578,-0.05251,0.24862,0.25747,-0.07854,0.25005
3959.3881,0,0.25881,-0.04119,0.24750,0.25787,-0.06734,0.24928
3959.4244,0,0.25797,-0.03293,0.24711,0.25790,-0.05701,0.24863
3959.4567,0,0.25143,-0.02813,0.24784,0.25596,-0.04835,0.24839
3959.4883,0,0.25275,-0.02519,0.24734,0.25500,-0.04140,0.24808
3959.5271,0,0.25479,-0.02310,0.24666,0.25493,-0.03591,0.24765
3959.5585,0,0.25301,-0.02084,0.24712,0.25436,-0.03139,0.24749
3959.5919,0,0.25368,-0.01888,0.24750,0.25416,-0.02764,0.24749
3959.6440,0,0.25421,-0.01708,0.24804,0.25417,-0.02447,0.24766
3959.6765,0,0.25358,-0.01618,0.24881,0.25400,-0.02198,0.24800
3959.7066,0,0.25624,-0.01561,0.24924,0.25467,-0.02007,0.24837
3959.7381,0,0.25877,-0.01543,0.24953,0.25590,-0.01868,0.24872
3959.7683,0,0.26166,-0.01531,0.24998,0.25763,-0.01767,0.24910
3959.8019,0,0.26331,-0.01478,0.25047,0.25933,-0.01680,0.24951
3959.8334,0,0.26599,-0.01489,0.25094,0.26133,-0.01623,0.24994
3959.8686,0,0.26513,-0.01551,0.25189,0.26247,-0.01601,0.25052
3959.9040,0,0.26458,-0.01536,0.25220,0.26310,-0.01582,0.25102
3959.9351,0,0.26517,-0.01540,0.25188,0.26372,-0.01569,0.25128
3959.9684,0,0.26961,-0.01606,0.25050,0.26549,-0.01580,0.25105
3960.0028,0,0.26912,-0.01629,0.25000,0.26658,-0.01595,0.25073
3960.0371,0,0.27114,-0.01643,0.24950,0.26795,-0.01609,0.25036
3960.0706,0,0.27230,-0.01674,0.24944,0.26925,-0.01629,0.25009
3960.1040,0,0.27486,-0.01869,0.24923,0.27093,-0.01701,0.24983
3960.1356,0,0.27818,-0.01994,0.24884,0.27311,-0.01789,0.24953
3960.1676,0,0.28060,-0.02125,0.24781,0.27536,-0.01890,0.24902
3960.2048,0,0.28517,-0.02257,0.24639,0.27830,-0.02000,0.24823
3960.2371,0,0.28634,-0.02242,0.24529,0.28071,-0.02073,0.24735
3960.2714,0,0.28874,-0.02324,0.24445,0.28312,-0.02148,0.24648
3960.3041,0,0.29152,-0.02294,0.24376,0.28564,-0.02192,0.24566
3960.3351,0,0.29305,-0.02309,0.24281,0.28786,-0.02227,0.24480
3960.3657,0,0.29636,-0.02326,0.24185,0.29041,-0.02257,0.24392
3960.3972,0,0.29950,-0.02379,0.24106,0.29314,-0.02293,0.24306
3960.4280,0,0.30106,-0.02392,0.24103,0.29551,-0.02323,0.24245
3960.4581,0,0.30268,-0.02397,0.24134,0.29766,-0.02345,0.24212
3960.4903,0,0.30666,-0.02382,0.24143,0.30036,-0.02356,0.24191
3960.5282,0,0.30936,-0.02408,0.24181,0.30306,-0.02372,0.24188
3960.5597,0,0.31178,-0.02454,0.24198,0.30568,-0.02396,0.24191
3960.5913,0,0.31592,-0.02545,0.24231,0.30875,-0.02441,0.24203
3960.6424,0,0.31900,-0.02528,0.24270,0.31182,-0.02467,0.24223
3960.6744,0,0.32349,-0.02570,0.24273,0.31532,-0.02498,0.24238
3960.7047,0,0.32706,-0.02546,0.24278,0.31885,-0.02512,0.24250
3960.7406,0,0.32947,-0.02487,0.24265,0.32203,-0.02505,0.24255
3960.7723,0,0.33200,-0.02427,0.24274,0.32502,-0.02482,0.24260
3960.8026,0,0.33814,-0.02352,0.24218,0.32896,-0.02443,0.24248
3960.8351,0,0.34036,-0.02317,0.24220,0.33238,-0.02405,0.24239
3960.8673,0,0.34309,-0.02295,0.24185,0.33559,-0.02372,0.24223
3960.8984,0,0.34488,-0.02300,0.24165,0.33838,-0.02350,0.24206
3960.9293,0,0.34796,-0.02318,0.24131,0.34125,-0.02341,0.24183
3960.9609,0,0.35022,-0.02316,0.24080,0.34394,-0.02333,0.24152
3960.9902,0,0.35087,-0.02311,0.24029,0.34602,-0.02327,0.24115
3961.0241,0,0.35493,-0.02218,0.23952,0.34870,-0.02294,0.24066
3961.0573,0,0.35956,-0.02145,0.23839,0.35196,-0.02249,0.23998
3961.0885,0,0.36168,-0.02135,0.23794,0.35487,-0.02215,0.23937
3961.1244,0,0.36748,-0.02072,0.23704,0.35866,-0.02172,0.23867
3961.1570,0,0.36959,-0.02142,0.23639,0.36194,-0.02163,0.23798
3961.1915,0,0.37404,-0.02195,0.23548,0.36557,-0.02173,0.23723
3961.2250,0,0.37669,-0.02322,0.23474,0.36890,-0.02218,0.23648
3961.2554,0,0.37854,-0.02578,0.23422,0.37180,-0.02326,0.23581
3961.2889,0,0.38278,-0.02621,0.23367,0.37509,-0.02414,0.23517
3961.3235,0,0.38796,-0.02764,0.23253,0.37895,-0.02519,0.23438
3961.3579,0,0.39117,-0.02870,0.23196,0.38262,-0.02625,0.23365
3961.3903,0,0.39245,-0.02995,0.23201,0.38557,-0.02736,0.23316
3961.4274,0,0.39651,-0.03107,0.23191,0.38885,-0.02847,0.23278
3961.4607,0,0.39875,-0.03211,0.23224,0.39182,-0.02956,0.23262
3961.4922,0,0.40000,-0.03350,0.23250,0.39427,-0.03074,0.23258
3961.5245,0,0.40000,-0.03615,0.23184,0.39599,-0.03236,0.23236
3961.5580,0,0.40000,-0.03997,0.23180,0.39719,-0.03465,0.23219
3961.5910,0,0.40000,-0.04189,0.23156,0.39804,-0.03682,0.23200
3961.6488,0,0.40000,-0.04295,0.23130,0.39863,-0.03866,0.23179
3961.6801,0,0.40000,-0.04363,0.22996,0.39904,-0.04015,0.23124
3961.7110,0,0.40000,-0.04463,0.22888,0.39933,-0.04149,0.23054
3961.7436,0,0.40000,-0.04388,0.22762,0.39953,-0.04221,0.22966
3961.7762,0,0.40000,-0.04507,0.22686,0.39967,-0.04307,0.22882
3961.8095,0,0.40000,-0.04587,0.22660,0.39977,-0.04391,0.22816
3961.8448,0,0.40000,-0.04591,0.22632,0.39984,-0.04451,0.22760
3961.8765,0,0.40000,-0.04557,0.22570,0.39989,-0.04483,0.22703
3961.9083,0,0.40000,-0.04536,0.22527,0.39992,-0.04499,0.22650
3961.9413,0,0.40000,-0.04411,0.22508,0.39994,-0.04472,0.22608
3961.9746,0,0.40000,-0.04242,0.22441,0.39996,-0.04403,0.22558
3962.0059,0,0.40000,-0.04040,0.22339,0.39997,-0.04294,0.22492
3962.0403,0,0.40000,-0.03741,0.22226,0.39998,-0.04128,0.22412
3962.0742,0,0.40000,-0.03629,0.22142,0.39999,-0.03979,0.22331
3962.1058,0,0.40000,-0.03333,0.21993,0.39999,-0.03785,0.22230
3962.1371,0,0.40000,-0.03262,0.21822,0.39999,-0.03628,0.22107
3962.1704,0,0.40000,-0.03161,0.21623,0.40000,-0.03488,0.21962
3962.2039,0,0.40000,-0.03160,0.21520,0.40000,-0.03390,0.21829
3962.2349,0,0.40000,-0.03142,0.21472,0.40000,-0.03315,0.21722
3962.2659,0,0.40000,-0.03235,0.21513,0.40000,-0.03291,0.21659
3962.2995,0,0.40000,-0.03116,0.21531,0.40000,-0.03239,0.21621
3962.3362,0,0.40000,-0.03097,0.21542,0.40000,-0.03196,0.21597
3962.3680,0,0.40000,-0.03032,0.21565,0.40000,-0.03147,0.21588
3962.3999,0,0.40000,-0.02923,0.21574,0.40000,-0.03080,0.21583
3962.4298,0,0.40000,-0.02922,0.21495,0.40000,-0.03032,0.21557
3962.4624,0,0.40000,-0.02767,0.21416,0.40000,-0.02953,0.21514
3962.4930,0,0.40000,-0.02646,0.21215,0.40000,-0.02861,0.21425
3962.5241,0,0.40000,-0.02359,0.21083,0.40000,-0.02710,0.21322
3962.5606,0,0.40000,-0.02235,0.20854,0.40000,-0.02568,0.21181
3962.5958,0,0.40000,-0.02201,0.20719,0.40000,-0.02458,0.21043
3962.6285,0,0.40000,-0.01941,0.20502,0.40000,-0.02303,0.20880
3962.6597,0,0.40000,-0.01781,0.20274,0.40000,-0.02146,0.20699
3962.6921,0,0.40000,-0.01621,0.20141,0.40000,-0.01989,0.20531
3962.7274,0,0.40000,-0.01524,0.20004,0.40000,-0.01849,0.20373
3962.7580,0,0.40000,-0.01416,0.19807,0.40000,-0.01719,0.20203
3962.7893,0,0.40000,-0.01091,0.19515,0.40000,-0.01531,0.19997
3962.8236,0,0.40000,-0.01045,0.19404,0.40000,-0.01385,0.19819
3962.8602,0,0.40000,-0.00893,0.19235,0.40000,-0.01237,0.19644
3962.8929,0,0.40000,-0.00813,0.19076,0.40000,-0.01110,0.19473
3962.9255,0,0.40000,-0.00782,0.18879,0.40000,-0.01012,0.19295
3962.9561,0,0.40000,-0.00657,0.18662,0.40000,-0.00905,0.19105
3962.9906,0,0.40000,-0.00412,0.18535,0.40000,-0.00757,0.18934
3963.0261,0,0.40000,-0.00308,0.18220,0.40000,-0.00623,0.18720
3963.0584,0,0.40000,-0.00162,0.17906,0.40000,-0.00484,0.18476
3963.0911,0,0.40000,0.00391,0.17628,0.40000,-0.00222,0.18221
3963.1235,0,0.40000,0.00670,0.17483,0.40000,0.00046,0.18000
3963.1555,0,0.40000,0.00877,0.17296,0.40000,0.00295,0.17789
3963.1875,0,0.40000,0.00957,0.17269,0.40000,0.00494,0.17633
3963.2233,0,0.40000,0.01136,0.17239,0.40000,0.00686,0.17515
3963.2553,0,0.40000,0.01328,0.17294,0.40000,0.00879,0.17448
3963.2872,0,0.40000,0.01513,0.17450,0.40000,0.01069,0.17449
3963.3247,0,0.40000,0.01861,0.17565,0.40000,0.01307,0.17484
3963.3629,0,0.40000,0.02104,0.17509,0.40000,0.01546,0.17491
3963.3992,0,0.40000,0.02455,0.17333,0.40000,0.01819,0.17444
3963.4315,0,0.40000,0.02490,0.17137,0.40000,0.02020,0.17352
3963.4694,0,0.40000,0.02752,0.17067,0.40000,0.02240,0.17266
3963.5049,0,0.40000,0.02993,0.16717,0.40000,0.02466,0.17102
3963.5360,0,0.40000,0.03054,0.16682,0.40000,0.02642,0.16976
3963.5703,0,0.40000,0.02818,0.16674,0.40000,0.02695,0.16885
3963.6080,0,0.40000,0.02817,0.16700,0.40000,0.02732,0.16830
3963.6570,0,0.40000,0.02837,0.16697,0.40000,0.02763,0.16790
3963.6891,0,0.40000,0.02842,0.16707,0.40000,0.02787,0.16765
3963.7284,0,0.40000,0.02756,0.16639,0.40000,0.02778,0.16727
3963.7625,0,0.40000,0.02790,0.16532,0.40000,0.02781,0.16669
3963.7997,0,0.40000,0.02634,0.16399,0.40000,0.02737,0.16588
3963.8300,0,0.40000,0.02346,0.16373,0.40000,0.02620,0.16523
3963.8628,0,0.40000,0.01771,0.16123,0.40000,0.02365,0.16403
3963.8950,0,0.40000,0.01602,0.15735,0.40000,0.02136,0.16203
3963.9251,0,0.40000,0.01407,0.15668,0.40000,0.01918,0.16042
3963.9573,0,0.40000,0.01484,0.15511,0.40000,0.01787,0.15883
3963.9874,0,0.40000,0.01489,0.15394,0.40000,0.01698,0.15736
3964.0234,0,0.40000,0.01611,0.15238,0.40000,0.01672,0.15587
3964.0576,0,0.40000,0.01735,0.15262,0.40000,0.01691,0.15489
3964.0872,0,0.40000,0.01720,0.15430,0.40000,0.01700,0.15472
3964.1189,0,0.40000,0.01977,0.15544,0.40000,0.01783,0.15493
3964.1567,0,0.40000,0.01781,0.15848,0.40000,0.01782,0.15600
3964.1880,0,0.40000,0.01940,0.15835,0.40000,0.01829,0.15670
3964.2185,0,0.40000,0.01851,0.16018,0.40000,0.01836,0.15775
3964.2528,0,0.40000,0.02147,0.15978,0.40000,0.01929,0.15836
3964.2949,0,0.40000,0.01813,0.16027,0.40000,0.01894,0.15893
3964.3259,0,0.40000,0.01953,0.15988,0.40000,0.01912,0.15922
3964.3584,0,0.40000,0.01715,0.16214,0.40000,0.01853,0.16009
3964.3894,0,0.40000,0.01627,0.16374,0.40000,0.01785,0.16119
3964.4197,0,0.40000,0.01507,0.16450,0.40000,0.01702,0.16218
3964.4514,0,0.40000,0.01536,0.16581,0.40000,0.01652,0.16327
3964.4948,0,0.40000,0.01477,0.16620,0.40000,0.01599,0.16415
3964.5266,0,0.40000,0.01244,0.16765,0.40000,0.01493,0.16520
3964.5596,0,0.40000,0.01009,0.16957,0.40000,0.01348,0.16651
3964.5902,0,0.40000,0.01211,0.17172,0.40000,0.01307,0.16807
3964.6215,0,0.40000,0.00771,0.17392,0.40000,0.01146,0.16983
3964.6780,0,0.40000,0.00648,0.17670,0.40000,0.00997,0.17189
3964.7089,0,0.40000,0.00536,0.17811,0.40000,0.00858,0.17376
3964.7398,0,0.40000,0.00579,0.17894,0.40000,0.00774,0.17531
3964.7698,0,0.40000,0.00643,0.17978,0.40000,0.00735,0.17665
3964.8016,0,0.40000,0.00682,0.18038,0.40000,0.00719,0.17777
3964.8352,0,0.40000,0.00646,0.18224,0.40000,0.00697,0.17911
3964.8689,0,0.40000,0.00722,0.18483,0.40000,0.00705,0.18083
3964.9041,0,0.40000,0.00666,0.18799,0.40000,0.00693,0.18298
3964.9346,0,0.40000,0.00553,0.19192,0.40000,0.00651,0.18566
3964.9643,0,0.40000,0.00387,0.19485,0.40000,0.00572,0.18842
3964.9945,0,0.40000,0.00366,0.19714,0.40000,0.00510,0.19103
3965.0257,0,0.40000,0.00394,0.19888,0.40000,0.00475,0.19339
3965.0555,0,0.40000,0.00481,0.20082,0.40000,0.00477,0.19562
3965.0879,0,0.40000,0.00432,0.20225,0.40000,0.00463,0.19760
3965.1203,0,0.40000,0.00448,0.20338,0.40000,0.00459,0.19934
3965.1527,0,0.40000,0.00250,0.20440,0.40000,0.00396,0.20086
3965.1850,0,0.40000,0.00140,0.20560,0.40000,0.00319,0.20228
3965.2182,0,0.40000,-0.00002,0.20750,0.40000,0.00223,0.20384
3965.2497,0,0.40000,-0.00110,0.20994,0.40000,0.00123,0.20567
3965.2802,0,0.39944,-0.00175,0.21177,0.39983,0.00034,0.20750
3965.3113,0,0.39690,-0.00157,0.21308,0.39895,-0.00024,0.20918
3965.3422,0,0.39356,-0.00402,0.21432,0.39734,-0.00137,0.21072
3965.3765,0,0.39140,-0.00520,0.21515,0.39556,-0.00252,0.21205
3965.4085,0,0.38591,-0.00625,0.21683,0.39266,-0.00364,0.21348
3965.4395,0,0.38022,-0.00713,0.21868,0.38893,-0.00468,0.21504
3965.4716,0,0.37640,-0.00729,0.21992,0.38517,-0.00547,0.21651
3965.5059,0,0.37345,-0.00983,0.22107,0.38166,-0.00678,0.21788
3965.5384,0,0.36911,-0.01208,0.22224,0.37789,-0.00837,0.21918
3965.5716,0,0.36501,-0.01328,0.22247,0.37403,-0.00984,0.22017
3965.6052,0,0.36177,-0.01545,0.22231,0.37035,-0.01153,0.22081
3965.6628,0,0.35762,-0.01752,0.22287,0.36653,-0.01332,0.22143
3965.6945,0,0.35509,-0.01834,0.22352,0.36310,-0.01483,0.22206
3965.7270,0,0.34982,-0.02009,0.22492,0.35912,-0.01641,0.22292
3965.7575,0,0.34516,-0.02156,0.22659,0.35493,-0.01795,0.22402
3965.7939,0,0.34033,-0.02167,0.22751,0.35055,-0.01907,0.22507
3965.8238,0,0.33860,-0.02379,0.22833,0.34697,-0.02049,0.22605
3965.8547,0,0.33535,-0.02512,0.22915,0.34348,-0.02188,0.22698
3965.8885,0,0.33266,-0.02503,0.22915,0.34024,-0.02282,0.22763
3965.9223,0,0.32948,-0.02545,0.22938,0.33701,-0.02361,0.22815
3965.9545,0,0.32635,-0.02603,0.23007,0.33381,-0.02434,0.22873
3965.9886,0,0.32302,-0.02569,0.23067,0.33057,-0.02474,0.22931
3966.0213,0,0.32101,-0.02608,0.23128,0.32770,-0.02514,0.22990
3966.0555,0,0.32031,-0.02685,0.23185,0.32549,-0.02565,0.23049
3966.0928,0,0.31624,-0.02811,0.23248,0.32271,-0.02639,0.23108
3966.1250,0,0.31378,-0.02786,0.23309,0.32003,-0.02683,0.23168
3966.1545,0,0.30824,-0.02927,0.23397,0.31650,-0.02756,0.23237
3966.1875,0,0.30532,-0.02777,0.23470,0.31314,-0.02762,0.23307
3966.2183,0,0.30215,-0.02907,0.23573,0.30985,-0.02806,0.23387
3966.2484,0,0.29910,-0.02923,0.23632,0.30662,-0.02841,0.23460
3966.2783,0,0.29616,-0.03070,0.23690,0.30348,-0.02910,0.23529
3966.3087,0,0.29470,-0.03148,0.23709,0.30085,-0.02981,0.23583
3966.3435,0,0.28963,-0.03256,0.23787,0.29748,-0.03064,0.23644
3966.3732,0,0.28717,-0.03241,0.23872,0.29439,-0.03117,0.23712
3966.4050,0,0.28233,-0.03344,0.24000,0.29077,-0.03185,0.23799
3966.4377,0,0.27916,-0.03369,0.24130,0.28729,-0.03240,0.23898
3966.4691,0,0.27719,-0.03364,0.24229,0.28426,-0.03277,0.23997
3966.4999,0,0.27448,-0.03405,0.24328,0.28133,-0.03316,0.24096
3966.5314,0,0.27176,-0.03451,0.24386,0.27846,-0.03356,0.24183
3966.5654,0,0.26830,-0.03544,0.24454,0.27541,-0.03413,0.24264
3966.5964,0,0.26829,-0.03505,0.24460,0.27327,-0.03440,0.24323
3966.6308,0,0.26468,-0.03461,0.24542,0.27069,-0.03447,0.24389
3966.6615,0,0.26339,-0.03513,0.24555,0.26850,-0.03466,0.24439
3966.6952,0,0.26123,-0.03451,0.24628,0.26632,-0.03462,0.24495
3966.7274,0,0.25868,-0.03440,0.24714,0.26403,-0.03455,0.24561
3966.7641,0,0.25573,-0.03452,0.24846,0.26154,-0.03454,0.24646
3966.7967,0,0.25543,-0.03396,0.24942,0.25970,-0.03437,0.24735
3966.8270,0,0.25320,-0.03322,0.25077,0.25775,-0.03402,0.24838
3966.8572,0,0.25397,-0.03232,0.25136,0.25662,-0.03351,0.24927
3966.8874,0,0.25195,-0.03236,0.25228,0.25522,-0.03317,0.25017
3966.9225,0,0.24826,-0.03267,0.25312,0.25313,-0.03302,0.25106
3966.9568,0,0.24614,-0.03278,0.25363,0.25103,-0.03295,0.25183
3966.9885,0,0.24526,-0.03250,0.25417,0.24930,-0.03281,0.25253
3967.0241,0,0.24374,-0.03171,0.25477,0.24763,-0.03248,0.25320
3967.0571,0,0.24247,-0.03114,0.25534,0.24608,-0.03208,0.25384
3967.0890,0,0.24107,-0.03143,0.25598,0.24458,-0.03188,0.25449
3967.1246,0,0.24054,-0.03178,0.25643,0.24337,-0.03185,0.25507
3967.1561,0,0.23813,-0.03163,0.25693,0.24180,-0.03178,0.25563
3967.1908,0,0.23742,-0.03217,0.25757,0.24048,-0.03190,0.25621
3967.2229,0,0.23806,-0.03329,0.25776,0.23976,-0.03232,0.25667
3967.2587,0,0.23729,-0.03365,0.25846,0.23902,-0.03272,0.25721
3967.2905,0,0.23555,-0.03448,0.25966,0.23798,-0.03324,0.25795
3967.3236,0,0.23587,-0.03422,0.26037,0.23734,-0.03354,0.25867
3967.3673,0,0.23475,-0.03470,0.26153,0.23657,-0.03389,0.25953
3967.4028,0,0.23267,-0.03516,0.26195,0.23540,-0.03427,0.26026
3967.4350,0,0.22973,-0.03540,0.26256,0.23370,-0.03461,0.26095
3967.4700,0,0.23012,-0.03523,0.26277,0.23263,-0.03480,0.26150
3967.5017,0,0.22954,-0.03490,0.26306,0.23170,-0.03483,0.26197
3967.5370,0,0.22680,-0.03458,0.26380,0.23023,-0.03475,0.26252
3967.5732,0,0.22472,-0.03393,0.26455,0.22858,-0.03451,0.26313
3967.6095,0,0.22428,-0.03326,0.26503,0.22729,-0.03413,0.26370
3967.6617,0,0.22543,-0.03357,0.26503,0.22673,-0.03396,0.26410
3967.6929,0,0.22459,-0.03298,0.26557,0.22609,-0.03367,0.26454
3967.7246,0,0.22340,-0.03226,0.26589,0.22528,-0.03324,0.26495
3967.7557,0,0.22239,-0.03165,0.26638,0.22442,-0.03277,0.26538
3967.7872,0,0.22201,-0.03124,0.26672,0.22369,-0.03231,0.26578
3967.8190,0,0.22205,-0.03124,0.26670,0.22320,-0.03199,0.26605
3967.8521,0,0.22300,-0.03124,0.26681,0.22314,-0.03176,0.26628
3967.8847,0,0.22166,-0.03151,0.26714,0.22270,-0.03169,0.26654
3967.9245,0,0.22223,-0.03085,0.26722,0.22256,-0.03144,0.26674
3967.9550,0,0.22191,-0.03106,0.26728,0.22236,-0.03132,0.26690
3967.9858,0,0.22214,-0.03143,0.26730,0.22230,-0.03136,0.26702
3968.0189,0,0.22135,-0.03175,0.26747,0.22201,-0.03148,0.26716
3968.0525,0,0.22208,-0.03185,0.26720,0.22203,-0.03159,0.26717
3968.0848,0,0.22208,-0.03248,0.26732,0.22205,-0.03186,0.26721
3968.1171,0,0.22255,-0.03284,0.26710,0.22220,-0.03215,0.26718
3968.1502,0,0.22222,-0.03323,0.26678,0.22221,-0.03247,0.26706
3968.1876,0,0.22135,-0.03420,0.26648,0.22195,-0.03299,0.26689
3968.2178,0,0.22311,-0.03499,0.26652,0.22230,-0.03359,0.26678
3968.2491,0,0.22411,-0.03502,0.26638,0.22284,-0.03402,0.26666
3968.2821,0,0.22425,-0.03514,0.26672,0.22326,-0.03436,0.26668
3968.3153,0,0.22501,-0.03567,0.26646,0.22379,-0.03475,0.26661
3968.3467,0,0.22697,-0.03606,0.26600,0.22474,-0.03514,0.26643
3968.3777,0,0.22731,-0.03683,0.26587,0.22551,-0.03565,0.26626
3968.4120,0,0.22799,-0.03755,0.26563,0.22626,-0.03622,0.26607
3968.4433,0,0.22965,-0.03760,0.26540,0.22727,-0.03663,0.26587
3968.4757,0,0.23071,-0.03713,0.26539,0.22830,-0.03678,0.26573
3968.5061,0,0.23130,-0.03791,0.26519,0.22920,-0.03712,0.26557
3968.5397,0,0.23395,-0.03826,0.26491,0.23063,-0.03746,0.26537
3968.5721,0,0.23587,-0.03955,0.26455,0.23220,-0.03809,0.26513
3968.6135,0,0.23951,-0.03995,0.26407,0.23439,-0.03865,0.26481
3968.6693,0,0.24140,-0.04044,0.26361,0.23649,-0.03918,0.26445
3968.7023,0,0.24314,-0.04085,0.26313,0.23849,-0.03968,0.26405
3968.7344,0,0.24649,-0.04101,0.26261,0.24089,-0.04008,0.26362
3968.7654,0,0.24879,-0.04193,0.26198,0.24326,-0.04064,0.26313
3968.7988,0,0.25194,-0.04234,0.26107,0.24586,-0.04115,0.26251
3968.8339,0,0.25447,-0.04327,0.26039,0.24844,-0.04178,0.26188
3968.8641,0,0.25772,-0.04302,0.25925,0.25123,-0.04216,0.26109
3968.8965,0,0.25854,-0.04256,0.25866,0.25342,-0.04228,0.26036
3968.9270,0,0.25803,-0.04283,0.25838,0.25480,-0.04244,0.25977
3968.9588,0,0.26121,-0.04360,0.25783,0.25673,-0.04279,0.25919
3968.9890,0,0.26421,-0.04348,0.25693,0.25897,-0.04300,0.25851
3969.0238,0,0.26697,-0.04358,0.25636,0.26137,-0.04317,0.25787
3969.0559,0,0.26971,-0.04442,0.25557,0.26387,-0.04355,0.25718
3969.0891,0,0.27447,-0.04547,0.25454,0.26705,-0.04412,0.25639
3969.1182,0,0.27581,-0.04505,0.25390,0.26968,-0.04440,0.25564
3969.1498,0,0.27993,-0.04456,0.25304,0.27275,-0.04445,0.25486
3969.1813,0,0.28278,-0.04450,0.25213,0.27576,-0.04446,0.25404
3969.2120,0,0.28497,-0.04449,0.25109,0.27852,-0.04447,0.25315
3969.2439,0,0.28662,-0.04356,0.25065,0.28095,-0.04420,0.25240
3969.2765,0,0.28745,-0.04252,0.25039,0.28290,-0.04370,0.25180
3969.3087,0,0.28975,-0.04221,0.24995,0.28495,-0.04325,0.25124
3969.3386,0,0.29130,-0.04115,0.24953,0.28686,-0.04262,0.25073
3969.3705,0,0.29481,-0.04089,0.24875,0.28924,-0.04210,0.25013
3969.4098,0,0.29762,-0.04012,0.24785,0.29176,-0.04151,0.24945
3969.4409,0,0.29985,-0.04026,0.24649,0.29418,-0.04113,0.24856
3969.4728,0,0.30416,-0.04073,0.24461,0.29718,-0.04101,0.24737
3969.5108,0,0.31017,-0.03924,0.24238,0.30108,-0.04048,0.24588
3969.5444,0,0.31285,-0.03888,0.24062,0.30461,-0.04000,0.24430
3969.5764,0,0.31689,-0.03824,0.23873,0.30829,-0.03947,0.24263
3969.6101,0,0.31692,-0.03594,0.23771,0.31088,-0.03841,0.24115
3969.6452,0,0.31819,-0.03440,0.23675,0.31307,-0.03721,0.23983
3969.6763,0,0.32056,-0.03375,0.23595,0.31532,-0.03617,0.23867
3969.7160,0,0.32499,-0.03290,0.23490,0.31822,-0.03519,0.23754
3969.7474,0,0.32875,-0.03217,0.23367,0.32138,-0.03429,0.23638
3969.7781,0,0.33296,-0.03131,0.23193,0.32486,-0.03339,0.23504
3969.8103,0,0.33950,-0.03018,0.22923,0.32925,-0.03243,0.23330
3969.8437,0,0.34260,-0.02991,0.22705,0.33326,-0.03167,0.23143
3969.8790,0,0.34647,-0.02675,0.22542,0.33722,-0.03020,0.22962
3969.9135,0,0.35040,-0.02577,0.22391,0.34117,-0.02887,0.22791
3969.9464,0,0.35417,-0.02389,0.22363,0.34507,-0.02738,0.22663
3969.9782,0,0.35632,-0.02266,0.22427,0.34845,-0.02596,0.22592
3970.0118,0,0.35976,-0.02360,0.22528,0.35184,-0.02525,0.22573
3970.0441,0,0.36396,-0.02505,0.22633,0.35548,-0.02519,0.22591
3970.0766,0,0.36798,-0.02574,0.22658,0.35923,-0.02536,0.22611
3970.1095,0,0.37038,-0.02673,0.22677,0.36257,-0.02577,0.22631
3970.1423,0,0.37580,-0.02627,0.22636,0.36654,-0.02592,0.22632
3970.1733,0,0.37923,-0.02556,0.22533,0.37035,-0.02581,0.22603
3970.2117,0,0.38522,-0.02488,0.22369,0.37481,-0.02553,0.22533
3970.2435,0,0.38914,-0.02440,0.22272,0.37911,-0.02519,0.22454
3970.2763,0,0.39521,-0.02372,0.22099,0.38394,-0.02475,0.22348
3970.3076,0,0.39999,-0.02290,0.21974,0.38876,-0.02419,0.22236
3970.3399,0,0.40000,-0.02393,0.21871,0.39213,-0.02412,0.22126
3970.3727,0,0.40000,-0.02371,0.21798,0.39449,-0.02399,0.22028
3970.4044,0,0.40000,-0.02409,0.21646,0.39614,-0.02402,0.21913
3970.4417,0,0.40000,-0.02432,0.21520,0.39730,-0.02411,0.21795
3970.4725,0,0.40000,-0.02276,0.21350,0.39811,-0.02371,0.21662
3970.5030,0,0.40000,-0.02178,0.21151,0.39868,-0.02313,0.21509
3970.5366,0,0.40000,-0.02105,0.20995,0.39907,-0.02250,0.21355
3970.5700,0,0.40000,-0.02048,0.20843,0.39935,-0.02190,0.21201
3970.6126,0,0.40000,-0.02074,0.20682,0.39955,-0.02155,0.21046
3970.6539,0,0.40000,-0.01932,0.20594,0.39968,-0.02088,0.20910
3970.6865,0,0.40000,-0.01912,0.20535,0.39978,-0.02035,0.20797
3970.7196,0,0.40000,-0.01859,0.20465,0.39984,-0.01982,0.20698
3970.7534,0,0.40000,-0.01862,0.20334,0.39989,-0.01946,0.20589
3970.7850,0,0.40000,-0.01918,0.20243,0.39992,-0.01938,0.20485
3970.8156,0,0.40000,-0.01919,0.20148,0.39995,-0.01932,0.20384
3970.8481,0,0.40000,-0.02001,0.20032,0.39996,-0.01953,0.20278
3970.8791,0,0.40000,-0.02112,0.19903,0.39997,-0.02001,0.20166
3970.9096,0,0.40000,-0.02104,0.19850,0.39998,-0.02032,0.20071
3970.9402,0,0.40000,-0.02244,0.19867,0.39999,-0.02095,0.20010
3970.9725,0,0.40000,-0.02241,0.19828,0.39999,-0.02139,0.19955
3971.0101,0,0.40000,-0.02195,0.19843,0.39999,-0.02156,0.19921
3971.0406,0,0.40000,-0.02279,0.19790,0.40000,-0.02193,0.19882
3971.0702,0,0.40000,-0.02254,0.19715,0.40000,-0.02211,0.19832
3971.1005,0,0.40000,-0.02324,0.19562,0.40000,-0.02245,0.19751
3971.1314,0,0.40000,-0.02241,0.19370,0.40000,-0.02244,0.19637
3971.1620,0,0.40000,-0.02093,0.19207,0.40000,-0.02198,0.19508
3971.1998,0,0.40000,-0.01917,0.19045,0.40000,-0.02114,0.19369
3971.2300,0,0.40000,-0.01958,0.18884,0.40000,-0.02067,0.19224
3971.2617,0,0.40000,-0.01537,0.18744,0.40000,-0.01908,0.19080
3971.2929,0,0.40000,-0.01405,0.18581,0.40000,-0.01757,0.18930
3971.3238,0,0.40000,-0.01309,0.18456,0.40000,-0.01623,0.18788
3971.3556,0,0.40000,-0.01188,0.18300,0.40000,-0.01492,0.18641
3971.3895,0,0.40000,-0.01103,0.18156,0.40000,-0.01375,0.18496
3971.4226,0,0.40000,-0.00712,0.18001,0.40000,-0.01176,0.18347
3971.4563,0,0.40000,-0.00515,0.17828,0.40000,-0.00978,0.18192
3971.4891,0,0.40000,-0.00685,0.17713,0.40000,-0.00890,0.18048
3971.5223,0,0.40000,-0.00766,0.17487,0.40000,-0.00853,0.17880
3971.5585,0,0.40000,-0.00720,0.17369,0.40000,-0.00813,0.17726
3971.5942,0,0.40000,-0.00683,0.17325,0.40000,-0.00774,0.17606
3971.6482,0,0.40000,-0.00515,0.17181,0.40000,-0.00696,0.17478
3971.6804,0,0.40000,-0.00662,0.17092,0.40000,-0.00686,0.17362
3971.7132,0,0.40000,-0.00651,0.17066,0.40000,-0.00676,0.17273
3971.7432,0,0.40000,-0.00504,0.17066,0.40000,-0.00624,0.17211
3971.7746,0,0.40000,-0.00434,0.17026,0.40000,-0.00567,0.17156
3971.8061,0,0.40000,-0.00288,0.17009,0.40000,-0.00483,0.17112
3971.8392,0,0.40000,-0.00271,0.16932,0.40000,-0.00420,0.17058
3971.8743,0,0.40000,-0.00275,0.16959,0.40000,-0.00376,0.17028
3971.9065,0,0.40000,-0.00411,0.16886,0.40000,-0.00387,0.16986
3971.9402,0,0.40000,-0.00282,0.16728,0.40000,-0.00355,0.16908
3971.9732,0,0.40000,-0.00050,0.16629,0.40000,-0.00264,0.16825
3972.0059,0,0.40000,-0.00163,0.16451,0.40000,-0.00234,0.16712
3972.0386,0,0.40000,0.00009,0.16483,0.40000,-0.00161,0.16643
3972.0724,0,0.40000,-0.00013,0.16432,0.40000,-0.00117,0.16580
3972.1126,0,0.40000,-0.00045,0.16465,0.40000,-0.00095,0.16545
3972.1438,0,0.40000,0.00099,0.16418,0.40000,-0.00037,0.16507
3972.1751,0,0.40000,0.00143,0.16267,0.40000,0.00017,0.16435
3972.2077,0,0.40000,-0.00153,0.16040,0.40000,-0.00034,0.16316
3972.2406,0,0.40000,-0.00210,0.15912,0.40000,-0.00087,0.16195
3972.2708,0,0.40000,-0.00397,0.15757,0.40000,-0.00180,0.16064
3972.3045,0,0.40000,-0.00455,0.15711,0.40000,-0.00262,0.15958
3972.3354,0,0.40000,-0.00499,0.15682,0.40000,-0.00333,0.15875
3972.3666,0,0.40000,-0.00552,0.15656,0.40000,-0.00399,0.15809
3972.3992,0,0.40000,-0.00614,0.15643,0.40000,-0.00463,0.15759
3972.4348,0,0.40000,-0.00673,0.15608,0.40000,-0.00526,0.15714
3972.4673,0,0.40000,-0.00637,0.15561,0.40000,-0.00559,0.15668
3972.4988,0,0.40000,-0.00641,0.15530,0.40000,-0.00584,0.15627
3972.5291,0,0.40000,-0.00526,0.15570,0.40000,-0.00566,0.15610
3972.5605,0,0.40000,-0.00511,0.15528,0.40000,-0.00550,0.15585
3972.5928,0,0.40000,-0.00376,0.15508,0.40000,-0.00498,0.15562
3972.6244,0,0.40000,-0.00391,0.15593,0.40000,-0.00465,0.15571
3972.6585,0,0.40000,-0.00116,0.15546,0.40000,-0.00361,0.15564
3972.6973,0,0.40000,-0.00261,0.15435,0.40000,-0.00331,0.15525
3972.7297,0,0.40000,-0.00102,0.15368,0.40000,-0.00262,0.15478
3972.7617,0,0.40000,-0.00267,0.15350,0.40000,-0.00264,0.15440
3972.7931,0,0.40000,-0.00180,0.15356,0.40000,-0.00239,0.15415
3972.8247,0,0.40000,-0.00154,0.15343,0.40000,-0.00213,0.15393
3972.8587,0,0.40000,-0.00058,0.15329,0.40000,-0.00167,0.15374
3972.8914,0,0.40000,-0.00106,0.15377,0.40000,-0.00149,0.15375
3972.9249,0,0.40000,-0.00088,0.15530,0.40000,-0.00130,0.15421
3972.9571,0,0.40000,-0.00125,0.15597,0.40000,-0.00129,0.15474
3972.9896,0,0.40000,-0.00077,0.15762,0.40000,-0.00113,0.15560
3973.0230,0,0.40000,-0.00171,0.16011,0.40000,-0.00130,0.15696
3973.0557,0,0.40000,-0.00467,0.16312,0.40000,-0.00231,0.15881
3973.0952,0,0.40000,-0.00584,0.16609,0.40000,-0.00337,0.16099
3973.1293,0,0.40000,-0.01093,0.16938,0.40000,-0.00564,0.16351
3973.1615,0,0.40000,-0.01194,0.16987,0.40000,-0.00753,0.16542
3973.1962,0,0.40000,-0.01070,0.17103,0.40000,-0.00848,0.16710
3973.2267,0,0.40000,-0.00949,0.17129,0.40000,-0.00878,0.16836
3973.2604,0,0.40000,-0.00995,0.17113,0.40000,-0.00913,0.16919
3973.2930,0,0.40000,-0.00795,0.17229,0.40000,-0.00878,0.17012
3973.3274,0,0.40000,-0.00921,0.17409,0.40000,-0.00891,0.17131
3973.3601,0,0.40000,-0.00697,0.17580,0.40000,-0.00833,0.17266
3973.3980,0,0.40000,-0.00871,0.17685,0.40000,-0.00844,0.17392
3973.4288,0,0.40000,-0.00837,0.17818,0.40000,-0.00842,0.17520
3973.4635,0,0.40000,-0.00872,0.17920,0.40000,-0.00851,0.17640
3973.4960,0,0.40000,-0.00853,0.18114,0.40000,-0.00852,0.17782
3973.5284,0,0.40000,-0.00767,0.18360,0.40000,-0.00826,0.17955
3973.5611,0,0.40000,-0.00692,0.18509,0.40000,-0.00786,0.18121
3973.5955,0,0.40000,-0.00526,0.18657,0.40000,-0.00708,0.18282
3973.6281,0,0.40000,-0.00550,0.18778,0.40000,-0.00661,0.18431
3973.6615,0,0.40000,-0.00600,0.18976,0.40000,-0.00643,0.18594
3973.6929,0,0.40000,-0.00761,0.19236,0.40000,-0.00678,0.18787
3973.7244,0,0.40000,-0.00980,0.19576,0.40000,-0.00769,0.19024
3973.7570,0,0.40000,-0.00889,0.19838,0.40000,-0.00805,0.19268
3973.7889,0,0.40000,-0.00982,0.20059,0.40000,-0.00858,0.19505
3973.8271,0,0.40000,-0.01083,0.20264,0.40000,-0.00925,0.19733
3973.8606,0,0.40000,-0.01284,0.20546,0.40000,-0.01033,0.19977
3973.8929,0,0.40000,-0.01463,0.20760,0.40000,-0.01162,0.20212
3973.9246,0,0.40000,-0.01646,0.21015,0.40000,-0.01307,0.20453
3973.9561,0,0.40000,-0.01723,0.21185,0.40000,-0.01432,0.20672
3973.9884,0,0.40000,-0.01833,0.21387,0.40000,-0.01552,0.20887
3974.0248,0,0.40000,-0.01877,0.21606,0.40000,-0.01650,0.21103
3974.0553,0,0.40000,-0.01999,0.21862,0.40000,-0.01754,0.21331
3974.0897,0,0.39971,-0.01940,0.22089,0.39991,-0.01810,0.21558
3974.1240,0,0.39596,-0.01996,0.22343,0.39873,-0.01866,0.21793
3974.1581,0,0.39213,-0.02078,0.22591,0.39675,-0.01929,0.22033
3974.1904,0,0.38750,-0.02020,0.22832,0.39397,-0.01957,0.22273
3974.2300,0,0.38349,-0.02101,0.23060,0.39083,-0.02000,0.22509
3974.2608,0,0.37885,-0.02180,0.23223,0.38724,-0.02054,0.22723
3974.2922,0,0.37448,-0.02212,0.23354,0.38341,-0.02101,0.22912
3974.3245,0,0.36900,-0.02278,0.23491,0.37909,-0.02154,0.23086
3974.3564,0,0.36609,-0.02225,0.23596,0.37519,-0.02175,0.23239
3974.3898,0,0.36266,-0.02199,0.23700,0.37143,-0.02183,0.23377
3974.4212,0,0.35732,-0.02271,0.23831,0.36720,-0.02209,0.23513
3974.4530,0,0.35592,-0.02281,0.23879,0.36381,-0.02230,0.23623
3974.4903,0,0.35310,-0.02225,0.23925,0.36060,-0.02229,0.23714
3974.5206,0,0.34951,-0.02325,0.24004,0.35727,-0.02258,0.23801
3974.5544,0,0.34620,-0.02197,0.24067,0.35395,-0.02240,0.23881
3974.5893,0,0.34395,-0.02328,0.24131,0.35095,-0.02266,0.23956
3974.6374,0,0.34175,-0.02299,0.24205,0.34819,-0.02276,0.24031
3974.6707,0,0.33923,-0.02298,0.24317,0.34550,-0.02283,0.24117
3974.7047,0,0.33482,-0.02376,0.24446,0.34230,-0.02311,0.24215
3974.7367,0,0.33238,-0.02397,0.24544,0.33932,-0.02337,0.24314
3974.7754,0,0.33027,-0.02476,0.24646,0.33661,-0.02378,0.24414
3974.8068,0,0.32806,-0.02563,0.24720,0.33404,-0.02434,0.24506
3974.8393,0,0.32476,-0.02590,0.24806,0.33126,-0.02481,0.24596
3974.8760,0,0.32075,-0.02520,0.24880,0.32811,-0.02492,0.24681
3974.9130,0,0.31689,-0.02490,0.24936,0.32474,-0.02492,0.24758
3974.9439,0,0.31553,-0.02513,0.24966,0.32198,-0.02498,0.24820
3974.9751,0,0.31295,-0.02581,0.25007,0.31927,-0.02523,0.24876
3975.0091,0,0.31052,-0.02578,0.25059,0.31665,-0.02540,0.24931
3975.0450,0,0.30723,-0.02690,0.25132,0.31382,-0.02585,0.24991
3975.0764,0,0.30507,-0.02728,0.25205,0.31119,-0.02628,0.25055
3975.1066,0,0.30081,-0.02802,0.25306,0.30808,-0.02680,0.25131
3975.1395,0,0.29793,-0.02879,0.25376,0.30503,-0.02740,0.25204
3975.1731,0,0.29432,-0.02881,0.25478,0.30182,-0.02782,0.25286
3975.2068,0,0.29454,-0.02877,0.25506,0.29963,-0.02811,0.25352
3975.2370,0,0.29268,-0.02898,0.25550,0.29755,-0.02837,0.25412
3975.2691,0,0.29139,-0.02874,0.25590,0.29570,-0.02848,0.25465
3975.3030,0,0.28800,-0.02907,0.25628,0.29339,-0.02866,0.25514
3975.3338,0,0.28610,-0.02997,0.25644,0.29120,-0.02905,0.25553
3975.3648,0,0.28495,-0.03000,0.25652,0.28933,-0.02934,0.25583
3975.3965,0,0.28304,-0.03004,0.25671,0.28744,-0.02955,0.25609
3975.4288,0,0.28108,-0.03064,0.25725,0.28553,-0.02988,0.25644
3975.4594,0,0.27756,-0.02992,0.25831,0.28314,-0.02989,0.25700
3975.4936,0,0.27590,-0.03027,0.25903,0.28097,-0.03000,0.25761
3975.5249,0,0.27380,-0.03090,0.25963,0.27882,-0.03027,0.25822
3975.5577,0,0.27100,-0.03058,0.26034,0.27647,-0.03036,0.25885
3975.5895,0,0.27089,-0.03109,0.26054,0.27480,-0.03058,0.25936
3975.6252,0,0.26870,-0.03117,0.26093,0.27297,-0.03076,0.25983
3975.6666,0,0.26773,-0.03116,0.26087,0.27140,-0.03088,0.26014
3975.6983,0,0.26492,-0.03048,0.26158,0.26945,-0.03076,0.26057
3975.7307,0,0.26250,-0.03066,0.26198,0.26737,-0.03073,0.26100
3975.7614,0,0.25982,-0.03026,0.26263,0.26510,-0.03059,0.26149
3975.7934,0,0.25738,-0.03025,0.26331,0.26279,-0.03049,0.26203
3975.8254,0,0.25711,-0.02960,0.26373,0.26108,-0.03022,0.26254
3975.8570,0,0.25488,-0.02869,0.26442,0.25922,-0.02976,0.26311
3975.8936,0,0.25207,-0.02920,0.26524,0.25708,-0.02959,0.26375
3975.9244,0,0.24997,-0.02860,0.26602,0.25495,-0.02929,0.26443
3975.9563,0,0.24841,-0.02888,0.26658,0.25299,-0.02917,0.26507
3975.9881,0,0.24630,-0.02952,0.26708,0.25098,-0.02927,0.26568
3976.0204,0,0.24420,-0.02933,0.26758,0.24895,-0.02929,0.26625
3976.0535,0,0.24260,-0.02946,0.26774,0.24704,-0.02934,0.26669
3976.0916,0,0.24006,-0.02931,0.26814,0.24495,-0.02933,0.26713
3976.1222,0,0.23688,-0.02975,0.26884,0.24253,-0.02946,0.26764
3976.1555,0,0.23440,-0.03016,0.26953,0.24009,-0.02967,0.26821
3976.1931,0,0.23178,-0.03016,0.27059,0.23760,-0.02981,0.26892
3976.2233,0,0.22955,-0.03111,0.27163,0.23518,-0.03020,0.26974
3976.2552,0,0.22617,-0.03131,0.27310,0.23248,-0.03054,0.27075
3976.2886,0,0.22520,-0.03273,0.27425,0.23029,-0.03119,0.27180
3976.3221,0,0.22242,-0.03324,0.27558,0.22793,-0.03181,0.27293
3976.3574,0,0.22054,-0.03387,0.27684,0.22571,-0.03243,0.27411
3976.3881,0,0.21854,-0.03462,0.27807,0.22356,-0.03309,0.27530
3976.4209,0,0.21689,-0.03500,0.27926,0.22156,-0.03366,0.27648
3976.4539,0,0.21481,-0.03593,0.28032,0.21953,-0.03434,0.27764
3976.4858,0,0.21243,-0.03633,0.28145,0.21740,-0.03494,0.27878
3976.5216,0,0.21035,-0.03701,0.28240,0.21529,-0.03556,0.27987
3976.5548,0,0.20922,-0.03775,0.28320,0.21347,-0.03622,0.28087
3976.5898,0,0.20613,-0.03893,0.28425,0.21127,-0.03703,0.28188
3976.6434,0,0.20429,-0.04023,0.28503,0.20917,-0.03799,0.28283
3976.6752,0,0.20093,-0.04129,0.28574,0.20670,-0.03898,0.28370
3976.7055,0,0.19924,-0.04213,0.28628,0.20446,-0.03992,0.28448
3976.7413,0,0.19618,-0.04344,0.28687,0.20198,-0.04098,0.28519
3976.7725,0,0.19338,-0.04445,0.28735,0.19940,-0.04202,0.28584
3976.8068,0,0.19219,-0.04514,0.28776,0.19724,-0.04296,0.28642
3976.8385,0,0.18952,-0.04633,0.28813,0.19492,-0.04397,0.28693
3976.8750,0,0.18715,-0.04748,0.28859,0.19259,-0.04502,0.28743
3976.9061,0,0.18412,-0.04854,0.28928,0.19005,-0.04608,0.28799
3976.9389,0,0.18208,-0.04961,0.28980,0.18766,-0.04714,0.28853
3976.9776,0,0.18060,-0.05084,0.28990,0.18554,-0.04825,0.28894
3977.0081,0,0.17801,-0.05244,0.29007,0.18328,-0.04951,0.28928
3977.0409,0,0.17590,-0.05430,0.29012,0.18107,-0.05095,0.28953
3977.0737,0,0.17404,-0.05515,0.28999,0.17896,-0.05221,0.28967
3977.1087,0,0.17233,-0.05595,0.29001,0.17697,-0.05333,0.28977
3977.1456,0,0.17119,-0.05684,0.28991,0.17524,-0.05438,0.28981
3977.1769,0,0.16887,-0.05831,0.29025,0.17333,-0.05556,0.28994
3977.2145,0,0.16842,-0.05923,0.29023,0.17185,-0.05666,0.29003
3977.2452,0,0.16652,-0.06060,0.29032,0.17025,-0.05784,0.29012
3977.2792,0,0.16473,-0.06227,0.29066,0.16860,-0.05917,0.29028
3977.3096,0,0.16325,-0.06357,0.29062,0.16699,-0.06049,0.29038
3977.3479,0,0.16218,-0.06471,0.29066,0.16555,-0.06176,0.29047
3977.3791,0,0.16008,-0.06628,0.29092,0.16391,-0.06311,0.29060
3977.4110,0,0.15882,-0.06780,0.29139,0.16238,-0.06452,0.29084
3977.4455,0,0.15743,-0.06929,0.29183,0.16090,-0.06595,0.29114
3977.4770,0,0.15380,-0.07022,0.29272,0.15877,-0.06723,0.29161
3977.5107,0,0.15370,-0.07110,0.29302,0.15725,-0.06839,0.29203
3977.5408,0,0.15257,-0.07185,0.29338,0.15585,-0.06943,0.29244
3977.5732,0,0.15147,-0.07270,0.29362,0.15453,-0.07041,0.29279
3977.6042,0,0.15143,-0.07322,0.29366,0.15360,-0.07125,0.29305
3977.6359,0,0.15168,-0.07402,0.29346,0.15303,-0.07208,0.29317
3977.6753,0,0.15096,-0.07477,0.29320,0.15241,-0.07289,0.29318
3977.7107,0,0.15015,-0.07571,0.29305,0.15173,-0.07374,0.29314
3977.7426,0,0.14978,-0.07637,0.29308,0.15115,-0.07453,0.29312
3977.7783,0,0.15103,-0.07649,0.29290,0.15111,-0.07512,0.29306
3977.8106,0,0.15123,-0.07675,0.29286,0.15115,-0.07561,0.29300
3977.8425,0,0.15108,-0.07721,0.29230,0.15113,-0.07609,0.29279
3977.8733,0,0.15179,-0.07728,0.29128,0.15132,-0.07644,0.29233
3977.9077,0,0.15269,-0.07788,0.29018,0.15174,-0.07688,0.29169
3977.9408,0,0.15300,-0.07800,0.28976,0.15212,-0.07721,0.29111
3977.9744,0,0.15217,-0.07720,0.28941,0.15213,-0.07721,0.29060
3978.0073,0,0.15214,-0.07639,0.28924,0.15214,-0.07696,0.29019
3978.0412,0,0.15154,-0.07578,0.28886,0.15196,-0.07661,0.28979
3978.0730,0,0.15257,-0.07493,0.28852,0.15214,-0.07611,0.28941
3978.1066,0,0.15248,-0.07433,0.28780,0.15224,-0.07557,0.28893
3978.1372,0,0.15157,-0.07310,0.28739,0.15204,-0.07483,0.28847
3978.1670,0,0.15265,-0.07195,0.28682,0.15222,-0.07397,0.28797
3978.2001,0,0.15465,-0.07151,0.28600,0.15295,-0.07323,0.28738
3978.2315,0,0.15673,-0.07041,0.28529,0.15409,-0.07239,0.28675
3978.2611,0,0.15958,-0.06946,0.28414,0.15573,-0.07151,0.28597
3978.2925,0,0.16118,-0.06946,0.28290,0.15737,-0.07089,0.28505
3978.3229,0,0.16198,-0.06877,0.28208,0.15875,-0.07026,0.28416
3978.3571,0,0.16430,-0.06791,0.28104,0.16042,-0.06955,0.28322
3978.3898,0,0.16653,-0.06659,0.28049,0.16225,-0.06866,0.28240
3978.4230,0,0.17040,-0.06585,0.27949,0.16470,-0.06782,0.28153
3978.4556,0,0.17424,-0.06461,0.27858,0.16756,-0.06686,0.28064
3978.4887,0,0.17922,-0.06333,0.27755,0.17106,-0.06580,0.27971
3978.5219,0,0.18098,-0.06288,0.27685,0.17403,-0.06493,0.27886
3978.5577,0,0.18501,-0.06201,0.27559,0.17733,-0.06405,0.27788
3978.5885,0,0.18891,-0.06159,0.27422,0.18080,-0.06331,0.27678
3978.6489,0,0.19206,-0.06019,0.27271,0.18418,-0.06238,0.27556
3978.6815,0,0.19555,-0.05892,0.27097,0.18759,-0.06134,0.27418
3978.7118,0,0.19886,-0.05738,0.26971,0.19097,-0.06015,0.27284
3978.7439,0,0.20448,-0.05587,0.26815,0.19503,-0.05887,0.27143
3978.7746,0,0.20892,-0.05436,0.26622,0.19919,-0.05752,0.26987
3978.8126,0,0.21259,-0.05339,0.26415,0.20321,-0.05628,0.26815
3978.8441,0,0.21749,-0.05143,0.26165,0.20750,-0.05482,0.26620
3978.8767,0,0.22462,-0.04967,0.25866,0.21264,-0.05328,0.26394
3978.9096,0,0.22790,-0.04879,0.25608,0.21722,-0.05193,0.26158
3978.9444,0,0.23216,-0.04720,0.25334,0.22170,-0.05051,0.25911
3978.9780,0,0.23695,-0.04667,0.25051,0.22627,-0.04936,0.25653
3979.0103,0,0.23957,-0.04616,0.24784,0.23026,-0.04840,0.25392
3979.0406,0,0.24249,-0.04548,0.24542,0.23393,-0.04752,0.25137
3979.0724,0,0.24652,-0.04495,0.24265,0.23771,-0.04675,0.24875
3979.1061,0,0.25126,-0.04553,0.24041,0.24177,-0.04638,0.24625
3979.1375,0,0.25351,-0.04433,0.23849,0.24530,-0.04577,0.24392
3979.1691,0,0.25782,-0.04429,0.23681,0.24905,-0.04533,0.24179
3979.2028,0,0.26266,-0.04353,0.23463,0.25314,-0.04479,0.23964
3979.2355,0,0.26750,-0.04322,0.23268,0.25744,-0.04431,0.23755
3979.2706,0,0.27209,-0.04117,0.23037,0.26184,-0.04337,0.23540
3979.3010,0,0.27773,-0.04062,0.22799,0.26660,-0.04255,0.23318
3979.3334,0,0.27979,-0.03918,0.22632,0.27056,-0.04154,0.23112
3979.3653,0,0.28485,-0.03762,0.22362,0.27485,-0.04036,0.22887
3979.3979,0,0.28979,-0.03566,0.22110,0.27933,-0.03895,0.22654
3979.4286,0,0.29469,-0.03355,0.21804,0.28394,-0.03733,0.22399
3979.4616,0,0.30268,-0.03135,0.21411,0.28956,-0.03554,0.22102
3979.4986,0,0.31172,-0.02770,0.20992,0.29621,-0.03319,0.21769
3979.5319,0,0.31860,-0.02589,0.20611,0.30293,-0.03100,0.21422
3979.5647,0,0.32749,-0.02231,0.20143,0.31030,-0.02839,0.21038
3979.5966,0,0.33395,-0.02139,0.19699,0.31739,-0.02629,0.20636
3979.6293,0,0.34326,-0.01866,0.19283,0.32515,-0.02400,0.20230
3979.6639,0,0.34597,-0.01611,0.19002,0.33140,-0.02163,0.19862
3979.6948,0,0.34825,-0.01443,0.18813,0.33645,-0.01947,0.19547
3979.7272,0,0.35437,-0.01186,0.18618,0.34183,-0.01719,0.19269
3979.7680,0,0.36134,-0.00859,0.18459,0.34768,-0.01461,0.19026
3979.8037,0,0.36611,-0.00531,0.18366,0.35321,-0.01182,0.18828
3979.8362,0,0.37152,-0.00223,0.18320,0.35871,-0.00894,0.18675
3979.8705,0,0.38104,0.00078,0.18198,0.36541,-0.00602,0.18532
3979.9016,0,0.39195,0.00557,0.18052,0.37337,-0.00255,0.18388
3979.9356,0,0.39980,0.00920,0.17943,0.38130,0.00098,0.18255
3979.9691,0,0.40000,0.01296,0.17802,0.38691,0.00457,0.18119
3980.0028,0,0.40000,0.01494,0.17655,0.39084,0.00768,0.17980
3980.0345,0,0.40000,0.01663,0.17490,0.39359,0.01037,0.17833
3980.0657,0,0.40000,0.01670,0.17357,0.39551,0.01227,0.17690
3980.0964,0,0.40000,0.01636,0.17204,0.39686,0.01349,0.17544
3980.1283,0,0.40000,0.01599,0.17155,0.39780,0.01424,0.17428
3980.1630,0,0.40000,0.01578,0.17232,0.39846,0.01470,0.17369
3980.1964,0,0.40000,0.01580,0.17289,0.39892,0.01503,0.17345
3980.2274,0,0.40000,0.01723,0.17323,0.39925,0.01569,0.17338
3980.2596,0,0.40000,0.01749,0.17371,0.39947,0.01623,0.17348
3980.2927,0,0.40000,0.01683,0.17350,0.39963,0.01641,0.17349
3980.3243,0,0.40000,0.01673,0.17368,0.39974,0.01651,0.17355
3980.3559,0,0.40000,0.01466,0.17404,0.39982,0.01595,0.17369
3980.3873,0,0.40000,0.01468,0.17438,0.39987,0.01557,0.17390
3980.4225,0,0.40000,0.01453,0.17514,0.39991,0.01526,0.17427
3980.4538,0,0.40000,0.01493,0.17581,0.39994,0.01516,0.17473
3980.4879,0,0.40000,0.01719,0.17566,0.39996,0.01577,0.17501
3980.5221,0,0.40000,0.01893,0.17422,0.39997,0.01672,0.17478
3980.5627,0,0.40000,0.02067,0.17334,0.39998,0.01790,0.17435
3980.5941,0,0.40000,0.02283,0.17188,0.39999,0.01938,0.17361
3980.6248,0,0.40000,0.02603,0.17065,0.39999,0.02138,0.17272
3980.6558,0,0.40000,0.02734,0.17103,0.39999,0.02317,0.17221
3980.6936,0,0.40000,0.03125,0.17203,0.39999,0.02559,0.17216
3980.7286,0,0.40000,0.03266,0.17335,0.40000,0.02771,0.17251
3980.7615,0,0.40000,0.03634,0.17463,0.40000,0.03030,0.17315
3980.7921,0,0.40000,0.03691,0.17493,0.40000,0.03228,0.17368
3980.8238,0,0.40000,0.04227,0.17354,0.40000,0.03528,0.17364
3980.8545,0,0.40000,0.04405,0.17332,0.40000,0.03791,0.17355
3980.8914,0,0.40000,0.04630,0.17414,0.40000,0.04043,0.17373
3980.9271,0,0.40000,0.04557,0.17655,0.40000,0.04197,0.17457
3980.9596,0,0.40000,0.04496,0.17843,0.40000,0.04287,0.17573
3980.9927,0,0.40000,0.04469,0.17976,0.40000,0.04342,0.17694
3981.0249,0,0.40000,0.04270,0.18116,0.40000,0.04320,0.17821
3981.0569,0,0.40000,0.04157,0.18228,0.40000,0.04271,0.17943
3981.0978,0,0.40000,0.04071,0.18296,0.40000,0.04211,0.18049
3981.1311,0,0.40000,0.03948,0.18308,0.40000,0.04132,0.18127
3981.1632,0,0.40000,0.03717,0.18294,0.40000,0.04007,0.18177
3981.1939,0,0.40000,0.03391,0.18249,0.40000,0.03823,0.18199
3981.2326,0,0.40000,0.03252,0.18266,0.40000,0.03651,0.18219
3981.2656,0,0.40000,0.03216,0.18316,0.40000,0.03521,0.18248
3981.2965,0,0.40000,0.03043,0.18435,0.40000,0.03378,0.18304
3981.3280,0,0.40000,0.03039,0.18515,0.40000,0.03276,0.18367
3981.3589,0,0.40000,0.03066,0.18601,0.40000,0.03213,0.18437
3981.3911,0,0.40000,0.03041,0.18639,0.40000,0.03161,0.18498
3981.4229,0,0.40000,0.03074,0.18689,0.40000,0.03135,0.18555
3981.4569,0,0.40000,0.03064,0.18732,0.40000,0.03114,0.18608
3981.4954,0,0.40000,0.03213,0.18869,0.40000,0.03143,0.18686
3981.5325,0,0.40000,0.03214,0.18954,0.40000,0.03165,0.18767
3981.5670,0,0.40000,0.03085,0.19021,0.40000,0.03141,0.18843
3981.5987,0,0.40000,0.03064,0.18992,0.40000,0.03117,0.18888
3981.6340,0,0.40000,0.02971,0.18918,0.40000,0.03074,0.18897
3981.6645,0,0.40000,0.02781,0.18841,0.40000,0.02986,0.18880
3981.6958,0,0.40000,0.02475,0.18775,0.40000,0.02833,0.18848
3981.7276,0,0.40000,0.02126,0.18785,0.40000,0.02621,0.18829
3981.7601,0,0.40000,0.01611,0.18743,0.40000,0.02318,0.18804
3981.7936,0,0.40000,0.00873,0.18797,0.40000,0.01884,0.18802
3981.8244,0,0.40000,0.00260,0.18864,0.40000,0.01397,0.18820
3981.8565,0,0.40000,-0.00529,0.19112,0.40000,0.00819,0.18908
3981.8885,0,0.40000,-0.01048,0.19291,0.40000,0.00259,0.19023
3981.9200,0,0.40000,-0.01687,0.19320,0.40000,-0.00325,0.19112
3981.9527,0,0.40000,-0.02295,0.19354,0.40000,-0.00916,0.19184
3981.9866,0,0.40000,-0.02974,0.19319,0.40000,-0.01533,0.19225
3982.0205,0,0.40000,-0.03526,0.19219,0.40000,-0.02131,0.19223
3982.0533,0,0.40000,-0.04112,0.19179,0.40000,-0.02725,0.19210
3982.0859,0,0.40000,-0.04737,0.19183,0.40000,-0.03329,0.19202
3982.1190,0,0.40000,-0.05345,0.19171,0.40000,-0.03934,0.19192
3982.1559,0,0.40000,-0.05860,0.19177,0.40000,-0.04512,0.19188
3982.1871,0,0.40000,-0.06466,0.19100,0.40000,-0.05098,0.19161
3982.2180,0,0.40000,-0.07169,0.18978,0.40000,-0.05719,0.19107
3982.2537,0,0.40000,-0.07441,0.18986,0.40000,-0.06236,0.19070
3982.2871,0,0.40000,-0.07646,0.18898,0.40000,-0.06659,0.19019
3982.3211,0,0.40000,-0.08032,0.18896,0.40000,-0.07071,0.18982
3982.3538,0,0.40000,-0.08283,0.18787,0.40000,-0.07434,0.18924
3982.3850,0,0.40000,-0.08724,0.18714,0.40000,-0.07821,0.18861
3982.4205,0,0.40000,-0.09309,0.18648,0.40000,-0.08268,0.18797
3982.4536,0,0.40000,-0.09918,0.18720,0.40000,-0.08763,0.18774
3982.4857,0,0.40000,-0.10426,0.18718,0.40000,-0.09262,0.18757
3982.5309,0,0.40000,-0.11061,0.18770,0.40000,-0.09802,0.18761
3982.5686,0,0.40000,-0.11570,0.18817,0.40000,-0.10332,0.18778
3982.6035,0,0.40000,-0.12117,0.18952,0.40000,-0.10867,0.18830
3982.6530,0,0.40000,-0.12685,0.18923,0.40000,-0.11413,0.18858
3982.6862,0,0.40000,-0.13174,0.18861,0.40000,-0.11941,0.18859
3982.7201,0,0.40000,-0.13820,0.18918,0.40000,-0.12505,0.18877
3982.7537,0,0.40000,-0.14379,0.18988,0.40000,-0.13067,0.18910
3982.7851,0,0.40000,-0.14956,0.19095,0.40000,-0.13634,0.18966
3982.8188,0,0.40000,-0.15082,0.19125,0.40000,-0.14068,0.19013
3982.8527,0,0.40000,-0.15350,0.19283,0.40000,-0.14453,0.19094
3982.8853,0,0.40000,-0.15704,0.19332,0.40000,-0.14828,0.19166
3982.9184,0,0.40000,-0.15811,0.19361,0.40000,-0.15123,0.19224
3982.9644,0,0.40000,-0.16042,0.19120,0.40000,-0.15399,0.19193
3982.9963,0,0.40000,-0.16501,0.19130,0.40000,-0.15729,0.19174
3983.0281,0,0.40000,-0.16639,0.19044,0.40000,-0.16002,0.19135
3983.0608,0,0.40000,-0.16856,0.18907,0.40000,-0.16258,0.19067
3983.0924,0,0.40000,-0.17208,0.18735,0.40000,-0.16543,0.18967
3983.1247,0,0.40000,-0.17480,0.18554,0.40000,-0.16824,0.18843
3983.1560,0,0.40000,-0.17865,0.18437,0.40000,-0.17137,0.18721
3983.1885,0,0.40000,-0.18220,0.18395,0.40000,-0.17462,0.18624
3983.2207,0,0.40000,-0.18610,0.18411,0.40000,-0.17806,0.18560
3983.2510,0,0.40000,-0.18935,0.18331,0.40000,-0.18145,0.18491
3983.2841,0,0.40000,-0.19061,0.18317,0.40000,-0.18420,0.18439
3983.3142,0,0.40000,-0.19302,0.18290,0.40000,-0.18684,0.18394
3983.3526,0,0.40000,-0.19446,0.18277,0.40000,-0.18913,0.18359
3983.3842,0,0.40000,-0.19352,0.18168,0.40000,-0.19044,0.18302
3983.4159,0,0.40000,-0.19600,0.18081,0.40000,-0.19211,0.18235
3983.4467,0,0.40000,-0.19892,0.18035,0.40000,-0.19415,0.18175
3983.4775,0,0.40000,-0.20204,0.17996,0.40000,-0.19652,0.18121
3983.5092,0,0.40000,-0.20397,0.17927,0.40000,-0.19875,0.18063
3983.5417,0,0.40000,-0.20664,0.17879,0.40000,-0.20112,0.18008
3983.5752,0,0.40000,-0.20534,0.17954,0.40000,-0.20238,0.17992
3983.6059,0,0.40000,-0.20524,0.17898,0.40000,-0.20324,0.17964
3983.6643,0,0.40000,-0.20270,0.17896,0.40000,-0.20308,0.17943
3983.6973,0,0.40000,-0.19592,0.17940,0.40000,-0.20093,0.17942
3983.7284,0,0.40000,-0.18913,0.17943,0.40000,-0.19739,0.17943
3983.7592,0,0.40000,-0.18425,0.17886,0.40000,-0.19345,0.17926
3983.7922,0,0.40000,-0.17934,0.17947,0.40000,-0.18922,0.17932
3983.8243,0,0.40000,-0.17501,0.17858,0.40000,-0.18495,0.17910
3983.8539,0,0.40000,-0.16555,0.17784,0.40000,-0.17913,0.17872
3983.8849,0,0.40000,-0.15729,0.17692,0.40000,-0.17258,0.17818
3983.9151,0,0.40000,-0.14673,0.17694,0.40000,-0.16482,0.17781
3983.9485,0,0.40000,-0.13949,0.17522,0.40000,-0.15722,0.17703
3983.9794,0,0.40000,-0.12554,0.17496,0.40000,-0.14772,0.17641
3984.0131,0,0.40000,-0.11472,0.17476,0.40000,-0.13782,0.17591
3984.0459,0,0.40000,-0.10452,0.17540,0.40000,-0.12783,0.17576
3984.0870,0,0.40000,-0.09433,0.17479,0.40000,-0.11778,0.17547
3984.1218,0,0.40000,-0.08602,0.17363,0.40000,-0.10825,0.17492
3984.1544,0,0.40000,-0.07743,0.17447,0.40000,-0.09900,0.17478
3984.1901,0,0.40000,-0.06858,0.17577,0.40000,-0.08988,0.17508
3984.2232,0,0.40000,-0.05597,0.17525,0.40000,-0.07971,0.17513
3984.2562,0,0.40000,-0.04615,0.17592,0.40000,-0.06964,0.17536
3984.2897,0,0.40000,-0.03866,0.17533,0.40000,-0.06034,0.17535
3984.3225,0,0.40000,-0.03106,0.17467,0.40000,-0.05156,0.17515
3984.3540,0,0.40000,-0.02491,0.17373,0.40000,-0.04356,0.17472
3984.3862,0,0.40000,-0.01719,0.17309,0.40000,-0.03565,0.17423
3984.4186,0,0.40000,-0.00972,0.17391,0.40000,-0.02787,0.17414
3984.4544,0,0.40000,-0.00486,0.17386,0.40000,-0.02097,0.17405
3984.4847,0,0.40000,0.00080,0.17449,0.40000,-0.01443,0.17418
3984.5156,0,0.40000,0.00453,0.17471,0.40000,-0.00875,0.17434
3984.5461,0,0.40000,0.01045,0.17517,0.40000,-0.00299,0.17459
3984.5793,0,0.40000,0.01510,0.17547,0.40000,0.00244,0.17485
3984.6119,0,0.40000,0.01970,0.17616,0.40000,0.00762,0.17524
3984.6417,0,0.40000,0.02336,0.17750,0.40000,0.01234,0.17592
3984.6720,0,0.40000,0.02763,0.17775,0.40000,0.01693,0.17647
3984.7053,0,0.40000,0.03410,0.17819,0.40000,0.02208,0.17698
3984.7393,0,0.40000,0.03957,0.17830,0.40000,0.02733,0.17738
3984.7749,0,0.40000,0.04456,0.17849,0.40000,0.03250,0.17771
3984.8060,0,0.40000,0.05179,0.17860,0.40000,0.03829,0.17798
3984.8362,0,0.40000,0.05865,0.17775,0.40000,0.04439,0.17791
3984.8685,0,0.40000,0.06410,0.17680,0.40000,0.05031,0.17758
3984.9039,0,0.40000,0.07299,0.17644,0.40000,0.05711,0.17724
3984.9368,0,0.40000,0.08030,0.17595,0.40000,0.06407,0.17685
3984.9694,0,0.40000,0.08638,0.17574,0.40000,0.07076,0.17652
3985.0037,0,0.40000,0.08983,0.17568,0.40000,0.07648,0.17626
3985.0366,0,0.40000,0.09572,0.17472,0.40000,0.08225,0.17580
3985.0687,0,0.40000,0.10448,0.17370,0.40000,0.08892,0.17517
3985.1015,0,0.40000,0.10983,0.17209,0.40000,0.09519,0.17425
3985.1317,0,0.40000,0.11515,0.17038,0.40000,0.10118,0.17309
3985.1635,0,0.40000,0.12115,0.16972,0.40000,0.10717,0.17208
3985.1966,0,0.40000,0.12561,0.16933,0.40000,0.11270,0.17125
3985.2279,0,0.40000,0.13000,0.16890,0.40000,0.11789,0.17055
3985.2599,0,0.40000,0.13612,0.16853,0.40000,0.12336,0.16994
3985.2904,0,0.40000,0.14023,0.16829,0.40000,0.12842,0.16945
3985.3222,0,0.40000,0.14440,0.16835,0.40000,0.13321,0.16912
3985.3549,0,0.40000,0.14744,0.16895,0.40000,0.13748,0.16907
3985.3867,0,0.40000,0.15145,0.16928,0.40000,0.14167,0.16913
3985.4227,0,0.40000,0.15495,0.16987,0.40000,0.14566,0.16936
3985.4555,0,0.40000,0.15796,0.17038,0.40000,0.14935,0.16966
3985.4942,0,0.40000,0.15889,0.17137,0.40000,0.15221,0.17018
3985.5317,0,0.40000,0.16208,0.17162,0.40000,0.15517,0.17061
3985.5651,0,0.40000,0.16391,0.17265,0.40000,0.15779,0.17122
3985.5975,0,0.40000,0.16622,0.17250,0.40000,0.16032,0.17160
3985.6297,0,0.40000,0.16958,0.17392,0.40000,0.16310,0.17230
3985.6615,0,0.40000,0.17262,0.17347,0.40000,0.16595,0.17265
3985.6948,0,0.40000,0.17465,0.17385,0.40000,0.16856,0.17301
3985.7334,0,0.40000,0.17603,0.17430,0.40000,0.17080,0.17340
3985.7647,0,0.40000,0.17862,0.17405,0.40000,0.17315,0.17359
3985.8007,0,0.40000,0.18090,0.17414,0.40000,0.17547,0.17375
3985.8326,0,0.40000,0.18290,0.17346,0.40000,0.17770,0.17367
3985.8636,0,0.40000,0.18394,0.17298,0.40000,0.17957,0.17346
3985.9075,0,0.40000,0.18532,0.17315,0.40000,0.18130,0.17337
3985.9387,0,0.40000,0.18763,0.17286,0.40000,0.18320,0.17321
3985.9714,0,0.40000,0.19031,0.17317,0.40000,0.18533,0.17320
3986.0041,0,0.40000,0.19261,0.17350,0.40000,0.18752,0.17329
3986.0371,0,0.40000,0.19421,0.17429,0.40000,0.18952,0.17359
3986.0687,0,0.40000,0.19744,0.17442,0.40000,0.19190,0.17384
3986.1013,0,0.40000,0.20110,0.17553,0.40000,0.19466,0.17435
3986.1328,0,0.40000,0.20500,0.17534,0.40000,0.19776,0.17464
3986.1641,0,0.40000,0.20868,0.17588,0.40000,0.20104,0.17501
3986.1945,0,0.40000,0.21032,0.17624,0.40000,0.20382,0.17538
3986.2265,0,0.40000,0.21389,0.17651,0.40000,0.20684,0.17572
3986.2588,0,0.40000,0.21723,0.17778,0.40000,0.20996,0.17634
3986.2908,0,0.40000,0.22105,0.17806,0.40000,0.21329,0.17685
3986.3216,0,0.40000,0.22398,0.17857,0.40000,0.21650,0.17737
3986.3557,0,0.40000,0.22726,0.17940,0.40000,0.21972,0.17798
3986.3892,0,0.40000,0.22957,0.17992,0.40000,0.22268,0.17856
3986.4227,0,0.40000,0.23127,0.18087,0.40000,0.22525,0.17925
3986.4570,0,0.40000,0.23208,0.18078,0.40000,0.22730,0.17971
3986.4886,0,0.40000,0.23396,0.18085,0.40000,0.22930,0.18005
3986.5208,0,0.40000,0.23533,0.18050,0.40000,0.23111,0.18019
3986.5548,0,0.40000,0.23814,0.17961,0.40000,0.23322,0.18001
3986.5883,0,0.40000,0.24083,0.17968,0.40000,0.23550,0.17991
3986.6418,0,0.40000,0.24210,0.17882,0.40000,0.23748,0.17958
3986.6737,0,0.40000,0.24408,0.17861,0.40000,0.23946,0.17929
3986.7051,0,0.40000,0.24721,0.17772,0.40000,0.24179,0.17882
3986.7373,0,0.40000,0.24766,0.17718,0.40000,0.24355,0.17833
3986.7722,0,0.40000,0.24981,0.17678,0.40000,0.24543,0.17786
3986.8043,0,0.40000,0.25111,0.17651,0.40000,0.24713,0.17746
3986.8361,0,0.40000,0.25296,0.17662,0.40000,0.24888,0.17720
3986.8687,0,0.40000,0.25651,0.17615,0.40000,0.25117,0.17689
3986.9020,0,0.40000,0.25824,0.17535,0.40000,0.25329,0.17643
3986.9372,0,0.40000,0.25891,0.17522,0.40000,0.25498,0.17606
3986.9701,0,0.40000,0.26163,0.17494,0.40000,0.25697,0.17573
3987.0024,0,0.40000,0.26415,0.17306,0.40000,0.25912,0.17492
3987.0359,0,0.40000,0.26444,0.17272,0.40000,0.26072,0.17426
3987.0765,0,0.40000,0.26606,0.17279,0.40000,0.26232,0.17382
3987.1111,0,0.40000,0.26857,0.17156,0.40000,0.26420,0.17314
3987.1430,0,0.40000,0.26954,0.17206,0.40000,0.26580,0.17282
3987.1740,0,0.40000,0.27198,0.17230,0.40000,0.26765,0.17266
3987.2044,0,0.40000,0.27325,0.17242,0.40000,0.26933,0.17259
3987.2390,0,0.40000,0.27476,0.17236,0.40000,0.27096,0.17252
3987.2703,0,0.40000,0.27637,0.17203,0.40000,0.27258,0.17238
3987.3019,0,0.40000,0.27800,0.17178,0.40000,0.27421,0.17220
3987.3396,0,0.40000,0.28031,0.17186,0.40000,0.27604,0.17210
3987.3779,0,0.40000,0.28293,0.17177,0.40000,0.27811,0.17200
3987.4087,0,0.40000,0.28459,0.17122,0.40000,0.28005,0.17176
3987.4395,0,0.40000,0.28627,0.17171,0.40000,0.28192,0.17175
3987.4721,0,0.40000,0.28520,0.17130,0.40000,0.28290,0.17161
3987.5076,0,0.40000,0.28714,0.17201,0.40000,0.28417,0.17173
3987.5376,0,0.40000,0.28574,0.17161,0.40000,0.28464,0.17170
3987.5702,0,0.40000,0.28750,0.17202,0.40000,0.28550,0.17179
3987.6082,0,0.40000,0.28714,0.17210,0.40000,0.28599,0.17188
3987.6569,0,0.40000,0.28466,0.17261,0.40000,0.28559,0.17210
3987.6896,0,0.40000,0.28106,0.17204,0.40000,0.28423,0.17208
3987.7235,0,0.40000,0.27690,0.17373,0.40000,0.28203,0.17258
3987.7574,0,0.40000,0.27125,0.17325,0.40000,0.27880,0.17278
3987.7931,0,0.40000,0.26724,0.17558,0.40000,0.27533,0.17362
3987.8225,0,0.40000,0.26075,0.17525,0.40000,0.27096,0.17411
3987.8552,0,0.40000,0.25661,0.17614,0.40000,0.26665,0.17472
3987.8908,0,0.40000,0.25162,0.17623,0.40000,0.26214,0.17517
3987.9217,0,0.40000,0.24682,0.17751,0.40000,0.25755,0.17587
3987.9589,0,0.40000,0.24010,0.17742,0.40000,0.25231,0.17634
3987.9904,0,0.40000,0.23342,0.17849,0.40000,0.24665,0.17698
3988.0226,0,0.40000,0.23087,0.17823,0.40000,0.24191,0.17736
3988.0543,0,0.40000,0.22751,0.17884,0.40000,0.23759,0.17780
3988.0849,0,0.40000,0.22372,0.17936,0.40000,0.23343,0.17827
3988.1164,0,0.40000,0.21851,0.18000,0.40000,0.22895,0.17879
3988.1471,0,0.40000,0.21235,0.17986,0.40000,0.22397,0.17911
3988.1791,0,0.40000,0.20777,0.17878,0.40000,0.21911,0.17901
3988.2116,0,0.40000,0.20070,0.17901,0.40000,0.21359,0.17901
3988.2437,0,0.40000,0.19279,0.17861,0.40000,0.20735,0.17889
3988.2771,0,0.40000,0.18278,0.17815,0.40000,0.19998,0.17867
3988.3086,0,0.40000,0.17660,0.17706,0.40000,0.19296,0.17819
3988.3395,0,0.40000,0.16923,0.17710,0.40000,0.18584,0.17786
3988.3756,0,0.40000,0.16304,0.17572,0.40000,0.17900,0.17722
3988.4071,0,0.40000,0.15656,0.17671,0.40000,0.17227,0.17707
3988.4387,0,0.40000,0.14981,0.17721,0.40000,0.16553,0.17711
3988.4713,0,0.40000,0.14276,0.17823,0.40000,0.15870,0.17745
3988.5026,0,0.40000,0.13700,0.17914,0.40000,0.15219,0.17796
3988.5337,0,0.40000,0.13077,0.17933,0.40000,0.14577,0.17837
3988.5638,0,0.40000,0.12410,0.17994,0.40000,0.13927,0.17884
3988.5948,0,0.40000,0.11702,0.18116,0.40000,0.13259,0.17954
3988.6251,0,0.40000,0.11147,0.18098,0.40000,0.12626,0.17997
3988.6575,0,0.40000,0.10626,0.18170,0.40000,0.12026,0.18049
3988.6892,0,0.40000,0.10088,0.18225,0.40000,0.11444,0.18102
3988.7238,0,0.40000,0.09404,0.18191,0.40000,0.10832,0.18128
3988.7563,0,0.40000,0.08811,0.18190,0.40000,0.10226,0.18147
3988.7906,0,0.40000,0.08256,0.18140,0.40000,0.09635,0.18145
3988.8249,0,0.40000,0.07775,0.18097,0.40000,0.09077,0.18131
3988.8584,0,0.40000,0.07058,0.18030,0.40000,0.08471,0.18100
3988.8924,0,0.40000,0.06428,0.17951,0.40000,0.07858,0.18056
3988.9268,0,0.40000,0.05858,0.17888,0.40000,0.07258,0.18005
3988.9568,0,0.40000,0.05371,0.17841,0.40000,0.06692,0.17956
3988.9883,0,0.40000,0.04934,0.17872,0.40000,0.06165,0.17931
3989.0222,0,0.40000,0.04463,0.17822,0.40000,0.05654,0.17898
3989.0548,0,0.40000,0.03878,0.17920,0.40000,0.05121,0.17905
3989.0868,0,0.40000,0.03201,0.17906,0.40000,0.04545,0.17905
3989.1202,0,0.40000,0.02965,0.17908,0.40000,0.04071,0.17906
3989.1565,0,0.40000,0.02644,0.17864,0.40000,0.03643,0.17893
3989.1867,0,0.40000,0.02148,0.17850,0.40000,0.03194,0.17881
3989.2230,0,0.40000,0.01885,0.17822,0.40000,0.02802,0.17863
3989.2545,0,0.40000,0.01586,0.17804,0.40000,0.02437,0.17845
3989.2958,0,0.40000,0.01306,0.17810,0.40000,0.02097,0.17835
3989.3298,0,0.40000,0.00837,0.17802,0.40000,0.01719,0.17825
3989.3609,0,0.40000,0.00514,0.17822,0.40000,0.01358,0.17824
3989.3930,0,0.40000,0.00234,0.17850,0.40000,0.01020,0.17832
3989.4252,0,0.40000,-0.00091,0.17843,0.40000,0.00687,0.17835
3989.4564,0,0.40000,-0.00304,0.17840,0.40000,0.00390,0.17837
3989.4941,0,0.40000,-0.00637,0.17848,0.40000,0.00082,0.17840
3989.5293,0,0.40000,-0.01086,0.17830,0.40000,-0.00269,0.17837
3989.5632,0,0.40000,-0.01559,0.17816,0.40000,-0.00656,0.17831
3989.5963,0,0.40000,-0.01886,0.17868,0.40000,-0.01025,0.17842
3989.6276,0,0.40000,-0.02214,0.17872,0.40000,-0.01382,0.17851
3989.6590,0,0.40000,-0.02549,0.17981,0.40000,-0.01732,0.17890
3989.6979,0,0.40000,-0.03071,0.18035,0.40000,-0.02134,0.17933
3989.7290,0,0.40000,-0.03434,0.18039,0.40000,-0.02524,0.17965
3989.7602,0,0.40000,-0.03749,0.18061,0.40000,-0.02891,0.17994
3989.7945,0,0.40000,-0.04062,0.18074,0.40000,-0.03243,0.18018
3989.8263,0,0.40000,-0.04412,0.18107,0.40000,-0.03594,0.18044
3989.8573,0,0.40000,-0.04918,0.18115,0.40000,-0.03991,0.18066
3989.8940,0,0.40000,-0.05196,0.18098,0.40000,-0.04352,0.18075
3989.9288,0,0.40000,-0.05569,0.18137,0.40000,-0.04717,0.18094
3989.9595,0,0.40000,-0.05868,0.18134,0.40000,-0.05062,0.18106
3989.9960,0,0.40000,-0.06336,0.18112,0.40000,-0.05445,0.18108
3990.0295,0,0.40000,-0.06585,0.18189,0.40000,-0.05787,0.18132
3990.0610,0,0.40000,-0.06861,0.18268,0.40000,-0.06109,0.18173
3990.0934,0,0.40000,-0.07167,0.18286,0.40000,-0.06426,0.18207
3990.1322,0,0.40000,-0.07598,0.18360,0.40000,-0.06778,0.18253
3990.1622,0,0.40000,-0.07879,0.18367,0.40000,-0.07108,0.18287
3990.1933,0,0.40000,-0.08160,0.18398,0.40000,-0.07424,0.18320
3990.2239,0,0.40000,-0.08457,0.18355,0.40000,-0.07734,0.18331
3990.2566,0,0.40000,-0.08737,0.18319,0.40000,-0.08035,0.18327
3990.2869,0,0.40000,-0.08915,0.18303,0.40000,-0.08299,0.18320
3990.3239,0,0.40000,-0.09130,0.18264,0.40000,-0.08548,0.18303
3990.3577,0,0.40000,-0.09177,0.18265,0.40000,-0.08737,0.18292
3990.3900,0,0.40000,-0.09423,0.18271,0.40000,-0.08943,0.18286
3990.4222,0,0.40000,-0.09697,0.18248,0.40000,-0.09169,0.18274
3990.4593,0,0.40000,-0.09888,0.18198,0.40000,-0.09385,0.18251
3990.4939,0,0.40000,-0.10082,0.18176,0.40000,-0.09594,0.18229
3990.5266,0,0.40000,-0.10229,0.18175,0.40000,-0.09784,0.18213
3990.5613,0,0.40000,-0.10253,0.18177,0.40000,-0.09925,0.18202
3990.5966,0,0.40000,-0.10334,0.18197,0.40000,-0.10047,0.18201
3990.6309,0,0.40000,-0.10318,0.18202,0.40000,-0.10129,0.18201
3990.6646,0,0.40000,-0.10375,0.18141,0.40000,-0.10203,0.18183
3990.7012,0,0.40000,-0.10352,0.18130,0.40000,-0.10248,0.18167
3990.7362,0,0.40000,-0.10293,0.18051,0.40000,-0.10261,0.18132
3990.7807,0,0.40000,-0.10249,0.18040,0.40000,-0.10257,0.18105
3990.8199,0,0.40000,-0.10232,0.17999,0.40000,-0.10250,0.18073
3990.8515,0,0.40000,-0.10079,0.18023,0.40000,-0.10199,0.18058
3990.8844,0,0.40000,-0.09992,0.18063,0.40000,-0.10137,0.18060
3990.9173,0,0.40000,-0.09855,0.18213,0.40000,-0.10052,0.18106
3990.9496,0,0.40000,-0.09766,0.18453,0.40000,-0.09966,0.18210
3990.9816,0,0.40000,-0.09776,0.18837,0.40000,-0.09909,0.18398
3991.0148,0,0.40000,-0.09888,0.19134,0.40000,-0.09903,0.18619
3991.0476,0,0.40000,-0.09599,0.19593,0.40000,-0.09811,0.18911
3991.0794,0,0.40000,-0.09655,0.20050,0.40000,-0.09765,0.19253
3991.1117,0,0.40000,-0.09339,0.20477,0.40000,-0.09637,0.19620
3991.1436,0,0.40000,-0.09172,0.20845,0.40000,-0.09498,0.19987
3991.1757,0,0.40000,-0.09038,0.21194,0.40000,-0.09360,0.20349
3991.2078,0,0.40000,-0.08833,0.21521,0.40000,-0.09202,0.20701
3991.2421,0,0.40000,-0.08812,0.21810,0.40000,-0.09085,0.21034
3991.2734,0,0.40000,-0.08614,0.22074,0.40000,-0.08943,0.21346
3991.3053,0,0.40000,-0.08224,0.22431,0.40000,-0.08728,0.21671
3991.3380,0,0.40000,-0.07881,0.22646,0.40000,-0.08474,0.21964
3991.3696,0,0.40000,-0.07630,0.22900,0.40000,-0.08221,0.22245
3991.4027,0,0.40000,-0.07444,0.23103,0.40000,-0.07988,0.22502
3991.4338,0,0.40000,-0.07425,0.23259,0.40000,-0.07819,0.22729
3991.4660,0,0.40000,-0.07374,0.23385,0.40000,-0.07685,0.22926
3991.4975,0,0.40000,-0.07304,0.23565,0.40000,-0.07571,0.23118
3991.5281,0,0.40000,-0.07236,0.23631,0.40000,-0.07471,0.23272
3991.5591,0,0.40000,-0.07134,0.23610,0.40000,-0.07369,0.23373
3991.5910,0,0.40000,-0.07176,0.23759,0.40000,-0.07311,0.23489
3991.6475,0,0.40000,-0.07225,0.23821,0.40000,-0.07285,0.23588
3991.6821,0,0.40000,-0.07479,0.23950,0.40000,-0.07343,0.23697
3991.7123,0,0.40000,-0.07559,0.24078,0.40000,-0.07408,0.23811
3991.7435,0,0.40000,-0.07524,0.24085,0.40000,-0.07443,0.23894
3991.7763,0,0.40000,-0.07350,0.24096,0.40000,-0.07415,0.23954
3991.8072,0,0.40000,-0.07263,0.24112,0.40000,-0.07369,0.24002
3991.8412,0,0.40000,-0.07289,0.24125,0.40000,-0.07345,0.24039
3991.8739,0,0.40000,-0.07093,0.24042,0.40000,-0.07270,0.24040
3991.9056,0,0.40000,-0.07127,0.24010,0.40000,-0.07227,0.24031
3991.9379,0,0.40000,-0.07200,0.23999,0.40000,-0.07219,0.24021
3991.9753,0,0.40000,-0.07102,0.23881,0.40000,-0.07184,0.23979
3992.0126,0,0.40000,-0.07149,0.23696,0.40000,-0.07173,0.23894
3992.0421,0,0.40000,-0.06943,0.23359,0.40000,-0.07104,0.23734
3992.0748,0,0.40000,-0.06762,0.23128,0.40000,-0.07001,0.23552
3992.1109,0,0.40000,-0.06737,0.22772,0.40000,-0.06922,0.23318
3992.1428,0,0.40000,-0.06681,0.22432,0.40000,-0.06850,0.23052
3992.1756,0,0.40000,-0.06652,0.22009,0.40000,-0.06790,0.22739
3992.2108,0,0.40000,-0.06649,0.21659,0.40000,-0.06748,0.22415
3992.2413,0,0.40000,-0.06520,0.21314,0.40000,-0.06680,0.22085
3992.2726,0,0.40000,-0.06595,0.20923,0.40000,-0.06654,0.21736
3992.3075,0,0.40000,-0.06740,0.20568,0.40000,-0.06680,0.21386
3992.3382,0,0.40000,-0.06845,0.20180,0.40000,-0.06729,0.21024
3992.3692,0,0.40000,-0.07155,0.19816,0.40000,-0.06857,0.20661
3992.4026,0,0.40000,-0.07404,0.19465,0.40000,-0.07021,0.20303
3992.4365,0,0.40000,-0.07567,0.19144,0.40000,-0.07185,0.19955
3992.4668,0,0.40000,-0.07527,0.18857,0.40000,-0.07288,0.19625
3992.4996,0,0.40000,-0.07693,0.18494,0.40000,-0.07409,0.19286
3992.5326,0,0.40000,-0.07671,0.18081,0.40000,-0.07488,0.18924
3992.5627,0,0.40000,-0.07776,0.17788,0.40000,-0.07574,0.18584
3992.5957,0,0.40000,-0.07571,0.17458,0.40000,-0.07573,0.18246
3992.6264,0,0.40000,-0.07631,0.17173,0.40000,-0.07590,0.17924
3992.6568,0,0.40000,-0.07684,0.16837,0.40000,-0.07619,0.17598
3992.6916,0,0.40000,-0.07880,0.16375,0.40000,-0.07697,0.17231
3992.7246,0,0.40000,-0.07976,0.15904,0.40000,-0.07781,0.16833
3992.7577,0,0.40000,-0.08253,0.15508,0.40000,-0.07922,0.16435
3992.7909,0,0.40000,-0.08180,0.15162,0.40000,-0.08000,0.16053
3992.8232,0,0.40000,-0.08364,0.14856,0.40000,-0.08109,0.15694
3992.8577,0,0.40000,-0.08515,0.14541,0.40000,-0.08231,0.15348
3992.8899,0,0.40000,-0.08592,0.14271,0.40000,-0.08339,0.15025
3992.9234,0,0.40000,-0.08564,0.13950,0.40000,-0.08407,0.14702
3992.9577,0,0.40000,-0.08511,0.13603,0.40000,-0.08438,0.14373
3992.9910,0,0.40000,-0.08699,0.13318,0.40000,-0.08516,0.14056
3993.0235,0,0.40000,-0.08988,0.13096,0.40000,-0.08658,0.13768
3993.0623,0,0.40000,-0.09007,0.12893,0.40000,-0.08763,0.13505
3993.0999,0,0.40000,-0.08982,0.12661,0.40000,-0.08828,0.13252
3993.1327,0,0.40000,-0.09186,0.12555,0.40000,-0.08936,0.13043
3993.1666,0,0.40000,-0.09254,0.12326,0.40000,-0.09031,0.12828
3993.2020,0,0.40000,-0.09472,0.12065,0.40000,-0.09164,0.12599
3993.2389,0,0.40000,-0.09486,0.11709,0.40000,-0.09260,0.12332
3993.2715,0,0.40000,-0.09464,0.11376,0.40000,-0.09321,0.12045
3993.3048,0,0.40000,-0.09567,0.11141,0.40000,-0.09395,0.11774
3993.3353,0,0.40000,-0.09550,0.10929,0.40000,-0.09441,0.11521
3993.3694,0,0.40000,-0.10023,0.10653,0.40000,-0.09616,0.11260
3993.4015,0,0.40000,-0.10183,0.10429,0.40000,-0.09786,0.11011
3993.4334,0,0.40000,-0.10366,0.10263,0.40000,-0.09960,0.10786
3993.4650,0,0.40000,-0.10383,0.10269,0.40000,-0.10087,0.10631
3993.5023,0,0.40000,-0.10431,0.10075,0.40000,-0.10190,0.10464
3993.5331,0,0.40000,-0.10269,0.09973,0.40000,-0.10214,0.10317
3993.5638,0,0.40000,-0.09999,0.09975,0.40000,-0.10149,0.10215
3993.5952,0,0.40000,-0.10152,0.09875,0.40000,-0.10150,0.10113
3993.6279,0,0.40000,-0.10196,0.09863,0.40000,-0.10164,0.10038
3993.6616,0,0.40000,-0.10271,0.09809,0.40000,-0.10196,0.09969
3993.6921,0,0.40000,-0.10189,0.09774,0.40000,-0.10194,0.09910
3993.7262,0,0.40000,-0.10254,0.09884,0.40000,-0.10212,0.09902
3993.7599,0,0.40000,-0.10187,0.09906,0.40000,-0.10204,0.09904
3993.7935,0,0.40000,-0.10196,0.09990,0.40000,-0.10202,0.09930
3993.8263,0,0.40000,-0.10256,0.10147,0.40000,-0.10218,0.09995
3993.8577,0,0.40000,-0.10084,0.10379,0.40000,-0.10178,0.10110
3993.8885,0,0.40000,-0.10024,0.10555,0.40000,-0.10132,0.10244
3993.9209,0,0.40000,-0.09575,0.10844,0.40000,-0.09965,0.10424
3993.9542,0,0.40000,-0.08944,0.11168,0.40000,-0.09659,0.10647
3993.9856,0,0.40000,-0.08856,0.11545,0.40000,-0.09418,0.10917
3994.0174,0,0.40000,-0.08702,0.11796,0.40000,-0.09203,0.11180
3994.0488,0,0.40000,-0.08415,0.12175,0.40000,-0.08967,0.11479
3994.0823,0,0.40000,-0.08152,0.12536,0.40000,-0.08722,0.11796
3994.1178,0,0.40000,-0.08039,0.12851,0.40000,-0.08517,0.12112
3994.1489,0,0.40000,-0.07557,0.13227,0.40000,-0.08229,0.12447
3994.1812,0,0.40000,-0.07302,0.13553,0.40000,-0.07951,0.12779
3994.2171,0,0.40000,-0.07274,0.13818,0.40000,-0.07748,0.13090
3994.2499,0,0.40000,-0.07026,0.14190,0.40000,-0.07531,0.13420
3994.2826,0,0.40000,-0.06789,0.14503,0.40000,-0.07309,0.13745
3994.3188,0,0.40000,-0.06647,0.14909,0.40000,-0.07110,0.14094
3994.3536,0,0.40000,-0.06500,0.15371,0.40000,-0.06927,0.14477
3994.3847,0,0.40000,-0.06404,0.15970,0.40000,-0.06770,0.14925
3994.4205,0,0.40000,-0.06296,0.16474,0.40000,-0.06628,0.15390
3994.4530,0,0.40000,-0.06186,0.16947,0.40000,-0.06496,0.15857
3994.4866,0,0.40000,-0.05857,0.17366,0.40000,-0.06304,0.16310
3994.5174,0,0.40000,-0.05671,0.17852,0.40000,-0.06114,0.16772
3994.5496,0,0.40000,-0.05600,0.18280,0.40000,-0.05960,0.17225
3994.5828,0,0.40000,-0.05580,0.18727,0.40000,-0.05846,0.17675
3994.6139,0,0.40000,-0.05361,0.19154,0.40000,-0.05701,0.18119
3994.6486,0,0.40000,-0.05076,0.19654,0.40000,-0.05513,0.18579
3994.6809,0,0.40000,-0.04725,0.20122,0.40000,-0.05277,0.19042
3994.7137,0,0.40000,-0.04513,0.20418,0.40000,-0.05048,0.19455
3994.7492,0,0.40000,-0.04068,0.20691,0.40000,-0.04754,0.19826
3994.7820,0,0.40000,-0.03948,0.20919,0.40000,-0.04512,0.20154
3994.8184,0,0.40000,-0.03641,0.21147,0.40000,-0.04251,0.20452
3994.8495,0,0.40000,-0.03529,0.21274,0.40000,-0.04034,0.20699
3994.8811,0,0.40000,-0.03460,0.21454,0.40000,-0.03862,0.20925
3994.9139,0,0.40000,-0.03198,0.21649,0.40000,-0.03663,0.21142
3994.9509,0,0.40000,-0.03050,0.21737,0.40000,-0.03479,0.21321
3994.9843,0,0.40000,-0.02867,0.21786,0.40000,-0.03295,0.21460
3995.0159,0,0.40000,-0.02768,0.21813,0.40000,-0.03137,0.21566
3995.0512,0,0.40000,-0.02714,0.21825,0.40000,-0.03010,0.21643
3995.0896,0,0.40000,-0.02661,0.21866,0.40000,-0.02906,0.21710
3995.1203,0,0.40000,-0.02389,0.21954,0.40000,-0.02751,0.21783
3995.1532,0,0.40000,-0.02362,0.22072,0.40000,-0.02634,0.21870
3995.1888,0,0.40000,-0.02299,0.22136,0.40000,-0.02534,0.21950
3995.2254,0,0.40000,-0.02059,0.22244,0.40000,-0.02391,0.22038
3995.2600,0,0.40000,-0.01931,0.22309,0.40000,-0.02253,0.22119
3995.2914,0,0.40000,-0.01843,0.22400,0.40000,-0.02130,0.22204
3995.3273,0,0.40000,-0.01604,0.22506,0.40000,-0.01972,0.22294
3995.3594,0,0.40000,-0.01364,0.22518,0.40000,-0.01790,0.22361
3995.3968,0,0.40000,-0.01184,0.22517,0.40000,-0.01608,0.22408
3995.4279,0,0.40000,-0.01077,0.22498,0.40000,-0.01449,0.22435
3995.4641,0,0.40000,-0.00801,0.22356,0.40000,-0.01254,0.22411
3995.4958,0,0.40000,-0.00655,0.22185,0.40000,-0.01074,0.22343
3995.5277,0,0.40000,-0.00480,0.21916,0.40000,-0.00896,0.22215
3995.5591,0,0.40000,-0.00095,0.21735,0.40000,-0.00656,0.22071
3995.5916,0,0.40000,-0.00024,0.21466,0.40000,-0.00466,0.21889
3995.6438,0,0.40000,0.00118,0.21198,0.40000,-0.00291,0.21682
3995.6758,0,0.40000,0.00629,0.20758,0.40000,-0.00015,0.21405
3995.7093,0,0.40000,0.00725,0.20374,0.40000,0.00207,0.21096
3995.7454,0,0.40000,0.00894,0.20020,0.40000,0.00413,0.20773
3995.7765,0,0.40000,0.01022,0.19649,0.40000,0.00596,0.20436
3995.8072,0,0.40000,0.01027,0.19212,0.40000,0.00725,0.20069
3995.8432,0,0.40000,0.00946,0.18833,0.40000,0.00791,0.19698
3995.8755,0,0.40000,0.01151,0.18495,0.40000,0.00899,0.19337
3995.9076,0,0.40000,0.01206,0.18168,0.40000,0.00991,0.18986
3995.9393,0,0.40000,0.01032,0.17874,0.40000,0.01003,0.18653
3995.9719,0,0.40000,0.01079,0.17403,0.40000,0.01026,0.18278
3996.0043,0,0.40000,0.01084,0.17012,0.40000,0.01043,0.17898
3996.0407,0,0.40000,0.01053,0.16685,0.40000,0.01046,0.17534
3996.0741,0,0.40000,0.01031,0.16241,0.40000,0.01042,0.17146
3996.1073,0,0.40000,0.00783,0.15807,0.40000,0.00964,0.16744
3996.1435,0,0.40000,0.00724,0.15469,0.40000,0.00892,0.16362
3996.1758,0,0.40000,0.00860,0.15089,0.40000,0.00882,0.15980
3996.2163,0,0.40000,0.00968,0.14737,0.40000,0.00908,0.15607
3996.2501,0,0.40000,0.00923,0.14336,0.40000,0.00913,0.15226
3996.2817,0,0.40000,0.00849,0.14013,0.40000,0.00893,0.14862
3996.3137,0,0.40000,0.00941,0.13679,0.40000,0.00908,0.14507
3996.3467,0,0.40000,0.00988,0.13449,0.40000,0.00932,0.14190
3996.3797,0,0.40000,0.00974,0.13284,0.40000,0.00944,0.13918
3996.4114,0,0.40000,0.00922,0.13057,0.40000,0.00938,0.13660
3996.4436,0,0.40000,0.00770,0.12828,0.40000,0.00888,0.13410
3996.4793,0,0.40000,0.00490,0.12645,0.40000,0.00768,0.13181
3996.5117,0,0.40000,0.00493,0.12373,0.40000,0.00686,0.12939
3996.5436,0,0.40000,0.00784,0.12209,0.40000,0.00715,0.12720
3996.5739,0,0.40000,0.00979,0.11965,0.40000,0.00795,0.12493
3996.6072,0,0.40000,0.01109,0.11719,0.40000,0.00889,0.12261
3996.6647,0,0.40000,0.01131,0.11518,0.40000,0.00962,0.12038
3996.6970,0,0.40000,0.01257,0.11314,0.40000,0.01050,0.11821
3996.7283,0,0.40000,0.01262,0.11123,0.40000,0.01114,0.11612
3996.7604,0,0.40000,0.01093,0.10998,0.40000,0.01108,0.11427
3996.7920,0,0.40000,0.00990,0.10792,0.40000,0.01072,0.11237
3996.8240,0,0.40000,0.00924,0.10693,0.40000,0.01028,0.11074
3996.8584,0,0.40000,0.00922,0.10636,0.40000,0.00996,0.10942
3996.8953,0,0.40000,0.01131,0.10526,0.40000,0.01037,0.10818
3996.9295,0,0.40000,0.01183,0.10520,0.40000,0.01081,0.10728
3996.9674,0,0.40000,0.01352,0.10580,0.40000,0.01162,0.10684
3997.0024,0,0.40000,0.01612,0.10679,0.40000,0.01297,0.10682
3997.0381,0,0.40000,0.02004,0.10831,0.40000,0.01509,0.10727
3997.0740,0,0.40000,0.02398,0.10930,0.40000,0.01776,0.10788
3997.1108,0,0.40000,0.02638,0.11176,0.40000,0.02034,0.10904
3997.1429,0,0.40000,0.02773,0.11528,0.40000,0.02256,0.11091
3997.1749,0,0.40000,0.02855,0.11915,0.40000,0.02436,0.11338
3997.2086,0,0.40000,0.03169,0.12309,0.40000,0.02656,0.11630
3997.2409,0,0.40000,0.03334,0.12631,0.40000,0.02859,0.11930
3997.2730,0,0.40000,0.03520,0.13002,0.40000,0.03057,0.12251
3997.3050,0,0.40000,0.03903,0.13444,0.40000,0.03311,0.12609
3997.3373,0,0.40000,0.03883,0.13974,0.40000,0.03483,0.13019
3997.3714,0,0.40000,0.04169,0.14499,0.40000,0.03689,0.13463
3997.4096,0,0.40000,0.04396,0.15076,0.40000,0.03901,0.13947
3997.4411,0,0.40000,0.04562,0.15654,0.40000,0.04099,0.14459
3997.4728,0,0.40000,0.04595,0.16220,0.40000,0.04248,0.14987
3997.5067,0,0.40000,0.04755,0.16786,0.40000,0.04400,0.15527
3997.5415,0,0.40000,0.05238,0.17289,0.40000,0.04652,0.16056
3997.5725,0,0.40000,0.05183,0.17907,0.40000,0.04811,0.16611
3997.6069,0,0.40000,0.05412,0.18466,0.40000,0.04991,0.17168
3997.6414,0,0.40000,0.05707,0.19044,0.40000,0.05206,0.17731
3997.6922,0,0.40000,0.05994,0.19586,0.40000,0.05442,0.18287
3997.7274,0,0.40000,0.06237,0.20081,0.40000,0.05681,0.18825
3997.7596,0,0.40000,0.06521,0.20596,0.40000,0.05933,0.19356
3997.7957,0,0.40000,0.06793,0.21040,0.40000,0.06191,0.19861
3997.8274,0,0.40000,0.06986,0.21400,0.40000,0.06429,0.20323
3997.8668,0,0.40000,0.07252,0.21718,0.40000,0.06676,0.20742
3997.8998,0,0.40000,0.07474,0.21962,0.40000,0.06915,0.21108
3997.9363,0,0.40000,0.07855,0.22135,0.40000,0.07197,0.21416
3997.9706,0,0.40000,0.08115,0.22354,0.40000,0.07473,0.21697
3998.0050,0,0.40000,0.08311,0.22548,0.40000,0.07724,0.21953
3998.0362,0,0.40000,0.08546,0.22647,0.40000,0.07971,0.22161
3998.0712,0,0.40000,0.08882,0.22794,0.40000,0.08244,0.22351
3998.1026,0,0.40000,0.09013,0.23013,0.40000,0.08475,0.22550
3998.1400,0,0.40000,0.09242,0.23183,0.40000,0.08705,0.22740
3998.1712,0,0.40000,0.09311,0.23497,0.40000,0.08887,0.22967
3998.2038,0,0.40000,0.09515,0.23688,0.40000,0.09075,0.23183
3998.2348,0,0.40000,0.09577,0.23837,0.40000,0.09226,0.23380
3998.2649,0,0.40000,0.09665,0.24025,0.40000,0.09358,0.23573
3998.2985,0,0.40000,0.09664,0.24136,0.40000,0.09450,0.23742
3998.3308,0,0.40000,0.09715,0.24143,0.40000,0.09529,0.23862
3998.3617,0,0.40000,0.09740,0.24185,0.40000,0.09593,0.23959
3998.3925,0,0.40000,0.09772,0.24199,0.40000,0.09646,0.24031
3998.4241,0,0.40000,0.09825,0.24210,0.40000,0.09700,0.24085
3998.4555,0,0.40000,0.09840,0.24204,0.40000,0.09742,0.24121
3998.4884,0,0.40000,0.09688,0.24171,0.40000,0.09726,0.24136
3998.5216,0,0.40000,0.09719,0.24095,0.40000,0.09724,0.24124
3998.5581,0,0.40000,0.09843,0.23928,0.40000,0.09760,0.24065
3998.5895,0,0.40000,0.09875,0.23767,0.40000,0.09794,0.23976
3998.6282,0,0.40000,0.09961,0.23488,0.40000,0.09844,0.23829
3998.6625,0,0.40000,0.09952,0.23230,0.40000,0.09877,0.23650
3998.6987,0,0.40000,0.10030,0.22878,0.40000,0.09923,0.23418
3998.7345,0,0.40000,0.10021,0.22608,0.40000,0.09952,0.23175
3998.7650,0,0.40000,0.10088,0.22365,0.40000,0.09993,0.22932
3998.7951,0,0.40000,0.10143,0.22121,0.40000,0.10038,0.22689
3998.8255,0,0.40000,0.10164,0.21989,0.40000,0.10076,0.22479
3998.8571,0,0.40000,0.10085,0.21717,0.40000,0.10078,0.22250
3998.8900,0,0.40000,0.10212,0.21469,0.40000,0.10119,0.22016
3998.9246,0,0.40000,0.10244,0.21229,0.40000,0.10156,0.21780
3998.9562,0,0.40000,0.10237,0.20933,0.40000,0.10180,0.21526
3998.9890,0,0.40000,0.10331,0.20676,0.40000,0.10226,0.21271
3999.0290,0,0.40000,0.10597,0.20339,0.40000,0.10337,0.20991
3999.0636,0,0.40000,0.10688,0.20161,0.40000,0.10442,0.20742
3999.0944,0,0.40000,0.10941,0.19940,0.40000,0.10592,0.20502
3999.1268,0,0.40000,0.11235,0.19622,0.40000,0.10785,0.20238
3999.1608,0,0.40000,0.11380,0.19374,0.40000,0.10964,0.19979
3999.1915,0,0.40000,0.11532,0.19060,0.40000,0.11134,0.19703
3999.2223,0,0.40000,0.11497,0.18787,0.40000,0.11243,0.19428
3999.2562,0,0.40000,0.11500,0.18568,0.40000,0.11320,0.19170
3999.2988,0,0.40000,0.11481,0.18270,0.40000,0.11368,0.18900
3999.3290,0,0.40000,0.11609,0.17964,0.40000,0.11441,0.18619
3999.3597,0,0.40000,0.11597,0.17654,0.40000,0.11488,0.18330
3999.3912,0,0.40000,0.11764,0.17258,0.40000,0.11571,0.18008
3999.4249,0,0.40000,0.11735,0.16893,0.40000,0.11620,0.17674
3999.4617,0,0.40000,0.11757,0.16549,0.40000,0.11661,0.17336
3999.4932,0,0.40000,0.11743,0.16121,0.40000,0.11686,0.16972
3999.5274,0,0.40000,0.11831,0.15756,0.40000,0.11729,0.16607
3999.5621,0,0.40000,0.11866,0.15492,0.40000,0.11770,0.16272
3999.5947,0,0.40000,0.11650,0.15339,0.40000,0.11734,0.15992
3999.6290,0,0.40000,0.11504,0.15157,0.40000,0.11665,0.15742
3999.6619,0,0.40000,0.11469,0.14970,0.40000,0.11606,0.15510
3999.6940,0,0.40000,0.11427,0.14895,0.40000,0.11553,0.15326
3999.7246,0,0.40000,0.11502,0.14849,0.40000,0.11537,0.15183
3999.7548,0,0.40000,0.11563,0.14742,0.40000,0.11545,0.15051
3999.7858,0,0.40000,0.11633,0.14532,0.40000,0.11572,0.14895
3999.8165,0,0.40000,0.11694,0.14402,0.40000,0.11608,0.14747
3999.8477,0,0.40000,0.11695,0.14256,0.40000,0.11634,0.14600
3999.8795,0,0.40000,0.11793,0.14110,0.40000,0.11682,0.14453
3999.9098,0,0.40000,0.11834,0.13984,0.40000,0.11728,0.14312
3999.9402,0,0.40000,0.11752,0.13913,0.40000,0.11735,0.14192
3999.9741,0,0.40000,0.11780,0.13874,0.40000,0.11749,0.14097
4000.0067,0,0.40000,0.11707,0.13801,0.40000,0.11736,0.14008
4000.0406,0,0.40000,0.11718,0.13766,0.40000,0.11731,0.13935
4000.0727,0,0.40000,0.11723,0.13734,0.40000,0.11728,0.13875
4000.1061,0,0.40000,0.11887,0.13695,0.40000,0.11776,0.13821
4000.1381,0,0.40000,0.11765,0.13663,0.40000,0.11773,0.13774
4000.1687,0,0.40000,0.11779,0.13605,0.40000,0.11774,0.13723
4000.2002,0,0.40000,0.11781,0.13531,0.40000,0.11776,0.13665
4000.2329,0,0.40000,0.11900,0.13447,0.40000,0.11813,0.13600
4000.2646,0,0.40000,0.11914,0.13450,0.40000,0.11844,0.13555
4000.2960,0,0.40000,0.11939,0.13440,0.40000,0.11872,0.13520
4000.3264,0,0.40000,0.12128,0.13470,0.40000,0.11949,0.13505
4000.3603,0,0.40000,0.11999,0.13534,0.40000,0.11964,0.13514
4000.3931,0,0.40000,0.12046,0.13572,0.40000,0.11989,0.13531
4000.4274,0,0.40000,0.11960,0.13630,0.40000,0.11980,0.13561
4000.4607,0,0.40000,0.12011,0.13795,0.40000,0.11989,0.13631
4000.4911,0,0.40000,0.11884,0.14042,0.40000,0.11958,0.13755
4000.5241,0,0.40000,0.11825,0.14361,0.40000,0.11918,0.13936
4000.5573,0,0.40000,0.11730,0.14682,0.40000,0.11861,0.14160
4000.5965,0,0.40000,0.11691,0.15079,0.40000,0.11810,0.14436
4000.6265,0,0.40000,0.11720,0.15452,0.40000,0.11783,0.14740
4000.6594,0,0.40000,0.11924,0.15835,0.40000,0.11825,0.15069
4000.6953,0,0.40000,0.11965,0.16281,0.40000,0.11867,0.15433
4000.7259,0,0.40000,0.12021,0.16653,0.40000,0.11913,0.15799
4000.7568,0,0.40000,0.12119,0.17037,0.40000,0.11975,0.16170
4000.7907,0,0.40000,0.12187,0.17464,0.40000,0.12039,0.16558
4000.8222,0,0.40000,0.12345,0.17938,0.40000,0.12131,0.16972
4000.8576,0,0.40000,0.12271,0.18474,0.40000,0.12173,0.17423
4000.8911,0,0.40000,0.12328,0.19038,0.40000,0.12219,0.17907
4000.9245,0,0.40000,0.12497,0.19557,0.40000,0.12303,0.18402
4000.9580,0,0.40000,0.12624,0.20129,0.40000,0.12399,0.18920
4000.9888,0,0.40000,0.12884,0.20590,0.40000,0.12544,0.19421
4001.0243,0,0.40000,0.13047,0.21148,0.40000,0.12695,0.19939
4001.0606,0,0.40000,0.13167,0.21623,0.40000,0.12837,0.20444
4001.0942,0,0.40000,0.13327,0.22014,0.40000,0.12984,0.20915
4001.1281,0,0.40000,0.13401,0.22414,0.40000,0.13109,0.21365
4001.1591,0,0.40000,0.13442,0.22688,0.40000,0.13209,0.21762
4001.1901,0,0.40000,0.13582,0.22970,0.40000,0.13321,0.22124
4001.2270,0,0.40000,0.13786,0.23217,0.40000,0.13460,0.22452
4001.2586,0,0.40000,0.13689,0.23297,0.40000,0.13529,0.22706
4001.2920,0,0.40000,0.13801,0.23364,0.40000,0.13611,0.22903
4001.3252,0,0.40000,0.13731,0.23429,0.40000,0.13647,0.23061
4001.3567,0,0.40000,0.13604,0.23394,0.40000,0.13634,0.23161
4001.3942,0,0.40000,0.13398,0.23446,0.40000,0.13563,0.23247
4001.4269,0,0.40000,0.13332,0.23533,0.40000,0.13494,0.23332
4001.4584,0,0.40000,0.13228,0.23664,0.40000,0.13414,0.23432
4001.4900,0,0.40000,0.13022,0.23781,0.40000,0.13296,0.23536
4001.5205,0,0.40000,0.12697,0.23942,0.40000,0.13116,0.23658
4001.5508,0,0.40000,0.12438,0.24013,0.40000,0.12913,0.23765
4001.5815,0,0.40000,0.12116,0.24191,0.40000,0.12674,0.23893
4001.6138,0,0.40000,0.11859,0.24294,0.40000,0.12429,0.24013
4001.6472,0,0.40000,0.11651,0.24327,0.40000,0.12196,0.24107
4001.6776,0,0.40000,0.11436,0.24415,0.40000,0.11968,0.24200
4001.7101,0,0.40000,0.11292,0.24412,0.40000,0.11765,0.24263
4001.7410,0,0.40000,0.10994,0.24384,0.40000,0.11534,0.24300
4001.7734,0,0.40000,0.10676,0.24355,0.40000,0.11276,0.24316
4001.8078,0,0.40000,0.10458,0.24384,0.40000,0.11031,0.24336
4001.8403,0,0.40000,0.10247,0.24497,0.40000,0.10796,0.24385
4001.8722,0,0.39682,0.10141,0.24583,0.39905,0.10599,0.24444
4001.9073,0,0.38820,0.10129,0.24717,0.39579,0.10458,0.24526
4001.9385,0,0.38000,0.10035,0.24891,0.39106,0.10331,0.24636
4001.9710,0,0.37317,0.09941,0.25104,0.38569,0.10214,0.24776
4002.0035,0,0.36989,0.09696,0.25345,0.38095,0.10059,0.24947
4002.0359,0,0.36283,0.09484,0.25650,0.37552,0.09886,0.25158
4002.0702,0,0.35576,0.09204,0.25976,0.36959,0.09682,0.25403
4002.1016,0,0.34953,0.08942,0.26253,0.36357,0.09460,0.25658
4002.1394,0,0.34313,0.08575,0.26518,0.35744,0.09194,0.25916
4002.1705,0,0.33628,0.08238,0.26720,0.35109,0.08907,0.26157
4002.2037,0,0.32895,0.07958,0.26867,0.34445,0.08623,0.26370
4002.2403,0,0.32040,0.07527,0.26997,0.33723,0.08294,0.26558
4002.2725,0,0.31610,0.07289,0.27138,0.33090,0.07992,0.26732
4002.3027,0,0.30737,0.07082,0.27334,0.32384,0.07719,0.26913
4002.3357,0,0.30249,0.06875,0.27450,0.31743,0.07466,0.27074
4002.3705,0,0.29843,0.06803,0.27514,0.31173,0.07267,0.27206
4002.4011,0,0.29482,0.06592,0.27509,0.30666,0.07065,0.27297
4002.4322,0,0.29219,0.06339,0.27473,0.30232,0.06847,0.27350
4002.4685,0,0.28629,0.06074,0.27489,0.29751,0.06615,0.27391
4002.5007,0,0.28250,0.05861,0.27533,0.29301,0.06389,0.27434
4002.5303,0,0.27909,0.05734,0.27588,0.28883,0.06192,0.27480
4002.5625,0,0.27650,0.05585,0.27658,0.28513,0.06010,0.27534
4002.5952,0,0.27288,0.05454,0.27758,0.28145,0.05843,0.27601
4002.6289,0,0.27056,0.05331,0.27813,0.27819,0.05690,0.27664
4002.6685,0,0.27029,0.05200,0.27845,0.27582,0.05543,0.27719
4002.7060,0,0.26813,0.05062,0.27900,0.27351,0.05398,0.27773
4002.7390,0,0.26673,0.05021,0.27946,0.27148,0.05285,0.27825
4002.7716,0,0.26507,0.04952,0.28054,0.26956,0.05185,0.27894
4002.8031,0,0.26139,0.04880,0.28166,0.26711,0.05094,0.27975
4002.8345,0,0.25907,0.04752,0.28230,0.26469,0.04991,0.28052
4002.8668,0,0.25617,0.04592,0.28313,0.26214,0.04872,0.28130
4002.9072,0,0.25208,0.04487,0.28391,0.25912,0.04756,0.28208
4002.9387,0,0.24814,0.04333,0.28464,0.25583,0.04629,0.28285
4002.9720,0,0.24550,0.04183,0.28532,0.25273,0.04495,0.28359
4003.0044,0,0.24167,0.03980,0.28595,0.24941,0.04341,0.28430
4003.0392,0,0.24015,0.03936,0.28625,0.24663,0.04219,0.28488
4003.0713,0,0.23784,0.03802,0.28646,0.24400,0.04094,0.28536
4003.1026,0,0.23570,0.03733,0.28690,0.24151,0.03986,0.28582
4003.1361,0,0.23469,0.03682,0.28699,0.23946,0.03895,0.28617
4003.1693,0,0.23402,0.03584,0.28735,0.23783,0.03802,0.28653
4003.2031,0,0.23033,0.03513,0.28800,0.23558,0.03715,0.28697
4003.2384,0,0.22829,0.03422,0.28850,0.23339,0.03627,0.28743
4003.2687,0,0.22664,0.03334,0.28895,0.23137,0.03539,0.28788
4003.3026,0,0.22351,0.03287,0.28969,0.22901,0.03464,0.28843
4003.3364,0,0.22123,0.03198,0.28993,0.22668,0.03384,0.28888
4003.3715,0,0.21889,0.03072,0.29038,0.22434,0.03290,0.28933
4003.4040,0,0.21593,0.02999,0.29060,0.22182,0.03203,0.28971
4003.4367,0,0.21540,0.02979,0.29088,0.21989,0.03136,0.29006
4003.4687,0,0.21416,0.02849,0.29095,0.21817,0.03050,0.29033
4003.5013,0,0.21174,0.02828,0.29125,0.21624,0.02983,0.29061
4003.5326,0,0.20873,0.02732,0.29153,0.21399,0.02908,0.29088
4003.5637,0,0.20625,0.02695,0.29161,0.21167,0.02844,0.29110
4003.5973,0,0.20489,0.02605,0.29153,0.20964,0.02772,0.29123
4003.6291,0,0.20223,0.02498,0.29179,0.20741,0.02690,0.29140
4003.6603,0,0.20220,0.02440,0.29159,0.20585,0.02615,0.29145
4003.6916,0,0.20126,0.02361,0.29191,0.20447,0.02539,0.29159
4003.7236,0,0.20036,0.02315,0.29221,0.20324,0.02472,0.29178
4003.7557,0,0.19937,0.02228,0.29236,0.20208,0.02398,0.29195
4003.7856,0,0.19968,0.02203,0.29240,0.20136,0.02340,0.29209
4003.8172,0,0.19844,0.02097,0.29233,0.20048,0.02267,0.29216
4003.8505,0,0.19633,0.02019,0.29181,0.19924,0.02193,0.29206
4003.8823,0,0.19413,0.01949,0.29147,0.19770,0.02119,0.29188
4003.9137,0,0.19257,0.01794,0.29103,0.19616,0.02022,0.29163
4003.9453,0,0.19066,0.01753,0.29117,0.19451,0.01941,0.29149
4003.9768,0,0.18890,0.01688,0.29114,0.19283,0.01865,0.29138
4004.0145,0,0.18766,0.01616,0.29122,0.19128,0.01791,0.29134
4004.0468,0,0.18580,0.01512,0.29098,0.18964,0.01707,0.29123
4004.0808,0,0.18504,0.01497,0.29036,0.18826,0.01644,0.29097
4004.1130,0,0.18469,0.01533,0.28987,0.18719,0.01611,0.29064
4004.1449,0,0.18592,0.01506,0.28929,0.18681,0.01579,0.29023
4004.1813,0,0.18649,0.01505,0.28853,0.18671,0.01557,0.28972
4004.2127,0,0.18800,0.01504,0.28722,0.18710,0.01541,0.28897
4004.2475,0,0.18848,0.01460,0.28597,0.18751,0.01517,0.28807
4004.2808,0,0.18759,0.01470,0.28483,0.18754,0.01503,0.28710
4004.3169,0,0.18734,0.01458,0.28415,0.18748,0.01489,0.28622
4004.3501,0,0.18545,0.01466,0.28397,0.18687,0.01482,0.28554
4004.3818,0,0.18367,0.01416,0.28395,0.18591,0.01462,0.28507
4004.4144,0,0.18249,0.01441,0.28459,0.18488,0.01456,0.28492
4004.4453,0,0.18283,0.01437,0.28512,0.18427,0.01450,0.28498
4004.4817,0,0.18211,0.01467,0.28580,0.18362,0.01455,0.28523
4004.5149,0,0.18145,0.01493,0.28642,0.18297,0.01467,0.28559
4004.5464,0,0.18199,0.01582,0.28635,0.18268,0.01501,0.28582
4004.5817,0,0.18270,0.01614,0.28600,0.18268,0.01535,0.28587
4004.6172,0,0.18301,0.01611,0.28567,0.18278,0.01558,0.28581
4004.6469,0,0.18299,0.01686,0.28531,0.18284,0.01596,0.28566
4004.6778,0,0.18243,0.01766,0.28492,0.18272,0.01647,0.28544
4004.7249,0,0.18188,0.01753,0.28467,0.18247,0.01679,0.28521
4004.7601,0,0.18159,0.01766,0.28451,0.18220,0.01705,0.28500
4004.7917,0,0.18111,0.01775,0.28442,0.18187,0.01726,0.28482
4004.8222,0,0.18211,0.01796,0.28362,0.18195,0.01747,0.28446
4004.8555,0,0.18338,0.01779,0.28284,0.18238,0.01757,0.28398
4004.8859,0,0.18376,0.01724,0.28214,0.18279,0.01747,0.28343
4004.9173,0,0.18306,0.01680,0.28155,0.18287,0.01727,0.28286
4004.9483,0,0.18372,0.01698,0.28049,0.18313,0.01718,0.28215
4004.9812,0,0.18272,0.01683,0.28001,0.18300,0.01708,0.28151
4005.0132,0,0.18127,0.01655,0.27935,0.18248,0.01692,0.28086
4005.0448,0,0.18147,0.01618,0.27890,0.18218,0.01670,0.28027
4005.0770,0,0.18240,0.01571,0.27783,0.18225,0.01640,0.27954
4005.1123,0,0.18175,0.01518,0.27732,0.18210,0.01603,0.27888
4005.1451,0,0.18239,0.01494,0.27646,0.18218,0.01571,0.27815
4005.1776,0,0.18282,0.01434,0.27589,0.18238,0.01530,0.27747
4005.2134,0,0.18335,0.01413,0.27549,0.18267,0.01495,0.27688
4005.2529,0,0.18334,0.01370,0.27510,0.18287,0.01457,0.27634
4005.2881,0,0.18429,0.01403,0.27437,0.18330,0.01441,0.27575
4005.3192,0,0.18413,0.01372,0.27337,0.18355,0.01421,0.27504
4005.3546,0,0.18436,0.01368,0.27194,0.18379,0.01405,0.27411
4005.3878,0,0.18410,0.01405,0.27028,0.18388,0.01405,0.27296
4005.4204,0,0.18357,0.01445,0.26883,0.18379,0.01417,0.27172
4005.4531,0,0.18319,0.01504,0.26739,0.18361,0.01443,0.27042
4005.4894,0,0.18179,0.01467,0.26605,0.18306,0.01450,0.26911
4005.5199,0,0.18106,0.01493,0.26465,0.18246,0.01463,0.26777
4005.5526,0,0.18067,0.01430,0.26348,0.18193,0.01453,0.26649
4005.5861,0,0.18117,0.01439,0.26197,0.18170,0.01449,0.26513
4005.6381,0,0.18363,0.01445,0.25968,0.18228,0.01448,0.26350
4005.6684,0,0.18367,0.01441,0.25733,0.18269,0.01446,0.26164
4005.7030,0,0.18058,0.01442,0.25577,0.18206,0.01445,0.25988
4005.7417,0,0.18153,0.01397,0.25378,0.18190,0.01430,0.25805
4005.7768,0,0.18006,0.01355,0.25201,0.18135,0.01408,0.25624
4005.8125,0,0.17951,0.01462,0.25028,0.18080,0.01424,0.25445
4005.8428,0,0.17767,0.01443,0.24901,0.17986,0.01430,0.25282
4005.8786,0,0.17815,0.01495,0.24732,0.17935,0.01449,0.25117
4005.9096,0,0.18002,0.01628,0.24528,0.17955,0.01503,0.24940
4005.9400,0,0.18087,0.01676,0.24289,0.17994,0.01555,0.24745
4005.9737,0,0.18167,0.01715,0.24060,0.18046,0.01603,0.24539
4006.0054,0,0.18167,0.01707,0.23855,0.18082,0.01634,0.24334
4006.0368,0,0.18096,0.01756,0.23625,0.18086,0.01671,0.24121
4006.0680,0,0.18050,0.01810,0.23393,0.18075,0.01712,0.23903
4006.0979,0,0.18238,0.01845,0.23119,0.18124,0.01752,0.23668
4006.1283,0,0.18233,0.01972,0.22836,0.18157,0.01818,0.23418
4006.1609,0,0.18156,0.02020,0.22577,0.18157,0.01879,0.23166
4006.1941,0,0.18072,0.02058,0.22333,0.18131,0.01933,0.22916
4006.2249,0,0.17916,0.02125,0.22119,0.18067,0.01990,0.22677
4006.2566,0,0.17856,0.02095,0.21905,0.18004,0.02022,0.22445
4006.2899,0,0.17980,0.02226,0.21655,0.17996,0.02083,0.22208
4006.3224,0,0.17975,0.02270,0.21420,0.17990,0.02139,0.21972
4006.3560,0,0.17913,0.02380,0.21177,0.17967,0.02211,0.21733
4006.3922,0,0.17916,0.02448,0.20948,0.17951,0.02282,0.21498
4006.4241,0,0.17745,0.02513,0.20752,0.17889,0.02351,0.21274
4006.4565,0,0.17864,0.02585,0.20522,0.17882,0.02422,0.21049
4006.4878,0,0.17811,0.02699,0.20329,0.17861,0.02505,0.20833
4006.5194,0,0.17655,0.02809,0.20169,0.17799,0.02596,0.20634
4006.5517,0,0.17590,0.02960,0.19985,0.17736,0.02705,0.20439
4006.5821,0,0.17557,0.03076,0.19806,0.17683,0.02816,0.20249
4006.6148,0,0.17447,0.03195,0.19624,0.17612,0.02930,0.20062
4006.6462,0,0.17405,0.03217,0.19398,0.17550,0.03016,0.19863
4006.6785,0,0.17214,0.03313,0.19223,0.17449,0.03105,0.19671
4006.7131,0,0.17197,0.03342,0.19008,0.17374,0.03176,0.19472
4006.7462,0,0.16946,0.03361,0.18836,0.17245,0.03232,0.19281
4006.7776,0,0.16858,0.03397,0.18653,0.17129,0.03281,0.19093
4006.8137,0,0.16836,0.03400,0.18454,0.17041,0.03317,0.18901
4006.8513,0,0.16779,0.03382,0.18230,0.16963,0.03336,0.18700
4006.8814,0,0.16709,0.03402,0.18022,0.16887,0.03356,0.18496
4006.9185,0,0.16585,0.03392,0.17788,0.16796,0.03367,0.18284
4006.9518,0,0.16673,0.03477,0.17538,0.16759,0.03400,0.18060
4006.9825,0,0.16626,0.03555,0.17325,0.16719,0.03446,0.17840
4007.0146,0,0.16546,0.03629,0.17114,0.16667,0.03501,0.17622
4007.0466,0,0.16449,0.03684,0.16927,0.16602,0.03556,0.17413
4007.0789,0,0.16489,0.03760,0.16727,0.16568,0.03617,0.17208
4007.1136,0,0.16453,0.03812,0.16531,0.16533,0.03676,0.17004
4007.1472,0,0.16273,0.03838,0.16364,0.16455,0.03724,0.16812
4007.1793,0,0.16226,0.03898,0.16174,0.16386,0.03777,0.16621
4007.2143,0,0.16078,0.03999,0.16017,0.16294,0.03843,0.16440
4007.2492,0,0.15817,0.04068,0.15885,0.16151,0.03911,0.16273
4007.2803,0,0.15816,0.04160,0.15699,0.16050,0.03986,0.16101
4007.3132,0,0.15813,0.04242,0.15513,0.15979,0.04063,0.15925
4007.3463,0,0.15831,0.04256,0.15280,0.15934,0.04121,0.15731
4007.3776,0,0.15909,0.04305,0.15056,0.15927,0.04176,0.15529
4007.4207,0,0.15872,0.04260,0.14866,0.15910,0.04201,0.15330
4007.4515,0,0.15603,0.04143,0.14721,0.15818,0.04184,0.15147
4007.4827,0,0.15536,0.04136,0.14569,0.15733,0.04170,0.14974
4007.5144,0,0.15502,0.04008,0.14427,0.15664,0.04121,0.14810
4007.5460,0,0.15459,0.03951,0.14298,0.15603,0.04070,0.14656
4007.5786,0,0.15405,0.03976,0.14143,0.15543,0.04042,0.14502
4007.6162,0,0.15280,0.03942,0.13991,0.15464,0.04012,0.14349
4007.6477,0,0.15163,0.04023,0.13814,0.15374,0.04015,0.14188
4007.6787,0,0.14934,0.03984,0.13668,0.15242,0.04006,0.14032
4007.7195,0,0.14672,0.03989,0.13521,0.15071,0.04001,0.13879
4007.7508,0,0.14645,0.04040,0.13356,0.14943,0.04013,0.13722
4007.7811,0,0.14610,0.03949,0.13169,0.14843,0.03994,0.13556
4007.8142,0,0.14508,0.04020,0.12981,0.14743,0.04002,0.13384
4007.8454,0,0.14201,0.04062,0.12827,0.14580,0.04020,0.13217
4007.8792,0,0.14099,0.04081,0.12655,0.14436,0.04038,0.13048
4007.9104,0,0.13897,0.04149,0.12513,0.14274,0.04071,0.12888
4007.9477,0,0.13805,0.04110,0.12346,0.14134,0.04083,0.12725
4007.9795,0,0.13685,0.04061,0.12191,0.13999,0.04076,0.12565
4008.0137,0,0.13528,0.04026,0.12037,0.13858,0.04061,0.12406
4008.0457,0,0.13371,0.03954,0.11888,0.13712,0.04029,0.12251
4008.0777,0,0.13367,0.03981,0.11733,0.13608,0.04015,0.12095
4008.1155,0,0.13505,0.03930,0.11573,0.13577,0.03989,0.11939
4008.1481,0,0.13287,0.03946,0.11434,0.13490,0.03976,0.11787
4008.1812,0,0.13259,0.03991,0.11304,0.13421,0.03981,0.11642
4008.2167,0,0.13337,0.04045,0.11134,0.13396,0.04000,0.11490
4008.2478,0,0.13212,0.04079,0.11009,0.13341,0.04024,0.11346
4008.2809,0,0.13265,0.04145,0.10851,0.13318,0.04060,0.11197
4008.3226,0,0.13154,0.04120,0.10715,0.13269,0.04078,0.11053
4008.3546,0,0.13090,0.04184,0.10572,0.13215,0.04110,0.10908
4008.3875,0,0.12785,0.03944,0.10450,0.13086,0.04060,0.10771
4008.4209,0,0.12601,0.03688,0.10285,0.12941,0.03948,0.10625
4008.4573,0,0.12523,0.03672,0.10162,0.12815,0.03865,0.10486
4008.4896,0,0.12271,0.03771,0.10081,0.12652,0.03837,0.10365
4008.5240,0,0.11947,0.03763,0.10005,0.12441,0.03815,0.10257
4008.5661,0,0.11761,0.03792,0.09981,0.12237,0.03808,0.10174
4008.5985,0,0.11640,0.03819,0.09957,0.12058,0.03811,0.10109
4008.6336,0,0.11470,0.03857,0.09990,0.11881,0.03825,0.10073
4008.6655,0,0.11510,0.03827,0.09970,0.11770,0.03825,0.10042
4008.6975,0,0.11316,0.03922,0.10022,0.11634,0.03854,0.10036
4008.7355,0,0.11480,0.03955,0.10027,0.11588,0.03884,0.10033
4008.7668,0,0.11559,0.03982,0.10071,0.11579,0.03914,0.10045
4008.7976,0,0.11782,0.04058,0.10083,0.11640,0.03957,0.10056
4008.8292,0,0.11791,0.04210,0.10137,0.11685,0.04033,0.10080
4008.8604,0,0.11705,0.04269,0.10162,0.11691,0.04104,0.10105
4008.8907,0,0.11753,0.04233,0.10161,0.11710,0.04142,0.10122
4008.9227,0,0.11852,0.04339,0.10134,0.11753,0.04201,0.10125
4008.9568,0,0.11750,0.04327,0.10151,0.11752,0.04239,0.10133
4008.9910,0,0.11905,0.04264,0.10132,0.11798,0.04247,0.10133
4009.0230,0,0.12033,0.04294,0.10132,0.11868,0.04261,0.10132
4009.0640,0,0.12196,0.04050,0.10100,0.11967,0.04198,0.10123
4009.0954,0,0.12124,0.04126,0.10142,0.12014,0.04176,0.10128
4009.1264,0,0.12074,0.04167,0.10119,0.12032,0.04174,0.10126
4009.1576,0,0.11974,0.04161,0.10131,0.12014,0.04170,0.10127
4009.1904,0,0.12103,0.04135,0.10121,0.12041,0.04159,0.10125
4009.2236,0,0.12337,0.04054,0.10114,0.12130,0.04128,0.10122
4009.2577,0,0.12550,0.04173,0.10154,0.12256,0.04141,0.10132
4009.2907,0,0.12509,0.04100,0.10234,0.12332,0.04129,0.10162
4009.3285,0,0.12448,0.04209,0.10358,0.12367,0.04153,0.10221
4009.3584,0,0.12443,0.04623,0.10528,0.12389,0.04294,0.10313
4009.3890,0,0.12658,0.04771,0.10643,0.12470,0.04437,0.10412
4009.4243,0,0.12642,0.04849,0.10801,0.12522,0.04561,0.10529
4009.4557,0,0.12768,0.04713,0.10911,0.12596,0.04606,0.10643
4009.4903,0,0.12877,0.04686,0.11064,0.12680,0.04630,0.10770
4009.5269,0,0.12801,0.04738,0.11223,0.12716,0.04663,0.10906
4009.5600,0,0.12731,0.04745,0.11378,0.12721,0.04687,0.11047
4009.5939,0,0.12647,0.04631,0.11524,0.12699,0.04671,0.11190
4009.6496,0,0.12769,0.04781,0.11690,0.12720,0.04704,0.11340
4009.6842,0,0.12910,0.04733,0.11877,0.12777,0.04712,0.11501
4009.7154,0,0.12996,0.04820,0.12065,0.12843,0.04745,0.11670
4009.7478,0,0.13118,0.04773,0.12287,0.12925,0.04753,0.11855
4009.7779,0,0.13296,0.04766,0.12496,0.13037,0.04757,0.12048
4009.8099,0,0.13435,0.04813,0.12745,0.13156,0.04774,0.12257
4009.8427,0,0.13325,0.04702,0.12993,0.13207,0.04752,0.12478
4009.8753,0,0.13415,0.04597,0.13202,0.13269,0.04706,0.12695
4009.9063,0,0.13435,0.04573,0.13436,0.13319,0.04666,0.12917
4009.9396,0,0.13296,0.04484,0.13699,0.13312,0.04611,0.13152
4009.9754,0,0.13472,0.04516,0.13942,0.13360,0.04583,0.13389
4010.0079,0,0.13510,0.04475,0.14199,0.13405,0.04551,0.13632
4010.0380,0,0.13818,0.04494,0.14390,0.13529,0.04533,0.13860
4010.0700,0,0.13735,0.04358,0.14619,0.13591,0.04481,0.14087
4010.1053,0,0.13931,0.04340,0.14835,0.13693,0.04439,0.14312
4010.1373,0,0.13871,0.04295,0.15083,0.13746,0.04396,0.14543
4010.1691,0,0.14014,0.04166,0.15268,0.13827,0.04327,0.14760
4010.2001,0,0.13929,0.04033,0.15472,0.13857,0.04239,0.14974
4010.2306,0,0.13872,0.03930,0.15649,0.13862,0.04146,0.15176
4010.2611,0,0.13864,0.03894,0.15852,0.13862,0.04070,0.15379
4010.2937,0,0.14048,0.03876,0.16049,0.13918,0.04012,0.15580
4010.3255,0,0.14277,0.03826,0.16240,0.14026,0.03956,0.15778
4010.3558,0,0.14258,0.03797,0.16472,0.14096,0.03908,0.15986
4010.3891,0,0.14256,0.03633,0.16693,0.14144,0.03826,0.16198
4010.4196,0,0.14162,0.03508,0.16919,0.14149,0.03731,0.16414
4010.4511,0,0.14462,0.03571,0.17130,0.14243,0.03683,0.16629
4010.4817,0,0.14528,0.03521,0.17345,0.14329,0.03634,0.16844
4010.5226,0,0.14673,0.03474,0.17596,0.14432,0.03586,0.17069
4010.5557,0,0.14830,0.03437,0.17850,0.14551,0.03541,0.17304
4010.5880,0,0.15032,0.03406,0.18112,0.14696,0.03501,0.17546
4010.6207,0,0.15180,0.03409,0.18355,0.14841,0.03473,0.17789
4010.6539,0,0.15285,0.03401,0.18606,0.14974,0.03451,0.18034
4010.6840,0,0.15512,0.03337,0.18852,0.15135,0.03417,0.18280
4010.7145,0,0.15444,0.03351,0.19137,0.15228,0.03397,0.18537
4010.7457,0,0.15806,0.03326,0.19382,0.15401,0.03376,0.18790
4010.7773,0,0.15738,0.03365,0.19687,0.15503,0.03373,0.19060
4010.8134,0,0.15702,0.03269,0.20013,0.15562,0.03342,0.19346
4010.8458,0,0.15814,0.03275,0.20290,0.15638,0.03322,0.19629
4010.8779,0,0.15860,0.03200,0.20577,0.15705,0.03285,0.19913
4010.9131,0,0.16075,0.03206,0.20835,0.15816,0.03261,0.20190
4010.9473,0,0.16248,0.03180,0.21093,0.15945,0.03237,0.20461
4010.9802,0,0.16471,0.03196,0.21357,0.16103,0.03225,0.20729
4011.0112,0,0.16874,0.03196,0.21590,0.16334,0.03216,0.20988
4011.0449,0,0.16935,0.03157,0.21893,0.16514,0.03198,0.21259
4011.0791,0,0.16925,0.03094,0.22153,0.16638,0.03167,0.21528
4011.1107,0,0.17174,0.03068,0.22402,0.16799,0.03137,0.21790
4011.1471,0,0.17231,0.02965,0.22684,0.16928,0.03086,0.22058
4011.1806,0,0.17282,0.02908,0.22985,0.17034,0.03032,0.22336
4011.2115,0,0.17417,0.02912,0.23288,0.17149,0.02996,0.22622
4011.2459,0,0.17563,0.02837,0.23602,0.17273,0.02948,0.22916
4011.2795,0,0.17705,0.02873,0.23858,0.17403,0.02926,0.23199
4011.3113,0,0.17753,0.02874,0.24133,0.17508,0.02910,0.23479
4011.3454,0,0.17746,0.02856,0.24414,0.17579,0.02894,0.23759
4011.3778,0,0.17675,0.02822,0.24673,0.17608,0.02872,0.24033
4011.4115,0,0.17647,0.02830,0.24930,0.17620,0.02860,0.24302
4011.4478,0,0.17687,0.02838,0.25179,0.17640,0.02853,0.24566
4011.4810,0,0.17860,0.02857,0.25464,0.17706,0.02854,0.24835
4011.5121,0,0.17675,0.02817,0.25762,0.17697,0.02843,0.25113
4011.5450,0,0.17967,0.02801,0.26022,0.17778,0.02830,0.25386
4011.5785,0,0.18125,0.02758,0.26304,0.17882,0.02809,0.25661
4011.6103,0,0.18319,0.02780,0.26584,0.18013,0.02800,0.25938
4011.6443,0,0.18753,0.02741,0.26827,0.18235,0.02782,0.26205
4011.6790,0,0.18879,0.02719,0.27090,0.18428,0.02763,0.26470
4011.7109,0,0.18869,0.02760,0.27392,0.18561,0.02762,0.26747
4011.7462,0,0.18560,0.02652,0.27722,0.18560,0.02729,0.27039
4011.7781,0,0.18247,0.02553,0.28057,0.18466,0.02676,0.27345
4011.8084,0,0.18350,0.02485,0.28347,0.18431,0.02619,0.27645
4011.8468,0,0.18330,0.02521,0.28630,0.18401,0.02589,0.27941
4011.8789,0,0.18415,0.02452,0.28889,0.18405,0.02548,0.28225
4011.9093,0,0.18692,0.02500,0.29142,0.18491,0.02534,0.28500
4011.9501,0,0.18648,0.02495,0.29410,0.18538,0.02522,0.28773
4011.9799,0,0.18748,0.02527,0.29672,0.18601,0.02524,0.29043
4012.0134,0,0.18898,0.02529,0.29957,0.18690,0.02525,0.29317
4012.0448,0,0.19226,0.02650,0.30161,0.18851,0.02563,0.29570
4012.0765,0,0.19206,0.02652,0.30434,0.18957,0.02590,0.29829
4012.1093,0,0.19323,0.02608,0.30629,0.19067,0.02595,0.30069
4012.1460,0,0.19425,0.02662,0.30887,0.19174,0.02615,0.30315
4012.1796,0,0.19606,0.02771,0.31171,0.19304,0.02662,0.30571
4012.2106,0,0.19641,0.02889,0.31477,0.19405,0.02730,0.30843
4012.2523,0,0.19185,0.02889,0.31823,0.19339,0.02778,0.31137
4012.2829,0,0.19033,0.02966,0.32138,0.19247,0.02834,0.31437
4012.3141,0,0.19181,0.02953,0.32410,0.19227,0.02870,0.31729
4012.3465,0,0.19234,0.03012,0.32668,0.19229,0.02912,0.32011
4012.3794,0,0.19554,0.03104,0.32863,0.19327,0.02970,0.32267
4012.4098,0,0.19869,0.03131,0.33032,0.19490,0.03018,0.32496
4012.4526,0,0.19987,0.03213,0.33291,0.19639,0.03077,0.32735
4012.4826,0,0.19526,0.03157,0.33671,0.19605,0.03101,0.33015
4012.5143,0,0.19504,0.03197,0.33950,0.19575,0.03129,0.33296
4012.5480,0,0.19654,0.03224,0.34229,0.19599,0.03158,0.33576
4012.5793,0,0.19867,0.03189,0.34503,0.19679,0.03167,0.33854
4012.6101,0,0.19897,0.03248,0.34809,0.19744,0.03191,0.34140
4012.6467,0,0.19956,0.03185,0.35054,0.19808,0.03190,0.34414
4012.6775,0,0.19815,0.03202,0.35387,0.19810,0.03193,0.34706
4012.7101,0,0.19896,0.03145,0.35633,0.19836,0.03179,0.34984
4012.7466,0,0.19839,0.03077,0.35931,0.19837,0.03148,0.35268
4012.7795,0,0.19930,0.03043,0.36193,0.19865,0.03116,0.35546
4012.8116,0,0.19993,0.03019,0.36449,0.19903,0.03087,0.35817
4012.8460,0,0.20399,0.02995,0.36634,0.20052,0.03060,0.36062
4012.8784,0,0.20248,0.02948,0.36937,0.20111,0.03026,0.36324
4012.9167,0,0.20213,0.02978,0.37181,0.20141,0.03012,0.36581
4012.9476,0,0.20153,0.02980,0.37381,0.20145,0.03002,0.36821
4012.9786,0,0.20250,0.03093,0.37525,0.20176,0.03029,0.37032
4013.0105,0,0.20305,0.03167,0.37638,0.20215,0.03071,0.37214
4013.0472,0,0.20127,0.03215,0.37773,0.20188,0.03114,0.37382
4013.0791,0,0.19868,0.03299,0.37934,0.20092,0.03169,0.37547
4013.1127,0,0.19924,0.03429,0.38034,0.20042,0.03247,0.37693
4013.1478,0,0.19945,0.03546,0.38107,0.20013,0.03337,0.37817
4013.1797,0,0.19979,0.03566,0.38124,0.20003,0.03406,0.37909
4013.2111,0,0.19886,0.03559,0.38161,0.19968,0.03452,0.37985
4013.2418,0,0.19879,0.03540,0.38175,0.19941,0.03478,0.38042
4013.2783,0,0.19875,0.03553,0.38191,0.19921,0.03500,0.38086
4013.3111,0,0.19868,0.03526,0.38215,0.19905,0.03508,0.38125
4013.3425,0,0.19928,0.03529,0.38229,0.19912,0.03514,0.38156
4013.3796,0,0.19913,0.03564,0.38259,0.19912,0.03529,0.38187
4013.4156,0,0.19832,0.03558,0.38308,0.19888,0.03538,0.38223
4013.4472,0,0.19691,0.03513,0.38337,0.19829,0.03530,0.38257
4013.4768,0,0.19619,0.03491,0.38333,0.19766,0.03519,0.38280
4013.5102,0,0.19563,0.03474,0.38321,0.19705,0.03505,0.38292
4013.5541,0,0.19634,0.03486,0.38299,0.19684,0.03499,0.38294
4013.5868,0,0.19690,0.03493,0.38294,0.19686,0.03497,0.38294
4013.6181,0,0.19686,0.03501,0.38293,0.19686,0.03498,0.38294
4013.6508,0,0.19674,0.03523,0.38306,0.19682,0.03506,0.38297
4013.6835,0,0.19675,0.03524,0.38283,0.19680,0.03511,0.38293
4013.7160,0,0.19769,0.03526,0.38251,0.19707,0.03516,0.38280
4013.7479,0,0.19810,0.03541,0.38234,0.19738,0.03523,0.38266
4013.7795,0,0.19782,0.03568,0.38228,0.19751,0.03537,0.38255
4013.8111,0,0.19888,0.03625,0.38192,0.19792,0.03563,0.38236
4013.8463,0,0.19994,0.03647,0.38152,0.19853,0.03589,0.38211
4013.8781,0,0.20085,0.03693,0.38122,0.19922,0.03620,0.38184
4013.9089,0,0.20037,0.03726,0.38090,0.19957,0.03652,0.38156
4013.9455,0,0.20006,0.03783,0.38075,0.19971,0.03691,0.38132
4013.9776,0,0.20124,0.03866,0.38036,0.20017,0.03743,0.38103
4014.0098,0,0.20109,0.03825,0.38019,0.20045,0.03768,0.38078
4014.0450,0,0.20069,0.03884,0.38030,0.20052,0.03803,0.38063
4014.0779,0,0.20030,0.03872,0.38024,0.20045,0.03823,0.38052
4014.1088,0,0.20116,0.03926,0.38003,0.20066,0.03854,0.38037
4014.1423,0,0.20167,0.03960,0.38004,0.20097,0.03886,0.38027
4014.1817,0,0.20006,0.03908,0.38034,0.20069,0.03893,0.38029
4014.2134,0,0.20107,0.03921,0.38021,0.20081,0.03901,0.38027
4014.2445,0,0.20075,0.03896,0.38043,0.20079,0.03900,0.38032
4014.2775,0,0.20108,0.03881,0.38061,0.20088,0.03894,0.38040
4014.3113,0,0.20158,0.03959,0.38078,0.20109,0.03913,0.38052
4014.3412,0,0.20004,0.03907,0.38101,0.20077,0.03912,0.38066
4014.3767,0,0.19985,0.03863,0.38133,0.20050,0.03897,0.38086
4014.4112,0,0.19994,0.03881,0.38150,0.20033,0.03892,0.38106
4014.4418,0,0.19919,0.03852,0.38169,0.19999,0.03880,0.38125
4014.4817,0,0.19946,0.03831,0.38185,0.19983,0.03865,0.38143
4014.5140,0,0.19825,0.03835,0.38193,0.19935,0.03856,0.38158
4014.5511,0,0.19704,0.03828,0.38189,0.19866,0.03848,0.38167
4014.5832,0,0.19670,0.03837,0.38184,0.19807,0.03845,0.38172
4014.6139,0,0.19821,0.03774,0.38148,0.19811,0.03824,0.38165
4014.6458,0,0.19957,0.03833,0.38115,0.19855,0.03826,0.38150
4014.6770,0,0.19978,0.03831,0.38097,0.19892,0.03828,0.38134
4014.7166,0,0.19975,0.03865,0.38098,0.19917,0.03839,0.38123
4014.7481,0,0.19980,0.03871,0.38100,0.19936,0.03849,0.38116
4014.7840,0,0.20040,0.03901,0.38101,0.19967,0.03864,0.38112
4014.8138,0,0.20147,0.03921,0.38096,0.20021,0.03881,0.38107
4014.8492,0,0.20097,0.03877,0.38086,0.20044,0.03880,0.38101
4014.8795,0,0.20197,0.03885,0.38077,0.20090,0.03882,0.38094
4014.9094,0,0.20222,0.03938,0.38080,0.20130,0.03899,0.38089
4014.9453,0,0.20315,0.03905,0.38079,0.20185,0.03901,0.38086
4014.9786,0,0.20352,0.03910,0.38086,0.20235,0.03903,0.38086
4015.0120,0,0.20304,0.03918,0.38102,0.20256,0.03908,0.38091
4015.0461,0,0.20312,0.03903,0.38100,0.20273,0.03906,0.38094
4015.0784,0,0.20215,0.03865,0.38128,0.20255,0.03894,0.38104
4015.1096,0,0.20322,0.03827,0.38113,0.20275,0.03874,0.38107
4015.1434,0,0.20369,0.03873,0.38132,0.20303,0.03873,0.38114
4015.1771,0,0.20345,0.03825,0.38129,0.20316,0.03859,0.38119
4015.2105,0,0.20351,0.03811,0.38147,0.20326,0.03844,0.38127
4015.2444,0,0.20292,0.03803,0.38164,0.20316,0.03832,0.38138
4015.2832,0,0.20369,0.03814,0.38155,0.20332,0.03827,0.38143
4015.3151,0,0.20418,0.03784,0.38147,0.20358,0.03814,0.38144
4015.3465,0,0.20352,0.03805,0.38167,0.20356,0.03811,0.38151
4015.3764,0,0.20366,0.03797,0.38164,0.20359,0.03807,0.38155
4015.4101,0,0.20335,0.03758,0.38164,0.20352,0.03792,0.38158
4015.4413,0,0.20413,0.03786,0.38143,0.20370,0.03790,0.38153
4015.4774,0,0.20391,0.03783,0.38145,0.20376,0.03788,0.38151
4015.5091,0,0.20381,0.03792,0.38142,0.20378,0.03789,0.38148
4015.5444,0,0.20334,0.03785,0.38142,0.20365,0.03788,0.38146
4015.5827,0,0.20324,0.03785,0.38161,0.20352,0.03787,0.38151
4015.6134,0,0.20378,0.03829,0.38148,0.20360,0.03800,0.38150
4015.6442,0,0.20436,0.03836,0.38148,0.20383,0.03810,0.38149
4015.6777,0,0.20394,0.03812,0.38148,0.20386,0.03811,0.38149
4015.7101,0,0.20414,0.03810,0.38158,0.20395,0.03811,0.38152
4015.7476,0,0.20347,0.03817,0.38181,0.20380,0.03813,0.38160
4015.7778,0,0.20307,0.03789,0.38192,0.20358,0.03805,0.38170
4015.8107,0,0.20409,0.03826,0.38182,0.20374,0.03812,0.38174
4015.8417,0,0.20400,0.03792,0.38190,0.20382,0.03806,0.38179
4015.8796,0,0.20372,0.03767,0.38203,0.20379,0.03794,0.38186
4015.9140,0,0.20329,0.03816,0.38225,0.20364,0.03801,0.38198
4015.9459,0,0.20398,0.03768,0.38208,0.20374,0.03791,0.38201
4015.9792,0,0.20342,0.03758,0.38218,0.20364,0.03781,0.38206
4016.0100,0,0.20365,0.03768,0.38225,0.20365,0.03777,0.38211
4016.0415,0,0.20392,0.03680,0.38219,0.20373,0.03748,0.38214
4016.0779,0,0.20234,0.03706,0.38270,0.20331,0.03735,0.38231
4016.1107,0,0.20193,0.03684,0.38279,0.20290,0.03720,0.38245
4016.1450,0,0.20314,0.03710,0.38254,0.20297,0.03717,0.38248
4016.1847,0,0.20302,0.03731,0.38256,0.20299,0.03721,0.38250
4016.2164,0,0.20334,0.03644,0.38230,0.20309,0.03698,0.38244
4016.2488,0,0.20368,0.03735,0.38232,0.20327,0.03709,0.38241
4016.2812,0,0.20457,0.03714,0.38208,0.20366,0.03710,0.38231
4016.3134,0,0.20398,0.03736,0.38220,0.20376,0.03718,0.38227
4016.3442,0,0.20364,0.03683,0.38215,0.20372,0.03708,0.38224
4016.3818,0,0.20274,0.03712,0.38230,0.20343,0.03709,0.38226
4016.4134,0,0.20187,0.03703,0.38256,0.20296,0.03707,0.38235
4016.4456,0,0.20191,0.03672,0.38255,0.20264,0.03696,0.38241
4016.4819,0,0.20140,0.03704,0.38264,0.20227,0.03699,0.38248
4016.5195,0,0.20303,0.03671,0.38233,0.20250,0.03690,0.38243
4016.5516,0,0.20273,0.03691,0.38243,0.20257,0.03691,0.38243
4016.5868,0,0.20288,0.03686,0.38249,0.20266,0.03689,0.38245
4016.6203,0,0.20263,0.03705,0.38251,0.20265,0.03694,0.38247
4016.6522,0,0.20281,0.03702,0.38251,0.20270,0.03696,0.38248
4016.6847,0,0.20307,0.03699,0.38242,0.20281,0.03697,0.38246
4016.7167,0,0.20300,0.03711,0.38248,0.20287,0.03701,0.38247
4016.7548,0,0.20243,0.03677,0.38260,0.20273,0.03694,0.38251
4016.7860,0,0.20262,0.03719,0.38254,0.20270,0.03702,0.38252
4016.8171,0,0.20272,0.03721,0.38252,0.20271,0.03707,0.38252
4016.8490,0,0.20247,0.03713,0.38252,0.20264,0.03709,0.38252
4016.8807,0,0.20244,0.03705,0.38253,0.20258,0.03708,0.38252
4016.9127,0,0.20267,0.03669,0.38241,0.20260,0.03696,0.38249
4016.9442,0,0.20347,0.03710,0.38219,0.20286,0.03700,0.38240
4016.9783,0,0.20370,0.03707,0.38205,0.20311,0.03702,0.38229
4017.0097,0,0.20369,0.03708,0.38196,0.20329,0.03704,0.38219
4017.0441,0,0.20320,0.03666,0.38194,0.20326,0.03693,0.38212
4017.0781,0,0.20393,0.03711,0.38190,0.20346,0.03698,0.38205
4017.1161,0,0.20308,0.03672,0.38195,0.20335,0.03690,0.38202
4017.1474,0,0.20356,0.03651,0.38198,0.20341,0.03679,0.38201
4017.1782,0,0.20395,0.03645,0.38188,0.20358,0.03669,0.38197
4017.2108,0,0.20404,0.03626,0.38190,0.20371,0.03656,0.38195
4017.2425,0,0.20299,0.03626,0.38205,0.20350,0.03647,0.38198
4017.2777,0,0.20318,0.03607,0.38214,0.20340,0.03635,0.38203
4017.3092,0,0.20350,0.03638,0.38204,0.20343,0.03636,0.38203
4017.3417,0,0.20365,0.03634,0.38203,0.20350,0.03635,0.38203
4017.3747,0,0.20325,0.03620,0.38191,0.20342,0.03631,0.38200
4017.4114,0,0.20408,0.03607,0.38183,0.20362,0.03624,0.38195
4017.4429,0,0.20497,0.03629,0.38161,0.20403,0.03625,0.38185
4017.4777,0,0.20393,0.03627,0.38179,0.20400,0.03626,0.38183
4017.5116,0,0.20326,0.03574,0.38181,0.20378,0.03610,0.38182
4017.5469,0,0.20342,0.03583,0.38168,0.20367,0.03602,0.38178
4017.5830,0,0.20355,0.03582,0.38158,0.20364,0.03596,0.38172
4017.6205,0,0.20291,0.03603,0.38166,0.20342,0.03598,0.38170
4017.6529,0,0.20316,0.03564,0.38156,0.20334,0.03588,0.38166
4017.6837,0,0.20296,0.03597,0.38172,0.20323,0.03591,0.38168
4017.7160,0,0.20344,0.03614,0.38161,0.20329,0.03598,0.38166
4017.7471,0,0.20312,0.03554,0.38157,0.20324,0.03584,0.38163
4017.7796,0,0.20342,0.03586,0.38165,0.20329,0.03585,0.38164
4017.8097,0,0.20376,0.03559,0.38168,0.20343,0.03577,0.38165
4017.8433,0,0.20414,0.03570,0.38169,0.20365,0.03575,0.38166
4017.8795,0,0.20416,0.03525,0.38161,0.20380,0.03560,0.38165
4017.9170,0,0.20400,0.03443,0.38162,0.20386,0.03525,0.38164
4017.9475,0,0.20397,0.03502,0.38174,0.20389,0.03518,0.38167
4017.9777,0,0.20488,0.03484,0.38167,0.20419,0.03508,0.38167
4018.0110,0,0.20426,0.03474,0.38173,0.20421,0.03498,0.38169
4018.0445,0,0.20463,0.03454,0.38173,0.20434,0.03485,0.38170
4018.0800,0,0.20522,0.03431,0.38157,0.20460,0.03469,0.38166
4018.1111,0,0.20411,0.03437,0.38195,0.20445,0.03459,0.38175
4018.1425,0,0.20447,0.03443,0.38192,0.20446,0.03454,0.38180
4018.1775,0,0.20395,0.03419,0.38208,0.20431,0.03444,0.38188
4018.2111,0,0.20425,0.03410,0.38195,0.20429,0.03433,0.38190
4018.2435,0,0.20339,0.03378,0.38208,0.20402,0.03417,0.38196
4018.2790,0,0.20406,0.03417,0.38209,0.20403,0.03417,0.38200
4018.3137,0,0.20398,0.03371,0.38200,0.20402,0.03403,0.38200
4018.3479,0,0.20386,0.03413,0.38208,0.20397,0.03406,0.38202
4018.3802,0,0.20374,0.03394,0.38199,0.20390,0.03403,0.38201
4018.4118,0,0.20329,0.03450,0.38205,0.20372,0.03417,0.38202
4018.4418,0,0.20373,0.03404,0.38190,0.20372,0.03413,0.38199
4018.4773,0,0.20402,0.03439,0.38195,0.20381,0.03421,0.38198
4018.5128,0,0.20384,0.03436,0.38201,0.20382,0.03425,0.38199
4018.5461,0,0.20425,0.03447,0.38206,0.20395,0.03432,0.38201
4018.5780,0,0.20348,0.03477,0.38223,0.20381,0.03445,0.38207
4018.6097,0,0.20343,0.03458,0.38221,0.20369,0.03449,0.38211
4018.6422,0,0.20291,0.03413,0.38228,0.20346,0.03438,0.38216
4018.6788,0,0.20378,0.03449,0.38216,0.20356,0.03442,0.38216
4018.7106,0,0.20519,0.03454,0.38182,0.20405,0.03445,0.38206
4018.7438,0,0.20391,0.03432,0.38212,0.20401,0.03441,0.38208
4018.7789,0,0.20402,0.03402,0.38215,0.20401,0.03430,0.38210
4018.8107,0,0.20449,0.03416,0.38208,0.20415,0.03425,0.38209
4018.8450,0,0.20406,0.03408,0.38211,0.20413,0.03420,0.38210
4018.8797,0,0.20370,0.03356,0.38203,0.20400,0.03401,0.38208
4018.9174,0,0.20326,0.03381,0.38235,0.20378,0.03395,0.38216
4018.9508,0,0.20318,0.03310,0.38229,0.20360,0.03369,0.38220
4018.9823,0,0.20290,0.03345,0.38239,0.20339,0.03362,0.38225
4019.0167,0,0.20320,0.03330,0.38228,0.20333,0.03353,0.38226
4019.0596,0,0.20440,0.03426,0.38220,0.20365,0.03375,0.38224
4019.0911,0,0.20421,0.03393,0.38216,0.20382,0.03380,0.38222
4019.1236,0,0.20336,0.03413,0.38239,0.20368,0.03390,0.38227
4019.1578,0,0.20421,0.03400,0.38232,0.20384,0.03393,0.38228
4019.1977,0,0.20433,0.03393,0.38228,0.20399,0.03393,0.38228
4019.2278,0,0.20439,0.03397,0.38230,0.20411,0.03394,0.38229
4019.2577,0,0.20411,0.03408,0.38239,0.20411,0.03398,0.38232
4019.2894,0,0.20418,0.03449,0.38241,0.20413,0.03413,0.38234
4019.3272,0,0.20455,0.03420,0.38225,0.20426,0.03416,0.38232
4019.3577,0,0.20371,0.03396,0.38236,0.20409,0.03410,0.38233
4019.3897,0,0.20402,0.03435,0.38227,0.20407,0.03417,0.38231
4019.4222,0,0.20369,0.03353,0.38217,0.20396,0.03398,0.38227
4019.4605,0,0.20354,0.03343,0.38200,0.20383,0.03381,0.38219
4019.4919,0,0.20436,0.03403,0.38207,0.20399,0.03388,0.38215
4019.5284,0,0.20457,0.03395,0.38174,0.20416,0.03390,0.38203
4019.5616,0,0.20474,0.03452,0.38137,0.20434,0.03409,0.38183
4019.5930,0,0.20498,0.03462,0.38097,0.20453,0.03425,0.38157
4019.6238,0,0.20299,0.03474,0.38005,0.20407,0.03439,0.38112
4019.6561,0,0.20282,0.03575,0.37831,0.20369,0.03480,0.38027
4019.6879,0,0.20205,0.03760,0.37626,0.20320,0.03564,0.37907
4019.7200,0,0.20335,0.04040,0.37409,0.20324,0.03707,0.37758
4019.7519,0,0.20378,0.04370,0.37173,0.20340,0.03906,0.37582
4019.7824,0,0.20547,0.04605,0.36873,0.20402,0.04116,0.37370
4019.8153,0,0.20399,0.04956,0.36649,0.20402,0.04368,0.37154
4019.8470,0,0.20556,0.05214,0.36343,0.20448,0.04622,0.36910
4019.8869,0,0.20339,0.05451,0.36048,0.20415,0.04870,0.36652
4019.9237,0,0.20408,0.05711,0.35665,0.20413,0.05123,0.36355
4019.9539,0,0.20541,0.06006,0.35280,0.20451,0.05388,0.36033
4019.9862,0,0.20695,0.06385,0.34846,0.20524,0.05687,0.35677
4020.0177,0,0.20740,0.06782,0.34447,0.20589,0.06015,0.35308
4020.0499,0,0.20742,0.07132,0.34025,0.20635,0.06350,0.34923
4020.0810,0,0.20551,0.07461,0.33626,0.20610,0.06684,0.34534
4020.1139,0,0.20901,0.07665,0.33122,0.20697,0.06978,0.34110
4020.1451,0,0.20894,0.07979,0.32672,0.20756,0.07278,0.33679
4020.1779,0,0.20747,0.08222,0.32242,0.20753,0.07561,0.33248
4020.2119,0,0.20337,0.08535,0.31846,0.20628,0.07854,0.32827
4020.2433,0,0.20135,0.08812,0.31490,0.20480,0.08141,0.32426
4020.2788,0,0.20109,0.09135,0.31040,0.20369,0.08439,0.32010
4020.3125,0,0.19908,0.09494,0.30710,0.20231,0.08756,0.31620
4020.3436,0,0.19806,0.09803,0.30316,0.20103,0.09070,0.31229
4020.3749,0,0.19884,0.10089,0.29930,0.20038,0.09376,0.30839
4020.4101,0,0.19849,0.10355,0.29571,0.19981,0.09669,0.30459
4020.4431,0,0.19591,0.10605,0.29266,0.19864,0.09950,0.30101
4020.4751,0,0.19403,0.10847,0.28971,0.19726,0.10219,0.29762
4020.5106,0,0.19235,0.11117,0.28667,0.19579,0.10488,0.29433
4020.5424,0,0.18953,0.11270,0.28373,0.19391,0.10723,0.29115
4020.5742,0,0.19124,0.11496,0.28027,0.19311,0.10955,0.28789
4020.6285,0,0.18989,0.11695,0.27669,0.19214,0.11177,0.28453
4020.6598,0,0.18837,0.11873,0.27300,0.19101,0.11386,0.28107
4020.6903,0,0.18783,0.12080,0.26844,0.19006,0.11594,0.27728
4020.7228,0,0.18611,0.12288,0.26338,0.18887,0.11802,0.27311
4020.7578,0,0.18792,0.12444,0.25821,0.18859,0.11995,0.26864
4020.7960,0,0.18884,0.12692,0.25353,0.18866,0.12204,0.26411
4020.8288,0,0.18608,0.12968,0.24936,0.18789,0.12433,0.25968
4020.8601,0,0.18324,0.13112,0.24587,0.18649,0.12637,0.25554
4020.8906,0,0.18220,0.13221,0.24223,0.18521,0.12812,0.25154
4020.9223,0,0.17808,0.13364,0.23953,0.18307,0.12978,0.24794
4020.9528,0,0.17700,0.13560,0.23606,0.18125,0.13153,0.24438
4020.9872,0,0.17612,0.13738,0.23286,0.17971,0.13328,0.24092
4021.0183,0,0.17474,0.13885,0.23031,0.17822,0.13495,0.23774
4021.0486,0,0.17332,0.14079,0.22823,0.17675,0.13670,0.23488
4021.0801,0,0.17024,0.14259,0.22672,0.17480,0.13847,0.23243
4021.1127,0,0.16758,0.14401,0.22529,0.17263,0.14013,0.23029
4021.1451,0,0.16684,0.14612,0.22314,0.17089,0.14193,0.22815
4021.1756,0,0.16560,0.14802,0.22078,0.16930,0.14376,0.22594
4021.2097,0,0.16502,0.15067,0.21806,0.16802,0.14583,0.22357
4021.2418,0,0.16209,0.15346,0.21529,0.16624,0.14812,0.22109
4021.2739,0,0.16000,0.15598,0.21257,0.16437,0.15048,0.21853
4021.3093,0,0.15943,0.15886,0.20975,0.16289,0.15299,0.21590
4021.3415,0,0.15714,0.16131,0.20725,0.16116,0.15549,0.21330
4021.3738,0,0.15464,0.16353,0.20535,0.15921,0.15790,0.21092
4021.4090,0,0.15109,0.16470,0.20383,0.15677,0.15994,0.20879
4021.4414,0,0.14906,0.16603,0.20220,0.15446,0.16177,0.20682
4021.4755,0,0.14784,0.16774,0.20061,0.15247,0.16356,0.20495
4021.5093,0,0.14676,0.16852,0.19882,0.15076,0.16505,0.20312
4021.5446,0,0.14596,0.16934,0.19714,0.14932,0.16634,0.20132
4021.5765,0,0.14655,0.17066,0.19510,0.14849,0.16763,0.19946
4021.6130,0,0.14488,0.17192,0.19345,0.14741,0.16892,0.19766
4021.6459,0,0.14537,0.17336,0.19152,0.14680,0.17025,0.19582
4021.6836,0,0.14539,0.17471,0.18985,0.14637,0.17159,0.19403
4021.7154,0,0.14443,0.17567,0.18828,0.14579,0.17281,0.19230
4021.7488,0,0.14438,0.17683,0.18680,0.14537,0.17402,0.19065
4021.7803,0,0.14329,0.17834,0.18567,0.14474,0.17531,0.18916
4021.8119,0,0.14363,0.17986,0.18442,0.14441,0.17668,0.18774
4021.8416,0,0.14311,0.18062,0.18342,0.14402,0.17786,0.18644
4021.8733,0,0.14319,0.18187,0.18224,0.14377,0.17906,0.18518
4021.9100,0,0.14291,0.18296,0.18082,0.14351,0.18023,0.18387
4021.9446,0,0.14180,0.18351,0.17903,0.14300,0.18122,0.18242
4021.9759,0,0.14124,0.18442,0.17718,0.14247,0.18218,0.18085
4022.0101,0,0.14144,0.18511,0.17496,0.14216,0.18306,0.17908
4022.0416,0,0.13815,0.18582,0.17352,0.14096,0.18389,0.17742
4022.0750,0,0.13642,0.18677,0.17207,0.13960,0.18475,0.17581
4022.1152,0,0.13567,0.18818,0.17053,0.13842,0.18578,0.17423
4022.1474,0,0.13438,0.18900,0.16925,0.13721,0.18675,0.17273
4022.1803,0,0.13386,0.18989,0.16803,0.13620,0.18769,0.17132
4022.2103,0,0.13320,0.19074,0.16694,0.13530,0.18861,0.17001
4022.2418,0,0.13265,0.19117,0.16603,0.13451,0.18937,0.16882
4022.2746,0,0.13268,0.19159,0.16535,0.13396,0.19004,0.16778
4022.3093,0,0.13153,0.19230,0.16503,0.13323,0.19072,0.16695
4022.3419,0,0.13137,0.19274,0.16478,0.13267,0.19132,0.16630
4022.3756,0,0.13195,0.19247,0.16435,0.13246,0.19167,0.16572
4022.4095,0,0.13213,0.19275,0.16434,0.13236,0.19199,0.16530
4022.4436,0,0.13232,0.19265,0.16386,0.13235,0.19219,0.16487
4022.4763,0,0.13122,0.19274,0.16375,0.13201,0.19235,0.16453
4022.5088,0,0.13089,0.19290,0.16365,0.13167,0.19252,0.16427
4022.5439,0,0.13108,0.19259,0.16355,0.13149,0.19254,0.16405
4022.5781,0,0.13127,0.19294,0.16371,0.13143,0.19266,0.16395
4022.6303,0,0.13032,0.19353,0.16397,0.13109,0.19292,0.16395
4022.6647,0,0.13120,0.19388,0.16446,0.13113,0.19321,0.16411
4022.6960,0,0.13076,0.19427,0.16490,0.13102,0.19353,0.16434
4022.7282,0,0.12985,0.19435,0.16492,0.13067,0.19378,0.16452
4022.7583,0,0.12982,0.19443,0.16508,0.13041,0.19397,0.16469
4022.7886,0,0.13004,0.19448,0.16494,0.13030,0.19412,0.16476
4022.8237,0,0.13160,0.19369,0.16434,0.13069,0.19399,0.16464
4022.8566,0,0.13195,0.19342,0.16361,0.13107,0.19382,0.16433
4022.8942,0,0.13190,0.19241,0.16301,0.13132,0.19340,0.16393
4022.9275,0,0.13063,0.19219,0.16295,0.13111,0.19304,0.16364
4022.9574,0,0.13087,0.19130,0.16280,0.13104,0.19252,0.16338
4022.9876,0,0.13016,0.19106,0.16286,0.13078,0.19208,0.16323
4023.0232,0,0.13043,0.19088,0.16276,0.13067,0.19172,0.16309
4023.0559,0,0.13045,0.19073,0.16276,0.13061,0.19142,0.16299
4023.0879,0,0.13055,0.18987,0.16287,0.13059,0.19096,0.16295
4023.1270,0,0.13087,0.19026,0.16267,0.13067,0.19075,0.16287
4023.1608,0,0.13155,0.19035,0.16247,0.13094,0.19063,0.16275
4023.1909,0,0.13113,0.19049,0.16235,0.13100,0.19059,0.16263
4023.2216,0,0.13038,0.19106,0.16212,0.13081,0.19073,0.16248
4023.2520,0,0.13037,0.19146,0.16176,0.13068,0.19095,0.16226
4023.2825,0,0.12997,0.19140,0.16147,0.13047,0.19108,0.16202
4023.3149,0,0.12977,0.19168,0.16134,0.13026,0.19126,0.16182
4023.3466,0,0.13084,0.19170,0.16123,0.13043,0.19139,0.16164
4023.3787,0,0.13004,0.19159,0.16136,0.13031,0.19145,0.16156
4023.4146,0,0.13038,0.19184,0.16137,0.13033,0.19157,0.16150
4023.4456,0,0.13060,0.19180,0.16128,0.13041,0.19164,0.16144
4023.4788,0,0.13118,0.19159,0.16142,0.13064,0.19162,0.16143
4023.5126,0,0.13043,0.19168,0.16154,0.13058,0.19164,0.16146
4023.5434,0,0.13034,0.19179,0.16173,0.13051,0.19168,0.16154
4023.5778,0,0.12955,0.19170,0.16173,0.13022,0.19169,0.16160
4023.6291,0,0.12909,0.19125,0.16181,0.12988,0.19156,0.16166
4023.6613,0,0.12870,0.19133,0.16150,0.12953,0.19149,0.16162
4023.6985,0,0.12801,0.19128,0.16142,0.12907,0.19143,0.16156
4023.7307,0,0.12834,0.19097,0.16143,0.12885,0.19129,0.16152
4023.7627,0,0.12885,0.19073,0.16127,0.12885,0.19112,0.16144
4023.7931,0,0.12874,0.19066,0.16129,0.12882,0.19099,0.16140
4023.8263,0,0.12940,0.19068,0.16128,0.12899,0.19089,0.16136
4023.8589,0,0.12921,0.19047,0.16123,0.12906,0.19077,0.16132
4023.8908,0,0.12879,0.19043,0.16123,0.12898,0.19067,0.16130
4023.9253,0,0.12893,0.19036,0.16119,0.12896,0.19058,0.16126
4023.9606,0,0.12788,0.19033,0.16127,0.12864,0.19050,0.16127
4023.9920,0,0.12815,0.19037,0.16119,0.12849,0.19046,0.16124
4024.0224,0,0.12796,0.19044,0.16108,0.12833,0.19045,0.16120
4024.0560,0,0.12784,0.19036,0.16107,0.12819,0.19043,0.16116
4024.0908,0,0.12783,0.18993,0.16114,0.12808,0.19028,0.16115
4024.1230,0,0.12763,0.19048,0.16135,0.12794,0.19034,0.16121
4024.1540,0,0.12754,0.19037,0.16124,0.12782,0.19035,0.16122
4024.1934,0,0.12828,0.19039,0.16128,0.12796,0.19036,0.16124
4024.2258,0,0.12874,0.19088,0.16122,0.12820,0.19052,0.16123
4024.2581,0,0.12848,0.19041,0.16121,0.12828,0.19048,0.16123
4024.2906,0,0.12876,0.19035,0.16129,0.12842,0.19044,0.16124
4024.3243,0,0.12930,0.19045,0.16113,0.12869,0.19044,0.16121
4024.3638,0,0.12896,0.19030,0.16114,0.12877,0.19040,0.16119
4024.3948,0,0.12846,0.19052,0.16103,0.12867,0.19044,0.16114
4024.4260,0,0.12919,0.19057,0.16104,0.12883,0.19047,0.16111
4024.4589,0,0.12950,0.19029,0.16086,0.12903,0.19042,0.16104
4024.4901,0,0.12940,0.19067,0.16100,0.12914,0.19049,0.16102
4024.5208,0,0.12929,0.19065,0.16101,0.12919,0.19054,0.16102
4024.5542,0,0.12975,0.19036,0.16086,0.12936,0.19049,0.16097
4024.5940,0,0.13075,0.19065,0.16075,0.12977,0.19054,0.16091
4024.6376,0,0.13000,0.19064,0.16067,0.12984,0.19057,0.16084
4024.6693,0,0.12997,0.19072,0.16049,0.12988,0.19061,0.16073
4024.7036,0,0.12916,0.19094,0.16053,0.12966,0.19071,0.16067
4024.7371,0,0.12910,0.19142,0.16035,0.12950,0.19092,0.16058
4024.7695,0,0.12898,0.19147,0.16028,0.12934,0.19109,0.16049
4024.8076,0,0.12970,0.19152,0.16017,0.12945,0.19122,0.16039
4024.8389,0,0.12963,0.19147,0.16011,0.12950,0.19129,0.16031
4024.8701,0,0.12933,0.19114,0.16008,0.12945,0.19125,0.16024
4024.9046,0,0.12993,0.19111,0.16004,0.12960,0.19121,0.16018
4024.9361,0,0.12988,0.19160,0.15996,0.12968,0.19132,0.16011
4024.9701,0,0.12855,0.19179,0.16014,0.12934,0.19146,0.16012
4025.0037,0,0.12875,0.19203,0.16010,0.12917,0.19163,0.16011
4025.0374,0,0.12906,0.19182,0.16005,0.12913,0.19169,0.16010
4025.0691,0,0.12990,0.19200,0.16010,0.12936,0.19178,0.16010
4025.1042,0,0.12953,0.19222,0.16030,0.12941,0.19191,0.16016
4025.1364,0,0.12941,0.19226,0.16042,0.12941,0.19202,0.16024
4025.1683,0,0.13076,0.19188,0.16027,0.12982,0.19197,0.16025
4025.2003,0,0.13087,0.19204,0.16034,0.13013,0.19199,0.16027
4025.2316,0,0.13103,0.19180,0.16026,0.13040,0.19194,0.16027
4025.2639,0,0.13079,0.19177,0.16028,0.13052,0.19189,0.16027
4025.2945,0,0.13176,0.19165,0.16033,0.13089,0.19181,0.16029
4025.3290,0,0.13098,0.19175,0.16036,0.13092,0.19180,0.16031
4025.3614,0,0.13096,0.19168,0.16051,0.13093,0.19176,0.16037
4025.3934,0,0.13104,0.19172,0.16057,0.13096,0.19175,0.16043
4025.4246,0,0.13079,0.19181,0.16050,0.13091,0.19177,0.16045
4025.4586,0,0.13019,0.19195,0.16057,0.13069,0.19182,0.16049
4025.4932,0,0.13034,0.19191,0.16033,0.13059,0.19185,0.16044
4025.5263,0,0.12997,0.19170,0.16027,0.13040,0.19180,0.16039
4025.5604,0,0.13057,0.19157,0.16002,0.13045,0.19173,0.16028
4025.5942,0,0.13080,0.19164,0.16015,0.13056,0.19170,0.16024
4025.6510,0,0.13130,0.19159,0.16025,0.13078,0.19167,0.16025
4025.6822,0,0.13035,0.19163,0.16049,0.13065,0.19166,0.16032
4025.7141,0,0.13022,0.19176,0.16059,0.13052,0.19169,0.16040
4025.7456,0,0.13017,0.19195,0.16058,0.13042,0.19177,0.16045
4025.7782,0,0.13017,0.19191,0.16049,0.13034,0.19181,0.16046
4025.8079,0,0.12978,0.19187,0.16046,0.13017,0.19183,0.16046
4025.8394,0,0.13060,0.19148,0.16014,0.13030,0.19172,0.16037
4025.8697,0,0.13023,0.19180,0.16030,0.13028,0.19175,0.16035
4025.9035,0,0.13013,0.19184,0.16022,0.13023,0.19177,0.16031
4025.9354,0,0.13027,0.19184,0.16020,0.13025,0.19179,0.16028
4025.9655,0,0.13054,0.19168,0.16014,0.13033,0.19176,0.16023
4025.9962,0,0.13037,0.19141,0.16016,0.13034,0.19166,0.16021
4026.0309,0,0.13075,0.19139,0.16013,0.13047,0.19158,0.16019
4026.0639,0,0.12997,0.19107,0.16024,0.13032,0.19143,0.16021
4026.0961,0,0.13061,0.19095,0.16003,0.13040,0.19128,0.16015
4026.1286,0,0.13001,0.19130,0.16019,0.13029,0.19129,0.16016
4026.1621,0,0.12990,0.19144,0.16002,0.13017,0.19134,0.16012
4026.1922,0,0.13030,0.19089,0.15986,0.13021,0.19120,0.16004
4026.2279,0,0.13078,0.19123,0.15984,0.13038,0.19121,0.15998
4026.2590,0,0.13074,0.19109,0.16003,0.13049,0.19117,0.16000
4026.2918,0,0.13107,0.19101,0.15998,0.13066,0.19112,0.15999
4026.3309,0,0.13153,0.19085,0.15995,0.13092,0.19104,0.15998
4026.3633,0,0.13179,0.19130,0.16003,0.13118,0.19112,0.15999
4026.3951,0,0.13025,0.19098,0.16004,0.13090,0.19108,0.16001
4026.4313,0,0.12980,0.19104,0.15994,0.13057,0.19107,0.15999
4026.4620,0,0.13005,0.19122,0.15996,0.13042,0.19111,0.15998
4026.4934,0,0.12942,0.19116,0.15992,0.13012,0.19113,0.15996
4026.5240,0,0.12966,0.19105,0.15981,0.12998,0.19110,0.15992
4026.5573,0,0.12983,0.19086,0.15978,0.12994,0.19103,0.15987
4026.5941,0,0.12968,0.19112,0.15976,0.12986,0.19106,0.15984
4026.6465,0,0.12965,0.19097,0.15979,0.12980,0.19103,0.15982
4026.6831,0,0.13029,0.19072,0.15958,0.12994,0.19094,0.15975
4026.7177,0,0.13062,0.19053,0.15953,0.13015,0.19082,0.15968
4026.7486,0,0.13024,0.19050,0.15947,0.13017,0.19072,0.15962
4026.7802,0,0.13087,0.19043,0.15937,0.13038,0.19064,0.15954
4026.8121,0,0.13085,0.19026,0.15948,0.13052,0.19052,0.15952
4026.8437,0,0.13084,0.19040,0.15946,0.13062,0.19049,0.15951
4026.8740,0,0.13070,0.19033,0.15936,0.13064,0.19044,0.15946
4026.9081,0,0.13032,0.19034,0.15935,0.13054,0.19041,0.15943
4026.9383,0,0.13072,0.19003,0.15940,0.13060,0.19030,0.15942
4026.9698,0,0.13061,0.19027,0.15964,0.13060,0.19029,0.15949
4027.0024,0,0.13106,0.19037,0.15961,0.13074,0.19031,0.15952
4027.0322,0,0.13100,0.19054,0.15953,0.13082,0.19038,0.15953
4027.0626,0,0.13087,0.19037,0.15960,0.13083,0.19038,0.15955
4027.0949,0,0.13171,0.19028,0.15942,0.13110,0.19035,0.15951
4027.1257,0,0.13179,0.19022,0.15948,0.13130,0.19031,0.15950
4027.1592,0,0.13267,0.19015,0.15929,0.13171,0.19026,0.15944
4027.1940,0,0.13232,0.19003,0.15929,0.13189,0.19019,0.15939
4027.2253,0,0.13187,0.19016,0.15928,0.13189,0.19018,0.15936
4027.2630,0,0.13161,0.19023,0.15934,0.13181,0.19020,0.15935
4027.2933,0,0.13206,0.19011,0.15940,0.13188,0.19017,0.15936
4027.3246,0,0.13232,0.18997,0.15924,0.13201,0.19011,0.15933
4027.3562,0,0.13164,0.19009,0.15938,0.13190,0.19011,0.15934
4027.3911,0,0.13193,0.19012,0.15933,0.13191,0.19011,0.15934
4027.4238,0,0.13217,0.19005,0.15936,0.13199,0.19009,0.15934
4027.4582,0,0.13183,0.19011,0.15938,0.13194,0.19010,0.15936
4027.4912,0,0.13220,0.19024,0.15946,0.13202,0.19014,0.15939
4027.5231,0,0.13254,0.19003,0.15935,0.13218,0.19011,0.15938
4027.5573,0,0.13146,0.19036,0.15953,0.13196,0.19018,0.15942
4027.5891,0,0.13196,0.19029,0.15953,0.13196,0.19021,0.15945
4027.6415,0,0.13128,0.19062,0.15967,0.13176,0.19033,0.15952
4027.6720,0,0.13119,0.19066,0.15965,0.13159,0.19043,0.15956
4027.7032,0,0.13173,0.19100,0.15978,0.13163,0.19060,0.15962
4027.7360,0,0.13198,0.19083,0.15970,0.13173,0.19067,0.15965
4027.7695,0,0.13129,0.19119,0.15983,0.13160,0.19083,0.15970
4027.7992,0,0.13219,0.19158,0.15982,0.13178,0.19105,0.15974
4027.8308,0,0.13161,0.19166,0.15980,0.13173,0.19124,0.15976
4027.8628,0,0.13184,0.19213,0.16003,0.13176,0.19150,0.15984
4027.8943,0,0.13164,0.19209,0.16003,0.13172,0.19168,0.15990
4027.9251,0,0.13187,0.19219,0.16019,0.13177,0.19183,0.15999
4027.9570,0,0.13196,0.19231,0.16027,0.13182,0.19198,0.16007
4027.9983,0,0.13227,0.19216,0.16023,0.13196,0.19203,0.16012
4028.0315,0,0.13218,0.19229,0.16023,0.13203,0.19211,0.16015
4028.0633,0,0.13225,0.19210,0.16013,0.13209,0.19211,0.16014
4028.0960,0,0.13287,0.19216,0.16005,0.13233,0.19212,0.16012
4028.1295,0,0.13214,0.19217,0.16016,0.13227,0.19214,0.16013
4028.1688,0,0.13298,0.19229,0.16007,0.13248,0.19218,0.16011
4028.2044,0,0.13358,0.19218,0.15999,0.13281,0.19218,0.16007
4028.2360,0,0.13335,0.19225,0.15988,0.13297,0.19220,0.16002
4028.2723,0,0.13348,0.19193,0.15979,0.13312,0.19212,0.15995
4028.3038,0,0.13336,0.19192,0.15987,0.13319,0.19206,0.15992
4028.3364,0,0.13280,0.19183,0.15978,0.13308,0.19199,0.15988
4028.3668,0,0.13296,0.19172,0.15974,0.13304,0.19191,0.15984
4028.3983,0,0.13254,0.19203,0.15974,0.13289,0.19195,0.15981
4028.4294,0,0.13196,0.19220,0.15989,0.13261,0.19202,0.15984
4028.4627,0,0.13279,0.19202,0.15996,0.13266,0.19202,0.15987
4028.4959,0,0.13357,0.19169,0.16000,0.13294,0.19192,0.15991
4028.5287,0,0.13322,0.19201,0.16009,0.13302,0.19195,0.15997
4028.5594,0,0.13285,0.19223,0.16011,0.13297,0.19203,0.16001
4028.5910,0,0.13273,0.19219,0.16004,0.13290,0.19208,0.16002
4028.6472,0,0.13200,0.19208,0.16013,0.13263,0.19208,0.16005
4028.6820,0,0.13221,0.19237,0.16004,0.13250,0.19217,0.16005
4028.7161,0,0.13226,0.19232,0.16009,0.13243,0.19221,0.16006
4028.7472,0,0.13273,0.19234,0.15998,0.13252,0.19225,0.16004
4028.7858,0,0.13296,0.19233,0.15977,0.13265,0.19227,0.15996
4028.8153,0,0.13354,0.19234,0.15980,0.13292,0.19229,0.15991
4028.8481,0,0.13334,0.19206,0.15969,0.13305,0.19222,0.15984
4028.8811,0,0.13306,0.19171,0.15982,0.13305,0.19207,0.15984
4028.9107,0,0.13342,0.19179,0.15970,0.13316,0.19199,0.15980
4028.9427,0,0.13335,0.19178,0.15969,0.13322,0.19193,0.15977
4028.9746,0,0.13388,0.19151,0.15959,0.13341,0.19180,0.15971
4029.0067,0,0.13360,0.19116,0.15945,0.13347,0.19161,0.15964
4029.0373,0,0.13385,0.19141,0.15939,0.13358,0.19155,0.15956
4029.0705,0,0.13474,0.19148,0.15935,0.13393,0.19153,0.15950
4029.1047,0,0.13351,0.19132,0.15937,0.13380,0.19147,0.15946
4029.1366,0,0.13289,0.19164,0.15943,0.13353,0.19152,0.15945
4029.1698,0,0.13302,0.19144,0.15919,0.13338,0.19149,0.15937
4029.2036,0,0.13298,0.19154,0.15931,0.13326,0.19151,0.15935
4029.2377,0,0.13358,0.19152,0.15926,0.13335,0.19151,0.15933
4029.2727,0,0.13373,0.19138,0.15934,0.13347,0.19147,0.15933
4029.3040,0,0.13396,0.19115,0.15926,0.13361,0.19138,0.15931
4029.3369,0,0.13249,0.19154,0.15941,0.13328,0.19143,0.15934
4029.3701,0,0.13259,0.19152,0.15923,0.13307,0.19145,0.15931
4029.4018,0,0.13240,0.19174,0.15908,0.13287,0.19154,0.15924
4029.4318,0,0.13324,0.19151,0.15901,0.13298,0.19153,0.15917
4029.4638,0,0.13303,0.19149,0.15902,0.13300,0.19152,0.15913
4029.4972,0,0.13291,0.19150,0.15895,0.13297,0.19151,0.15907
4029.5277,0,0.13237,0.19142,0.15900,0.13279,0.19149,0.15905
4029.5611,0,0.13304,0.19138,0.15894,0.13287,0.19145,0.15902
4029.5935,0,0.13303,0.19142,0.15912,0.13292,0.19144,0.15905
4029.6264,0,0.13429,0.19147,0.15907,0.13333,0.19145,0.15905
4029.6576,0,0.13442,0.19128,0.15903,0.13366,0.19140,0.15905
4029.6882,0,0.13360,0.19113,0.15914,0.13364,0.19132,0.15908
4029.7199,0,0.13294,0.19118,0.15917,0.13343,0.19128,0.15910
4029.7528,0,0.13281,0.19097,0.15914,0.13324,0.19118,0.15912
4029.7840,0,0.13312,0.19109,0.15918,0.13321,0.19116,0.15913
4029.8168,0,0.13302,0.19111,0.15904,0.13315,0.19114,0.15911
4029.8497,0,0.13337,0.19083,0.15896,0.13322,0.19105,0.15906
4029.8829,0,0.13336,0.19102,0.15889,0.13326,0.19104,0.15901
4029.9144,0,0.13345,0.19085,0.15895,0.13332,0.19098,0.15899
4029.9459,0,0.13374,0.19088,0.15889,0.13345,0.19095,0.15896
4029.9788,0,0.13371,0.19081,0.15885,0.13353,0.19091,0.15893
4030.0096,0,0.13354,0.19108,0.15892,0.13353,0.19096,0.15893
4030.0424,0,0.13339,0.19087,0.15877,0.13349,0.19093,0.15888
4030.0752,0,0.13309,0.19098,0.15884,0.13337,0.19095,0.15887
4030.1079,0,0.13292,0.19093,0.15882,0.13323,0.19094,0.15885
4030.1435,0,0.13296,0.19077,0.15873,0.13315,0.19089,0.15882
4030.1759,0,0.13260,0.19077,0.15883,0.13298,0.19085,0.15882
4030.2127,0,0.13293,0.19101,0.15878,0.13297,0.19090,0.15881
4030.2454,0,0.13311,0.19094,0.15879,0.13301,0.19091,0.15880
4030.2765,0,0.13308,0.19094,0.15881,0.13303,0.19092,0.15880
4030.3072,0,0.13342,0.19074,0.15880,0.13315,0.19087,0.15880
4030.3462,0,0.13282,0.19086,0.15879,0.13305,0.19087,0.15880
4030.3771,0,0.13333,0.19075,0.15871,0.13314,0.19083,0.15877
4030.4102,0,0.13251,0.19086,0.15870,0.13295,0.19084,0.15875
4030.4415,0,0.13167,0.19060,0.15863,0.13257,0.19077,0.15872
4030.4746,0,0.13246,0.19081,0.15843,0.13253,0.19078,0.15863
4030.5123,0,0.13227,0.19057,0.15851,0.13246,0.19072,0.15859
4030.5435,0,0.13235,0.19063,0.15860,0.13242,0.19069,0.15860
4030.5758,0,0.13288,0.19071,0.15865,0.13256,0.19070,0.15861
4030.6307,0,0.13368,0.19034,0.15854,0.13290,0.19059,0.15859
4030.6625,0,0.13395,0.19042,0.15849,0.13321,0.19054,0.15856
4030.6944,0,0.13371,0.19049,0.15851,0.13336,0.19052,0.15854
4030.7272,0,0.13391,0.19069,0.15846,0.13352,0.19057,0.15852
4030.7582,0,0.13362,0.19061,0.15848,0.13355,0.19058,0.15851
4030.7909,0,0.13323,0.19049,0.15864,0.13346,0.19056,0.15855
4030.8253,0,0.13315,0.19070,0.15864,0.13336,0.19060,0.15858
4030.8583,0,0.13252,0.19101,0.15863,0.13311,0.19072,0.15859
4030.8903,0,0.13347,0.19096,0.15854,0.13322,0.19079,0.15858
4030.9328,0,0.13317,0.19107,0.15857,0.13320,0.19088,0.15858
4030.9642,0,0.13349,0.19110,0.15859,0.13329,0.19094,0.15858
4030.9967,0,0.13338,0.19111,0.15856,0.13332,0.19099,0.15857
4031.0325,0,0.13278,0.19119,0.15849,0.13316,0.19105,0.15855
4031.0652,0,0.13301,0.19132,0.15841,0.13311,0.19113,0.15851
4031.0989,0,0.13261,0.19132,0.15830,0.13296,0.19119,0.15844
4031.1300,0,0.13327,0.19094,0.15832,0.13305,0.19111,0.15841
4031.1616,0,0.13317,0.19094,0.15824,0.13309,0.19106,0.15836
4031.1925,0,0.13319,0.19095,0.15816,0.13312,0.19103,0.15830
4031.2248,0,0.13334,0.19082,0.15824,0.13319,0.19096,0.15828
4031.2569,0,0.13335,0.19073,0.15825,0.13323,0.19089,0.15827
4031.2908,0,0.13360,0.19046,0.15833,0.13334,0.19076,0.15829
4031.3224,0,0.13396,0.19047,0.15824,0.13353,0.19068,0.15827
4031.3535,0,0.13356,0.19061,0.15821,0.13354,0.19066,0.15825
4031.3846,0,0.13282,0.19062,0.15836,0.13332,0.19064,0.15829
4031.4157,0,0.13265,0.19039,0.15831,0.13312,0.19057,0.15829
4031.4489,0,0.13273,0.19046,0.15831,0.13300,0.19054,0.15830
4031.4813,0,0.13247,0.19027,0.15827,0.13284,0.19046,0.15829
4031.5135,0,0.13235,0.19045,0.15833,0.13269,0.19046,0.15830
4031.5441,0,0.13256,0.19038,0.15833,0.13265,0.19043,0.15831
4031.5748,0,0.13279,0.19038,0.15819,0.13269,0.19042,0.15827
4031.6082,0,0.13356,0.19034,0.15807,0.13295,0.19039,0.15821
4031.6403,0,0.13256,0.19050,0.15809,0.13283,0.19043,0.15817
4031.6743,0,0.13320,0.19081,0.15814,0.13295,0.19054,0.15816
4031.7088,0,0.13256,0.19080,0.15833,0.13283,0.19062,0.15821
4031.7393,0,0.13269,0.19095,0.15833,0.13279,0.19072,0.15825
4031.7747,0,0.13346,0.19098,0.15818,0.13299,0.19080,0.15823
4031.8083,0,0.13358,0.19079,0.15817,0.13317,0.19080,0.15821
4031.8440,0,0.13385,0.19064,0.15803,0.13337,0.19075,0.15816
4031.8742,0,0.13308,0.19077,0.15815,0.13328,0.19076,0.15815
4031.9090,0,0.13298,0.19063,0.15816,0.13319,0.19072,0.15816
4031.9518,0,0.13341,0.19045,0.15811,0.13326,0.19064,0.15814
4031.9906,0,0.13303,0.19059,0.15838,0.13319,0.19062,0.15821
4032.0263,0,0.13310,0.19018,0.15835,0.13316,0.19049,0.15826
4032.0588,0,0.13263,0.19029,0.15858,0.13300,0.19043,0.15835
4032.0988,0,0.13259,0.18997,0.15848,0.13288,0.19029,0.15839
4032.1323,0,0.13328,0.19034,0.15840,0.13300,0.19031,0.15839
4032.1637,0,0.13315,0.19016,0.15839,0.13305,0.19026,0.15839
4032.1962,0,0.13371,0.19018,0.15829,0.13325,0.19024,0.15836
4032.2266,0,0.13355,0.19029,0.15834,0.13334,0.19025,0.15836
4032.2575,0,0.13322,0.19035,0.15835,0.13330,0.19028,0.15835
4032.2904,0,0.13364,0.19009,0.15843,0.13340,0.19022,0.15838
4032.3238,0,0.13344,0.18986,0.15848,0.13342,0.19012,0.15841
4032.3578,0,0.13275,0.18999,0.15861,0.13321,0.19008,0.15847
4032.3916,0,0.13303,0.19046,0.15849,0.13316,0.19019,0.15847
4032.4236,0,0.13308,0.19046,0.15847,0.13314,0.19027,0.15847
4032.4562,0,0.13280,0.19049,0.15850,0.13303,0.19034,0.15848
4032.4916,0,0.13296,0.19052,0.15849,0.13301,0.19039,0.15848
4032.5229,0,0.13301,0.19012,0.15834,0.13301,0.19031,0.15844
4032.5568,0,0.13255,0.19011,0.15842,0.13287,0.19025,0.15843
4032.5895,0,0.13214,0.19021,0.15828,0.13265,0.19024,0.15839
4032.6484,0,0.13186,0.19032,0.15833,0.13242,0.19026,0.15837
4032.6823,0,0.13229,0.19000,0.15814,0.13238,0.19018,0.15830
4032.7129,0,0.13258,0.19003,0.15817,0.13244,0.19014,0.15826
4032.7436,0,0.13248,0.18956,0.15823,0.13245,0.18996,0.15825
4032.7769,0,0.13219,0.18941,0.15828,0.13237,0.18980,0.15826
4032.8099,0,0.13236,0.18951,0.15820,0.13237,0.18971,0.15824
4032.8485,0,0.13218,0.18946,0.15824,0.13231,0.18964,0.15824
4032.8789,0,0.13255,0.18930,0.15814,0.13238,0.18953,0.15821
4032.9093,0,0.13288,0.18943,0.15796,0.13253,0.18950,0.15813
4032.9398,0,0.13190,0.18986,0.15791,0.13234,0.18961,0.15807
4032.9724,0,0.13096,0.18978,0.15791,0.13193,0.18966,0.15802
4033.0031,0,0.13159,0.18968,0.15790,0.13183,0.18967,0.15798
4033.0355,0,0.13184,0.18987,0.15797,0.13183,0.18973,0.15798
4033.0657,0,0.13230,0.18964,0.15801,0.13197,0.18970,0.15799
4033.0972,0,0.13190,0.18979,0.15806,0.13195,0.18973,0.15801
4033.1307,0,0.13222,0.18992,0.15803,0.13203,0.18979,0.15801
4033.1632,0,0.13154,0.18972,0.15797,0.13188,0.18977,0.15800
4033.1938,0,0.13260,0.18976,0.15791,0.13210,0.18976,0.15798
4033.2292,0,0.13199,0.18987,0.15802,0.13207,0.18980,0.15799
4033.2616,0,0.13171,0.19000,0.15812,0.13196,0.18986,0.15803
4033.2956,0,0.13206,0.18958,0.15792,0.13199,0.18977,0.15800
4033.3257,0,0.13267,0.18922,0.15782,0.13219,0.18961,0.15794
4033.3582,0,0.13305,0.18959,0.15773,0.13245,0.18960,0.15788
4033.3913,0,0.13269,0.18948,0.15775,0.13252,0.18957,0.15784
4033.4274,0,0.13310,0.18923,0.15769,0.13269,0.18947,0.15780
4033.4608,0,0.13251,0.18943,0.15772,0.13264,0.18946,0.15777
4033.4910,0,0.13274,0.18941,0.15767,0.13267,0.18944,0.15774
4033.5237,0,0.13333,0.18926,0.15753,0.13287,0.18939,0.15768
4033.5584,0,0.13310,0.18920,0.15765,0.13294,0.18933,0.15767
4033.5941,0,0.13383,0.18876,0.15745,0.13320,0.18916,0.15760
4033.6450,0,0.13389,0.18850,0.15732,0.13341,0.18896,0.15752
4033.6778,0,0.13415,0.18849,0.15722,0.13363,0.18882,0.15743
4033.7083,0,0.13460,0.18730,0.15706,0.13392,0.18836,0.15732
4033.7392,0,0.13503,0.18656,0.15680,0.13425,0.18782,0.15716
4033.7713,0,0.13465,0.18628,0.15658,0.13437,0.18736,0.15699
4033.8027,0,0.13415,0.18491,0.15666,0.13430,0.18662,0.15689
4033.8350,0,0.13405,0.18334,0.15638,0.13423,0.18564,0.15674
4033.8666,0,0.13372,0.18184,0.15608,0.13408,0.18450,0.15654
4033.8989,0,0.13413,0.17967,0.15545,0.13409,0.18305,0.15621
4033.9317,0,0.13336,0.17771,0.15505,0.13387,0.18145,0.15587
4033.9684,0,0.13229,0.17573,0.15488,0.13340,0.17973,0.15557
4034.0049,0,0.13218,0.17213,0.15456,0.13303,0.17745,0.15527
4034.0380,0,0.13275,0.16934,0.15423,0.13295,0.17502,0.15496
4034.0702,0,0.13396,0.16604,0.15357,0.13325,0.17233,0.15454
4034.1021,0,0.13506,0.16263,0.15250,0.13380,0.16942,0.15393
4034.1332,0,0.13470,0.16035,0.15161,0.13407,0.16670,0.15323
4034.1668,0,0.13403,0.15667,0.15104,0.13406,0.16369,0.15257
4034.2042,0,0.13571,0.15446,0.15047,0.13455,0.16092,0.15194
4034.2347,0,0.13723,0.15176,0.14994,0.13536,0.15817,0.15134
4034.2697,0,0.13768,0.14880,0.14964,0.13605,0.15536,0.15083
4034.3018,0,0.13800,0.14621,0.14922,0.13664,0.15262,0.15035
4034.3349,0,0.13954,0.14357,0.14864,0.13751,0.14990,0.14983
4034.3651,0,0.14029,0.14007,0.14805,0.13834,0.14695,0.14930
4034.3983,0,0.14177,0.13680,0.14707,0.13937,0.14391,0.14863
4034.4361,0,0.14035,0.13376,0.14636,0.13967,0.14086,0.14795
4034.4720,0,0.14196,0.13094,0.14498,0.14035,0.13789,0.14706
4034.5038,0,0.14217,0.12791,0.14421,0.14090,0.13489,0.14621
4034.5397,0,0.14123,0.12538,0.14360,0.14100,0.13204,0.14542
4034.5715,0,0.14038,0.12262,0.14265,0.14081,0.12921,0.14459
4034.6092,0,0.14167,0.11920,0.14151,0.14107,0.12621,0.14367
4034.6568,0,0.14169,0.11679,0.14039,0.14126,0.12338,0.14268
4034.6881,0,0.13983,0.11380,0.13955,0.14083,0.12051,0.14175
4034.7185,0,0.13878,0.11141,0.13842,0.14021,0.11778,0.14075
4034.7498,0,0.13900,0.10906,0.13721,0.13985,0.11516,0.13969
4034.7814,0,0.13864,0.10604,0.13624,0.13949,0.11243,0.13865
4034.8129,0,0.13771,0.10303,0.13609,0.13895,0.10961,0.13788
4034.8427,0,0.13895,0.10008,0.13595,0.13895,0.10675,0.13730
4034.8740,0,0.13912,0.09765,0.13605,0.13900,0.10402,0.13693
4034.9066,0,0.14124,0.09451,0.13575,0.13967,0.10117,0.13657
4034.9392,0,0.14267,0.09109,0.13545,0.14057,0.09814,0.13624
4034.9697,0,0.14373,0.08822,0.13520,0.14152,0.09517,0.13593
4035.0026,0,0.14470,0.08364,0.13509,0.14247,0.09171,0.13568
4035.0338,0,0.14355,0.08134,0.13512,0.14280,0.08860,0.13551
4035.0673,0,0.14353,0.07727,0.13459,0.14302,0.08520,0.13524
4035.0982,0,0.14334,0.07473,0.13441,0.14311,0.08206,0.13499
4035.1305,0,0.14372,0.07021,0.13385,0.14330,0.07850,0.13465
4035.1630,0,0.14227,0.06574,0.13315,0.14299,0.07468,0.13420
4035.1939,0,0.14150,0.06357,0.13193,0.14254,0.07134,0.13352
4035.2256,0,0.14240,0.06239,0.13086,0.14250,0.06866,0.13272
4035.2559,0,0.14306,0.05878,0.13025,0.14267,0.06569,0.13198
4035.2884,0,0.14357,0.05523,0.12981,0.14294,0.06255,0.13133
4035.3200,0,0.14252,0.05249,0.12939,0.14281,0.05953,0.13075
4035.3535,0,0.14195,0.04876,0.12897,0.14256,0.05630,0.13021
4035.3861,0,0.14108,0.04597,0.12869,0.14211,0.05320,0.12976
4035.4209,0,0.14187,0.04330,0.12855,0.14204,0.05023,0.12940
4035.4543,0,0.14136,0.03801,0.12839,0.14184,0.04656,0.12909
4035.4873,0,0.14045,0.03382,0.12865,0.14142,0.04274,0.12896
4035.5206,0,0.14143,0.02953,0.12878,0.14142,0.03878,0.12891
4035.5530,0,0.14142,0.02577,0.12878,0.14142,0.03488,0.12887
4035.5878,0,0.14304,0.02127,0.12870,0.14191,0.03079,0.12882
4035.6374,0,0.14132,0.01868,0.12894,0.14173,0.02716,0.12885
4035.6707,0,0.14028,0.01531,0.12898,0.14130,0.02361,0.12889
4035.7042,0,0.14084,0.01095,0.12929,0.14116,0.01981,0.12901
4035.7364,0,0.13833,0.00608,0.12973,0.14031,0.01569,0.12923
4035.7702,0,0.13694,0.00104,0.12997,0.13930,0.01130,0.12945
4035.8033,0,0.13589,-0.00191,0.13044,0.13827,0.00734,0.12975
4035.8358,0,0.13549,-0.00637,0.13080,0.13744,0.00322,0.13006
4035.8687,0,0.13553,-0.00956,0.13094,0.13687,-0.00061,0.13032
4035.9011,0,0.13560,-0.01201,0.13103,0.13649,-0.00403,0.13054
4035.9308,0,0.13460,-0.01508,0.13100,0.13592,-0.00735,0.13068
4035.9616,0,0.13433,-0.01849,0.13138,0.13545,-0.01069,0.13089
4035.9929,0,0.13597,-0.02157,0.13123,0.13560,-0.01395,0.13099
4036.0256,0,0.13472,-0.02452,0.13129,0.13534,-0.01712,0.13108
4036.0578,0,0.13449,-0.02791,0.13124,0.13509,-0.02036,0.13113
4036.0895,0,0.13510,-0.02965,0.13128,0.13509,-0.02315,0.13117
4036.1200,0,0.13475,-0.03392,0.13125,0.13499,-0.02638,0.13120
4036.1547,0,0.13514,-0.03577,0.13120,0.13503,-0.02919,0.13120
4036.1869,0,0.13425,-0.03888,0.13115,0.13480,-0.03210,0.13119
4036.2242,0,0.13321,-0.04252,0.13112,0.13432,-0.03523,0.13117
4036.2592,0,0.13366,-0.04459,0.13069,0.13412,-0.03804,0.13102
4036.2893,0,0.13183,-0.04564,0.13070,0.13344,-0.04032,0.13093
4036.3235,0,0.13268,-0.04864,0.13077,0.13321,-0.04281,0.13088
4036.3567,0,0.13289,-0.05082,0.13062,0.13311,-0.04522,0.13080
4036.3894,0,0.13299,-0.05322,0.13075,0.13308,-0.04762,0.13079
4036.4225,0,0.13279,-0.05683,0.13056,0.13299,-0.05038,0.13072
4036.4588,0,0.13178,-0.05855,0.13081,0.13263,-0.05283,0.13075
4036.4900,0,0.13011,-0.06231,0.13076,0.13187,-0.05567,0.13075
4036.5271,0,0.12921,-0.06625,0.13065,0.13107,-0.05885,0.13072
4036.5603,0,0.12915,-0.06879,0.13041,0.13050,-0.06183,0.13063
4036.5952,0,0.12810,-0.07180,0.13086,0.12978,-0.06482,0.13070
4036.6439,0,0.12769,-0.07551,0.13100,0.12915,-0.06803,0.13079
4036.6779,0,0.12679,-0.07865,0.13129,0.12844,-0.07122,0.13094
4036.7091,0,0.12699,-0.08212,0.13161,0.12801,-0.07449,0.13114
4036.7403,0,0.12693,-0.08603,0.13210,0.12768,-0.07795,0.13143
4036.7715,0,0.12711,-0.08840,0.13241,0.12751,-0.08109,0.13172
4036.8035,0,0.12768,-0.09143,0.13249,0.12756,-0.08419,0.13195
4036.8407,0,0.12581,-0.09200,0.13264,0.12704,-0.08653,0.13216
4036.8762,0,0.12683,-0.09370,0.13273,0.12698,-0.08868,0.13233
4036.9098,0,0.12563,-0.09625,0.13295,0.12657,-0.09095,0.13251
4036.9426,0,0.12592,-0.09749,0.13196,0.12638,-0.09291,0.13235
4036.9746,0,0.12450,-0.09893,0.13187,0.12581,-0.09472,0.13221
4037.0096,0,0.12273,-0.10151,0.13162,0.12489,-0.09676,0.13203
4037.0411,0,0.12296,-0.10316,0.13077,0.12431,-0.09868,0.13165
4037.0727,0,0.12252,-0.10584,0.13010,0.12377,-0.10083,0.13119
4037.1051,0,0.12139,-0.10717,0.13006,0.12306,-0.10273,0.13085
4037.1392,0,0.12123,-0.10872,0.12978,0.12251,-0.10453,0.13053
4037.1709,0,0.12132,-0.11126,0.12992,0.12215,-0.10655,0.13035
4037.2055,0,0.12142,-0.11193,0.12985,0.12193,-0.10816,0.13020
4037.2367,0,0.11848,-0.11276,0.13054,0.12090,-0.10954,0.13030
4037.2708,0,0.11714,-0.11441,0.13067,0.11977,-0.11100,0.13041
4037.3032,0,0.11751,-0.11631,0.13111,0.11909,-0.11260,0.13062
4037.3393,0,0.11668,-0.11791,0.13161,0.11837,-0.11419,0.13092
4037.3695,0,0.11568,-0.12095,0.13195,0.11756,-0.11622,0.13123
4037.4040,0,0.11817,-0.12396,0.13229,0.11774,-0.11854,0.13155
4037.4364,0,0.11885,-0.12795,0.13294,0.11807,-0.12136,0.13197
4037.4702,0,0.11954,-0.13033,0.13329,0.11851,-0.12405,0.13236
4037.5024,0,0.11738,-0.13258,0.13415,0.11817,-0.12661,0.13290
4037.5351,0,0.11745,-0.13581,0.13494,0.11796,-0.12937,0.13351
4037.5699,0,0.11884,-0.13872,0.13594,0.11822,-0.13218,0.13424
4037.6030,0,0.11833,-0.14275,0.13695,0.11825,-0.13535,0.13506
4037.6601,0,0.11749,-0.14541,0.13823,0.11802,-0.13837,0.13601
4037.6932,0,0.11743,-0.14740,0.13965,0.11785,-0.14107,0.13710
4037.7259,0,0.11744,-0.15070,0.14020,0.11772,-0.14396,0.13803
4037.7576,0,0.11763,-0.15323,0.14054,0.11769,-0.14674,0.13879
4037.7929,0,0.11605,-0.15600,0.14146,0.11720,-0.14952,0.13959
4037.8237,0,0.11414,-0.16005,0.14212,0.11628,-0.15268,0.14035
4037.8562,0,0.11479,-0.16202,0.14312,0.11583,-0.15548,0.14118
4037.8902,0,0.11388,-0.16451,0.14426,0.11525,-0.15819,0.14210
4037.9214,0,0.11606,-0.16635,0.14522,0.11549,-0.16064,0.14304
4037.9539,0,0.11529,-0.16717,0.14625,0.11543,-0.16260,0.14400
4037.9861,0,0.11609,-0.16874,0.14668,0.11563,-0.16444,0.14481
4038.0214,0,0.11678,-0.16938,0.14722,0.11598,-0.16592,0.14553
4038.0530,0,0.11595,-0.17054,0.14750,0.11597,-0.16731,0.14612
4038.0876,0,0.11503,-0.17170,0.14737,0.11569,-0.16863,0.14650
4038.1183,0,0.11451,-0.17313,0.14745,0.11533,-0.16998,0.14678
4038.1485,0,0.11267,-0.17516,0.14750,0.11453,-0.17153,0.14700
4038.1781,0,0.11333,-0.17703,0.14739,0.11417,-0.17318,0.14711
4038.2090,0,0.11390,-0.17834,0.14737,0.11409,-0.17473,0.14719
4038.2402,0,0.11304,-0.17998,0.14730,0.11378,-0.17630,0.14722
4038.2699,0,0.11211,-0.18231,0.14699,0.11328,-0.17810,0.14715
4038.3037,0,0.11080,-0.18412,0.14685,0.11253,-0.17991,0.14706
4038.3371,0,0.10905,-0.18540,0.14691,0.11149,-0.18156,0.14702
4038.3698,0,0.10828,-0.18729,0.14685,0.11052,-0.18328,0.14697
4038.4031,0,0.10759,-0.18850,0.14711,0.10964,-0.18484,0.14701
4038.4361,0,0.10878,-0.18983,0.14766,0.10938,-0.18634,0.14721
4038.4693,0,0.10864,-0.19153,0.14824,0.10916,-0.18790,0.14752
4038.5006,0,0.10884,-0.19292,0.14907,0.10906,-0.18940,0.14798
4038.5309,0,0.10919,-0.19469,0.14947,0.10910,-0.19099,0.14843
4038.5622,0,0.10980,-0.19694,0.14990,0.10931,-0.19277,0.14887
4038.5949,0,0.11037,-0.19897,0.15004,0.10963,-0.19463,0.14922
4038.6330,0,0.10843,-0.20010,0.15045,0.10927,-0.19627,0.14959
4038.6643,0,0.10747,-0.20194,0.15066,0.10873,-0.19797,0.14991
4038.6950,0,0.10719,-0.20385,0.15032,0.10827,-0.19973,0.15004
4038.7259,0,0.10564,-0.20529,0.15047,0.10748,-0.20140,0.15017
4038.7562,0,0.10488,-0.20558,0.15050,0.10670,-0.20265,0.15027
4038.7933,0,0.10426,-0.20623,0.15064,0.10597,-0.20372,0.15038
4038.8251,0,0.10443,-0.20715,0.15066,0.10551,-0.20475,0.15046
4038.8565,0,0.10378,-0.20555,0.15187,0.10499,-0.20499,0.15089
4038.8887,0,0.10315,-0.20544,0.15231,0.10444,-0.20513,0.15131
4038.9204,0,0.10160,-0.20332,0.15320,0.10358,-0.20458,0.15188
4038.9543,0,0.10198,-0.20334,0.15328,0.10310,-0.20421,0.15230
4038.9906,0,0.10113,-0.20304,0.15385,0.10251,-0.20386,0.15276
4039.0207,0,0.10058,-0.20355,0.15408,0.10193,-0.20377,0.15316
4039.0528,0,0.10124,-0.20469,0.15400,0.10172,-0.20404,0.15341
4039.0874,0,0.10300,-0.20517,0.15433,0.10211,-0.20438,0.15369
4039.1198,0,0.10365,-0.20620,0.15453,0.10257,-0.20493,0.15394
4039.1526,0,0.10315,-0.20705,0.15520,0.10274,-0.20557,0.15432
4039.1837,0,0.10331,-0.20920,0.15538,0.10291,-0.20666,0.15464
4039.2154,0,0.10530,-0.21089,0.15548,0.10363,-0.20792,0.15489
4039.2465,0,0.10553,-0.21230,0.15574,0.10420,-0.20924,0.15515
4039.2767,0,0.10463,-0.21337,0.15595,0.10433,-0.21048,0.15539
4039.3075,0,0.10484,-0.21463,0.15598,0.10448,-0.21172,0.15557
4039.3399,0,0.10397,-0.21539,0.15612,0.10433,-0.21282,0.15573
4039.3735,0,0.10430,-0.21499,0.15609,0.10432,-0.21347,0.15584
4039.4075,0,0.10447,-0.21631,0.15559,0.10437,-0.21432,0.15576
4039.4388,0,0.10337,-0.21630,0.15550,0.10407,-0.21492,0.15568
4039.4691,0,0.10292,-0.21707,0.15528,0.10372,-0.21556,0.15556
4039.5021,0,0.10257,-0.21757,0.15519,0.10338,-0.21617,0.15545
4039.5443,0,0.10248,-0.21798,0.15499,0.10311,-0.21671,0.15531
4039.5771,0,0.10167,-0.21893,0.15464,0.10268,-0.21738,0.15511
4039.6315,0,0.10128,-0.21892,0.15499,0.10226,-0.21784,0.15507
4039.6619,0,0.10239,-0.22029,0.15467,0.10230,-0.21857,0.15495
4039.6923,0,0.10191,-0.22006,0.15558,0.10218,-0.21902,0.15514
4039.7265,0,0.10196,-0.22050,0.15583,0.10211,-0.21946,0.15535
4039.7575,0,0.10196,-0.22063,0.15629,0.10207,-0.21981,0.15563
4039.7905,0,0.10023,-0.22217,0.15624,0.10152,-0.22052,0.15581
4039.8224,0,0.10016,-0.22267,0.15609,0.10111,-0.22116,0.15590
4039.8525,0,0.09863,-0.22251,0.15587,0.10037,-0.22157,0.15589
4039.8828,0,0.09982,-0.22257,0.15570,0.10020,-0.22187,0.15583
4039.9163,0,0.09926,-0.22081,0.15596,0.09992,-0.22155,0.15587
4039.9475,0,0.09927,-0.21967,0.15597,0.09973,-0.22099,0.15590
4039.9802,0,0.09989,-0.21827,0.15611,0.09977,-0.22017,0.15596
4040.0137,0,0.09962,-0.21649,0.15664,0.09973,-0.21907,0.15617
4040.0436,0,0.09915,-0.21512,0.15679,0.09955,-0.21788,0.15635
4040.0770,0,0.10007,-0.21478,0.15655,0.09971,-0.21695,0.15641
4040.1081,0,0.10108,-0.21365,0.15706,0.10012,-0.21596,0.15661
4040.1404,0,0.09993,-0.21357,0.15701,0.10006,-0.21524,0.15673
4040.1730,0,0.09880,-0.21326,0.15714,0.09969,-0.21465,0.15685
4040.2080,0,0.09886,-0.21307,0.15737,0.09944,-0.21417,0.15701
4040.2423,0,0.09887,-0.21278,0.15760,0.09927,-0.21376,0.15718
4040.2747,0,0.09988,-0.21277,0.15794,0.09945,-0.21346,0.15741
4040.3071,0,0.10065,-0.21305,0.15835,0.09981,-0.21334,0.15769
4040.3434,0,0.09984,-0.21331,0.15935,0.09982,-0.21333,0.15819
4040.3755,0,0.10003,-0.21386,0.16015,0.09988,-0.21349,0.15878
4040.4083,0,0.10135,-0.21382,0.16059,0.10032,-0.21359,0.15932
4040.4420,0,0.10248,-0.21369,0.16097,0.10097,-0.21362,0.15982
4040.4749,0,0.10215,-0.21374,0.16148,0.10132,-0.21365,0.16032
4040.5063,0,0.10205,-0.21462,0.16156,0.10154,-0.21394,0.16069
4040.5414,0,0.10256,-0.21501,0.16181,0.10185,-0.21426,0.16102
4040.5741,0,0.10335,-0.21484,0.16205,0.10230,-0.21444,0.16133
4040.6309,0,0.10453,-0.21458,0.16247,0.10297,-0.21448,0.16167
4040.6608,0,0.10454,-0.21492,0.16292,0.10344,-0.21461,0.16205
4040.6943,0,0.10549,-0.21429,0.16356,0.10405,-0.21452,0.16250
4040.7252,0,0.10529,-0.21364,0.16430,0.10443,-0.21425,0.16304
4040.7565,0,0.10482,-0.21340,0.16466,0.10454,-0.21400,0.16353
4040.7939,0,0.10417,-0.21308,0.16514,0.10443,-0.21372,0.16401
4040.8249,0,0.10484,-0.21250,0.16536,0.10455,-0.21335,0.16442
4040.8567,0,0.10479,-0.21245,0.16581,0.10462,-0.21308,0.16484
4040.8899,0,0.10439,-0.21255,0.16603,0.10455,-0.21292,0.16519
4040.9234,0,0.10475,-0.21135,0.16680,0.10461,-0.21245,0.16568
4040.9554,0,0.10485,-0.21126,0.16714,0.10469,-0.21209,0.16612
4040.9874,0,0.10506,-0.21119,0.16787,0.10480,-0.21182,0.16664
4041.0206,0,0.10606,-0.21106,0.16861,0.10518,-0.21159,0.16723
4041.0524,0,0.10701,-0.21059,0.16948,0.10572,-0.21129,0.16791
4041.0844,0,0.10714,-0.21062,0.17022,0.10615,-0.21109,0.16860
4041.1154,0,0.10870,-0.21037,0.17096,0.10692,-0.21088,0.16931
4041.1480,0,0.10977,-0.21034,0.17150,0.10777,-0.21072,0.16997
4041.1776,0,0.11096,-0.20977,0.17203,0.10873,-0.21043,0.17059
4041.2101,0,0.11221,-0.20915,0.17269,0.10977,-0.21005,0.17122
4041.2403,0,0.11074,-0.20910,0.17317,0.11006,-0.20976,0.17180
4041.2739,0,0.11033,-0.20917,0.17360,0.11014,-0.20958,0.17234
4041.3075,0,0.10993,-0.20859,0.17409,0.11008,-0.20929,0.17287
4041.3403,0,0.11167,-0.20874,0.17440,0.11055,-0.20912,0.17333
4041.3736,0,0.11250,-0.20863,0.17538,0.11114,-0.20897,0.17394
4041.4057,0,0.11235,-0.20870,0.17611,0.11150,-0.20889,0.17459
4041.4381,0,0.11258,-0.20899,0.17692,0.11182,-0.20892,0.17529
4041.4696,0,0.11160,-0.20927,0.17788,0.11176,-0.20903,0.17607
4041.5029,0,0.11177,-0.20964,0.17828,0.11176,-0.20921,0.17673
4041.5409,0,0.11270,-0.20959,0.17884,0.11204,-0.20932,0.17736
4041.5738,0,0.11147,-0.20929,0.17947,0.11187,-0.20931,0.17800
4041.6286,0,0.11218,-0.20898,0.18000,0.11196,-0.20921,0.17860
4041.6608,0,0.11275,-0.20932,0.18012,0.11220,-0.20924,0.17905
4041.6931,0,0.11218,-0.20905,0.18080,0.11220,-0.20919,0.17958
4041.7246,0,0.11388,-0.20880,0.18131,0.11270,-0.20907,0.18010
4041.7568,0,0.11443,-0.20936,0.18196,0.11322,-0.20916,0.18065
4041.7909,0,0.11517,-0.20954,0.18243,0.11381,-0.20927,0.18119
4041.8256,0,0.11552,-0.21033,0.18280,0.11432,-0.20959,0.18167
4041.8615,0,0.11573,-0.21060,0.18342,0.11474,-0.20989,0.18220
4041.8913,0,0.11664,-0.21033,0.18422,0.11531,-0.21002,0.18281
4041.9233,0,0.11819,-0.21034,0.18473,0.11617,-0.21012,0.18338
4041.9581,0,0.11862,-0.21025,0.18540,0.11691,-0.21016,0.18399
4041.9899,0,0.11906,-0.20998,0.18604,0.11755,-0.21010,0.18460
4042.0229,0,0.11829,-0.20994,0.18671,0.11777,-0.21006,0.18524
4042.0565,0,0.11927,-0.20999,0.18727,0.11822,-0.21004,0.18585
4042.0910,0,0.12054,-0.20958,0.18799,0.11892,-0.20990,0.18649
4042.1252,0,0.12281,-0.20964,0.18895,0.12008,-0.20982,0.18723
4042.1600,0,0.12466,-0.20917,0.18999,0.12146,-0.20963,0.18806
4042.1909,0,0.12316,-0.20937,0.19138,0.12197,-0.20955,0.18905
4042.2297,0,0.12428,-0.20928,0.19233,0.12266,-0.20947,0.19004
4042.2648,0,0.12528,-0.20921,0.19336,0.12345,-0.20939,0.19103
4042.2960,0,0.12499,-0.20957,0.19420,0.12391,-0.20944,0.19198
4042.3300,0,0.12556,-0.20903,0.19494,0.12441,-0.20932,0.19287
4042.3632,0,0.12558,-0.20914,0.19548,0.12476,-0.20927,0.19365
4042.3950,0,0.12682,-0.20911,0.19585,0.12538,-0.20922,0.19431
4042.4284,0,0.12621,-0.20951,0.19643,0.12563,-0.20931,0.19495
4042.4665,0,0.12653,-0.20950,0.19695,0.12590,-0.20937,0.19555
4042.4973,0,0.12691,-0.20945,0.19751,0.12620,-0.20939,0.19614
4042.5308,0,0.12733,-0.20984,0.19805,0.12654,-0.20953,0.19671
4042.5649,0,0.12746,-0.20928,0.19892,0.12681,-0.20945,0.19737
4042.5967,0,0.12730,-0.20839,0.19997,0.12696,-0.20913,0.19815
4042.6289,0,0.12708,-0.20872,0.20080,0.12700,-0.20901,0.19895
4042.6621,0,0.12749,-0.20929,0.20148,0.12714,-0.20909,0.19971
4042.6930,0,0.12966,-0.20972,0.20193,0.12790,-0.20928,0.20037
4042.7232,0,0.12915,-0.21048,0.20231,0.12828,-0.20964,0.20095
4042.7588,0,0.12982,-0.21056,0.20268,0.12874,-0.20992,0.20147
4042.7910,0,0.12957,-0.21008,0.20318,0.12899,-0.20996,0.20199
4042.8279,0,0.13119,-0.21037,0.20316,0.12965,-0.21009,0.20234
4042.8620,0,0.13130,-0.21083,0.20320,0.13014,-0.21031,0.20259
4042.8983,0,0.13129,-0.21074,0.20355,0.13049,-0.21044,0.20288
4042.9283,0,0.13110,-0.21156,0.20367,0.13067,-0.21077,0.20312
4042.9615,0,0.13124,-0.21188,0.20400,0.13084,-0.21111,0.20338
4042.9929,0,0.13076,-0.21198,0.20466,0.13082,-0.21137,0.20377
4043.0231,0,0.13147,-0.21272,0.20519,0.13101,-0.21177,0.20419
4043.0590,0,0.13121,-0.21289,0.20552,0.13107,-0.21211,0.20459
4043.0898,0,0.13280,-0.21313,0.20601,0.13159,-0.21242,0.20502
4043.1220,0,0.13320,-0.21364,0.20663,0.13207,-0.21278,0.20550
4043.1547,0,0.13362,-0.21418,0.20694,0.13254,-0.21320,0.20593
4043.1859,0,0.13508,-0.21425,0.20749,0.13330,-0.21352,0.20640
4043.2161,0,0.13642,-0.21446,0.20798,0.13424,-0.21380,0.20687
4043.2467,0,0.13736,-0.21466,0.20837,0.13517,-0.21406,0.20732
4043.2794,0,0.13730,-0.21514,0.20906,0.13581,-0.21438,0.20784
4043.3092,0,0.13688,-0.21516,0.20971,0.13613,-0.21462,0.20840
4043.3409,0,0.13738,-0.21537,0.20986,0.13650,-0.21484,0.20884
4043.3733,0,0.13848,-0.21549,0.21022,0.13710,-0.21503,0.20925
4043.4084,0,0.13857,-0.21548,0.21059,0.13754,-0.21517,0.20966
4043.4401,0,0.13848,-0.21589,0.21110,0.13782,-0.21539,0.21009
4043.4734,0,0.13776,-0.21529,0.21163,0.13780,-0.21536,0.21055
4043.5143,0,0.13844,-0.21478,0.21211,0.13799,-0.21518,0.21102
4043.5457,0,0.13869,-0.21481,0.21244,0.13820,-0.21507,0.21145
4043.5797,0,0.13876,-0.21438,0.21296,0.13837,-0.21486,0.21190
4043.6146,0,0.13847,-0.21477,0.21315,0.13840,-0.21484,0.21227
4043.6570,0,0.13907,-0.21418,0.21342,0.13860,-0.21464,0.21262
4043.6891,0,0.14009,-0.21434,0.21372,0.13905,-0.21455,0.21295
4043.7197,0,0.14033,-0.21440,0.21437,0.13943,-0.21450,0.21338
4043.7510,0,0.13961,-0.21508,0.21478,0.13949,-0.21468,0.21380
4043.7828,0,0.13914,-0.21566,0.21569,0.13938,-0.21497,0.21437
4043.8140,0,0.13932,-0.21600,0.21641,0.13936,-0.21528,0.21498
4043.8484,0,0.13867,-0.21561,0.21721,0.13916,-0.21538,0.21565
4043.8808,0,0.13909,-0.21576,0.21798,0.13914,-0.21549,0.21635
4043.9147,0,0.13978,-0.21529,0.21886,0.13933,-0.21543,0.21710
4043.9468,0,0.14055,-0.21548,0.21943,0.13970,-0.21545,0.21780
4043.9773,0,0.14044,-0.21582,0.22005,0.13992,-0.21556,0.21847
4044.0088,0,0.14123,-0.21563,0.22040,0.14031,-0.21558,0.21905
4044.0411,0,0.14140,-0.21495,0.22118,0.14064,-0.21539,0.21969
4044.0754,0,0.14179,-0.21554,0.22118,0.14099,-0.21544,0.22014
4044.1091,0,0.14186,-0.21539,0.22159,0.14125,-0.21542,0.22057
4044.1397,0,0.14134,-0.21582,0.22182,0.14128,-0.21554,0.22095
4044.1773,0,0.14174,-0.21485,0.22237,0.14142,-0.21533,0.22137
4044.2085,0,0.14310,-0.21511,0.22259,0.14192,-0.21527,0.22174
4044.2410,0,0.14321,-0.21422,0.22312,0.14231,-0.21495,0.22215
4044.2762,0,0.14360,-0.21452,0.22327,0.14270,-0.21482,0.22249
4044.3076,0,0.14325,-0.21365,0.22390,0.14286,-0.21447,0.22291
4044.3425,0,0.14359,-0.21435,0.22408,0.14308,-0.21443,0.22326
4044.3742,0,0.14400,-0.21437,0.22451,0.14336,-0.21441,0.22364
4044.4068,0,0.14456,-0.21363,0.22520,0.14372,-0.21418,0.22411
4044.4413,0,0.14537,-0.21321,0.22578,0.14421,-0.21389,0.22461
4044.4750,0,0.14567,-0.21327,0.22630,0.14465,-0.21370,0.22512
4044.5107,0,0.14653,-0.21308,0.22658,0.14521,-0.21352,0.22556
4044.5465,0,0.14703,-0.21277,0.22706,0.14576,-0.21329,0.22601
4044.5811,0,0.14712,-0.21228,0.22737,0.14617,-0.21299,0.22642
4044.6116,0,0.14726,-0.21238,0.22766,0.14650,-0.21280,0.22679
4044.6465,0,0.14644,-0.21270,0.22801,0.14648,-0.21277,0.22716
4044.6799,0,0.14679,-0.21223,0.22821,0.14657,-0.21261,0.22747
4044.7134,0,0.14746,-0.21304,0.22819,0.14684,-0.21274,0.22769
4044.7462,0,0.14813,-0.21363,0.22873,0.14722,-0.21301,0.22800
4044.7796,0,0.14804,-0.21384,0.22944,0.14747,-0.21326,0.22843
4044.8132,0,0.14864,-0.21450,0.23019,0.14782,-0.21363,0.22896
4044.8446,0,0.14954,-0.21403,0.23070,0.14833,-0.21375,0.22948
4044.8780,0,0.15037,-0.21416,0.23111,0.14894,-0.21387,0.22997
4044.9167,0,0.15013,-0.21461,0.23162,0.14930,-0.21409,0.23047
4044.9522,0,0.15064,-0.21455,0.23205,0.14970,-0.21423,0.23094
4044.9877,0,0.15038,-0.21504,0.23241,0.14991,-0.21447,0.23138
4045.0218,0,0.15059,-0.21552,0.23284,0.15011,-0.21479,0.23182
4045.0630,0,0.15099,-0.21574,0.23337,0.15037,-0.21507,0.23228
4045.0958,0,0.15100,-0.21583,0.23388,0.15056,-0.21530,0.23276
4045.1348,0,0.15136,-0.21667,0.23452,0.15080,-0.21571,0.23329
4045.1665,0,0.15271,-0.21654,0.23511,0.15137,-0.21596,0.23384
4045.2014,0,0.15363,-0.21660,0.23576,0.15205,-0.21615,0.23441
4045.2320,0,0.15342,-0.21708,0.23646,0.15246,-0.21643,0.23503
4045.2630,0,0.15386,-0.21812,0.23713,0.15288,-0.21694,0.23566
4045.2993,0,0.15439,-0.21801,0.23777,0.15333,-0.21726,0.23629
4045.3301,0,0.15370,-0.21815,0.23846,0.15344,-0.21753,0.23694
4045.3647,0,0.15443,-0.21798,0.23884,0.15374,-0.21766,0.23751
4045.3963,0,0.15445,-0.21828,0.23914,0.15395,-0.21785,0.23800
4045.4281,0,0.15482,-0.21878,0.23941,0.15421,-0.21813,0.23842
4045.4673,0,0.15435,-0.21828,0.23988,0.15425,-0.21817,0.23886
4045.5078,0,0.15545,-0.21875,0.24005,0.15461,-0.21834,0.23922
4045.5420,0,0.15523,-0.21911,0.24041,0.15480,-0.21857,0.23958
4045.5767,0,0.15475,-0.21924,0.24083,0.15478,-0.21877,0.23995
4045.6092,0,0.15542,-0.21961,0.24118,0.15497,-0.21902,0.24032
4045.6625,0,0.15571,-0.21977,0.24154,0.15519,-0.21925,0.24069
4045.6938,0,0.15457,-0.22010,0.24214,0.15501,-0.21950,0.24112
4045.7264,0,0.15637,-0.22029,0.24245,0.15542,-0.21974,0.24152
4045.7596,0,0.15523,-0.22028,0.24331,0.15536,-0.21990,0.24206
4045.7908,0,0.15536,-0.22014,0.24375,0.15536,-0.21997,0.24257
4045.8239,0,0.15536,-0.22062,0.24417,0.15536,-0.22016,0.24305
4045.8586,0,0.15505,-0.22093,0.24450,0.15527,-0.22039,0.24348
4045.8952,0,0.15479,-0.21996,0.24496,0.15512,-0.22026,0.24392
4045.9285,0,0.15475,-0.21986,0.24517,0.15501,-0.22014,0.24430
4045.9654,0,0.15549,-0.21967,0.24519,0.15516,-0.22000,0.24457
4045.9983,0,0.15666,-0.21975,0.24542,0.15561,-0.21993,0.24482
4046.0318,0,0.15698,-0.21926,0.24576,0.15602,-0.21973,0.24510
4046.0629,0,0.15617,-0.21972,0.24660,0.15607,-0.21972,0.24555
4046.0935,0,0.15681,-0.21912,0.24695,0.15629,-0.21954,0.24597
4046.1240,0,0.15657,-0.21928,0.24745,0.15638,-0.21947,0.24641
4046.1550,0,0.15723,-0.21939,0.24792,0.15663,-0.21944,0.24687
4046.1867,0,0.15783,-0.21901,0.24825,0.15699,-0.21931,0.24728
4046.2218,0,0.15688,-0.21864,0.24900,0.15696,-0.21911,0.24780
4046.2541,0,0.15752,-0.21925,0.24942,0.15713,-0.21915,0.24829
4046.2888,0,0.15839,-0.21914,0.24961,0.15750,-0.21915,0.24868
4046.3225,0,0.15826,-0.21916,0.25011,0.15773,-0.21915,0.24911
4046.3548,0,0.15909,-0.21987,0.25044,0.15814,-0.21937,0.24951
4046.3857,0,0.15863,-0.21907,0.25110,0.15828,-0.21928,0.24999
4046.4175,0,0.15941,-0.21907,0.25162,0.15862,-0.21922,0.25047
4046.4477,0,0.15832,-0.21941,0.25248,0.15853,-0.21927,0.25108
4046.4779,0,0.15882,-0.21930,0.25326,0.15862,-0.21928,0.25173
4046.5123,0,0.15893,-0.21958,0.25410,0.15871,-0.21937,0.25244
4046.5444,0,0.16001,-0.21990,0.25482,0.15910,-0.21953,0.25316
4046.5777,0,0.15976,-0.21981,0.25580,0.15930,-0.21961,0.25395
4046.6104,0,0.16050,-0.21998,0.25667,0.15966,-0.21972,0.25476
4046.6664,0,0.16069,-0.21933,0.25764,0.15997,-0.21961,0.25563
4046.6970,0,0.16064,-0.21889,0.25837,0.16017,-0.21939,0.25645
4046.7279,0,0.16066,-0.21870,0.25893,0.16032,-0.21918,0.25719
4046.7603,0,0.16037,-0.21839,0.25959,0.16033,-0.21895,0.25791
4046.7922,0,0.16014,-0.21770,0.26029,0.16028,-0.21857,0.25863
4046.8233,0,0.16203,-0.21781,0.26062,0.16080,-0.21834,0.25922
4046.8561,0,0.16128,-0.21751,0.26155,0.16095,-0.21809,0.25992
4046.8918,0,0.16140,-0.21802,0.26212,0.16108,-0.21807,0.26058
4046.9253,0,0.16159,-0.21793,0.26278,0.16123,-0.21803,0.26124
4046.9594,0,0.16218,-0.21705,0.26356,0.16152,-0.21773,0.26194
4046.9897,0,0.16266,-0.21756,0.26405,0.16186,-0.21768,0.26257
4047.0208,0,0.16275,-0.21701,0.26503,0.16213,-0.21748,0.26331
4047.0549,0,0.16323,-0.21728,0.26557,0.16246,-0.21742,0.26399
4047.0858,0,0.16232,-0.21728,0.26649,0.16242,-0.21738,0.26474
4047.1184,0,0.16283,-0.21651,0.26702,0.16254,-0.21712,0.26542
4047.1520,0,0.16297,-0.21635,0.26765,0.16267,-0.21689,0.26609
4047.1833,0,0.16321,-0.21585,0.26809,0.16283,-0.21658,0.26669
4047.2151,0,0.16351,-0.21602,0.26840,0.16303,-0.21641,0.26720
4047.2464,0,0.16326,-0.21594,0.26891,0.16310,-0.21627,0.26771
4047.2775,0,0.16275,-0.21602,0.26942,0.16299,-0.21620,0.26823
4047.3099,0,0.16277,-0.21578,0.27005,0.16293,-0.21607,0.26877
4047.3437,0,0.16317,-0.21672,0.27034,0.16300,-0.21627,0.26924
4047.3796,0,0.16379,-0.21566,0.27105,0.16324,-0.21608,0.26978
4047.4127,0,0.16472,-0.21615,0.27138,0.16368,-0.21610,0.27026
4047.4463,0,0.16500,-0.21638,0.27209,0.16408,-0.21618,0.27081
4047.4799,0,0.16505,-0.21645,0.27270,0.16437,-0.21627,0.27138
4047.5114,0,0.16511,-0.21682,0.27345,0.16459,-0.21643,0.27200
4047.5417,0,0.16545,-0.21737,0.27427,0.16485,-0.21671,0.27268
4047.5736,0,0.16635,-0.21832,0.27457,0.16530,-0.21720,0.27325
4047.6077,0,0.16703,-0.21754,0.27549,0.16582,-0.21730,0.27392
4047.6597,0,0.16671,-0.21801,0.27636,0.16608,-0.21751,0.27465
4047.6934,0,0.16733,-0.21811,0.27718,0.16646,-0.21769,0.27541
4047.7263,0,0.16886,-0.21853,0.27785,0.16718,-0.21794,0.27614
4047.7585,0,0.16959,-0.21838,0.27851,0.16790,-0.21807,0.27685
4047.7954,0,0.17010,-0.21824,0.27928,0.16856,-0.21813,0.27758
4047.8276,0,0.17000,-0.21763,0.28022,0.16899,-0.21798,0.27837
4047.8588,0,0.17041,-0.21780,0.28091,0.16942,-0.21792,0.27913
4047.8918,0,0.17107,-0.21790,0.28161,0.16991,-0.21792,0.27988
4047.9267,0,0.17204,-0.21785,0.28230,0.17055,-0.21790,0.28060
4047.9572,0,0.17222,-0.21784,0.28331,0.17105,-0.21788,0.28141
4047.9897,0,0.17291,-0.21830,0.28403,0.17161,-0.21801,0.28220
4048.0240,0,0.17414,-0.21828,0.28533,0.17237,-0.21809,0.28314
4048.0585,0,0.17607,-0.21879,0.28636,0.17348,-0.21830,0.28411
4048.0907,0,0.17541,-0.21949,0.28774,0.17406,-0.21865,0.28520
4048.1239,0,0.17610,-0.22023,0.28856,0.17467,-0.21913,0.28621
4048.1572,0,0.17678,-0.22009,0.28940,0.17530,-0.21942,0.28717
4048.1903,0,0.17545,-0.22043,0.29023,0.17535,-0.21972,0.28808
4048.2252,0,0.17575,-0.22156,0.29055,0.17547,-0.22027,0.28882
4048.2616,0,0.17576,-0.22270,0.29092,0.17556,-0.22100,0.28945
4048.2986,0,0.17664,-0.22378,0.29135,0.17588,-0.22183,0.29002
4048.3331,0,0.17598,-0.22392,0.29210,0.17591,-0.22246,0.29065
4048.3707,0,0.17605,-0.22425,0.29276,0.17595,-0.22300,0.29128
4048.4060,0,0.17550,-0.22512,0.29360,0.17582,-0.22363,0.29198
4048.4378,0,0.17679,-0.22578,0.29422,0.17611,-0.22428,0.29265
4048.4702,0,0.17732,-0.22561,0.29516,0.17647,-0.22468,0.29340
4048.5024,0,0.17768,-0.22562,0.29608,0.17683,-0.22496,0.29420
4048.5346,0,0.17738,-0.22533,0.29725,0.17700,-0.22507,0.29512
4048.5650,0,0.17647,-0.22518,0.29858,0.17684,-0.22510,0.29616
4048.5958,0,0.17607,-0.22436,0.29992,0.17661,-0.22488,0.29729
4048.6331,0,0.17563,-0.22431,0.30124,0.17631,-0.22471,0.29847
4048.6692,0,0.17529,-0.22391,0.30250,0.17601,-0.22447,0.29968
4048.7005,0,0.17533,-0.22408,0.30369,0.17581,-0.22435,0.30088
4048.7307,0,0.17637,-0.22359,0.30463,0.17598,-0.22412,0.30201
4048.7617,0,0.17632,-0.22347,0.30540,0.17608,-0.22393,0.30303
4048.7910,0,0.17737,-0.22360,0.30591,0.17647,-0.22383,0.30389
4048.8250,0,0.17664,-0.22353,0.30680,0.17652,-0.22374,0.30476
4048.8576,0,0.17787,-0.22360,0.30746,0.17692,-0.22370,0.30557
4048.8901,0,0.17732,-0.22378,0.30827,0.17704,-0.22372,0.30638
4048.9250,0,0.17597,-0.22310,0.30960,0.17672,-0.22354,0.30735
4048.9600,0,0.17610,-0.22365,0.31057,0.17654,-0.22357,0.30831
4048.9930,0,0.17672,-0.22320,0.31165,0.17659,-0.22346,0.30931
4049.0277,0,0.17603,-0.22393,0.31263,0.17642,-0.22360,0.31031
4049.0578,0,0.17738,-0.22302,0.31371,0.17671,-0.22343,0.31133
4049.0904,0,0.17781,-0.22277,0.31433,0.17704,-0.22323,0.31223
4049.1237,0,0.17769,-0.22342,0.31516,0.17723,-0.22329,0.31311
4049.1564,0,0.17729,-0.22396,0.31579,0.17725,-0.22349,0.31391
4049.1857,0,0.17652,-0.22406,0.31651,0.17703,-0.22366,0.31469
4049.2239,0,0.17748,-0.22346,0.31706,0.17717,-0.22360,0.31540
4049.2568,0,0.17932,-0.22510,0.31749,0.17781,-0.22405,0.31603
4049.2900,0,0.17984,-0.22498,0.31808,0.17842,-0.22433,0.31664
4049.3286,0,0.18024,-0.22474,0.31886,0.17897,-0.22445,0.31731
4049.3662,0,0.17973,-0.22501,0.31993,0.17920,-0.22462,0.31809
4049.3983,0,0.17914,-0.22496,0.32061,0.17918,-0.22472,0.31885
4049.4349,0,0.17902,-0.22546,0.32137,0.17913,-0.22494,0.31961
4049.4666,0,0.17792,-0.22605,0.32217,0.17877,-0.22527,0.32038
4049.4993,0,0.17784,-0.22619,0.32261,0.17849,-0.22555,0.32105
4049.5320,0,0.17784,-0.22644,0.32317,0.17830,-0.22582,0.32169
4049.5654,0,0.17967,-0.22613,0.32353,0.17871,-0.22591,0.32224
4049.5968,0,0.17986,-0.22619,0.32396,0.17905,-0.22599,0.32276
4049.6323,0,0.17958,-0.22598,0.32449,0.17921,-0.22599,0.32327
4049.6639,0,0.18003,-0.22563,0.32503,0.17946,-0.22588,0.32380
4049.6949,0,0.18008,-0.22543,0.32552,0.17964,-0.22575,0.32432
4049.7272,0,0.18003,-0.22552,0.32601,0.17976,-0.22568,0.32482
4049.7636,0,0.17992,-0.22464,0.32674,0.17981,-0.22537,0.32540
4049.8048,0,0.17884,-0.22430,0.32755,0.17952,-0.22505,0.32604
4049.8365,0,0.17971,-0.22413,0.32797,0.17958,-0.22477,0.32662
4049.8733,0,0.17928,-0.22426,0.32891,0.17949,-0.22462,0.32731
4049.9073,0,0.17869,-0.22399,0.32973,0.17925,-0.22443,0.32804
4049.9425,0,0.17870,-0.22451,0.33036,0.17909,-0.22445,0.32873
4049.9781,0,0.17915,-0.22446,0.33117,0.17910,-0.22446,0.32947
4050.0100,0,0.17977,-0.22478,0.33194,0.17931,-0.22455,0.33021
4050.0428,0,0.18002,-0.22476,0.33298,0.17952,-0.22461,0.33104
4050.0741,0,0.17968,-0.22552,0.33365,0.17957,-0.22488,0.33182
4050.1074,0,0.18021,-0.22610,0.33450,0.17976,-0.22525,0.33263
4050.1435,0,0.18101,-0.22634,0.33503,0.18013,-0.22558,0.33335
4050.1741,0,0.18260,-0.22644,0.33537,0.18087,-0.22583,0.33395
4050.2059,0,0.18220,-0.22715,0.33590,0.18127,-0.22623,0.33454
4050.2367,0,0.18264,-0.22734,0.33657,0.18168,-0.22656,0.33515
4050.2671,0,0.18221,-0.22823,0.33727,0.18184,-0.22706,0.33578
4050.2989,0,0.18313,-0.22851,0.33797,0.18223,-0.22749,0.33644
4050.3314,0,0.18249,-0.22910,0.33873,0.18231,-0.22798,0.33713
4050.3623,0,0.18308,-0.22934,0.33959,0.18254,-0.22838,0.33787
4050.3954,0,0.18330,-0.23011,0.34031,0.18277,-0.22890,0.33860
4050.4284,0,0.18249,-0.23021,0.34116,0.18268,-0.22929,0.33937
4050.4594,0,0.18237,-0.23043,0.34216,0.18259,-0.22963,0.34020
4050.4906,0,0.18282,-0.23139,0.34284,0.18266,-0.23016,0.34100
4050.5254,0,0.18337,-0.23081,0.34381,0.18287,-0.23035,0.34184
4050.5583,0,0.18294,-0.23169,0.34468,0.18289,-0.23075,0.34269
4050.5913,0,0.18403,-0.23273,0.34508,0.18323,-0.23135,0.34341
4050.6263,0,0.18409,-0.23329,0.34562,0.18349,-0.23193,0.34407
4050.6818,0,0.18404,-0.23392,0.34626,0.18365,-0.23253,0.34473
4050.7126,0,0.18472,-0.23505,0.34675,0.18398,-0.23328,0.34534
4050.7432,0,0.18490,-0.23589,0.34735,0.18425,-0.23407,0.34594
4050.7776,0,0.18548,-0.23611,0.34797,0.18462,-0.23468,0.34655
4050.8088,0,0.18481,-0.23712,0.34883,0.18468,-0.23541,0.34723
4050.8408,0,0.18512,-0.23820,0.34957,0.18481,-0.23625,0.34794
4050.8757,0,0.18570,-0.23868,0.35044,0.18508,-0.23698,0.34869
4050.9087,0,0.18591,-0.23875,0.35163,0.18533,-0.23751,0.34957
4050.9406,0,0.18609,-0.23997,0.35238,0.18555,-0.23825,0.35041
4050.9729,0,0.18647,-0.24036,0.35339,0.18583,-0.23888,0.35131
4051.0138,0,0.18683,-0.24067,0.35435,0.18613,-0.23942,0.35222
4051.0436,0,0.18754,-0.24048,0.35497,0.18655,-0.23974,0.35304
4051.0785,0,0.18735,-0.24103,0.35609,0.18679,-0.24012,0.35396
4051.1126,0,0.18795,-0.24102,0.35680,0.18714,-0.24039,0.35481
4051.1439,0,0.18769,-0.24050,0.35784,0.18730,-0.24042,0.35572
4051.1788,0,0.18703,-0.24077,0.35874,0.18722,-0.24053,0.35663
4051.2113,0,0.18710,-0.24006,0.35963,0.18719,-0.24039,0.35753
4051.2446,0,0.18731,-0.23960,0.36046,0.18722,-0.24015,0.35841
4051.2804,0,0.18838,-0.23902,0.36127,0.18757,-0.23981,0.35927
4051.3107,0,0.18833,-0.23853,0.36205,0.18780,-0.23943,0.36010
4051.3462,0,0.18826,-0.23856,0.36285,0.18794,-0.23917,0.36093
4051.3820,0,0.18921,-0.23804,0.36356,0.18832,-0.23883,0.36172
4051.4124,0,0.19013,-0.23741,0.36433,0.18886,-0.23840,0.36250
4051.4460,0,0.18876,-0.23760,0.36528,0.18883,-0.23816,0.36333
4051.4803,0,0.19074,-0.23642,0.36591,0.18940,-0.23764,0.36411
4051.5119,0,0.19054,-0.23606,0.36697,0.18974,-0.23717,0.36497
4051.5417,0,0.19058,-0.23575,0.36791,0.18999,-0.23674,0.36585
4051.5764,0,0.18983,-0.23526,0.36944,0.18994,-0.23630,0.36693
4051.6068,0,0.19031,-0.23472,0.37080,0.19005,-0.23583,0.36809
4051.6478,0,0.19169,-0.23501,0.37208,0.19055,-0.23558,0.36929
4051.6934,0,0.19009,-0.23492,0.37404,0.19041,-0.23538,0.37071
4051.7241,0,0.18970,-0.23599,0.37543,0.19020,-0.23556,0.37213
4051.7568,0,0.18974,-0.23642,0.37671,0.19006,-0.23582,0.37350
4051.7913,0,0.19020,-0.23732,0.37786,0.19010,-0.23627,0.37481
4051.8276,0,0.18990,-0.23814,0.37905,0.19004,-0.23683,0.37608
4051.8600,0,0.18915,-0.23963,0.38047,0.18977,-0.23767,0.37740
4051.8970,0,0.18786,-0.24081,0.38200,0.18920,-0.23861,0.37878
4051.9275,0,0.18861,-0.24214,0.38313,0.18902,-0.23967,0.38008
4051.9582,0,0.18828,-0.24295,0.38444,0.18880,-0.24065,0.38139
4051.9909,0,0.18849,-0.24353,0.38585,0.18871,-0.24152,0.38273
4052.0243,0,0.18952,-0.24414,0.38676,0.18895,-0.24231,0.38394
4052.0576,0,0.19022,-0.24482,0.38795,0.18933,-0.24306,0.38514
4052.0905,0,0.19000,-0.24590,0.38914,0.18953,-0.24391,0.38634
4052.1230,0,0.18932,-0.24609,0.39066,0.18947,-0.24456,0.38764
4052.1595,0,0.18781,-0.24686,0.39235,0.18897,-0.24525,0.38905
4052.1902,0,0.18889,-0.24749,0.39367,0.18895,-0.24592,0.39044
4052.2244,0,0.19050,-0.24754,0.39496,0.18941,-0.24641,0.39179
4052.2567,0,0.18938,-0.24751,0.39671,0.18940,-0.24674,0.39327
4052.2931,0,0.18963,-0.24743,0.39819,0.18947,-0.24695,0.39474
4052.3278,0,0.18996,-0.24680,0.39968,0.18962,-0.24690,0.39622
4052.3626,0,0.18889,-0.24637,0.40134,0.18940,-0.24674,0.39776
4052.3948,0,0.18985,-0.24553,0.40227,0.18953,-0.24638,0.39911
4052.4276,0,0.18925,-0.24527,0.40323,0.18945,-0.24605,0.40035
4052.4581,0,0.18947,-0.24414,0.40426,0.18946,-0.24548,0.40152
4052.4921,0,0.19022,-0.24440,0.40477,0.18968,-0.24515,0.40250
4052.5240,0,0.19015,-0.24510,0.40581,0.18982,-0.24514,0.40349
4052.5569,0,0.18842,-0.24541,0.40658,0.18940,-0.24522,0.40442
4052.5921,0,0.19049,-0.24533,0.40627,0.18973,-0.24525,0.40498
4052.6252,0,0.18848,-0.24545,0.40678,0.18935,-0.24531,0.40552
4052.6574,0,0.18969,-0.24512,0.40617,0.18945,-0.24525,0.40571
4052.7141,0,0.18929,-0.24527,0.40574,0.18940,-0.24526,0.40572
4052.7477,0,0.18943,-0.24556,0.40578,0.18941,-0.24535,0.40574
4052.7787,0,0.18806,-0.24566,0.40608,0.18901,-0.24545,0.40584
4052.8112,0,0.18896,-0.24535,0.40600,0.18899,-0.24542,0.40589
4052.8427,0,0.18903,-0.24587,0.40570,0.18900,-0.24555,0.40583
4052.8734,0,0.18944,-0.24570,0.40550,0.18913,-0.24560,0.40573
4052.9051,0,0.19016,-0.24583,0.40518,0.18944,-0.24567,0.40557
4052.9368,0,0.19126,-0.24545,0.40487,0.18999,-0.24560,0.40536
4052.9694,0,0.19010,-0.24530,0.40452,0.19002,-0.24551,0.40511
4052.9994,0,0.19037,-0.24427,0.40407,0.19012,-0.24514,0.40479
4053.0321,0,0.18920,-0.24365,0.40342,0.18985,-0.24469,0.40438
4053.0665,0,0.18801,-0.24289,0.40330,0.18929,-0.24415,0.40406
4053.0993,0,0.18808,-0.24146,0.40311,0.18893,-0.24334,0.40377
4053.1303,0,0.18820,-0.23997,0.40285,0.18871,-0.24233,0.40350
4053.1609,0,0.18831,-0.23897,0.40244,0.18859,-0.24132,0.40318
4053.1929,0,0.18843,-0.23700,0.40242,0.18854,-0.24003,0.40295
4053.2249,0,0.18952,-0.23457,0.40216,0.18883,-0.23839,0.40272
4053.2568,0,0.18761,-0.23256,0.40220,0.18847,-0.23664,0.40256
4053.2898,0,0.18836,-0.23031,0.40186,0.18844,-0.23474,0.40235
4053.3256,0,0.18961,-0.22790,0.40176,0.18879,-0.23269,0.40217
4053.3609,0,0.19022,-0.22543,0.40160,0.18922,-0.23051,0.40200
4053.3913,0,0.18975,-0.22355,0.40161,0.18938,-0.22842,0.40188
4053.4238,0,0.19124,-0.22198,0.40127,0.18994,-0.22649,0.40170
4053.4590,0,0.18950,-0.22010,0.40146,0.18980,-0.22457,0.40163
4053.4898,0,0.18956,-0.21855,0.40143,0.18973,-0.22277,0.40157
4053.5205,0,0.18938,-0.21705,0.40134,0.18963,-0.22105,0.40150
4053.5523,0,0.18903,-0.21524,0.40129,0.18945,-0.21931,0.40144
4053.5827,0,0.18952,-0.21362,0.40121,0.18947,-0.21760,0.40137
4053.6144,0,0.18947,-0.21230,0.40146,0.18947,-0.21601,0.40140
4053.6448,0,0.19040,-0.21038,0.40143,0.18975,-0.21432,0.40141
4053.6768,0,0.19012,-0.20847,0.40173,0.18986,-0.21257,0.40151
4053.7140,0,0.18994,-0.20688,0.40225,0.18989,-0.21086,0.40173
4053.7452,0,0.18953,-0.20553,0.40241,0.18978,-0.20926,0.40193
4053.7783,0,0.18924,-0.20448,0.40252,0.18962,-0.20783,0.40211
4053.8091,0,0.18864,-0.20371,0.40269,0.18932,-0.20659,0.40228
4053.8405,0,0.18864,-0.20241,0.40284,0.18912,-0.20534,0.40245
4053.8782,0,0.19013,-0.20132,0.40277,0.18942,-0.20413,0.40255
4053.9092,0,0.19043,-0.20014,0.40277,0.18973,-0.20294,0.40261
4053.9410,0,0.19028,-0.19880,0.40287,0.18989,-0.20169,0.40269
4053.9746,0,0.19100,-0.19757,0.40279,0.19022,-0.20046,0.40272
4054.0082,0,0.19023,-0.19630,0.40289,0.19023,-0.19921,0.40277
4054.0414,0,0.18982,-0.19519,0.40305,0.19010,-0.19800,0.40285
4054.0754,0,0.18989,-0.19392,0.40337,0.19004,-0.19678,0.40301
4054.1097,0,0.18980,-0.19251,0.40356,0.18997,-0.19550,0.40317
4054.1422,0,0.18965,-0.19057,0.40369,0.18987,-0.19402,0.40333
4054.1753,0,0.19046,-0.18921,0.40375,0.19005,-0.19258,0.40345
4054.2082,0,0.19025,-0.18763,0.40381,0.19011,-0.19109,0.40356
4054.2396,0,0.19031,-0.18570,0.40403,0.19017,-0.18948,0.40370
4054.2719,0,0.19012,-0.18427,0.40411,0.19015,-0.18792,0.40382
4054.3047,0,0.18982,-0.18274,0.40419,0.19005,-0.18636,0.40393
4054.3379,0,0.18990,-0.18153,0.40420,0.19001,-0.18491,0.40402
4054.3710,0,0.19022,-0.17991,0.40421,0.19007,-0.18341,0.40407
4054.4049,0,0.19116,-0.17886,0.40389,0.19040,-0.18205,0.40402
4054.4363,0,0.19038,-0.17739,0.40399,0.19039,-0.18065,0.40401
4054.4677,0,0.19106,-0.17606,0.40386,0.19059,-0.17927,0.40397
4054.5005,0,0.19043,-0.17476,0.40407,0.19054,-0.17792,0.40400
4054.5317,0,0.19082,-0.17318,0.40404,0.19062,-0.17650,0.40401
4054.5624,0,0.19055,-0.17146,0.40439,0.19060,-0.17499,0.40412
4054.5934,0,0.19013,-0.16854,0.40468,0.19046,-0.17305,0.40429
4054.6243,0,0.19107,-0.16569,0.40476,0.19064,-0.17084,0.40443
4054.6552,0,0.19058,-0.16376,0.40470,0.19062,-0.16872,0.40451
4054.6876,0,0.19084,-0.16163,0.40461,0.19069,-0.16659,0.40454
4054.7188,0,0.19067,-0.15980,0.40461,0.19068,-0.16455,0.40456
4054.7534,0,0.19004,-0.15786,0.40493,0.19049,-0.16255,0.40467
4054.7850,0,0.19179,-0.15561,0.40475,0.19088,-0.16047,0.40469
4054.8168,0,0.18961,-0.15360,0.40525,0.19050,-0.15841,0.40486
4054.8484,0,0.18981,-0.15083,0.40547,0.19029,-0.15613,0.40504
4054.8812,0,0.19004,-0.14834,0.40546,0.19022,-0.15379,0.40517
4054.9137,0,0.19070,-0.14637,0.40551,0.19036,-0.15157,0.40527
4054.9454,0,0.19090,-0.14428,0.40536,0.19052,-0.14938,0.40530
4054.9779,0,0.19023,-0.14231,0.40561,0.19044,-0.14726,0.40539
4055.0096,0,0.18963,-0.14039,0.40583,0.19019,-0.14520,0.40552
4055.0412,0,0.18906,-0.13876,0.40586,0.18985,-0.14326,0.40562
4055.0750,0,0.18957,-0.13676,0.40590,0.18977,-0.14131,0.40571
4055.1109,0,0.18887,-0.13522,0.40602,0.18950,-0.13948,0.40580
4055.1431,0,0.18883,-0.13411,0.40619,0.18930,-0.13787,0.40592
4055.1752,0,0.19001,-0.13261,0.40584,0.18951,-0.13630,0.40589
4055.2093,0,0.18956,-0.13202,0.40599,0.18953,-0.13501,0.40592
4055.2422,0,0.18886,-0.13080,0.40604,0.18932,-0.13375,0.40596
4055.2746,0,0.18959,-0.12981,0.40589,0.18940,-0.13257,0.40594
4055.3066,0,0.19013,-0.12861,0.40592,0.18962,-0.13138,0.40593
4055.3401,0,0.18934,-0.12735,0.40603,0.18954,-0.13017,0.40596
4055.3757,0,0.19036,-0.12634,0.40583,0.18979,-0.12902,0.40592
4055.4075,0,0.19004,-0.12516,0.40591,0.18986,-0.12786,0.40592
4055.4437,0,0.19031,-0.12335,0.40591,0.19000,-0.12651,0.40591
4055.4781,0,0.19047,-0.12139,0.40625,0.19014,-0.12497,0.40601
4055.5084,0,0.18904,-0.12039,0.40655,0.18981,-0.12360,0.40618
4055.5423,0,0.19154,-0.11827,0.40647,0.19033,-0.12200,0.40627
4055.5731,0,0.18891,-0.11732,0.40675,0.18990,-0.12059,0.40641
4055.6084,0,0.19174,-0.11491,0.40649,0.19045,-0.11889,0.40643
4055.6601,0,0.19214,-0.11311,0.40640,0.19096,-0.11716,0.40642
4055.6896,0,0.19449,-0.11099,0.40591,0.19202,-0.11531,0.40627
4055.7200,0,0.19417,-0.10890,0.40602,0.19266,-0.11339,0.40620
4055.7531,0,0.19524,-0.10671,0.40578,0.19344,-0.11138,0.40607
4055.7866,0,0.19551,-0.10417,0.40576,0.19406,-0.10922,0.40598
4055.8204,0,0.19547,-0.10213,0.40588,0.19448,-0.10709,0.40595
4055.8585,0,0.19573,-0.09967,0.40593,0.19485,-0.10487,0.40594
4055.8886,0,0.19316,-0.09809,0.40669,0.19435,-0.10283,0.40617
4055.9192,0,0.19443,-0.09459,0.40669,0.19437,-0.10036,0.40632
4055.9510,0,0.19356,-0.09280,0.40703,0.19413,-0.09809,0.40653
4055.9943,0,0.19286,-0.08981,0.40710,0.19375,-0.09561,0.40671
4056.0262,0,0.18912,-0.08777,0.40776,0.19236,-0.09326,0.40702
4056.0569,0,0.18978,-0.08525,0.40783,0.19158,-0.09085,0.40726
4056.0940,0,0.18974,-0.08277,0.40786,0.19103,-0.08843,0.40744
4056.1266,0,0.18751,-0.08092,0.40827,0.18997,-0.08618,0.40769
4056.1588,0,0.19001,-0.07840,0.40774,0.18999,-0.08384,0.40771
4056.1904,0,0.18743,-0.07667,0.40841,0.18922,-0.08169,0.40792
4056.2241,0,0.18917,-0.07416,0.40821,0.18920,-0.07943,0.40800
4056.2571,0,0.18701,-0.07268,0.40865,0.18854,-0.07741,0.40820
4056.2958,0,0.18978,-0.07016,0.40820,0.18892,-0.07523,0.40820
4056.3271,0,0.18968,-0.06801,0.40833,0.18915,-0.07306,0.40824
4056.3602,0,0.18969,-0.06667,0.40856,0.18931,-0.07115,0.40833
4056.3924,0,0.19069,-0.06375,0.40819,0.18972,-0.06893,0.40829
4056.4243,0,0.18991,-0.06219,0.40849,0.18978,-0.06691,0.40835
4056.4576,0,0.18938,-0.05991,0.40815,0.18966,-0.06481,0.40829
4056.4898,0,0.18909,-0.05806,0.40827,0.18949,-0.06278,0.40828
4056.5235,0,0.18938,-0.05568,0.40808,0.18946,-0.06065,0.40822
4056.5596,0,0.19041,-0.05358,0.40790,0.18974,-0.05853,0.40812
4056.5941,0,0.19119,-0.05234,0.40764,0.19018,-0.05667,0.40798
4056.6281,0,0.19073,-0.05040,0.40770,0.19034,-0.05479,0.40789
4056.6893,0,0.19031,-0.04795,0.40770,0.19033,-0.05274,0.40784
4056.7222,0,0.18987,-0.04537,0.40779,0.19019,-0.05053,0.40782
4056.7538,0,0.19002,-0.04360,0.40783,0.19014,-0.04845,0.40783
4056.7850,0,0.18938,-0.04141,0.40794,0.18991,-0.04634,0.40786
4056.8171,0,0.18853,-0.04006,0.40798,0.18950,-0.04445,0.40790
4056.8499,0,0.18922,-0.03791,0.40790,0.18941,-0.04249,0.40790
4056.8812,0,0.19036,-0.03590,0.40763,0.18970,-0.04051,0.40782
4056.9148,0,0.18943,-0.03483,0.40759,0.18962,-0.03881,0.40775
4056.9519,0,0.18883,-0.03295,0.40775,0.18938,-0.03705,0.40775
4056.9824,0,0.18824,-0.03079,0.40794,0.18904,-0.03517,0.40781
4057.0149,0,0.18988,-0.02908,0.40773,0.18929,-0.03335,0.40778
4057.0489,0,0.19011,-0.02762,0.40754,0.18954,-0.03163,0.40771
4057.0809,0,0.19159,-0.02504,0.40736,0.19015,-0.02965,0.40761
4057.1116,0,0.19182,-0.02323,0.40732,0.19065,-0.02773,0.40752
4057.1462,0,0.19107,-0.02198,0.40764,0.19078,-0.02600,0.40756
4057.1766,0,0.18982,-0.02062,0.40802,0.19049,-0.02439,0.40770
4057.2089,0,0.18976,-0.01846,0.40823,0.19027,-0.02261,0.40786
4057.2414,0,0.18847,-0.01701,0.40841,0.18973,-0.02093,0.40802
4057.2859,0,0.18726,-0.01535,0.40872,0.18899,-0.01926,0.40823
4057.3179,0,0.18786,-0.01402,0.40886,0.18865,-0.01769,0.40842
4057.3497,0,0.18729,-0.01252,0.40894,0.18824,-0.01614,0.40858
4057.3822,0,0.18703,-0.01186,0.40895,0.18788,-0.01485,0.40869
4057.4155,0,0.18697,-0.01097,0.40890,0.18761,-0.01369,0.40875
4057.4461,0,0.18524,-0.00977,0.40939,0.18690,-0.01251,0.40894
4057.4775,0,0.18554,-0.00826,0.40934,0.18649,-0.01124,0.40906
4057.5075,0,0.18607,-0.00628,0.40929,0.18636,-0.00975,0.40913
4057.5409,0,0.18614,-0.00397,0.40909,0.18630,-0.00802,0.40912
4057.5738,0,0.18496,-0.00201,0.40902,0.18589,-0.00621,0.40909
4057.6070,0,0.18385,-0.00013,0.40922,0.18528,-0.00439,0.40913
4057.6421,0,0.18362,0.00219,0.40942,0.18478,-0.00242,0.40921
4057.6980,0,0.18343,0.00403,0.40951,0.18438,-0.00048,0.40930
4057.7293,0,0.18387,0.00574,0.40939,0.18423,0.00139,0.40933
4057.7611,0,0.18412,0.00775,0.40933,0.18419,0.00330,0.40933
4057.7991,0,0.18398,0.00937,0.40926,0.18413,0.00512,0.40931
4057.8287,0,0.18421,0.01054,0.40911,0.18415,0.00675,0.40925
4057.8597,0,0.18326,0.01223,0.40920,0.18389,0.00839,0.40923
4057.8944,0,0.18288,0.01408,0.40934,0.18358,0.01010,0.40926
4057.9257,0,0.18520,0.01586,0.40879,0.18407,0.01182,0.40912
4057.9583,0,0.18343,0.01768,0.40917,0.18388,0.01358,0.40914
4057.9894,0,0.18442,0.01923,0.40904,0.18404,0.01527,0.40911
4058.0208,0,0.18343,0.02037,0.40913,0.18386,0.01680,0.40911
4058.0585,0,0.18277,0.02185,0.40932,0.18353,0.01832,0.40917
4058.0898,0,0.18351,0.02283,0.40926,0.18353,0.01967,0.40920
4058.1225,0,0.18291,0.02420,0.40946,0.18334,0.02103,0.40928
4058.1526,0,0.18237,0.02544,0.40960,0.18305,0.02235,0.40937
4058.1865,0,0.18267,0.02733,0.40958,0.18294,0.02385,0.40943
4058.2195,0,0.18298,0.02817,0.40943,0.18295,0.02514,0.40943
4058.2497,0,0.18243,0.02982,0.40959,0.18279,0.02655,0.40948
4058.2810,0,0.18228,0.03080,0.40969,0.18264,0.02782,0.40954
4058.3125,0,0.18264,0.03206,0.40974,0.18264,0.02910,0.40960
4058.3458,0,0.18097,0.03302,0.41011,0.18214,0.03027,0.40975
4058.3757,0,0.17938,0.03448,0.41061,0.18131,0.03153,0.41001
4058.4074,0,0.17900,0.03553,0.41092,0.18062,0.03273,0.41028
4058.4427,0,0.17935,0.03718,0.41112,0.18024,0.03407,0.41054
4058.4764,0,0.17850,0.03875,0.41128,0.17972,0.03547,0.41076
4058.5121,0,0.17709,0.04044,0.41141,0.17893,0.03696,0.41095
4058.5426,0,0.17684,0.04144,0.41136,0.17830,0.03831,0.41108
4058.5757,0,0.17849,0.04349,0.41096,0.17836,0.03986,0.41104
4058.6140,0,0.17744,0.04435,0.41104,0.17808,0.04121,0.41104
4058.6461,0,0.17766,0.04615,0.41087,0.17796,0.04269,0.41099
4058.6789,0,0.17775,0.04765,0.41068,0.17789,0.04418,0.41090
4058.7122,0,0.17969,0.04926,0.41005,0.17843,0.04570,0.41064
4058.7428,0,0.17977,0.05056,0.40978,0.17883,0.04716,0.41038
4058.7741,0,0.17975,0.05162,0.40954,0.17911,0.04850,0.41013
4058.8062,0,0.17976,0.05313,0.40936,0.17931,0.04989,0.40990
4058.8398,0,0.18037,0.05491,0.40890,0.17962,0.05139,0.40960
4058.8731,0,0.18027,0.05712,0.40851,0.17982,0.05311,0.40927
4058.9047,0,0.18002,0.05891,0.40835,0.17988,0.05485,0.40900
4058.9359,0,0.17968,0.06106,0.40797,0.17982,0.05671,0.40869
4058.9683,0,0.17817,0.06326,0.40780,0.17932,0.05868,0.40842
4059.0016,0,0.17813,0.06546,0.40753,0.17897,0.06071,0.40815
4059.0332,0,0.17823,0.06705,0.40691,0.17875,0.06261,0.40778
4059.0640,0,0.17789,0.06939,0.40671,0.17849,0.06465,0.40746
4059.0964,0,0.17750,0.07061,0.40642,0.17819,0.06643,0.40715
4059.1302,0,0.17756,0.07227,0.40618,0.17800,0.06819,0.40686
4059.1679,0,0.17638,0.07395,0.40618,0.17751,0.06992,0.40665
4059.2000,0,0.17602,0.07500,0.40602,0.17707,0.07144,0.40646
4059.2300,0,0.17488,0.07645,0.40621,0.17641,0.07295,0.40639
4059.2610,0,0.17517,0.07786,0.40611,0.17604,0.07442,0.40630
4059.2924,0,0.17488,0.07918,0.40602,0.17569,0.07585,0.40622
4059.3253,0,0.17449,0.08081,0.40597,0.17533,0.07733,0.40614
4059.3585,0,0.17494,0.08231,0.40570,0.17521,0.07883,0.40601
4059.3920,0,0.17596,0.08375,0.40537,0.17544,0.08031,0.40582
4059.4245,0,0.17518,0.08523,0.40545,0.17536,0.08178,0.40571
4059.4606,0,0.17620,0.08649,0.40498,0.17561,0.08319,0.40549
4059.4915,0,0.17667,0.08829,0.40463,0.17593,0.08472,0.40523
4059.5272,0,0.17526,0.08962,0.40477,0.17573,0.08619,0.40509
4059.5605,0,0.17543,0.09131,0.40435,0.17564,0.08773,0.40487
4059.5933,0,0.17441,0.09308,0.40419,0.17527,0.08933,0.40467
4059.6238,0,0.17434,0.09495,0.40393,0.17499,0.09102,0.40445
4059.6819,0,0.17368,0.09627,0.40385,0.17460,0.09259,0.40427
4059.7141,0,0.17284,0.09790,0.40383,0.17407,0.09418,0.40414
4059.7443,0,0.17427,0.10004,0.40320,0.17413,0.09594,0.40385
4059.7758,0,0.17429,0.10225,0.40280,0.17418,0.09783,0.40354
4059.8097,0,0.17505,0.10418,0.40222,0.17444,0.09974,0.40314
4059.8393,0,0.17393,0.10625,0.40193,0.17429,0.10169,0.40278
4059.8704,0,0.17341,0.10895,0.40153,0.17403,0.10387,0.40240
4059.9042,0,0.17316,0.11060,0.40096,0.17377,0.10589,0.40197
4059.9355,0,0.17312,0.11267,0.40035,0.17357,0.10792,0.40148
4059.9715,0,0.17165,0.11448,0.40001,0.17300,0.10989,0.40104
4060.0031,0,0.17038,0.11644,0.39975,0.17221,0.11186,0.40066
4060.0345,0,0.17029,0.11877,0.39929,0.17164,0.11393,0.40025
4060.0668,0,0.16947,0.12051,0.39902,0.17099,0.11590,0.39988
4060.1008,0,0.16880,0.12271,0.39882,0.17033,0.11795,0.39956
4060.1352,0,0.16820,0.12496,0.39852,0.16969,0.12005,0.39925
4060.1662,0,0.16814,0.12744,0.39836,0.16922,0.12227,0.39898
4060.1978,0,0.16849,0.12945,0.39800,0.16900,0.12442,0.39869
4060.2281,0,0.16890,0.13218,0.39738,0.16897,0.12675,0.39829
4060.2596,0,0.16859,0.13409,0.39674,0.16886,0.12895,0.39783
4060.2920,0,0.16907,0.13676,0.39584,0.16892,0.13129,0.39723
4060.3254,0,0.16819,0.13908,0.39536,0.16870,0.13363,0.39667
4060.3597,0,0.16771,0.14107,0.39456,0.16840,0.13586,0.39604
4060.3920,0,0.16740,0.14233,0.39412,0.16810,0.13780,0.39546
4060.4250,0,0.16819,0.14406,0.39352,0.16813,0.13968,0.39488
4060.4587,0,0.16967,0.14566,0.39269,0.16859,0.14147,0.39422
4060.4925,0,0.16898,0.14673,0.39258,0.16871,0.14305,0.39373
4060.5323,0,0.16783,0.14784,0.39253,0.16844,0.14449,0.39337
4060.5652,0,0.16662,0.14892,0.39258,0.16790,0.14582,0.39313
4060.5991,0,0.16733,0.15005,0.39212,0.16773,0.14709,0.39283
4060.6307,0,0.16736,0.15167,0.39168,0.16762,0.14846,0.39249
4060.6630,0,0.16713,0.15309,0.39135,0.16747,0.14985,0.39214
4060.6959,0,0.16568,0.15541,0.39159,0.16694,0.15152,0.39198
4060.7286,0,0.16473,0.15725,0.39147,0.16628,0.15324,0.39183
4060.7598,0,0.16494,0.15895,0.39119,0.16588,0.15495,0.39164
4060.7932,0,0.16446,0.16048,0.39100,0.16545,0.15661,0.39145
4060.8249,0,0.16356,0.16201,0.39068,0.16488,0.15823,0.39122
4060.8603,0,0.16421,0.16384,0.39021,0.16468,0.15991,0.39091
4060.8924,0,0.16355,0.16517,0.39004,0.16434,0.16149,0.39065
4060.9263,0,0.16357,0.16684,0.38978,0.16411,0.16310,0.39039
4060.9640,0,0.16404,0.16866,0.38932,0.16409,0.16477,0.39007
4060.9958,0,0.16343,0.16988,0.38922,0.16389,0.16630,0.38981
4061.0345,0,0.16350,0.17170,0.38917,0.16378,0.16792,0.38962
4061.0675,0,0.16289,0.17299,0.38923,0.16351,0.16944,0.38950
4061.1033,0,0.16300,0.17457,0.38912,0.16336,0.17098,0.38939
4061.1349,0,0.16239,0.17585,0.38945,0.16307,0.17244,0.38941
4061.1662,0,0.16076,0.17751,0.38975,0.16238,0.17396,0.38951
4061.1987,0,0.16028,0.17809,0.38984,0.16175,0.17520,0.38961
4061.2314,0,0.16034,0.17921,0.38997,0.16132,0.17640,0.38972
4061.2679,0,0.15893,0.17975,0.39035,0.16061,0.17741,0.38991
4061.2980,0,0.15961,0.18050,0.39030,0.16031,0.17834,0.39003
4061.3363,0,0.16047,0.18063,0.39033,0.16036,0.17902,0.39012
4061.3676,0,0.16097,0.18159,0.39044,0.16054,0.17979,0.39021
4061.4002,0,0.15956,0.18220,0.39093,0.16025,0.18052,0.39043
4061.4336,0,0.15877,0.18300,0.39120,0.15980,0.18126,0.39066
4061.4634,0,0.15917,0.18376,0.39096,0.15961,0.18201,0.39075
4061.4958,0,0.16033,0.18523,0.39092,0.15983,0.18298,0.39080
4061.5302,0,0.16196,0.18680,0.39060,0.16047,0.18412,0.39074
4061.5620,0,0.16376,0.18859,0.39039,0.16145,0.18546,0.39063
4061.5964,0,0.16494,0.19066,0.39019,0.16250,0.18702,0.39050
4061.6287,0,0.16414,0.19382,0.39056,0.16299,0.18906,0.39052
4061.6600,0,0.16502,0.19620,0.39106,0.16360,0.19120,0.39068
4061.6912,0,0.16648,0.19838,0.39135,0.16447,0.19336,0.39088
4061.7229,0,0.16760,0.20119,0.39182,0.16541,0.19571,0.39116
4061.7566,0,0.16565,0.20479,0.39193,0.16548,0.19843,0.39139
4061.7930,0,0.16718,0.20754,0.39161,0.16599,0.20116,0.39146
4061.8262,0,0.16801,0.20908,0.39147,0.16660,0.20354,0.39146
4061.8591,0,0.16724,0.21140,0.39112,0.16679,0.20590,0.39136
4061.8947,0,0.16614,0.21473,0.39171,0.16660,0.20854,0.39146
4061.9277,0,0.16587,0.21744,0.39238,0.16638,0.21121,0.39174
4061.9604,0,0.16506,0.22051,0.39321,0.16598,0.21400,0.39218
4061.9935,0,0.16454,0.22312,0.39414,0.16555,0.21674,0.39277
4062.0271,0,0.16585,0.22518,0.39478,0.16564,0.21927,0.39337
4062.0584,0,0.16561,0.22698,0.39563,0.16563,0.22158,0.39405
4062.0929,0,0.16625,0.22930,0.39630,0.16582,0.22390,0.39472
4062.1251,0,0.16752,0.23106,0.39683,0.16633,0.22605,0.39535
4062.1596,0,0.16866,0.23328,0.39713,0.16703,0.22822,0.39589
4062.1918,0,0.16836,0.23604,0.39767,0.16743,0.23057,0.39642
4062.2239,0,0.16811,0.23922,0.39821,0.16763,0.23316,0.39696
4062.2549,0,0.16923,0.24142,0.39852,0.16811,0.23564,0.39743
4062.2899,0,0.16918,0.24346,0.39930,0.16843,0.23799,0.39799
4062.3232,0,0.17173,0.24588,0.39972,0.16942,0.24035,0.39851
4062.3550,0,0.17163,0.24844,0.40084,0.17008,0.24278,0.39921
4062.3880,0,0.17109,0.25238,0.40165,0.17039,0.24566,0.39994
4062.4228,0,0.16932,0.25592,0.40231,0.17007,0.24874,0.40065
4062.4551,0,0.16884,0.25960,0.40261,0.16970,0.25200,0.40124
4062.4886,0,0.16881,0.26375,0.40272,0.16943,0.25552,0.40168
4062.5216,0,0.17108,0.26696,0.40205,0.16993,0.25896,0.40179
4062.5596,0,0.17574,0.27024,0.40106,0.17167,0.26234,0.40157
4062.5920,0,0.17598,0.27409,0.40058,0.17296,0.26586,0.40128
4062.6344,0,0.17453,0.27776,0.40071,0.17344,0.26943,0.40111
4062.6764,0,0.17134,0.28274,0.40123,0.17281,0.27342,0.40114
4062.7097,0,0.17214,0.28714,0.40105,0.17261,0.27754,0.40112
4062.7407,0,0.17158,0.29189,0.40072,0.17230,0.28185,0.40100
4062.7716,0,0.17078,0.29640,0.40078,0.17184,0.28621,0.40093
4062.8043,0,0.17007,0.30045,0.40078,0.17131,0.29048,0.40088
4062.8452,0,0.16988,0.30438,0.40077,0.17088,0.29465,0.40085
4062.8773,0,0.17170,0.30823,0.40063,0.17113,0.29872,0.40079
4062.9130,0,0.17204,0.31184,0.40027,0.17140,0.30266,0.40063
4062.9454,0,0.17238,0.31519,0.40024,0.17169,0.30642,0.40051
4062.9782,0,0.17318,0.31782,0.40020,0.17214,0.30984,0.40042
4063.0121,0,0.17333,0.32072,0.40017,0.17250,0.31310,0.40034
4063.0463,0,0.17399,0.32456,0.40018,0.17295,0.31654,0.40029
4063.0784,0,0.17404,0.32724,0.40044,0.17327,0.31975,0.40034
4063.1097,0,0.17460,0.33019,0.40086,0.17367,0.32288,0.40049
4063.1411,0,0.17461,0.33302,0.40137,0.17395,0.32592,0.40076
4063.1732,0,0.17472,0.33526,0.40166,0.17418,0.32872,0.40103
4063.2080,0,0.17615,0.33784,0.40200,0.17477,0.33146,0.40132
4063.2467,0,0.17655,0.34000,0.40247,0.17531,0.33402,0.40166
4063.2783,0,0.17612,0.34277,0.40329,0.17555,0.33665,0.40215
4063.3141,0,0.17656,0.34454,0.40331,0.17585,0.33902,0.40250
4063.3462,0,0.17708,0.34646,0.40318,0.17622,0.34125,0.40270
4063.3796,0,0.17850,0.34827,0.40279,0.17690,0.34336,0.40273
4063.4206,0,0.17879,0.34859,0.40237,0.17747,0.34493,0.40262
4063.4536,0,0.18119,0.34914,0.40140,0.17858,0.34619,0.40225
4063.4879,0,0.18147,0.34994,0.40101,0.17945,0.34732,0.40188
4063.5259,0,0.18016,0.35122,0.40119,0.17966,0.34849,0.40167
4063.5607,0,0.17895,0.35223,0.40090,0.17945,0.34961,0.40144
4063.5922,0,0.17797,0.35293,0.40065,0.17901,0.35061,0.40120
4063.6237,0,0.17666,0.35368,0.40036,0.17830,0.35153,0.40095
4063.6551,0,0.17391,0.35458,0.40023,0.17699,0.35244,0.40074
4063.7073,0,0.17311,0.35576,0.39989,0.17582,0.35344,0.40048
4063.7385,0,0.17110,0.35603,0.39957,0.17441,0.35422,0.40021
4063.7713,0,0.17097,0.35719,0.39936,0.17337,0.35511,0.39995
4063.8050,0,0.17100,0.35800,0.39909,0.17266,0.35597,0.39969
4063.8382,0,0.16999,0.35824,0.39873,0.17186,0.35665,0.39940
4063.8696,0,0.17005,0.35875,0.39830,0.17132,0.35728,0.39907
4063.9006,0,0.17015,0.35899,0.39792,0.17097,0.35780,0.39873
4063.9319,0,0.17054,0.35912,0.39757,0.17084,0.35819,0.39838
4063.9628,0,0.17080,0.35952,0.39759,0.17083,0.35859,0.39814
4063.9952,0,0.17017,0.36029,0.39761,0.17063,0.35910,0.39798
4064.0263,0,0.17001,0.36092,0.39727,0.17044,0.35964,0.39777
4064.0625,0,0.17024,0.36127,0.39694,0.17038,0.36013,0.39752
4064.0932,0,0.17141,0.36258,0.39649,0.17069,0.36086,0.39721
4064.1241,0,0.17368,0.36204,0.39570,0.17159,0.36122,0.39676
4064.1574,0,0.17306,0.36222,0.39558,0.17203,0.36152,0.39641
4064.1916,0,0.17458,0.36199,0.39527,0.17279,0.36166,0.39606
4064.2243,0,0.17542,0.36192,0.39510,0.17358,0.36174,0.39578
4064.2574,0,0.17680,0.36142,0.39521,0.17455,0.36164,0.39560
4064.2904,0,0.17739,0.36118,0.39506,0.17540,0.36150,0.39544
4064.3234,0,0.17666,0.36079,0.39540,0.17578,0.36129,0.39543
4064.3576,0,0.17540,0.36040,0.39548,0.17566,0.36102,0.39544
4064.3914,0,0.17259,0.36035,0.39566,0.17474,0.36082,0.39551
4064.4244,0,0.17188,0.36017,0.39569,0.17388,0.36063,0.39556
4064.4564,0,0.17303,0.35971,0.39505,0.17363,0.36035,0.39541
4064.4867,0,0.17252,0.35936,0.39445,0.17329,0.36005,0.39512
4064.5190,0,0.17355,0.35872,0.39403,0.17337,0.35965,0.39479
4064.5514,0,0.17373,0.35817,0.39385,0.17348,0.35921,0.39451
4064.5848,0,0.17393,0.35771,0.39360,0.17362,0.35876,0.39424
4064.6186,0,0.17181,0.35687,0.39366,0.17308,0.35819,0.39407
4064.6549,0,0.17252,0.35609,0.39358,0.17291,0.35756,0.39392
4064.6850,0,0.17214,0.35505,0.39357,0.17268,0.35681,0.39381
4064.7151,0,0.17209,0.35374,0.39352,0.17250,0.35589,0.39373
4064.7478,0,0.17255,0.35282,0.39333,0.17252,0.35497,0.39361
4064.7861,0,0.17131,0.35189,0.39308,0.17215,0.35404,0.39345
4064.8170,0,0.17229,0.35117,0.39238,0.17220,0.35318,0.39313
4064.8493,0,0.17310,0.35055,0.39128,0.17247,0.35239,0.39257
4064.8809,0,0.17314,0.34990,0.39020,0.17267,0.35164,0.39186
4064.9126,0,0.17256,0.34942,0.38923,0.17264,0.35098,0.39107
4064.9450,0,0.17336,0.34970,0.38844,0.17285,0.35059,0.39028
4064.9812,0,0.17300,0.35021,0.38740,0.17290,0.35048,0.38942
4065.0165,0,0.17315,0.35018,0.38636,0.17297,0.35039,0.38850
4065.0487,0,0.17377,0.34967,0.38542,0.17321,0.35017,0.38757
4065.0834,0,0.17436,0.34899,0.38448,0.17356,0.34982,0.38665
4065.1165,0,0.17448,0.34827,0.38330,0.17383,0.34935,0.38564
4065.1491,0,0.17462,0.34725,0.38222,0.17407,0.34872,0.38461
4065.1810,0,0.17331,0.34710,0.38108,0.17384,0.34824,0.38355
4065.2116,0,0.17419,0.34722,0.37965,0.17395,0.34793,0.38238
4065.2419,0,0.17249,0.34645,0.37832,0.17351,0.34749,0.38116
4065.2744,0,0.17215,0.34559,0.37699,0.17310,0.34692,0.37991
4065.3090,0,0.17207,0.34511,0.37573,0.17279,0.34637,0.37866
4065.3454,0,0.17270,0.34495,0.37451,0.17276,0.34595,0.37741
4065.3815,0,0.17350,0.34461,0.37311,0.17299,0.34555,0.37612
4065.4116,0,0.17272,0.34442,0.37230,0.17291,0.34521,0.37498
4065.4434,0,0.17190,0.34463,0.37124,0.17260,0.34504,0.37386
4065.4741,0,0.17312,0.34475,0.36974,0.17276,0.34495,0.37262
4065.5068,0,0.17342,0.34440,0.36820,0.17296,0.34479,0.37129
4065.5462,0,0.17257,0.34481,0.36698,0.17284,0.34479,0.37000
4065.5776,0,0.17108,0.34519,0.36587,0.17231,0.34491,0.36876
4065.6091,0,0.16982,0.34522,0.36473,0.17157,0.34501,0.36755
4065.6411,0,0.17006,0.34467,0.36296,0.17111,0.34491,0.36617
4065.6970,0,0.17011,0.34384,0.36150,0.17081,0.34459,0.36477
4065.7284,0,0.16844,0.34356,0.36053,0.17010,0.34428,0.36350
4065.7596,0,0.16892,0.34288,0.35918,0.16975,0.34386,0.36220
4065.7952,0,0.16912,0.34349,0.35768,0.16956,0.34375,0.36084
4065.8310,0,0.16900,0.34231,0.35653,0.16939,0.34332,0.35955
4065.8612,0,0.16765,0.34231,0.35557,0.16887,0.34301,0.35836
4065.8930,0,0.16624,0.34238,0.35458,0.16808,0.34283,0.35722
4065.9235,0,0.16450,0.34253,0.35359,0.16701,0.34274,0.35613
4065.9561,0,0.16431,0.34230,0.35281,0.16620,0.34261,0.35513
4065.9878,0,0.16349,0.34278,0.35198,0.16539,0.34266,0.35419
4066.0211,0,0.16351,0.34294,0.35096,0.16483,0.34274,0.35322
4066.0509,0,0.16385,0.34361,0.34992,0.16453,0.34300,0.35223
4066.0887,0,0.16379,0.34412,0.34889,0.16431,0.34334,0.35123
4066.1213,0,0.16313,0.34568,0.34767,0.16395,0.34404,0.35016
4066.1509,0,0.16356,0.34535,0.34655,0.16383,0.34444,0.34908
4066.1811,0,0.16413,0.34577,0.34523,0.16392,0.34483,0.34792
4066.2173,0,0.16448,0.34577,0.34391,0.16409,0.34511,0.34672
4066.2483,0,0.16425,0.34558,0.34280,0.16414,0.34525,0.34554
4066.2800,0,0.16421,0.34497,0.34177,0.16416,0.34517,0.34441
4066.3159,0,0.16366,0.34504,0.34080,0.16401,0.34513,0.34333
4066.3496,0,0.16422,0.34450,0.33952,0.16407,0.34494,0.34219
4066.3804,0,0.16434,0.34407,0.33846,0.16415,0.34468,0.34107
4066.4125,0,0.16454,0.34340,0.33756,0.16427,0.34429,0.34002
4066.4430,0,0.16281,0.34281,0.33704,0.16383,0.34385,0.33912
4066.4749,0,0.16266,0.34212,0.33606,0.16348,0.34333,0.33821
4066.5084,0,0.16479,0.34192,0.33459,0.16387,0.34291,0.33712
4066.5399,0,0.16353,0.34169,0.33364,0.16377,0.34254,0.33608
4066.5706,0,0.16369,0.34126,0.33265,0.16375,0.34216,0.33505
4066.6052,0,0.16308,0.34119,0.33186,0.16354,0.34187,0.33409
4066.6377,0,0.16212,0.34091,0.33135,0.16312,0.34158,0.33327
4066.6717,0,0.16250,0.34112,0.33043,0.16293,0.34144,0.33242
4066.7046,0,0.16261,0.34095,0.32952,0.16283,0.34129,0.33155
4066.7352,0,0.16299,0.34045,0.32855,0.16288,0.34104,0.33065
4066.7663,0,0.16254,0.34082,0.32770,0.16278,0.34098,0.32976
4066.7993,0,0.16130,0.34083,0.32683,0.16234,0.34093,0.32888
4066.8355,0,0.16178,0.34033,0.32574,0.16217,0.34075,0.32794
4066.8721,0,0.15991,0.34043,0.32517,0.16149,0.34065,0.32711
4066.9048,0,0.16052,0.34072,0.32413,0.16120,0.34067,0.32622
4066.9372,0,0.16113,0.34081,0.32316,0.16118,0.34071,0.32530
4066.9683,0,0.15978,0.34103,0.32224,0.16076,0.34081,0.32438
4067.0017,0,0.15907,0.34138,0.32129,0.16025,0.34098,0.32346
4067.0358,0,0.15803,0.34175,0.32050,0.15958,0.34121,0.32257
4067.0667,0,0.15722,0.34174,0.31971,0.15887,0.34137,0.32171
4067.0981,0,0.15731,0.34214,0.31885,0.15841,0.34160,0.32085
4067.1307,0,0.15766,0.34195,0.31800,0.15818,0.34171,0.32000
4067.1643,0,0.15691,0.34178,0.31700,0.15780,0.34173,0.31910
4067.1966,0,0.15558,0.34135,0.31632,0.15714,0.34162,0.31826
4067.2280,0,0.15560,0.34121,0.31562,0.15668,0.34149,0.31747
4067.2605,0,0.15669,0.34079,0.31460,0.15668,0.34128,0.31661
4067.2916,0,0.15773,0.34020,0.31339,0.15700,0.34096,0.31564
4067.3253,0,0.15836,0.33950,0.31233,0.15740,0.34052,0.31465
4067.3637,0,0.16054,0.33850,0.31057,0.15834,0.33991,0.31343
4067.3976,0,0.15925,0.33816,0.30971,0.15862,0.33939,0.31231
4067.4293,0,0.15928,0.33797,0.30830,0.15881,0.33896,0.31111
4067.4624,0,0.15791,0.33830,0.30715,0.15854,0.33876,0.30992
4067.4948,0,0.15856,0.33849,0.30550,0.15855,0.33868,0.30860
4067.5248,0,0.15802,0.33941,0.30392,0.15839,0.33890,0.30719
4067.5594,0,0.15706,0.33917,0.30245,0.15799,0.33898,0.30577
4067.5921,0,0.15589,0.34043,0.30071,0.15736,0.33941,0.30425
4067.6259,0,0.15714,0.34052,0.29870,0.15729,0.33975,0.30259
4067.6856,0,0.15594,0.34125,0.29692,0.15689,0.34020,0.30089
4067.7188,0,0.15411,0.34099,0.29553,0.15605,0.34043,0.29928
4067.7504,0,0.15384,0.34185,0.29374,0.15539,0.34086,0.29762
4067.7857,0,0.15297,0.34180,0.29223,0.15467,0.34114,0.29600
4067.8180,0,0.15190,0.34178,0.29064,0.15383,0.34133,0.29439
4067.8487,0,0.15199,0.34191,0.28939,0.15328,0.34151,0.29289
4067.8789,0,0.15181,0.34261,0.28791,0.15284,0.34184,0.29140
4067.9092,0,0.14945,0.34253,0.28659,0.15182,0.34204,0.28995
4067.9397,0,0.14825,0.34348,0.28536,0.15075,0.34248,0.28858
4067.9718,0,0.14916,0.34252,0.28357,0.15027,0.34249,0.28707
4068.0044,0,0.15008,0.34209,0.28185,0.15022,0.34237,0.28551
4068.0369,0,0.14855,0.34242,0.28034,0.14972,0.34238,0.28396
4068.0673,0,0.14758,0.34247,0.27893,0.14908,0.34241,0.28245
4068.0989,0,0.14542,0.34323,0.27757,0.14798,0.34266,0.28099
4068.1315,0,0.14671,0.34330,0.27594,0.14760,0.34285,0.27947
4068.1656,0,0.14475,0.34377,0.27457,0.14674,0.34312,0.27800
4068.1986,0,0.14579,0.34305,0.27292,0.14646,0.34310,0.27648
4068.2293,0,0.14583,0.34278,0.27157,0.14627,0.34300,0.27501
4068.2623,0,0.14528,0.34245,0.27012,0.14597,0.34284,0.27354
4068.2966,0,0.14524,0.34254,0.26878,0.14575,0.34275,0.27211
4068.3295,0,0.14569,0.34267,0.26734,0.14573,0.34273,0.27068
4068.3619,0,0.14744,0.34199,0.26557,0.14625,0.34250,0.26915
4068.3935,0,0.14566,0.34254,0.26452,0.14607,0.34251,0.26776
4068.4233,0,0.14469,0.34327,0.26357,0.14565,0.34274,0.26650
4068.4560,0,0.14287,0.34325,0.26248,0.14482,0.34289,0.26530
4068.4885,0,0.14214,0.34282,0.26165,0.14401,0.34287,0.26420
4068.5222,0,0.14207,0.34273,0.26050,0.14343,0.34283,0.26309
4068.5545,0,0.14105,0.34257,0.25958,0.14272,0.34275,0.26204
4068.5870,0,0.14166,0.34293,0.25830,0.14240,0.34280,0.26092
4068.6183,0,0.13998,0.34234,0.25730,0.14168,0.34266,0.25983
4068.6488,0,0.13938,0.34131,0.25641,0.14099,0.34226,0.25880
4068.6813,0,0.13882,0.34187,0.25547,0.14034,0.34214,0.25780
4068.7150,0,0.13935,0.34080,0.25404,0.14004,0.34174,0.25667
4068.7494,0,0.13788,0.34085,0.25274,0.13939,0.34147,0.25549
4068.7817,0,0.13830,0.34035,0.25153,0.13907,0.34113,0.25431
4068.8126,0,0.13814,0.33960,0.25001,0.13879,0.34067,0.25302
4068.8444,0,0.13704,0.33947,0.24888,0.13826,0.34031,0.25178
4068.8743,0,0.13612,0.33922,0.24758,0.13762,0.33999,0.25052
4068.9058,0,0.13474,0.33850,0.24705,0.13676,0.33954,0.24948
4068.9368,0,0.13501,0.33807,0.24608,0.13623,0.33910,0.24846
4068.9686,0,0.13472,0.33824,0.24510,0.13578,0.33884,0.24745
4068.9993,0,0.13469,0.33712,0.24415,0.13545,0.33832,0.24646
4069.0307,0,0.13412,0.33807,0.24377,0.13505,0.33825,0.24565
4069.0639,0,0.13274,0.33734,0.24307,0.13436,0.33798,0.24488
4069.0963,0,0.13119,0.33693,0.24244,0.13341,0.33766,0.24415
4069.1322,0,0.13119,0.33598,0.24208,0.13274,0.33716,0.24353
4069.1630,0,0.13010,0.33611,0.24137,0.13195,0.33685,0.24288
4069.1982,0,0.12911,0.33590,0.24056,0.13110,0.33656,0.24218
4069.2320,0,0.12833,0.33518,0.23956,0.13026,0.33615,0.24140
4069.2633,0,0.12687,0.33560,0.23874,0.12925,0.33598,0.24060
4069.3003,0,0.12813,0.33570,0.23740,0.12891,0.33590,0.23964
4069.3315,0,0.12825,0.33465,0.23640,0.12871,0.33552,0.23867
4069.3623,0,0.12809,0.33331,0.23525,0.12852,0.33486,0.23764
4069.3942,0,0.12786,0.33343,0.23379,0.12832,0.33443,0.23649
4069.4304,0,0.12732,0.33311,0.23247,0.12802,0.33403,0.23528
4069.4620,0,0.12663,0.33300,0.23100,0.12761,0.33372,0.23400
4069.4953,0,0.12493,0.33356,0.22991,0.12680,0.33367,0.23277
4069.5303,0,0.12381,0.33359,0.22889,0.12591,0.33365,0.23161
4069.5651,0,0.12527,0.33209,0.22782,0.12572,0.33318,0.23047
4069.5990,0,0.12260,0.33171,0.22692,0.12478,0.33274,0.22940
4069.6322,0,0.12083,0.33197,0.22634,0.12360,0.33251,0.22849
4069.6654,0,0.12167,0.33112,0.22485,0.12302,0.33209,0.22739
4069.6996,0,0.12047,0.33001,0.22382,0.12225,0.33147,0.22632
4069.7332,0,0.11903,0.32936,0.22264,0.12128,0.33083,0.22522
4069.7720,0,0.11803,0.33081,0.22166,0.12031,0.33083,0.22415
4069.8077,0,0.11736,0.33139,0.22095,0.11942,0.33099,0.22319
4069.8430,0,0.11662,0.33111,0.21998,0.11858,0.33103,0.22223
4069.8761,0,0.11642,0.33101,0.21951,0.11793,0.33102,0.22141
4069.9087,0,0.11564,0.33141,0.21898,0.11724,0.33114,0.22068
4069.9418,0,0.11679,0.33201,0.21783,0.11711,0.33140,0.21983
4069.9751,0,0.11755,0.33181,0.21695,0.11724,0.33152,0.21896
4070.0113,0,0.11618,0.33174,0.21588,0.11692,0.33159,0.21804
4070.0452,0,0.11632,0.33204,0.21489,0.11674,0.33172,0.21709
4070.0808,0,0.11558,0.33139,0.21411,0.11639,0.33162,0.21620
4070.1129,0,0.11463,0.33117,0.21329,0.11587,0.33149,0.21533
4070.1446,0,0.11631,0.33132,0.21180,0.11600,0.33144,0.21427
4070.1754,0,0.11668,0.33107,0.21050,0.11620,0.33133,0.21314
4070.2094,0,0.11539,0.33123,0.20969,0.11596,0.33130,0.21210
4070.2410,0,0.11306,0.33078,0.20911,0.11509,0.33114,0.21121
4070.2744,0,0.11296,0.33175,0.20811,0.11445,0.33133,0.21028
4070.3073,0,0.11173,0.33045,0.20747,0.11364,0.33106,0.20944
4070.3398,0,0.11280,0.33106,0.20686,0.11338,0.33106,0.20866
4070.3705,0,0.11247,0.33101,0.20649,0.11311,0.33105,0.20801
4070.4038,0,0.11151,0.33112,0.20630,0.11263,0.33107,0.20750
4070.4365,0,0.11100,0.33057,0.20509,0.11214,0.33092,0.20678
4070.4667,0,0.11065,0.33107,0.20388,0.11169,0.33096,0.20591
4070.4975,0,0.10942,0.33155,0.20284,0.11101,0.33114,0.20499
4070.5299,0,0.11061,0.33276,0.20180,0.11089,0.33163,0.20403
4070.5642,0,0.11028,0.33205,0.20134,0.11071,0.33175,0.20322
4070.5959,0,0.10998,0.33326,0.20107,0.11049,0.33221,0.20258
4070.6310,0,0.11133,0.33313,0.20043,0.11074,0.33248,0.20193
4070.6625,0,0.11187,0.33282,0.19963,0.11108,0.33258,0.20124
4070.6962,0,0.11201,0.33321,0.19887,0.11136,0.33277,0.20053
4070.7318,0,0.11040,0.33316,0.19834,0.11107,0.33289,0.19987
4070.7662,0,0.11190,0.33368,0.19730,0.11132,0.33313,0.19910
4070.7964,0,0.11016,0.33438,0.19687,0.11097,0.33350,0.19843
4070.8303,0,0.10957,0.33428,0.19604,0.11055,0.33373,0.19771
4070.8632,0,0.11095,0.33510,0.19453,0.11067,0.33415,0.19676
4070.8990,0,0.10973,0.33648,0.19353,0.11039,0.33485,0.19579
4070.9319,0,0.10956,0.33760,0.19197,0.11014,0.33567,0.19464
4070.9647,0,0.10923,0.33852,0.19072,0.10987,0.33653,0.19347
4070.9980,0,0.10942,0.33903,0.18963,0.10973,0.33728,0.19232
4071.0309,0,0.10788,0.34033,0.18868,0.10918,0.33819,0.19123
4071.0663,0,0.10762,0.34249,0.18773,0.10871,0.33948,0.19018
4071.0968,0,0.10671,0.34171,0.18700,0.10811,0.34015,0.18922
4071.1312,0,0.10868,0.34304,0.18623,0.10828,0.34102,0.18832
4071.1652,0,0.10818,0.34308,0.18591,0.10825,0.34164,0.18760
4071.1989,0,0.10786,0.34242,0.18543,0.10813,0.34187,0.18695
4071.2333,0,0.10766,0.34292,0.18494,0.10799,0.34219,0.18635
4071.2646,0,0.10722,0.34269,0.18369,0.10776,0.34234,0.18555
4071.2966,0,0.10762,0.34289,0.18232,0.10772,0.34250,0.18458
4071.3306,0,0.10613,0.34349,0.18104,0.10724,0.34280,0.18352
4071.3640,0,0.10599,0.34463,0.17937,0.10687,0.34335,0.18228
4071.4023,0,0.10525,0.34458,0.17764,0.10638,0.34372,0.18088
4071.4358,0,0.10508,0.34425,0.17600,0.10599,0.34388,0.17942
4071.4674,0,0.10409,0.34690,0.17523,0.10542,0.34478,0.17816
4071.4981,0,0.10328,0.34745,0.17437,0.10478,0.34558,0.17702
4071.5314,0,0.10455,0.34734,0.17323,0.10471,0.34611,0.17589
4071.5647,0,0.10314,0.34818,0.17240,0.10424,0.34673,0.17484
4071.5977,0,0.10345,0.34929,0.17138,0.10400,0.34750,0.17380
4071.6313,0,0.10114,0.34965,0.17082,0.10314,0.34814,0.17291
4071.6648,0,0.10014,0.35094,0.17024,0.10224,0.34898,0.17211
4071.6980,0,0.10087,0.35288,0.17004,0.10183,0.35015,0.17149
4071.7329,0,0.10031,0.35317,0.16912,0.10137,0.35106,0.17078
4071.7656,0,0.10023,0.35495,0.16854,0.10103,0.35223,0.17011
4071.7978,0,0.09937,0.35752,0.16785,0.10053,0.35381,0.16943
4071.8319,0,0.10073,0.35880,0.16664,0.10059,0.35531,0.16859
4071.8646,0,0.10094,0.35955,0.16567,0.10070,0.35658,0.16772
4071.8975,0,0.09966,0.36083,0.16449,0.10039,0.35786,0.16675
4071.9319,0,0.09814,0.36254,0.16372,0.09971,0.35926,0.16584
4071.9700,0,0.09836,0.36366,0.16252,0.09930,0.36058,0.16484
4072.0000,0,0.09893,0.36386,0.16103,0.09919,0.36157,0.16370
4072.0313,0,0.09921,0.36504,0.15924,0.09920,0.36261,0.16236
4072.0639,0,0.09874,0.36566,0.15778,0.09906,0.36352,0.16099
4072.0952,0,0.09919,0.36614,0.15611,0.09910,0.36431,0.15952
4072.1310,0,0.09868,0.36702,0.15415,0.09898,0.36512,0.15791
4072.1672,0,0.09918,0.36690,0.15196,0.09904,0.36565,0.15613
4072.2021,0,0.09826,0.36802,0.15000,0.09880,0.36636,0.15429
4072.2331,0,0.09778,0.36791,0.14790,0.09850,0.36683,0.15237
4072.2644,0,0.10021,0.36772,0.14531,0.09901,0.36710,0.15026
4072.2966,0,0.09765,0.36762,0.14346,0.09860,0.36725,0.14822
4072.3320,0,0.09940,0.36789,0.14137,0.09884,0.36744,0.14616
4072.3647,0,0.09714,0.36760,0.13957,0.09833,0.36749,0.14419
4072.3953,0,0.09509,0.36789,0.13854,0.09736,0.36761,0.14249
4072.4330,0,0.09495,0.36779,0.13727,0.09664,0.36766,0.14093
4072.4682,0,0.09587,0.36804,0.13648,0.09641,0.36778,0.13959
4072.4990,0,0.09564,0.36818,0.13552,0.09618,0.36790,0.13837
4072.5315,0,0.09252,0.36795,0.13490,0.09508,0.36791,0.13733
4072.5635,0,0.09275,0.36876,0.13382,0.09438,0.36817,0.13628
4072.5975,0,0.09197,0.36769,0.13328,0.09366,0.36803,0.13538
4072.6313,0,0.09265,0.36680,0.13275,0.09336,0.36766,0.13459
4072.6637,0,0.09500,0.36621,0.13168,0.09385,0.36722,0.13371
4072.6982,0,0.09273,0.36555,0.13087,0.09352,0.36672,0.13286
4072.7346,0,0.09364,0.36572,0.13005,0.09355,0.36642,0.13202
4072.7653,0,0.09415,0.36415,0.12925,0.09373,0.36574,0.13119
4072.7972,0,0.09351,0.36412,0.12877,0.09367,0.36526,0.13046
4072.8313,0,0.09206,0.36202,0.12811,0.09318,0.36428,0.12976
4072.8712,0,0.09178,0.36329,0.12803,0.09276,0.36398,0.12924
4072.9047,0,0.08966,0.36284,0.12741,0.09183,0.36364,0.12869
4072.9364,0,0.08974,0.36223,0.12686,0.09120,0.36322,0.12814
4072.9718,0,0.08857,0.36224,0.12655,0.09041,0.36292,0.12766
4073.0073,0,0.09166,0.36202,0.12564,0.09079,0.36265,0.12705
4073.0413,0,0.08940,0.36247,0.12590,0.09037,0.36260,0.12671
4073.0758,0,0.08978,0.36258,0.12592,0.09019,0.36259,0.12647
4073.1086,0,0.08943,0.36307,0.12576,0.08996,0.36273,0.12626
4073.1409,0,0.09178,0.36275,0.12508,0.09051,0.36274,0.12590
4073.1740,0,0.09042,0.36381,0.12470,0.09048,0.36306,0.12554
4073.2112,0,0.09213,0.36284,0.12391,0.09098,0.36299,0.12505
4073.2422,0,0.08931,0.36379,0.12375,0.09048,0.36323,0.12466
4073.2795,0,0.09182,0.36313,0.12308,0.09088,0.36320,0.12419
4073.3154,0,0.08988,0.36385,0.12290,0.09058,0.36340,0.12380
4073.3461,0,0.08955,0.36370,0.12242,0.09027,0.36349,0.12339
4073.3790,0,0.09026,0.36390,0.12159,0.09027,0.36361,0.12285
4073.4089,0,0.08907,0.36364,0.12097,0.08991,0.36362,0.12229
4073.4406,0,0.09079,0.36389,0.11991,0.09017,0.36370,0.12157
4073.4809,0,0.09061,0.36248,0.11866,0.09030,0.36334,0.12070
4073.5132,0,0.08987,0.36195,0.11807,0.09017,0.36292,0.11991
4073.5439,0,0.09018,0.36142,0.11721,0.09018,0.36247,0.11910
4073.5769,0,0.08997,0.36025,0.11682,0.09012,0.36180,0.11842
4073.6100,0,0.08835,0.35974,0.11663,0.08959,0.36119,0.11788
4073.6653,0,0.08797,0.35926,0.11630,0.08910,0.36061,0.11741
4073.6974,0,0.08765,0.35759,0.11649,0.08867,0.35970,0.11713
4073.7283,0,0.08670,0.35652,0.11670,0.08808,0.35875,0.11700
4073.7624,0,0.08629,0.35678,0.11721,0.08754,0.35816,0.11706
4073.7937,0,0.08677,0.35578,0.11749,0.08731,0.35744,0.11719
4073.8249,0,0.08807,0.35601,0.11712,0.08754,0.35701,0.11717
4073.8577,0,0.08682,0.35567,0.11737,0.08732,0.35661,0.11723
4073.8919,0,0.08603,0.35623,0.11742,0.08693,0.35650,0.11729
4073.9250,0,0.08787,0.35558,0.11713,0.08722,0.35622,0.11724
4073.9581,0,0.08579,0.35621,0.11720,0.08679,0.35622,0.11723
4073.9919,0,0.08715,0.35557,0.11683,0.08690,0.35602,0.11711
4074.0243,0,0.08512,0.35613,0.11682,0.08636,0.35605,0.11702
4074.0615,0,0.08487,0.35556,0.11675,0.08592,0.35591,0.11694
4074.0935,0,0.08497,0.35598,0.11624,0.08563,0.35593,0.11673
4074.1253,0,0.08529,0.35498,0.11606,0.08553,0.35564,0.11653
4074.1571,0,0.08409,0.35542,0.11573,0.08510,0.35558,0.11629
4074.1965,0,0.08485,0.35579,0.11560,0.08502,0.35564,0.11608
4074.2274,0,0.08401,0.35466,0.11565,0.08472,0.35535,0.11595
4074.2593,0,0.08650,0.35497,0.11488,0.08525,0.35523,0.11563
4074.2899,0,0.08288,0.35409,0.11544,0.08454,0.35489,0.11557
4074.3203,0,0.08590,0.35390,0.11528,0.08495,0.35459,0.11548
4074.3520,0,0.08413,0.35389,0.11575,0.08470,0.35438,0.11556
4074.3829,0,0.08573,0.35266,0.11615,0.08501,0.35387,0.11574
4074.4145,0,0.08390,0.35255,0.11694,0.08468,0.35347,0.11610
4074.4450,0,0.08562,0.35044,0.11739,0.08496,0.35256,0.11649
4074.4757,0,0.08326,0.35055,0.11815,0.08445,0.35196,0.11699
4074.5088,0,0.08623,0.34977,0.11826,0.08499,0.35130,0.11737
4074.5416,0,0.08521,0.34814,0.11870,0.08505,0.35035,0.11777
4074.5748,0,0.08832,0.34727,0.11849,0.08603,0.34943,0.11798
4074.6079,0,0.08693,0.34563,0.11861,0.08630,0.34829,0.11817
4074.6641,0,0.08636,0.34436,0.11906,0.08632,0.34711,0.11844
4074.6963,0,0.08343,0.34348,0.11966,0.08545,0.34602,0.11880
4074.7278,0,0.08619,0.34119,0.11999,0.08567,0.34457,0.11916
4074.7603,0,0.08809,0.33971,0.11975,0.08640,0.34311,0.11934
4074.7946,0,0.08924,0.33805,0.11973,0.08725,0.34160,0.11945
4074.8270,0,0.08894,0.33712,0.11992,0.08776,0.34025,0.11959
4074.8592,0,0.08885,0.33453,0.11985,0.08808,0.33854,0.11967
4074.8927,0,0.08871,0.33370,0.11971,0.08827,0.33709,0.11968
4074.9302,0,0.09058,0.33157,0.11907,0.08896,0.33543,0.11950
4074.9619,0,0.09017,0.33052,0.11884,0.08933,0.33396,0.11930
4074.9938,0,0.08809,0.32943,0.11924,0.08896,0.33260,0.11928
4075.0313,0,0.08885,0.32830,0.11931,0.08892,0.33131,0.11929
4075.0620,0,0.09124,0.32683,0.11907,0.08962,0.32997,0.11922
4075.0955,0,0.08996,0.32593,0.11932,0.08972,0.32876,0.11925
4075.1276,0,0.09006,0.32530,0.11925,0.08982,0.32772,0.11925
4075.1584,0,0.09002,0.32432,0.11939,0.08988,0.32670,0.11929
4075.1968,0,0.08971,0.32322,0.11939,0.08983,0.32566,0.11932
4075.2277,0,0.08924,0.32279,0.11953,0.08965,0.32479,0.11939
4075.2659,0,0.08967,0.32160,0.11969,0.08966,0.32384,0.11948
4075.2964,0,0.09065,0.32071,0.11940,0.08996,0.32290,0.11946
4075.3266,0,0.09001,0.31947,0.11947,0.08998,0.32187,0.11946
4075.3585,0,0.09030,0.31883,0.11939,0.09007,0.32096,0.11944
4075.3905,0,0.08957,0.31707,0.11952,0.08992,0.31979,0.11946
4075.4239,0,0.09016,0.31719,0.11942,0.08999,0.31901,0.11945
4075.4586,0,0.09241,0.31512,0.11918,0.09072,0.31785,0.11937
4075.4931,0,0.09089,0.31417,0.11929,0.09077,0.31674,0.11935
4075.5282,0,0.09061,0.31178,0.11932,0.09072,0.31526,0.11934
4075.5605,0,0.08928,0.31086,0.11935,0.09029,0.31394,0.11934
4075.5934,0,0.09040,0.30961,0.11934,0.09032,0.31264,0.11934
4075.6248,0,0.09065,0.30827,0.11919,0.09042,0.31133,0.11930
4075.6838,0,0.09042,0.30731,0.11907,0.09042,0.31012,0.11923
4075.7141,0,0.09027,0.30660,0.11914,0.09038,0.30907,0.11920
4075.7447,0,0.09033,0.30478,0.11876,0.09036,0.30778,0.11907
4075.7797,0,0.09041,0.30348,0.11851,0.09038,0.30649,0.11890
4075.8124,0,0.08732,0.30177,0.11869,0.08946,0.30507,0.11884
4075.8473,0,0.08812,0.30092,0.11878,0.08906,0.30383,0.11882
4075.8844,0,0.08808,0.29995,0.11888,0.08876,0.30267,0.11884
4075.9159,0,0.08797,0.29953,0.11897,0.08853,0.30173,0.11888
4075.9522,0,0.09025,0.29671,0.11847,0.08904,0.30022,0.11876
4075.9863,0,0.08732,0.29561,0.11881,0.08853,0.29884,0.11877
4076.0237,0,0.08909,0.29401,0.11882,0.08870,0.29739,0.11879
4076.0561,0,0.08972,0.29250,0.11865,0.08900,0.29592,0.11875
4076.0875,0,0.08804,0.28885,0.11895,0.08871,0.29380,0.11881
4076.1182,0,0.08848,0.28723,0.11905,0.08864,0.29183,0.11888
4076.1502,0,0.08840,0.28518,0.11942,0.08857,0.28983,0.11904
4076.1807,0,0.08661,0.28374,0.11986,0.08798,0.28801,0.11929
4076.2124,0,0.08942,0.28176,0.11964,0.08841,0.28613,0.11939
4076.2447,0,0.08895,0.28125,0.11995,0.08858,0.28467,0.11956
4076.2767,0,0.09039,0.28088,0.11988,0.08912,0.28353,0.11966
4076.3110,0,0.08863,0.27952,0.12040,0.08897,0.28233,0.11988
4076.3430,0,0.09001,0.27853,0.12039,0.08929,0.28119,0.12004
4076.3735,0,0.09014,0.27681,0.12058,0.08954,0.27988,0.12020
4076.4064,0,0.09031,0.27603,0.12050,0.08977,0.27872,0.12029
4076.4394,0,0.08996,0.27460,0.12056,0.08983,0.27749,0.12037
4076.4700,0,0.09185,0.27213,0.11999,0.09043,0.27588,0.12026
4076.5031,0,0.09279,0.27013,0.11974,0.09114,0.27415,0.12010
4076.5346,0,0.09351,0.26959,0.11942,0.09185,0.27278,0.11990
4076.5652,0,0.09251,0.26786,0.11947,0.09205,0.27131,0.11977
4076.5969,0,0.09333,0.26577,0.11914,0.09243,0.26964,0.11958
4076.6298,0,0.09339,0.26484,0.11905,0.09272,0.26820,0.11942
4076.6635,0,0.09404,0.26315,0.11843,0.09311,0.26669,0.11912
4076.6968,0,0.09332,0.26295,0.11824,0.09318,0.26557,0.11886
4076.7355,0,0.09337,0.26202,0.11795,0.09323,0.26450,0.11859
4076.7671,0,0.09367,0.26165,0.11727,0.09336,0.26365,0.11819
4076.8043,0,0.09234,0.26123,0.11719,0.09306,0.26292,0.11789
4076.8378,0,0.09283,0.26120,0.11687,0.09299,0.26241,0.11759
4076.8703,0,0.09344,0.26038,0.11673,0.09313,0.26180,0.11733
4076.9020,0,0.09171,0.25911,0.11705,0.09270,0.26099,0.11725
4076.9329,0,0.09262,0.25820,0.11713,0.09268,0.26015,0.11721
4076.9639,0,0.09401,0.25589,0.11667,0.09308,0.25887,0.11705
4076.9937,0,0.09305,0.25632,0.11732,0.09307,0.25811,0.11713
4077.0241,0,0.09356,0.25368,0.11736,0.09322,0.25678,0.11720
4077.0588,0,0.09416,0.25117,0.11726,0.09350,0.25510,0.11722
4077.0919,0,0.09480,0.24810,0.11682,0.09389,0.25300,0.11710
4077.1242,0,0.09334,0.24631,0.11675,0.09373,0.25099,0.11700
4077.1592,0,0.09569,0.24463,0.11583,0.09432,0.24908,0.11665
4077.1926,0,0.09521,0.24315,0.11509,0.09458,0.24730,0.11618
4077.2262,0,0.09483,0.24114,0.11467,0.09466,0.24545,0.11573
4077.2620,0,0.09491,0.23984,0.11461,0.09474,0.24377,0.11539
4077.2964,0,0.09528,0.23877,0.11474,0.09490,0.24227,0.11519
4077.3267,0,0.09473,0.23739,0.11491,0.09485,0.24081,0.11511
4077.3583,0,0.09455,0.23522,0.11493,0.09476,0.23913,0.11506
4077.3917,0,0.09462,0.23340,0.11492,0.09472,0.23741,0.11501
4077.4255,0,0.09483,0.23096,0.11490,0.09475,0.23548,0.11498
4077.4592,0,0.09710,0.22901,0.11419,0.09546,0.23354,0.11474
4077.4994,0,0.09733,0.22713,0.11417,0.09602,0.23161,0.11457
4077.5327,0,0.09714,0.22463,0.11418,0.09635,0.22952,0.11445
4077.5651,0,0.09731,0.22333,0.11416,0.09664,0.22766,0.11437
4077.5978,0,0.09822,0.22141,0.11370,0.09711,0.22579,0.11417
4077.6313,0,0.09846,0.21872,0.11347,0.09752,0.22367,0.11396
4077.6668,0,0.09930,0.21809,0.11305,0.09805,0.22199,0.11369
4077.6982,0,0.09985,0.21546,0.11284,0.09859,0.22003,0.11343
4077.7295,0,0.09800,0.21436,0.11284,0.09842,0.21833,0.11325
4077.7615,0,0.09788,0.21345,0.11296,0.09826,0.21687,0.11317
4077.7933,0,0.09797,0.21108,0.11278,0.09817,0.21513,0.11305
4077.8251,0,0.09869,0.21056,0.11269,0.09833,0.21376,0.11294
4077.8708,0,0.09832,0.20875,0.11307,0.09832,0.21226,0.11298
4077.8998,0,0.09951,0.20784,0.11292,0.09868,0.21093,0.11296
4077.9299,0,0.09940,0.20610,0.11319,0.09890,0.20948,0.11303
4077.9630,0,0.09740,0.20429,0.11369,0.09845,0.20792,0.11323
4077.9912,0,0.09844,0.20258,0.11370,0.09844,0.20632,0.11337
4078.0210,0,0.09794,0.20077,0.11402,0.09829,0.20466,0.11357
4078.0491,0,0.09845,0.19906,0.11404,0.09834,0.20298,0.11371
4078.0778,0,0.09881,0.19697,0.11393,0.09848,0.20118,0.11378
4078.1075,0,0.10057,0.19487,0.11384,0.09911,0.19928,0.11379
4078.1376,0,0.09975,0.19274,0.11355,0.09930,0.19732,0.11372
4078.1660,0,0.09914,0.19091,0.11333,0.09925,0.19540,0.11360
4078.1951,0,0.10007,0.18986,0.11344,0.09950,0.19374,0.11355
4078.2310,0,0.09847,0.18827,0.11364,0.09919,0.19209,0.11358
4078.2590,0,0.09935,0.18771,0.11326,0.09924,0.19078,0.11348
4078.2934,0,0.09929,0.18546,0.11297,0.09925,0.18918,0.11333
4078.3283,0,0.09954,0.18406,0.11279,0.09934,0.18765,0.11317
4078.3612,0,0.09982,0.18326,0.11245,0.09948,0.18633,0.11295
4078.3933,0,0.09836,0.18138,0.11268,0.09915,0.18484,0.11287
4078.4245,0,0.09957,0.18062,0.11188,0.09927,0.18358,0.11258
4078.4708,0,0.09886,0.17925,0.11195,0.09915,0.18228,0.11239
4078.4983,0,0.09917,0.17782,0.11157,0.09915,0.18094,0.11214
4078.5281,0,0.09783,0.17582,0.11169,0.09876,0.17940,0.11201
4078.5601,0,0.09913,0.17442,0.11130,0.09887,0.17791,0.11179
4078.5922,0,0.10109,0.17337,0.11108,0.09953,0.17655,0.11158
4078.6467,0,0.09997,0.17221,0.11147,0.09967,0.17525,0.11155
4078.6753,0,0.09832,0.17022,0.11150,0.09926,0.17374,0.11153
4078.7077,0,0.09981,0.17005,0.11130,0.09943,0.17263,0.11146
4078.7382,0,0.10069,0.16902,0.11157,0.09981,0.17155,0.11149
4078.7660,0,0.09972,0.16777,0.11201,0.09978,0.17041,0.11165
4078.7955,0,0.09956,0.16721,0.11228,0.09971,0.16945,0.11184
4078.8256,0,0.09834,0.16551,0.11253,0.09930,0.16827,0.11204
4078.8626,0,0.09812,0.16355,0.11257,0.09895,0.16686,0.11220
4078.8920,0,0.09858,0.16260,0.11270,0.09884,0.16558,0.11235
4078.9244,0,0.09742,0.16085,0.11343,0.09841,0.16416,0.11268
4078.9566,0,0.09941,0.16028,0.11351,0.09871,0.16299,0.11292
4078.9915,0,0.09880,0.15969,0.11418,0.09874,0.16200,0.11330
4079.0261,0,0.09984,0.15744,0.11406,0.09907,0.16064,0.11353
4079.0576,0,0.09905,0.15742,0.11459,0.09906,0.15967,0.11385
4079.0958,0,0.10278,0.15530,0.11470,0.10018,0.15836,0.11410
4079.1260,0,0.10325,0.15382,0.11496,0.10110,0.15700,0.11436
4079.1720,0,0.10197,0.15249,0.11567,0.10136,0.15564,0.11475
4079.2011,0,0.10187,0.15086,0.11597,0.10151,0.15421,0.11512
4079.2300,0,0.10301,0.15032,0.11602,0.10196,0.15304,0.11539
4079.2583,0,0.10333,0.14891,0.11614,0.10237,0.15180,0.11561
4079.2936,0,0.10363,0.14749,0.11584,0.10275,0.15051,0.11568
4079.3253,0,0.10307,0.14583,0.11576,0.10285,0.14910,0.11570
4079.3627,0,0.10275,0.14403,0.11554,0.10282,0.14758,0.11565
4079.3969,0,0.10150,0.14315,0.11569,0.10242,0.14625,0.11567
4079.4299,0,0.10284,0.14162,0.11606,0.10255,0.14486,0.11578
4079.4683,0,0.10144,0.14059,0.11686,0.10222,0.14358,0.11611
4079.4992,0,0.10076,0.13941,0.11760,0.10178,0.14233,0.11656
4079.5339,0,0.10278,0.13709,0.11744,0.10208,0.14076,0.11682
4079.5652,0,0.09966,0.13512,0.11819,0.10135,0.13906,0.11723
4079.5966,0,0.10157,0.13429,0.11845,0.10142,0.13763,0.11760
4079.6286,0,0.10083,0.13331,0.11876,0.10124,0.13633,0.11795
4079.6651,0,0.09970,0.13026,0.11879,0.10078,0.13451,0.11820
4079.6976,0,0.10083,0.12864,0.11821,0.10080,0.13275,0.11820
4079.7315,0,0.10112,0.12683,0.11774,0.10089,0.13097,0.11806
4079.7628,0,0.10237,0.12445,0.11729,0.10134,0.12902,0.11783
4079.7953,0,0.10185,0.12357,0.11730,0.10149,0.12738,0.11767
4079.8268,0,0.10155,0.12142,0.11703,0.10151,0.12559,0.11748
4079.8624,0,0.10077,0.12034,0.11731,0.10129,0.12402,0.11743
4079.8953,0,0.10066,0.11976,0.11715,0.10110,0.12274,0.11735
4079.9316,0,0.10073,0.11900,0.11708,0.10099,0.12162,0.11727
4079.9624,0,0.10078,0.11776,0.11723,0.10093,0.12046,0.11726
4079.9955,0,0.10121,0.11668,0.11720,0.10101,0.11933,0.11724
4080.0278,0,0.10231,0.11535,0.11718,0.10140,0.11813,0.11722
4080.0609,0,0.10180,0.11513,0.11722,0.10152,0.11723,0.11722
4080.0984,0,0.10274,0.11448,0.11696,0.10189,0.11641,0.11714
4080.1332,0,0.10295,0.11411,0.11677,0.10220,0.11572,0.11703
4080.1647,0,0.10371,0.11271,0.11644,0.10266,0.11482,0.11685
4080.2028,0,0.10326,0.11092,0.11628,0.10284,0.11365,0.11668
4080.2372,0,0.10335,0.11013,0.11635,0.10299,0.11259,0.11658
4080.2687,0,0.10470,0.10839,0.11615,0.10350,0.11133,0.11645
4080.3013,0,0.10418,0.10709,0.11604,0.10371,0.11006,0.11633
4080.3326,0,0.10458,0.10574,0.11594,0.10397,0.10876,0.11621
4080.3638,0,0.10451,0.10397,0.11581,0.10413,0.10732,0.11609
4080.3945,0,0.10459,0.10280,0.11558,0.10427,0.10597,0.11594
4080.4271,0,0.10278,0.10161,0.11554,0.10382,0.10466,0.11582
4080.4602,0,0.10373,0.09880,0.11506,0.10379,0.10290,0.11559
4080.4959,0,0.10269,0.09719,0.11490,0.10346,0.10119,0.11538
4080.5278,0,0.10225,0.09560,0.11468,0.10310,0.09951,0.11517
4080.5592,0,0.10343,0.09522,0.11417,0.10320,0.09823,0.11487
4080.5956,0,0.10387,0.09252,0.11388,0.10340,0.09651,0.11457
4080.6455,0,0.10286,0.09126,0.11408,0.10324,0.09494,0.11443
4080.6792,0,0.10404,0.08976,0.11408,0.10348,0.09338,0.11432
4080.7115,0,0.10476,0.08796,0.11403,0.10386,0.09176,0.11424
4080.7419,0,0.10522,0.08748,0.11418,0.10427,0.09047,0.11422
4080.7821,0,0.10635,0.08676,0.11384,0.10489,0.08936,0.11410
4080.8147,0,0.10629,0.08444,0.11372,0.10531,0.08788,0.11399
4080.8469,0,0.10764,0.08381,0.11369,0.10601,0.08666,0.11390
4080.8767,0,0.10680,0.08390,0.11386,0.10625,0.08583,0.11389
4080.9084,0,0.10705,0.08294,0.11388,0.10649,0.08496,0.11389
4080.9407,0,0.10643,0.08181,0.11379,0.10647,0.08402,0.11386
4080.9772,0,0.10683,0.07918,0.11373,0.10658,0.08257,0.11382
4081.0089,0,0.10750,0.07889,0.11367,0.10685,0.08146,0.11378
4081.0405,0,0.10753,0.07665,0.11346,0.10706,0.08002,0.11368
4081.0819,0,0.10774,0.07571,0.11343,0.10726,0.07872,0.11360
4081.1124,0,0.10872,0.07345,0.11338,0.10770,0.07714,0.11354
4081.1425,0,0.10955,0.07165,0.11313,0.10825,0.07549,0.11342
4081.1752,0,0.10961,0.06892,0.11304,0.10866,0.07352,0.11330
4081.2071,0,0.11013,0.06794,0.11283,0.10910,0.07185,0.11316
4081.2410,0,0.11043,0.06555,0.11290,0.10950,0.06996,0.11308
4081.2776,0,0.10982,0.06329,0.11317,0.10959,0.06796,0.11311
4081.3104,0,0.10932,0.06254,0.11319,0.10951,0.06633,0.11313
4081.3403,0,0.11004,0.06099,0.11321,0.10967,0.06473,0.11316
4081.3705,0,0.10946,0.05999,0.11342,0.10961,0.06331,0.11324
4081.4041,0,0.10798,0.05805,0.11371,0.10912,0.06173,0.11338
4081.4359,0,0.10780,0.05807,0.11377,0.10872,0.06063,0.11350
4081.4676,0,0.10770,0.05737,0.11370,0.10842,0.05965,0.11356
4081.4986,0,0.10700,0.05600,0.11388,0.10799,0.05856,0.11365
4081.5341,0,0.10751,0.05518,0.11378,0.10785,0.05755,0.11369
4081.5661,0,0.10722,0.05426,0.11386,0.10766,0.05656,0.11374
4081.5983,0,0.10635,0.05325,0.11375,0.10727,0.05557,0.11374
4081.6355,0,0.10648,0.05146,0.11355,0.10703,0.05433,0.11368
4081.6738,0,0.10537,0.05035,0.11346,0.10653,0.05314,0.11362
4081.7109,0,0.10498,0.04950,0.11326,0.10607,0.05205,0.11351
4081.7424,0,0.10673,0.04672,0.11285,0.10627,0.05045,0.11331
4081.7737,0,0.10535,0.04617,0.11280,0.10599,0.04917,0.11316
4081.8043,0,0.10619,0.04415,0.11272,0.10605,0.04766,0.11302
4081.8359,0,0.10494,0.04329,0.11288,0.10572,0.04635,0.11298
4081.8677,0,0.10479,0.04165,0.11292,0.10544,0.04494,0.11296
4081.8994,0,0.10440,0.04054,0.11312,0.10513,0.04362,0.11301
4081.9304,0,0.10710,0.03752,0.11264,0.10572,0.04179,0.11290
4081.9635,0,0.10852,0.03688,0.11218,0.10656,0.04032,0.11268
4081.9983,0,0.11061,0.03453,0.11186,0.10778,0.03858,0.11244
4082.0310,0,0.11106,0.03312,0.11163,0.10876,0.03694,0.11219
4082.0628,0,0.11172,0.03198,0.11140,0.10965,0.03545,0.11196
4082.0978,0,0.11409,0.03132,0.11102,0.11098,0.03421,0.11168
4082.1295,0,0.11278,0.02975,0.11131,0.11152,0.03287,0.11157
4082.1593,0,0.11385,0.02948,0.11124,0.11222,0.03186,0.11147
4082.1924,0,0.11518,0.02748,0.11102,0.11311,0.03054,0.11133
4082.2294,0,0.11431,0.02739,0.11142,0.11347,0.02960,0.11136
4082.2589,0,0.11418,0.02607,0.11143,0.11368,0.02854,0.11138
4082.2953,0,0.11349,0.02402,0.11169,0.11362,0.02718,0.11147
4082.3262,0,0.11024,0.02197,0.11225,0.11261,0.02562,0.11171
4082.3607,0,0.10889,0.02047,0.11260,0.11149,0.02408,0.11197
4082.3951,0,0.10759,0.01866,0.11284,0.11032,0.02245,0.11223
4082.4317,0,0.10705,0.01729,0.11291,0.10934,0.02090,0.11244
4082.4629,0,0.10667,0.01616,0.11296,0.10854,0.01948,0.11259
4082.4980,0,0.10707,0.01419,0.11301,0.10810,0.01789,0.11272
4082.5291,0,0.10736,0.01327,0.11313,0.10788,0.01651,0.11284
4082.5603,0,0.10690,0.01142,0.11347,0.10759,0.01498,0.11303
4082.5994,0,0.10748,0.01058,0.11362,0.10755,0.01366,0.11321
4082.6455,0,0.10686,0.00890,0.11373,0.10735,0.01223,0.11336
4082.6811,0,0.10690,0.00860,0.11401,0.10721,0.01114,0.11356
4082.7118,0,0.10635,0.00729,0.11416,0.10695,0.00999,0.11374
4082.7422,0,0.10716,0.00594,0.11395,0.10702,0.00877,0.11380
4082.7729,0,0.10657,0.00497,0.11403,0.10688,0.00763,0.11387
4082.8049,0,0.10698,0.00366,0.11383,0.10691,0.00644,0.11386
4082.8361,0,0.10692,0.00238,0.11361,0.10691,0.00522,0.11378
4082.8703,0,0.10620,0.00155,0.11338,0.10670,0.00412,0.11366
4082.9046,0,0.10644,0.00024,0.11317,0.10662,0.00296,0.11351
4082.9359,0,0.10692,-0.00127,0.11294,0.10671,0.00169,0.11334
4082.9686,0,0.10698,-0.00298,0.11269,0.10679,0.00029,0.11315
4083.0009,0,0.10645,-0.00470,0.11246,0.10669,-0.00121,0.11294
4083.0364,0,0.10655,-0.00672,0.11219,0.10665,-0.00286,0.11271
4083.0697,0,0.10625,-0.00913,0.11192,0.10653,-0.00474,0.11248
4083.1007,0,0.10595,-0.01029,0.11163,0.10635,-0.00641,0.11222
4083.1317,0,0.10650,-0.01360,0.11125,0.10640,-0.00856,0.11193
4083.1641,0,0.10688,-0.01334,0.11104,0.10654,-0.01000,0.11166
4083.1968,0,0.10604,-0.01589,0.11089,0.10639,-0.01176,0.11143
4083.2294,0,0.10507,-0.01762,0.11092,0.10599,-0.01352,0.11128
4083.2673,0,0.10553,-0.01990,0.11084,0.10586,-0.01543,0.11115
4083.2979,0,0.10471,-0.01984,0.11114,0.10551,-0.01676,0.11115
4083.3284,0,0.10450,-0.02066,0.11136,0.10521,-0.01793,0.11121
4083.3606,0,0.10471,-0.02249,0.11135,0.10506,-0.01930,0.11125
4083.3967,0,0.10542,-0.02501,0.11130,0.10517,-0.02101,0.11127
4083.4283,0,0.10518,-0.02447,0.11137,0.10517,-0.02205,0.11130
4083.4593,0,0.10572,-0.02642,0.11121,0.10533,-0.02336,0.11127
4083.4923,0,0.10608,-0.02718,0.11142,0.10556,-0.02451,0.11132
4083.5273,0,0.10679,-0.02945,0.11132,0.10593,-0.02599,0.11132
4083.5584,0,0.10662,-0.03085,0.11137,0.10613,-0.02745,0.11133
4083.5957,0,0.10566,-0.03197,0.11132,0.10599,-0.02880,0.11133
4083.6443,0,0.10553,-0.03376,0.11142,0.10585,-0.03029,0.11136
4083.6763,0,0.10540,-0.03445,0.11147,0.10572,-0.03154,0.11139
4083.7063,0,0.10528,-0.03571,0.11147,0.10559,-0.03279,0.11142
4083.7372,0,0.10554,-0.03728,0.11139,0.10557,-0.03414,0.11141
4083.7735,0,0.10594,-0.03850,0.11150,0.10568,-0.03545,0.11144
4083.8087,0,0.10560,-0.03989,0.11159,0.10566,-0.03678,0.11148
4083.8458,0,0.10474,-0.04056,0.11172,0.10538,-0.03791,0.11155
4083.8811,0,0.10395,-0.04139,0.11168,0.10495,-0.03896,0.11159
4083.9141,0,0.10342,-0.04183,0.11170,0.10449,-0.03982,0.11162
4083.9484,0,0.10369,-0.04348,0.11155,0.10425,-0.04092,0.11160
4083.9830,0,0.10471,-0.04514,0.11134,0.10439,-0.04218,0.11152
4084.0168,0,0.10458,-0.04562,0.11130,0.10445,-0.04321,0.11146
4084.0489,0,0.10522,-0.04708,0.11117,0.10468,-0.04437,0.11137
4084.0818,0,0.10465,-0.04828,0.11117,0.10467,-0.04554,0.11131
4084.1164,0,0.10433,-0.04914,0.11123,0.10457,-0.04662,0.11129
4084.1492,0,0.10392,-0.05023,0.11136,0.10437,-0.04771,0.11131
4084.1806,0,0.10267,-0.05127,0.11130,0.10386,-0.04878,0.11130
4084.2108,0,0.10423,-0.05364,0.11107,0.10397,-0.05023,0.11123
4084.2410,0,0.10285,-0.05476,0.11142,0.10364,-0.05159,0.11129
4084.2768,0,0.10232,-0.05537,0.11168,0.10324,-0.05273,0.11141
4084.3117,0,0.10245,-0.05659,0.11170,0.10300,-0.05389,0.11149
4084.3422,0,0.10218,-0.05872,0.11158,0.10276,-0.05533,0.11152
4084.3727,0,0.10039,-0.05993,0.11175,0.10205,-0.05671,0.11159
4084.4088,0,0.10020,-0.06198,0.11201,0.10149,-0.05830,0.11171
4084.4462,0,0.09978,-0.06330,0.11212,0.10098,-0.05980,0.11184
4084.4767,0,0.09911,-0.06500,0.11252,0.10042,-0.06136,0.11204
4084.5069,0,0.09912,-0.06748,0.11270,0.10003,-0.06320,0.11224
4084.5386,0,0.09683,-0.06881,0.11331,0.09907,-0.06488,0.11256
4084.5729,0,0.09701,-0.07019,0.11327,0.09845,-0.06647,0.11277
4084.6071,0,0.09739,-0.07173,0.11332,0.09813,-0.06805,0.11294
4084.6587,0,0.09564,-0.07335,0.11369,0.09739,-0.06964,0.11316
4084.6903,0,0.09364,-0.07355,0.11404,0.09626,-0.07081,0.11343
4084.7261,0,0.09342,-0.07586,0.11388,0.09541,-0.07233,0.11356
4084.7558,0,0.09315,-0.07628,0.11428,0.09473,-0.07351,0.11378
4084.7937,0,0.09089,-0.07831,0.11448,0.09358,-0.07495,0.11399
4084.8281,0,0.09235,-0.07934,0.11433,0.09321,-0.07627,0.11409
4084.8599,0,0.09241,-0.08023,0.11457,0.09297,-0.07746,0.11423
4084.8922,0,0.09297,-0.08154,0.11431,0.09297,-0.07868,0.11426
4084.9247,0,0.09286,-0.08248,0.11459,0.09294,-0.07982,0.11436
4084.9591,0,0.09384,-0.08475,0.11418,0.09321,-0.08130,0.11430
4084.9966,0,0.09466,-0.08596,0.11415,0.09364,-0.08270,0.11426
4085.0293,0,0.09524,-0.08776,0.11407,0.09412,-0.08422,0.11420
4085.0629,0,0.09484,-0.08941,0.11420,0.09434,-0.08577,0.11420
4085.0953,0,0.09479,-0.09110,0.11433,0.09447,-0.08737,0.11424
4085.1318,0,0.09526,-0.09255,0.11440,0.09471,-0.08892,0.11429
4085.1627,0,0.09643,-0.09390,0.11410,0.09522,-0.09042,0.11423
4085.1957,0,0.09701,-0.09577,0.11411,0.09576,-0.09202,0.11420
4085.2275,0,0.09658,-0.09692,0.11427,0.09600,-0.09349,0.11422
4085.2600,0,0.09659,-0.09817,0.11431,0.09618,-0.09490,0.11424
4085.2923,0,0.09707,-0.10037,0.11403,0.09645,-0.09654,0.11418
4085.3280,0,0.09801,-0.10206,0.11393,0.09692,-0.09820,0.11411
4085.3657,0,0.09795,-0.10268,0.11384,0.09722,-0.09954,0.11403
4085.3958,0,0.09753,-0.10396,0.11365,0.09732,-0.10087,0.11391
4085.4288,0,0.09809,-0.10627,0.11342,0.09755,-0.10249,0.11376
4085.4600,0,0.09777,-0.10803,0.11322,0.09762,-0.10415,0.11360
4085.4910,0,0.09714,-0.10994,0.11309,0.09747,-0.10589,0.11345
4085.5232,0,0.09675,-0.11223,0.11293,0.09726,-0.10779,0.11329
4085.5547,0,0.09693,-0.11424,0.11256,0.09716,-0.10973,0.11307
4085.5882,0,0.09614,-0.11617,0.11266,0.09685,-0.11166,0.11295
4085.6189,0,0.09657,-0.11614,0.11256,0.09677,-0.11300,0.11283
4085.6516,0,0.09753,-0.11974,0.11202,0.09699,-0.11503,0.11259
4085.6842,0,0.09759,-0.11952,0.11198,0.09717,-0.11637,0.11240
4085.7207,0,0.09664,-0.12139,0.11173,0.09701,-0.11788,0.11220
4085.7513,0,0.09655,-0.12420,0.11158,0.09687,-0.11978,0.11202
4085.7823,0,0.09748,-0.12624,0.11152,0.09706,-0.12172,0.11187
4085.8137,0,0.09693,-0.12843,0.11153,0.09702,-0.12373,0.11177
4085.8461,0,0.09732,-0.13152,0.11151,0.09711,-0.12607,0.11169
4085.8822,0,0.09641,-0.13256,0.11158,0.09690,-0.12801,0.11166
4085.9186,0,0.09647,-0.13437,0.11163,0.09677,-0.12992,0.11165
4085.9534,0,0.09649,-0.13694,0.11156,0.09669,-0.13203,0.11162
4085.9850,0,0.09657,-0.13841,0.11158,0.09665,-0.13394,0.11161
4086.0195,0,0.09688,-0.13996,0.11160,0.09672,-0.13575,0.11161
4086.0531,0,0.09676,-0.14203,0.11136,0.09673,-0.13763,0.11153
4086.0878,0,0.09681,-0.14349,0.11144,0.09676,-0.13939,0.11150
4086.1250,0,0.09640,-0.14434,0.11166,0.09665,-0.14087,0.11155
4086.1564,0,0.09664,-0.14672,0.11164,0.09665,-0.14263,0.11158
4086.1894,0,0.09422,-0.14823,0.11212,0.09592,-0.14431,0.11174
4086.2221,0,0.09473,-0.15016,0.11232,0.09556,-0.14606,0.11192
4086.2557,0,0.09378,-0.15116,0.11255,0.09503,-0.14759,0.11211
4086.2891,0,0.09305,-0.15341,0.11306,0.09443,-0.14934,0.11239
4086.3240,0,0.09334,-0.15438,0.11323,0.09411,-0.15085,0.11264
4086.3551,0,0.09425,-0.15665,0.11344,0.09415,-0.15259,0.11288
4086.3952,0,0.09421,-0.15902,0.11339,0.09417,-0.15452,0.11303
4086.4283,0,0.09246,-0.16060,0.11366,0.09365,-0.15634,0.11322
4086.4596,0,0.09249,-0.16276,0.11397,0.09330,-0.15827,0.11345
4086.4907,0,0.09163,-0.16388,0.11455,0.09280,-0.15995,0.11378
4086.5215,0,0.09140,-0.16589,0.11456,0.09238,-0.16173,0.11401
4086.5558,0,0.09193,-0.16818,0.11476,0.09224,-0.16367,0.11424
4086.5905,0,0.09141,-0.17031,0.11495,0.09199,-0.16566,0.11445
4086.6232,0,0.09205,-0.17074,0.11500,0.09201,-0.16718,0.11462
4086.6770,0,0.09283,-0.17312,0.11473,0.09226,-0.16897,0.11465
4086.7082,0,0.09459,-0.17608,0.11472,0.09296,-0.17110,0.11467
4086.7400,0,0.09389,-0.17623,0.11478,0.09324,-0.17264,0.11470
4086.7713,0,0.09468,-0.17876,0.11450,0.09367,-0.17447,0.11464
4086.8095,0,0.09372,-0.18064,0.11444,0.09369,-0.17632,0.11458
4086.8404,0,0.09491,-0.18038,0.11439,0.09406,-0.17754,0.11452
4086.8730,0,0.09432,-0.18308,0.11422,0.09414,-0.17920,0.11443
4086.9059,0,0.09435,-0.18452,0.11421,0.09420,-0.18080,0.11437
4086.9383,0,0.09367,-0.18418,0.11424,0.09404,-0.18181,0.11433
4086.9718,0,0.09477,-0.18636,0.11381,0.09426,-0.18318,0.11417
4087.0028,0,0.09434,-0.18768,0.11407,0.09428,-0.18453,0.11414
4087.0338,0,0.09408,-0.18913,0.11362,0.09422,-0.18591,0.11399
4087.0674,0,0.09208,-0.19025,0.11398,0.09358,-0.18721,0.11399
4087.1000,0,0.09294,-0.19180,0.11365,0.09339,-0.18859,0.11388
4087.1319,0,0.09278,-0.19326,0.11358,0.09320,-0.18999,0.11379
4087.1626,0,0.09263,-0.19233,0.11384,0.09303,-0.19069,0.11381
4087.1954,0,0.09274,-0.19520,0.11361,0.09294,-0.19204,0.11375
4087.2284,0,0.09296,-0.19508,0.11395,0.09295,-0.19295,0.11381
4087.2600,0,0.09295,-0.19605,0.11394,0.09295,-0.19388,0.11385
4087.2929,0,0.09361,-0.19745,0.11434,0.09315,-0.19495,0.11400
4087.3255,0,0.09274,-0.19839,0.11446,0.09302,-0.19598,0.11414
4087.3630,0,0.09274,-0.19920,0.11469,0.09294,-0.19695,0.11430
4087.3964,0,0.09099,-0.20155,0.11492,0.09235,-0.19833,0.11449
4087.4283,0,0.09024,-0.20116,0.11559,0.09172,-0.19918,0.11482
4087.4594,0,0.08876,-0.20265,0.11576,0.09083,-0.20022,0.11510
4087.4927,0,0.08764,-0.20366,0.11633,0.08987,-0.20125,0.11547
4087.5240,0,0.08818,-0.20405,0.11653,0.08936,-0.20209,0.11579
4087.5574,0,0.08941,-0.20484,0.11655,0.08938,-0.20292,0.11602
4087.5931,0,0.09044,-0.20536,0.11640,0.08970,-0.20365,0.11613
4087.6241,0,0.08936,-0.20681,0.11641,0.08960,-0.20460,0.11621
4087.6809,0,0.08759,-0.20762,0.11670,0.08900,-0.20551,0.11636
4087.7117,0,0.08686,-0.20969,0.11618,0.08835,-0.20676,0.11630
4087.7477,0,0.08560,-0.21017,0.11654,0.08753,-0.20778,0.11637
4087.7802,0,0.08503,-0.21112,0.11664,0.08678,-0.20878,0.11645
4087.8121,0,0.08489,-0.21257,0.11641,0.08621,-0.20992,0.11644
4087.8422,0,0.08406,-0.21493,0.11632,0.08557,-0.21142,0.11640
4087.8734,0,0.08308,-0.21581,0.11626,0.08482,-0.21274,0.11636
4087.9052,0,0.08273,-0.21712,0.11628,0.08419,-0.21405,0.11634
4087.9377,0,0.08196,-0.21844,0.11613,0.08352,-0.21537,0.11627
4087.9698,0,0.08113,-0.22135,0.11592,0.08280,-0.21716,0.11617
4088.0021,0,0.08111,-0.22320,0.11578,0.08230,-0.21898,0.11605
4088.0353,0,0.08143,-0.22604,0.11587,0.08204,-0.22109,0.11600
4088.0667,0,0.08189,-0.22766,0.11594,0.08199,-0.22306,0.11598
4088.0983,0,0.08054,-0.22909,0.11608,0.08156,-0.22487,0.11601
4088.1317,0,0.08044,-0.23103,0.11602,0.08122,-0.22672,0.11601
4088.1631,0,0.08051,-0.23295,0.11579,0.08101,-0.22859,0.11595
4088.1971,0,0.08123,-0.23503,0.11574,0.08107,-0.23052,0.11588
4088.2306,0,0.08087,-0.23755,0.11574,0.08101,-0.23263,0.11584
4088.2604,0,0.08213,-0.23993,0.11554,0.08135,-0.23482,0.11575
4088.2907,0,0.08050,-0.24113,0.11566,0.08109,-0.23671,0.11573
4088.3230,0,0.08089,-0.24332,0.11538,0.08103,-0.23870,0.11562
4088.3568,0,0.08105,-0.24427,0.11545,0.08104,-0.24037,0.11557
4088.3879,0,0.08024,-0.24664,0.11544,0.08080,-0.24225,0.11553
4088.4203,0,0.08017,-0.24747,0.11571,0.08061,-0.24382,0.11559
4088.4508,0,0.07962,-0.24908,0.11573,0.08031,-0.24540,0.11563
4088.4832,0,0.08092,-0.25148,0.11597,0.08049,-0.24722,0.11573
4088.5198,0,0.08021,-0.25246,0.11642,0.08041,-0.24879,0.11594
4088.5502,0,0.07885,-0.25328,0.11648,0.07994,-0.25014,0.11610
4088.5807,0,0.08063,-0.25508,0.11645,0.08015,-0.25162,0.11621
4088.6120,0,0.08048,-0.25545,0.11664,0.08025,-0.25277,0.11634
4088.6435,0,0.07994,-0.25713,0.11651,0.08016,-0.25408,0.11639
4088.6748,0,0.07964,-0.25884,0.11630,0.08000,-0.25551,0.11636
4088.7063,0,0.08044,-0.26053,0.11605,0.08013,-0.25701,0.11627
4088.7409,0,0.07980,-0.26025,0.11657,0.08003,-0.25798,0.11636
4088.7747,0,0.07919,-0.26067,0.11696,0.07978,-0.25879,0.11654
4088.8085,0,0.07968,-0.26177,0.11728,0.07975,-0.25968,0.11676
4088.8454,0,0.07932,-0.26409,0.11761,0.07962,-0.26100,0.11702
4088.8774,0,0.07834,-0.26467,0.11801,0.07923,-0.26210,0.11731
4088.9088,0,0.07873,-0.26635,0.11820,0.07908,-0.26338,0.11758
4088.9421,0,0.07812,-0.26733,0.11834,0.07880,-0.26456,0.11781
4088.9745,0,0.07797,-0.26889,0.11863,0.07855,-0.26586,0.11805
4089.0079,0,0.07725,-0.27197,0.11809,0.07816,-0.26769,0.11806
4089.0415,0,0.07845,-0.27318,0.11817,0.07825,-0.26934,0.11810
4089.0758,0,0.07744,-0.27330,0.11839,0.07801,-0.27053,0.11819
4089.1086,0,0.07685,-0.27633,0.11805,0.07766,-0.27227,0.11815
4089.1408,0,0.07664,-0.27785,0.11806,0.07735,-0.27394,0.11812
4089.1735,0,0.07626,-0.27923,0.11798,0.07703,-0.27553,0.11808
4089.2055,0,0.07602,-0.27939,0.11836,0.07672,-0.27669,0.11816
4089.2373,0,0.07462,-0.28064,0.11875,0.07609,-0.27787,0.11834
4089.2690,0,0.07427,-0.28282,0.11864,0.07555,-0.27936,0.11843
4089.3007,0,0.07428,-0.28388,0.11885,0.07517,-0.28071,0.11856
4089.3318,0,0.07344,-0.28523,0.11884,0.07465,-0.28207,0.11864
4089.3647,0,0.07329,-0.28519,0.11946,0.07424,-0.28301,0.11889
4089.4012,0,0.07316,-0.28719,0.11968,0.07392,-0.28426,0.11913
4089.4380,0,0.07224,-0.28874,0.12021,0.07341,-0.28560,0.11945
4089.4685,0,0.07327,-0.29023,0.11984,0.07337,-0.28699,0.11957
4089.5015,0,0.07151,-0.29104,0.12006,0.07281,-0.28821,0.11972
4089.5331,0,0.07121,-0.29185,0.12022,0.07233,-0.28930,0.11987
4089.5643,0,0.07114,-0.29261,0.12014,0.07198,-0.29029,0.11995
4089.5970,0,0.07128,-0.29239,0.12008,0.07177,-0.29092,0.11999
4089.6301,0,0.07078,-0.29368,0.11983,0.07147,-0.29175,0.11994
4089.6621,0,0.07209,-0.29400,0.11971,0.07166,-0.29243,0.11987
4089.6964,0,0.07038,-0.29436,0.11980,0.07127,-0.29301,0.11985
4089.7347,0,0.07175,-0.29499,0.11967,0.07142,-0.29360,0.11980
4089.7670,0,0.07171,-0.29608,0.11976,0.07151,-0.29435,0.11979
4089.7970,0,0.07085,-0.29671,0.12009,0.07131,-0.29506,0.11988
4089.8349,0,0.07155,-0.29790,0.12020,0.07138,-0.29591,0.11998
4089.8703,0,0.06985,-0.29727,0.12040,0.07092,-0.29632,0.12010
4089.9113,0,0.07079,-0.29902,0.12033,0.07088,-0.29713,0.12017
4089.9477,0,0.07079,-0.29904,0.12129,0.07085,-0.29770,0.12051
4089.9792,0,0.07058,-0.29934,0.12163,0.07077,-0.29820,0.12084
4090.0099,0,0.07194,-0.29971,0.12206,0.07112,-0.29865,0.12121
4090.0410,0,0.07036,-0.29926,0.12313,0.07089,-0.29883,0.12178
4090.0752,0,0.07041,-0.29953,0.12380,0.07075,-0.29904,0.12239
4090.1081,0,0.07023,-0.29966,0.12455,0.07059,-0.29923,0.12304
4090.1418,0,0.06996,-0.30015,0.12541,0.07040,-0.29950,0.12375
4090.1744,0,0.06944,-0.29919,0.12628,0.07011,-0.29941,0.12451
4090.2070,0,0.07013,-0.29869,0.12746,0.07012,-0.29919,0.12539
4090.2397,0,0.07234,-0.29762,0.12806,0.07079,-0.29872,0.12619
4090.2732,0,0.07319,-0.29785,0.12826,0.07151,-0.29846,0.12681
4090.3069,0,0.07371,-0.29829,0.12915,0.07217,-0.29841,0.12751
4090.3394,0,0.07198,-0.29761,0.12976,0.07211,-0.29817,0.12819
4090.3697,0,0.07348,-0.29789,0.13087,0.07252,-0.29808,0.12899
4090.4021,0,0.07493,-0.29772,0.13194,0.07325,-0.29797,0.12988
4090.4344,0,0.07402,-0.29758,0.13324,0.07348,-0.29786,0.13088
4090.4663,0,0.07483,-0.29740,0.13452,0.07388,-0.29772,0.13197
4090.4994,0,0.07524,-0.29682,0.13569,0.07429,-0.29745,0.13309
4090.5312,0,0.07536,-0.29673,0.13696,0.07461,-0.29723,0.13425
4090.5629,0,0.07451,-0.29679,0.13774,0.07458,-0.29710,0.13530
4090.5962,0,0.07624,-0.29692,0.13856,0.07508,-0.29705,0.13628
4090.6273,0,0.07649,-0.29643,0.13912,0.07550,-0.29686,0.13713
4090.6649,0,0.07615,-0.29612,0.13987,0.07570,-0.29664,0.13795
4090.7022,0,0.07580,-0.29558,0.14019,0.07573,-0.29632,0.13862
4090.7333,0,0.07614,-0.29502,0.14105,0.07585,-0.29593,0.13935
4090.7652,0,0.07568,-0.29510,0.14153,0.07580,-0.29568,0.14000
4090.7971,0,0.07561,-0.29437,0.14225,0.07574,-0.29529,0.14068
4090.8295,0,0.07694,-0.29387,0.14277,0.07610,-0.29486,0.14131
4090.8621,0,0.07728,-0.29422,0.14370,0.07646,-0.29467,0.14202
4090.8941,0,0.07730,-0.29291,0.14457,0.07671,-0.29414,0.14279
4090.9262,0,0.07917,-0.29358,0.14545,0.07745,-0.29397,0.14359
4090.9629,0,0.07959,-0.29178,0.14664,0.07809,-0.29331,0.14450
4090.9939,0,0.07982,-0.29162,0.14789,0.07861,-0.29281,0.14552
4091.0247,0,0.08033,-0.29159,0.14883,0.07912,-0.29244,0.14651
4091.0592,0,0.08062,-0.29147,0.15003,0.07957,-0.29215,0.14757
4091.0927,0,0.08111,-0.29119,0.15130,0.08003,-0.29186,0.14869
4091.1236,0,0.08129,-0.29160,0.15269,0.08041,-0.29178,0.14989
4091.1631,0,0.08210,-0.29208,0.15363,0.08092,-0.29187,0.15101
4091.1960,0,0.08247,-0.29174,0.15481,0.08138,-0.29183,0.15215
4091.2271,0,0.08408,-0.29100,0.15604,0.08219,-0.29158,0.15332
4091.2598,0,0.08386,-0.29055,0.15736,0.08269,-0.29127,0.15453
4091.2934,0,0.08603,-0.29041,0.15864,0.08370,-0.29101,0.15576
4091.3261,0,0.08800,-0.29130,0.16004,0.08499,-0.29110,0.15705
4091.3611,0,0.09189,-0.28969,0.16145,0.08706,-0.29068,0.15837
4091.3958,0,0.09203,-0.28857,0.16261,0.08855,-0.29005,0.15964
4091.4290,0,0.09379,-0.28818,0.16368,0.09012,-0.28949,0.16085
4091.4637,0,0.09475,-0.28975,0.16485,0.09151,-0.28957,0.16205
4091.5054,0,0.09417,-0.28891,0.16620,0.09231,-0.28937,0.16329
4091.5389,0,0.09624,-0.28869,0.16756,0.09349,-0.28916,0.16458
4091.5758,0,0.09494,-0.28834,0.16862,0.09392,-0.28892,0.16579
4091.6075,0,0.09643,-0.28811,0.16984,0.09467,-0.28868,0.16700
4091.6623,0,0.09657,-0.28685,0.17086,0.09524,-0.28813,0.16816
4091.7011,0,0.09810,-0.28582,0.17191,0.09610,-0.28744,0.16929
4091.7334,0,0.09966,-0.28539,0.17271,0.09717,-0.28682,0.17031
4091.7661,0,0.10031,-0.28526,0.17385,0.09811,-0.28635,0.17138
4091.7966,0,0.10015,-0.28562,0.17497,0.09872,-0.28614,0.17245
4091.8327,0,0.10059,-0.28529,0.17618,0.09928,-0.28588,0.17357
4091.8635,0,0.10260,-0.28545,0.17697,0.10028,-0.28575,0.17459
4091.8955,0,0.10143,-0.28387,0.17826,0.10062,-0.28519,0.17569
4091.9273,0,0.10370,-0.28355,0.17928,0.10155,-0.28470,0.17677
4091.9588,0,0.10236,-0.28293,0.18091,0.10179,-0.28417,0.17801
4091.9906,0,0.10334,-0.28226,0.18223,0.10225,-0.28360,0.17928
4092.0244,0,0.10385,-0.28238,0.18333,0.10273,-0.28323,0.18049
4092.0573,0,0.10304,-0.28213,0.18480,0.10282,-0.28290,0.18179
4092.0957,0,0.10372,-0.28158,0.18635,0.10309,-0.28250,0.18315
4092.1281,0,0.10483,-0.28020,0.18781,0.10361,-0.28181,0.18455
4092.1613,0,0.10610,-0.27902,0.18915,0.10436,-0.28098,0.18593
4092.1953,0,0.10813,-0.27905,0.18994,0.10549,-0.28040,0.18713
4092.2264,0,0.10837,-0.27833,0.19093,0.10635,-0.27978,0.18827
4092.2582,0,0.10724,-0.27901,0.19194,0.10662,-0.27955,0.18937
4092.2926,0,0.10704,-0.27943,0.19299,0.10675,-0.27951,0.19046
4092.3244,0,0.10768,-0.27897,0.19411,0.10703,-0.27935,0.19156
4092.3598,0,0.10768,-0.27847,0.19566,0.10722,-0.27909,0.19279
4092.3921,0,0.10904,-0.27845,0.19712,0.10777,-0.27889,0.19409
4092.4234,0,0.11063,-0.27824,0.19814,0.10863,-0.27870,0.19530
4092.4574,0,0.11256,-0.27878,0.19920,0.10981,-0.27872,0.19647
4092.4920,0,0.11310,-0.27868,0.20025,0.11079,-0.27871,0.19761
4092.5293,0,0.11490,-0.27817,0.20133,0.11203,-0.27855,0.19872
4092.5591,0,0.11585,-0.27836,0.20258,0.11317,-0.27849,0.19988
4092.5909,0,0.11486,-0.27729,0.20391,0.11368,-0.27813,0.20109
4092.6241,0,0.11625,-0.27613,0.20491,0.11445,-0.27753,0.20223
4092.6820,0,0.11606,-0.27586,0.20613,0.11494,-0.27703,0.20340
4092.7143,0,0.11700,-0.27592,0.20711,0.11556,-0.27670,0.20451
4092.7443,0,0.11609,-0.27585,0.20850,0.11572,-0.27644,0.20571
4092.7761,0,0.11673,-0.27512,0.20974,0.11602,-0.27605,0.20692
4092.8069,0,0.11842,-0.27556,0.21066,0.11674,-0.27590,0.20804
4092.8392,0,0.11848,-0.27519,0.21204,0.11726,-0.27569,0.20924
4092.8744,0,0.11873,-0.27627,0.21310,0.11770,-0.27586,0.21040
4092.9075,0,0.11856,-0.27685,0.21424,0.11796,-0.27616,0.21155
4092.9417,0,0.11959,-0.27701,0.21569,0.11845,-0.27641,0.21279
4092.9803,0,0.11973,-0.27746,0.21711,0.11883,-0.27673,0.21409
4093.0146,0,0.12129,-0.27751,0.21821,0.11957,-0.27696,0.21532
4093.0514,0,0.12214,-0.27800,0.21937,0.12034,-0.27728,0.21654
4093.0822,0,0.12097,-0.27792,0.22099,0.12053,-0.27747,0.21788
4093.1130,0,0.11987,-0.27763,0.22270,0.12033,-0.27752,0.21932
4093.1463,0,0.12040,-0.27825,0.22388,0.12035,-0.27774,0.22069
4093.1774,0,0.11975,-0.27890,0.22524,0.12017,-0.27809,0.22205
4093.2104,0,0.12020,-0.27896,0.22647,0.12018,-0.27835,0.22338
4093.2420,0,0.12069,-0.27950,0.22767,0.12033,-0.27869,0.22467
4093.2744,0,0.12017,-0.28021,0.22909,0.12028,-0.27915,0.22599
4093.3064,0,0.12051,-0.28061,0.23018,0.12035,-0.27959,0.22725
4093.3390,0,0.11976,-0.28138,0.23159,0.12018,-0.28012,0.22855
4093.3698,0,0.12077,-0.28173,0.23294,0.12035,-0.28061,0.22987
4093.4020,0,0.12104,-0.28112,0.23436,0.12056,-0.28076,0.23121
4093.4340,0,0.12117,-0.28164,0.23566,0.12074,-0.28103,0.23255
4093.4655,0,0.12252,-0.28138,0.23692,0.12128,-0.28113,0.23386
4093.4959,0,0.12375,-0.28221,0.23830,0.12202,-0.28145,0.23519
4093.5309,0,0.12347,-0.28208,0.23981,0.12245,-0.28164,0.23658
4093.5648,0,0.12511,-0.28320,0.24077,0.12325,-0.28211,0.23784
4093.5949,0,0.12681,-0.28302,0.24196,0.12432,-0.28238,0.23907
4093.6257,0,0.12722,-0.28329,0.24351,0.12519,-0.28265,0.24040
4093.6807,0,0.12794,-0.28301,0.24498,0.12601,-0.28276,0.24178
4093.7118,0,0.12737,-0.28279,0.24638,0.12642,-0.28277,0.24316
4093.7425,0,0.12735,-0.28356,0.24773,0.12670,-0.28301,0.24453
4093.7741,0,0.12810,-0.28383,0.24897,0.12712,-0.28325,0.24586
4093.8093,0,0.12816,-0.28379,0.25030,0.12743,-0.28341,0.24719
4093.8422,0,0.12945,-0.28401,0.25147,0.12804,-0.28359,0.24848
4093.8774,0,0.12949,-0.28384,0.25286,0.12847,-0.28367,0.24979
4093.9083,0,0.12965,-0.28395,0.25436,0.12883,-0.28375,0.25116
4093.9414,0,0.13012,-0.28408,0.25591,0.12921,-0.28385,0.25259
4093.9744,0,0.13044,-0.28390,0.25735,0.12958,-0.28386,0.25401
4094.0132,0,0.13202,-0.28385,0.25886,0.13031,-0.28386,0.25547
4094.0432,0,0.13396,-0.28391,0.25999,0.13141,-0.28388,0.25682
4094.0737,0,0.13331,-0.28332,0.26155,0.13198,-0.28371,0.25824
4094.1058,0,0.13361,-0.28346,0.26291,0.13247,-0.28364,0.25964
4094.1386,0,0.13377,-0.28296,0.26413,0.13286,-0.28343,0.26099
4094.1720,0,0.13138,-0.28275,0.26546,0.13242,-0.28323,0.26233
4094.2042,0,0.13345,-0.28238,0.26642,0.13273,-0.28297,0.26356
4094.2377,0,0.13271,-0.28173,0.26766,0.13272,-0.28260,0.26479
4094.2693,0,0.13255,-0.28209,0.26878,0.13267,-0.28245,0.26598
4094.2991,0,0.13256,-0.28164,0.26986,0.13263,-0.28221,0.26715
4094.3304,0,0.13428,-0.28152,0.27100,0.13313,-0.28200,0.26830
4094.3638,0,0.13487,-0.28126,0.27225,0.13365,-0.28178,0.26949
4094.3982,0,0.13480,-0.28102,0.27363,0.13400,-0.28155,0.27073
4094.4328,0,0.13482,-0.28067,0.27507,0.13424,-0.28129,0.27203
4094.4653,0,0.13671,-0.28028,0.27652,0.13498,-0.28098,0.27338
4094.4985,0,0.13774,-0.27946,0.27786,0.13581,-0.28053,0.27472
4094.5306,0,0.13843,-0.27953,0.27908,0.13660,-0.28023,0.27603
4094.5635,0,0.13868,-0.27962,0.28038,0.13722,-0.28005,0.27733
4094.5946,0,0.13871,-0.27958,0.28163,0.13767,-0.27991,0.27862
4094.6272,0,0.13882,-0.27894,0.28322,0.13802,-0.27962,0.28000
4094.6833,0,0.13994,-0.27956,0.28469,0.13859,-0.27960,0.28141
4094.7187,0,0.14051,-0.27910,0.28618,0.13917,-0.27945,0.28284
4094.7545,0,0.14061,-0.27940,0.28752,0.13960,-0.27944,0.28424
4094.7890,0,0.14091,-0.27945,0.28887,0.13999,-0.27944,0.28563
4094.8214,0,0.14129,-0.27956,0.29001,0.14038,-0.27947,0.28694
4094.8519,0,0.14109,-0.28014,0.29124,0.14059,-0.27967,0.28823
4094.8841,0,0.14048,-0.28031,0.29232,0.14056,-0.27987,0.28946
4094.9173,0,0.14024,-0.28048,0.29319,0.14046,-0.28005,0.29058
4094.9474,0,0.14042,-0.28012,0.29390,0.14045,-0.28007,0.29158
4094.9799,0,0.14036,-0.28000,0.29463,0.14042,-0.28005,0.29249
4095.0136,0,0.14033,-0.27999,0.29530,0.14040,-0.28003,0.29334
4095.0509,0,0.14107,-0.28001,0.29601,0.14060,-0.28002,0.29414
4095.0817,0,0.14050,-0.28047,0.29686,0.14057,-0.28016,0.29495
4095.1171,0,0.14056,-0.27976,0.29799,0.14057,-0.28004,0.29586
4095.1504,0,0.14161,-0.27968,0.29913,0.14088,-0.27993,0.29684
4095.1815,0,0.14186,-0.27975,0.30037,0.14117,-0.27988,0.29790
4095.2129,0,0.14355,-0.27952,0.30171,0.14189,-0.27977,0.29904
4095.2453,0,0.14564,-0.27998,0.30309,0.14301,-0.27983,0.30026
4095.2777,0,0.14495,-0.27993,0.30500,0.14359,-0.27986,0.30168
4095.3087,0,0.14504,-0.27980,0.30683,0.14403,-0.27984,0.30322
4095.3415,0,0.14495,-0.28012,0.30849,0.14431,-0.27993,0.30480
4095.3788,0,0.14421,-0.28030,0.31016,0.14428,-0.28004,0.30641
4095.4089,0,0.14495,-0.28041,0.31179,0.14448,-0.28015,0.30802
4095.4409,0,0.14425,-0.28038,0.31346,0.14441,-0.28022,0.30966
4095.4754,0,0.14409,-0.28067,0.31500,0.14431,-0.28035,0.31126
4095.5098,0,0.14502,-0.28122,0.31638,0.14453,-0.28061,0.31280
4095.5421,0,0.14456,-0.28173,0.31802,0.14454,-0.28095,0.31436
4095.5748,0,0.14386,-0.28203,0.31978,0.14433,-0.28127,0.31599
4095.6097,0,0.14358,-0.28240,0.32160,0.14411,-0.28161,0.31767
4095.6439,0,0.14274,-0.28279,0.32365,0.14370,-0.28196,0.31947
4095.6954,0,0.14448,-0.28352,0.32528,0.14393,-0.28243,0.32121
4095.7299,0,0.14491,-0.28367,0.32719,0.14423,-0.28280,0.32300
4095.7621,0,0.14593,-0.28372,0.32883,0.14474,-0.28308,0.32475
4095.7931,0,0.14650,-0.28374,0.33060,0.14527,-0.28328,0.32651
4095.8273,0,0.14731,-0.28383,0.33245,0.14588,-0.28344,0.32829
4095.8605,0,0.14718,-0.28366,0.33436,0.14627,-0.28351,0.33011
4095.8909,0,0.14810,-0.28384,0.33592,0.14682,-0.28361,0.33186
4095.9242,0,0.14755,-0.28450,0.33774,0.14704,-0.28387,0.33362
4095.9574,0,0.14726,-0.28515,0.33965,0.14711,-0.28426,0.33543
4095.9966,0,0.14734,-0.28555,0.34143,0.14717,-0.28465,0.33723
4096.0302,0,0.14701,-0.28586,0.34326,0.14713,-0.28501,0.33904
4096.0647,0,0.14783,-0.28608,0.34469,0.14734,-0.28533,0.34073
4096.1085,0,0.14849,-0.28652,0.34639,0.14768,-0.28569,0.34243
4096.1276,0,0.14834,-0.28631,0.34825,0.14788,-0.28587,0.34418
4096.1753,0,0.14713,-0.28680,0.35030,0.14766,-0.28615,0.34601
4096.1929,0,0.14862,-0.28742,0.35221,0.14795,-0.28653,0.34787
4096.2249,0,0.14731,-0.28736,0.35460,0.14776,-0.28678,0.34989
4096.2574,0,0.14838,-0.28686,0.35654,0.14794,-0.28680,0.35189
4096.2892,0,0.15022,-0.28704,0.35814,0.14863,-0.28688,0.35376
4096.3218,0,0.14947,-0.28680,0.36000,0.14888,-0.28685,0.35563
4096.3554,0,0.15007,-0.28689,0.36176,0.14924,-0.28686,0.35747
4096.3887,0,0.14993,-0.28636,0.36339,0.14945,-0.28671,0.35924
4096.4237,0,0.14902,-0.28646,0.36510,0.14932,-0.28664,0.36100
4096.4578,0,0.14878,-0.28648,0.36678,0.14916,-0.28659,0.36273
4096.4921,0,0.14818,-0.28651,0.36852,0.14886,-0.28657,0.36447
4096.5228,0,0.14838,-0.28623,0.37020,0.14872,-0.28646,0.36619
4096.5542,0,0.14784,-0.28651,0.37200,0.14845,-0.28648,0.36793
4096.5880,0,0.14811,-0.28602,0.37359,0.14835,-0.28634,0.36963
4096.6208,0,0.14940,-0.28540,0.37510,0.14866,-0.28606,0.37127
4096.6562,0,0.14908,-0.28543,0.37660,0.14879,-0.28587,0.37287
4096.7055,0,0.14844,-0.28495,0.37815,0.14868,-0.28559,0.37445
4096.7383,0,0.14921,-0.28476,0.37924,0.14884,-0.28534,0.37589
4096.7762,0,0.15074,-0.28451,0.38049,0.14941,-0.28509,0.37727
4096.8091,0,0.15002,-0.28456,0.38188,0.14959,-0.28493,0.37865
4096.8391,0,0.14993,-0.28424,0.38345,0.14969,-0.28473,0.38009
4096.8702,0,0.15006,-0.28397,0.38511,0.14980,-0.28450,0.38160
4096.9019,0,0.15074,-0.28400,0.38656,0.15008,-0.28435,0.38308
4096.9355,0,0.15105,-0.28470,0.38802,0.15037,-0.28446,0.38457
4096.9660,0,0.15057,-0.28454,0.38927,0.15043,-0.28448,0.38598
4096.9992,0,0.15016,-0.28480,0.39052,0.15035,-0.28458,0.38734
4097.0343,0,0.14961,-0.28476,0.39162,0.15013,-0.28463,0.38862
4097.0666,0,0.15053,-0.28531,0.39240,0.15025,-0.28484,0.38976
4097.1004,0,0.15016,-0.28520,0.39350,0.15022,-0.28495,0.39088
4097.1345,0,0.15069,-0.28497,0.39447,0.15036,-0.28495,0.39196
4097.1659,0,0.15100,-0.28521,0.39549,0.15055,-0.28503,0.39302
4097.1967,0,0.15118,-0.28599,0.39639,0.15074,-0.28532,0.39403
4097.2291,0,0.15098,-0.28568,0.39722,0.15081,-0.28543,0.39499
4097.2613,0,0.15239,-0.28549,0.39747,0.15129,-0.28545,0.39573
4097.2926,0,0.15223,-0.28524,0.39780,0.15157,-0.28538,0.39635
4097.3283,0,0.15287,-0.28478,0.39760,0.15196,-0.28520,0.39673
4097.3605,0,0.15180,-0.28442,0.39767,0.15191,-0.28497,0.39701
4097.3939,0,0.15258,-0.28395,0.39757,0.15211,-0.28466,0.39718
4097.4262,0,0.15203,-0.28339,0.39796,0.15209,-0.28428,0.39741
4097.4581,0,0.15272,-0.28293,0.39809,0.15228,-0.28387,0.39762
4097.4913,0,0.15278,-0.28172,0.39834,0.15243,-0.28323,0.39783
4097.5250,0,0.15218,-0.28001,0.39875,0.15235,-0.28226,0.39811
4097.5570,0,0.15234,-0.27789,0.39892,0.15235,-0.28095,0.39835
4097.5879,0,0.15273,-0.27597,0.39898,0.15247,-0.27946,0.39854
4097.6198,0,0.15177,-0.27412,0.39915,0.15226,-0.27786,0.39872
4097.6501,0,0.15276,-0.27198,0.39910,0.15241,-0.27609,0.39884
4097.6827,0,0.15087,-0.26959,0.39952,0.15195,-0.27414,0.39904
4097.7131,0,0.15096,-0.26739,0.39947,0.15165,-0.27211,0.39917
4097.7484,0,0.15038,-0.26569,0.39967,0.15127,-0.27019,0.39932
4097.7817,0,0.15014,-0.26358,0.39971,0.15093,-0.26820,0.39944
4097.8147,0,0.15064,-0.26115,0.39972,0.15084,-0.26609,0.39952
4097.8447,0,0.15149,-0.25866,0.39983,0.15104,-0.26386,0.39961
4097.8806,0,0.15185,-0.25577,0.39994,0.15128,-0.26143,0.39971
4097.9118,0,0.15153,-0.25280,0.40006,0.15136,-0.25884,0.39982
4097.9437,0,0.15228,-0.24984,0.40036,0.15163,-0.25614,0.39998
4097.9764,0,0.15121,-0.24738,0.40039,0.15151,-0.25351,0.40010
4098.0114,0,0.15162,-0.24455,0.40028,0.15154,-0.25082,0.40016
4098.0436,0,0.15138,-0.24297,0.40019,0.15149,-0.24847,0.40017
4098.0833,0,0.15090,-0.24073,0.40041,0.15132,-0.24615,0.40024
4098.1146,0,0.15044,-0.23902,0.40081,0.15105,-0.24401,0.40041
4098.1461,0,0.15127,-0.23716,0.40102,0.15112,-0.24195,0.40059
4098.1850,0,0.15098,-0.23472,0.40124,0.15108,-0.23978,0.40079
4098.2156,0,0.14992,-0.23229,0.40165,0.15073,-0.23753,0.40105
4098.2468,0,0.15018,-0.23029,0.40135,0.15056,-0.23536,0.40114
4098.2781,0,0.14979,-0.22822,0.40137,0.15033,-0.23322,0.40121
4098.3118,0,0.14968,-0.22611,0.40153,0.15014,-0.23108,0.40131
4098.3448,0,0.15047,-0.22314,0.40174,0.15024,-0.22870,0.40144
4098.3789,0,0.15040,-0.22043,0.40186,0.15028,-0.22622,0.40156
4098.4101,0,0.15026,-0.21818,0.40193,0.15028,-0.22381,0.40167
4098.4413,0,0.15005,-0.21565,0.40205,0.15021,-0.22136,0.40179
4098.4754,0,0.15071,-0.21307,0.40188,0.15036,-0.21887,0.40181
4098.5126,0,0.15078,-0.21048,0.40179,0.15049,-0.21635,0.40181
4098.5501,0,0.15122,-0.20793,0.40171,0.15071,-0.21383,0.40178
4098.5821,0,0.15103,-0.20571,0.40191,0.15080,-0.21139,0.40182
4098.6142,0,0.15098,-0.20327,0.40196,0.15086,-0.20896,0.40186
4098.6475,0,0.15245,-0.20087,0.40171,0.15133,-0.20653,0.40181
4098.6819,0,0.15202,-0.19904,0.40182,0.15154,-0.20428,0.40181
4098.7135,0,0.15145,-0.19613,0.40204,0.15151,-0.20184,0.40188
4098.7470,0,0.15170,-0.19321,0.40212,0.15157,-0.19925,0.40195
4098.7789,0,0.15177,-0.19099,0.40221,0.15163,-0.19677,0.40203
4098.8117,0,0.15273,-0.18767,0.40225,0.15196,-0.19404,0.40210
4098.8503,0,0.15294,-0.18542,0.40215,0.15225,-0.19145,0.40211
4098.8857,0,0.15331,-0.18291,0.40205,0.15257,-0.18889,0.40209
4098.9220,0,0.15391,-0.18030,0.40189,0.15297,-0.18631,0.40203
4098.9596,0,0.15387,-0.17707,0.40198,0.15324,-0.18354,0.40202
4098.9963,0,0.15261,-0.17473,0.40205,0.15305,-0.18090,0.40203
4099.0301,0,0.15256,-0.17198,0.40212,0.15290,-0.17822,0.40205
4099.0631,0,0.15271,-0.16952,0.40213,0.15285,-0.17561,0.40208
4099.0955,0,0.15337,-0.16664,0.40179,0.15300,-0.17292,0.40199
4099.1300,0,0.15292,-0.16432,0.40189,0.15298,-0.17034,0.40196
4099.1628,0,0.15257,-0.16180,0.40182,0.15286,-0.16778,0.40192
4099.1955,0,0.15225,-0.15953,0.40177,0.15267,-0.16530,0.40187
4099.2269,0,0.15217,-0.15733,0.40156,0.15252,-0.16291,0.40178
4099.2588,0,0.15237,-0.15477,0.40136,0.15248,-0.16047,0.40165
4099.2926,0,0.15233,-0.15155,0.40137,0.15243,-0.15779,0.40157
4099.3246,0,0.15191,-0.14892,0.40134,0.15228,-0.15513,0.40150
4099.3584,0,0.15171,-0.14600,0.40131,0.15211,-0.15239,0.40144
4099.3914,0,0.15063,-0.14384,0.40143,0.15166,-0.14983,0.40144
4099.4284,0,0.15115,-0.14102,0.40131,0.15151,-0.14718,0.40140
4099.4604,0,0.15119,-0.13878,0.40090,0.15141,-0.14466,0.40125
4099.4925,0,0.15140,-0.13671,0.40037,0.15141,-0.14228,0.40098
4099.5246,0,0.14989,-0.13452,0.40015,0.15095,-0.13995,0.40074
4099.5581,0,0.15002,-0.13243,0.39965,0.15067,-0.13769,0.40041
4099.5916,0,0.15005,-0.13066,0.39918,0.15049,-0.13558,0.40004
4099.6253,0,0.14873,-0.12821,0.39913,0.14996,-0.13337,0.39977
4099.6584,0,0.14898,-0.12599,0.39883,0.14967,-0.13116,0.39949
4099.7130,0,0.14659,-0.12365,0.39925,0.14874,-0.12891,0.39941
4099.7438,0,0.14652,-0.12182,0.39915,0.14808,-0.12678,0.39933
4099.7746,0,0.14485,-0.11962,0.39940,0.14711,-0.12463,0.39935
4099.8071,0,0.14576,-0.11701,0.39920,0.14670,-0.12235,0.39931
4099.8408,0,0.14610,-0.11478,0.39888,0.14652,-0.12008,0.39918
4099.8733,0,0.14524,-0.11214,0.39892,0.14614,-0.11770,0.39910
4099.9044,0,0.14559,-0.11027,0.39856,0.14597,-0.11547,0.39894
4099.9356,0,0.14605,-0.10808,0.39812,0.14600,-0.11325,0.39869
4099.9676,0,0.14662,-0.10581,0.39777,0.14618,-0.11102,0.39842
4099.9986,0,0.14621,-0.10337,0.39750,0.14619,-0.10872,0.39814
4100.0298,0,0.14547,-0.10157,0.39735,0.14598,-0.10658,0.39790
4100.0636,0,0.14419,-0.10048,0.39751,0.14544,-0.10475,0.39779
4100.0965,0,0.14437,-0.09870,0.39757,0.14512,-0.10293,0.39772
4100.1298,0,0.14375,-0.09791,0.39767,0.14471,-0.10143,0.39771
4100.1654,0,0.14454,-0.09638,0.39744,0.14466,-0.09991,0.39763
4100.2008,0,0.14539,-0.09477,0.39716,0.14488,-0.09837,0.39749
4100.2335,0,0.14508,-0.09355,0.39697,0.14494,-0.09692,0.39733
4100.2665,0,0.14581,-0.09238,0.39629,0.14520,-0.09556,0.39702
4100.3024,0,0.14568,-0.09064,0.39613,0.14534,-0.09408,0.39675
4100.3405,0,0.14574,-0.08959,0.39564,0.14546,-0.09274,0.39642
4100.3761,0,0.14630,-0.08805,0.39517,0.14571,-0.09133,0.39604
4100.4155,0,0.14534,-0.08738,0.39490,0.14560,-0.09015,0.39570
4100.4506,0,0.14659,-0.08585,0.39443,0.14590,-0.08886,0.39532
4100.4863,0,0.14682,-0.08515,0.39399,0.14617,-0.08774,0.39492
4100.5210,0,0.14644,-0.08426,0.39384,0.14625,-0.08670,0.39459
4100.5522,0,0.14485,-0.08328,0.39395,0.14583,-0.08567,0.39440
4100.5837,0,0.14548,-0.08215,0.39353,0.14573,-0.08462,0.39414
4100.6156,0,0.14596,-0.08172,0.39350,0.14580,-0.08375,0.39395
4100.6484,0,0.14664,-0.08008,0.39339,0.14605,-0.08265,0.39378
4100.6832,0,0.14525,-0.07962,0.39359,0.14581,-0.08174,0.39372
4100.7170,0,0.14587,-0.07809,0.39361,0.14583,-0.08065,0.39369
4100.7495,0,0.14570,-0.07692,0.39361,0.14579,-0.07953,0.39367
4100.7798,0,0.14590,-0.07586,0.39354,0.14582,-0.07843,0.39363
4100.8105,0,0.14600,-0.07492,0.39311,0.14588,-0.07738,0.39347
4100.8434,0,0.14524,-0.07371,0.39264,0.14568,-0.07628,0.39322
4100.8746,0,0.14440,-0.07272,0.39245,0.14530,-0.07521,0.39299
4100.9083,0,0.14453,-0.07163,0.39216,0.14507,-0.07414,0.39274
4100.9414,0,0.14459,-0.07068,0.39189,0.14493,-0.07310,0.39249
4100.9781,0,0.14416,-0.06941,0.39173,0.14470,-0.07199,0.39226
4101.0109,0,0.14406,-0.06864,0.39155,0.14450,-0.07099,0.39205
4101.0483,0,0.14409,-0.06720,0.39137,0.14438,-0.06985,0.39184
4101.0783,0,0.14389,-0.06624,0.39131,0.14423,-0.06877,0.39168
4101.1111,0,0.14432,-0.06512,0.39128,0.14426,-0.06767,0.39156
4101.1456,0,0.14468,-0.06343,0.39134,0.14438,-0.06640,0.39150
4101.1760,0,0.14443,-0.06185,0.39117,0.14440,-0.06504,0.39140
4101.2100,0,0.14453,-0.06017,0.39060,0.14444,-0.06358,0.39116
4101.2489,0,0.14584,-0.05842,0.38986,0.14486,-0.06203,0.39077
4101.2796,0,0.14629,-0.05704,0.38889,0.14529,-0.06053,0.39021
4101.3117,0,0.14496,-0.05694,0.38817,0.14519,-0.05946,0.38960
4101.3451,0,0.14468,-0.05548,0.38756,0.14504,-0.05826,0.38899
4101.3784,0,0.14396,-0.05478,0.38690,0.14471,-0.05722,0.38836
4101.4119,0,0.14372,-0.05443,0.38645,0.14442,-0.05638,0.38779
4101.4442,0,0.14388,-0.05399,0.38616,0.14426,-0.05566,0.38730
4101.4758,0,0.14396,-0.05416,0.38574,0.14417,-0.05521,0.38683
4101.5218,0,0.14307,-0.05387,0.38587,0.14384,-0.05481,0.38654
4101.5541,0,0.14253,-0.05313,0.38580,0.14344,-0.05431,0.38632
4101.5907,0,0.14231,-0.05328,0.38581,0.14310,-0.05400,0.38617
4101.6216,0,0.14185,-0.05213,0.38598,0.14273,-0.05344,0.38611
4101.6556,0,0.14038,-0.05221,0.38627,0.14202,-0.05307,0.38616
4101.6867,0,0.13943,-0.05150,0.38683,0.14124,-0.05260,0.38636
4101.7181,0,0.13933,-0.05230,0.38712,0.14067,-0.05251,0.38659
4101.7496,0,0.13861,-0.05215,0.38719,0.14005,-0.05240,0.38677
4101.7802,0,0.13913,-0.05240,0.38692,0.13977,-0.05240,0.38681
4101.8111,0,0.13795,-0.05219,0.38705,0.13923,-0.05234,0.38688
4101.8432,0,0.13865,-0.05172,0.38646,0.13905,-0.05215,0.38676
4101.8755,0,0.13876,-0.05152,0.38595,0.13897,-0.05196,0.38652
4101.9099,0,0.13784,-0.05134,0.38594,0.13863,-0.05178,0.38634
4101.9403,0,0.13786,-0.05128,0.38568,0.13840,-0.05163,0.38614
4101.9720,0,0.13693,-0.05105,0.38533,0.13796,-0.05145,0.38590
4102.0026,0,0.13591,-0.05075,0.38501,0.13734,-0.05124,0.38563
4102.0345,0,0.13464,-0.05085,0.38450,0.13653,-0.05112,0.38529
4102.0675,0,0.13452,-0.05022,0.38399,0.13593,-0.05085,0.38490
4102.0997,0,0.13381,-0.04977,0.38367,0.13529,-0.05053,0.38453
4102.1319,0,0.13314,-0.04929,0.38347,0.13465,-0.05016,0.38421
4102.1634,0,0.13192,-0.04886,0.38331,0.13383,-0.04977,0.38394
4102.1936,0,0.13257,-0.04812,0.38289,0.13345,-0.04927,0.38363
4102.2257,0,0.13239,-0.04800,0.38246,0.13313,-0.04889,0.38328
4102.2617,0,0.13209,-0.04707,0.38215,0.13282,-0.04834,0.38294
4102.2940,0,0.13073,-0.04682,0.38198,0.13219,-0.04789,0.38265
4102.3249,0,0.13080,-0.04692,0.38152,0.13177,-0.04760,0.38231
4102.3664,0,0.13074,-0.04634,0.38112,0.13146,-0.04722,0.38195
4102.3974,0,0.12980,-0.04567,0.38111,0.13096,-0.04675,0.38170
4102.4295,0,0.12980,-0.04550,0.38079,0.13061,-0.04638,0.38143
4102.4602,0,0.12919,-0.04496,0.38071,0.13019,-0.04595,0.38121
4102.4927,0,0.12823,-0.04419,0.38064,0.12960,-0.04542,0.38104
4102.5309,0,0.12792,-0.04395,0.38023,0.12909,-0.04498,0.38080
4102.5645,0,0.12751,-0.04327,0.37981,0.12862,-0.04447,0.38050
4102.5945,0,0.12651,-0.04321,0.37966,0.12799,-0.04409,0.38025
4102.6266,0,0.12576,-0.04292,0.37952,0.12732,-0.04374,0.38003
4102.6628,0,0.12460,-0.04258,0.37933,0.12650,-0.04339,0.37982
4102.7183,0,0.12364,-0.04243,0.37932,0.12564,-0.04310,0.37967
4102.7499,0,0.12298,-0.04244,0.37915,0.12484,-0.04290,0.37952
4102.7841,0,0.12321,-0.04232,0.37877,0.12435,-0.04273,0.37929
4102.8150,0,0.12203,-0.04216,0.37874,0.12366,-0.04256,0.37913
4102.8457,0,0.12182,-0.04211,0.37858,0.12311,-0.04242,0.37896
4102.8793,0,0.12155,-0.04189,0.37842,0.12264,-0.04226,0.37880
4102.9112,0,0.12077,-0.04173,0.37843,0.12208,-0.04210,0.37869
4102.9428,0,0.12045,-0.04145,0.37835,0.12159,-0.04191,0.37859
4102.9752,0,0.12013,-0.04076,0.37842,0.12115,-0.04156,0.37854
4103.0085,0,0.11960,-0.04102,0.37840,0.12069,-0.04140,0.37850
4103.0514,0,0.11962,-0.04062,0.37809,0.12037,-0.04117,0.37837
4103.0831,0,0.11878,-0.04016,0.37784,0.11989,-0.04087,0.37821
4103.1153,0,0.11886,-0.03977,0.37735,0.11958,-0.04054,0.37795
4103.1466,0,0.11785,-0.03994,0.37705,0.11906,-0.04036,0.37768
4103.1789,0,0.11791,-0.03965,0.37674,0.11872,-0.04015,0.37740
4103.2106,0,0.11738,-0.03999,0.37650,0.11831,-0.04010,0.37713
4103.2423,0,0.11680,-0.03963,0.37645,0.11786,-0.03996,0.37693
4103.2761,0,0.11660,-0.03976,0.37627,0.11748,-0.03990,0.37673
4103.3102,0,0.11560,-0.03964,0.37626,0.11692,-0.03982,0.37659
4103.3422,0,0.11619,-0.03985,0.37604,0.11670,-0.03983,0.37642
4103.3765,0,0.11536,-0.03975,0.37603,0.11630,-0.03981,0.37631
4103.4155,0,0.11467,-0.04007,0.37597,0.11581,-0.03989,0.37621
4103.4478,0,0.11496,-0.03994,0.37576,0.11555,-0.03990,0.37607
4103.4846,0,0.11495,-0.03982,0.37549,0.11537,-0.03988,0.37590
4103.5190,0,0.11526,-0.03991,0.37511,0.11534,-0.03989,0.37566
4103.5516,0,0.11544,-0.03959,0.37492,0.11537,-0.03980,0.37544
4103.5853,0,0.11489,-0.03943,0.37460,0.11523,-0.03969,0.37519
4103.6158,0,0.11539,-0.03973,0.37407,0.11528,-0.03970,0.37485
4103.6503,0,0.11484,-0.03973,0.37370,0.11515,-0.03971,0.37451
4103.6838,0,0.11483,-0.03989,0.37332,0.11505,-0.03976,0.37415
4103.7169,0,0.11371,-0.03987,0.37323,0.11465,-0.03980,0.37387
4103.7495,0,0.11307,-0.04006,0.37309,0.11418,-0.03987,0.37364
4103.7826,0,0.11323,-0.04027,0.37277,0.11389,-0.03999,0.37338
4103.8198,0,0.11144,-0.04019,0.37289,0.11316,-0.04005,0.37323
4103.8537,0,0.11141,-0.04008,0.37264,0.11263,-0.04006,0.37305
4103.8867,0,0.11055,-0.04050,0.37243,0.11201,-0.04019,0.37287
4103.9179,0,0.11054,-0.04044,0.37217,0.11157,-0.04026,0.37266
4103.9497,0,0.10907,-0.04083,0.37207,0.11082,-0.04043,0.37248
4103.9899,0,0.10942,-0.04088,0.37162,0.11040,-0.04057,0.37222
4104.0207,0,0.10862,-0.04066,0.37146,0.10987,-0.04060,0.37199
4104.0510,0,0.10763,-0.04113,0.37145,0.10919,-0.04076,0.37183
4104.0814,0,0.10813,-0.04092,0.37124,0.10887,-0.04081,0.37165
4104.1131,0,0.10680,-0.04082,0.37128,0.10825,-0.04081,0.37154
4104.1470,0,0.10765,-0.04106,0.37088,0.10807,-0.04088,0.37134
4104.1836,0,0.10753,-0.04124,0.37059,0.10791,-0.04099,0.37112
4104.2158,0,0.10712,-0.04140,0.37039,0.10767,-0.04111,0.37090
4104.2460,0,0.10579,-0.04155,0.37047,0.10711,-0.04124,0.37077
4104.2769,0,0.10448,-0.04132,0.37049,0.10632,-0.04127,0.37069
4104.3122,0,0.10385,-0.04155,0.37045,0.10558,-0.04135,0.37062
4104.3463,0,0.10398,-0.04176,0.37010,0.10510,-0.04147,0.37046
4104.3787,0,0.10292,-0.04207,0.36993,0.10445,-0.04165,0.37030
4104.4133,0,0.10210,-0.04256,0.36972,0.10374,-0.04192,0.37013
4104.4452,0,0.10259,-0.04263,0.36939,0.10340,-0.04214,0.36991
4104.4835,0,0.10301,-0.04302,0.36901,0.10328,-0.04240,0.36964
4104.5150,0,0.10342,-0.04315,0.36879,0.10332,-0.04263,0.36938
4104.5468,0,0.10304,-0.04327,0.36855,0.10324,-0.04282,0.36913
4104.5816,0,0.10177,-0.04326,0.36861,0.10280,-0.04295,0.36898
4104.6193,0,0.10292,-0.04292,0.36836,0.10283,-0.04294,0.36879
4104.6644,0,0.10203,-0.04298,0.36828,0.10259,-0.04295,0.36864
4104.6984,0,0.10155,-0.04289,0.36817,0.10228,-0.04293,0.36850
4104.7289,0,0.10210,-0.04310,0.36791,0.10223,-0.04298,0.36832
4104.7623,0,0.10158,-0.04298,0.36770,0.10203,-0.04298,0.36814
4104.7974,0,0.10117,-0.04299,0.36757,0.10178,-0.04298,0.36797
4104.8274,0,0.10058,-0.04309,0.36734,0.10142,-0.04301,0.36778
4104.8599,0,0.09939,-0.04275,0.36726,0.10081,-0.04294,0.36762
4104.8923,0,0.09983,-0.04315,0.36703,0.10052,-0.04300,0.36745
4104.9228,0,0.09952,-0.04286,0.36703,0.10022,-0.04296,0.36732
4104.9555,0,0.09897,-0.04289,0.36694,0.09984,-0.04294,0.36721
4104.9893,0,0.09900,-0.04253,0.36694,0.09959,-0.04281,0.36712
4105.0202,0,0.09869,-0.04221,0.36698,0.09932,-0.04263,0.36708
4105.0529,0,0.09803,-0.04218,0.36708,0.09893,-0.04250,0.36708
4105.0864,0,0.09798,-0.04190,0.36714,0.09865,-0.04232,0.36710
4105.1163,0,0.09718,-0.04221,0.36731,0.09821,-0.04229,0.36716
4105.1479,0,0.09715,-0.04208,0.36727,0.09789,-0.04222,0.36720
4105.1794,0,0.09756,-0.04191,0.36730,0.09779,-0.04213,0.36723
4105.2125,0,0.09785,-0.04215,0.36722,0.09781,-0.04214,0.36722
4105.2442,0,0.09632,-0.04194,0.36760,0.09736,-0.04208,0.36734
4105.2827,0,0.09560,-0.04196,0.36773,0.09684,-0.04204,0.36746
4105.3129,0,0.09646,-0.04187,0.36753,0.09672,-0.04199,0.36748
4105.3468,0,0.09620,-0.04196,0.36749,0.09657,-0.04198,0.36748
4105.3811,0,0.09572,-0.04206,0.36756,0.09631,-0.04201,0.36750
4105.4145,0,0.09593,-0.04210,0.36745,0.09620,-0.04203,0.36749
4105.4504,0,0.09570,-0.04244,0.36745,0.09605,-0.04216,0.36748
4105.4846,0,0.09530,-0.04221,0.36753,0.09583,-0.04217,0.36749
4105.5171,0,0.09457,-0.04197,0.36766,0.09545,-0.04211,0.36754
4105.5497,0,0.09439,-0.04229,0.36769,0.09513,-0.04216,0.36759
4105.5825,0,0.09434,-0.04221,0.36776,0.09490,-0.04218,0.36764
4105.6141,0,0.09397,-0.04193,0.36789,0.09462,-0.04210,0.36771
4105.6447,0,0.09395,-0.04222,0.36784,0.09442,-0.04214,0.36775
4105.6769,0,0.09310,-0.04231,0.36810,0.09402,-0.04219,0.36786
4105.7315,0,0.09344,-0.04210,0.36794,0.09385,-0.04216,0.36788
4105.7632,0,0.09262,-0.04226,0.36808,0.09348,-0.04219,0.36794
4105.7985,0,0.09280,-0.04276,0.36794,0.09328,-0.04236,0.36794
4105.8298,0,0.09191,-0.04275,0.36796,0.09287,-0.04248,0.36795
4105.8616,0,0.09199,-0.04274,0.36788,0.09261,-0.04256,0.36793
4105.8955,0,0.09183,-0.04272,0.36777,0.09237,-0.04261,0.36788
4105.9263,0,0.09079,-0.04262,0.36793,0.09190,-0.04261,0.36789
4105.9590,0,0.09089,-0.04246,0.36802,0.09160,-0.04257,0.36793
4105.9910,0,0.09021,-0.04249,0.36822,0.09118,-0.04254,0.36802
4106.0296,0,0.09038,-0.04234,0.36830,0.09094,-0.04248,0.36810
4106.0615,0,0.09046,-0.04200,0.36832,0.09079,-0.04234,0.36817
4106.0920,0,0.08976,-0.04206,0.36855,0.09048,-0.04225,0.36828
4106.1233,0,0.08967,-0.04168,0.36861,0.09024,-0.04208,0.36838
4106.1591,0,0.08873,-0.04184,0.36880,0.08979,-0.04201,0.36851
4106.1999,0,0.08952,-0.04130,0.36867,0.08971,-0.04180,0.36855
4106.2329,0,0.08882,-0.04105,0.36892,0.08944,-0.04157,0.36866
4106.2649,0,0.08986,-0.04081,0.36868,0.08957,-0.04134,0.36867
4106.2960,0,0.08955,-0.04076,0.36867,0.08956,-0.04117,0.36867
4106.3269,0,0.08935,-0.04098,0.36850,0.08950,-0.04111,0.36862
4106.3591,0,0.08913,-0.04084,0.36842,0.08939,-0.04103,0.36856
4106.3917,0,0.08819,-0.04056,0.36852,0.08903,-0.04089,0.36855
4106.4232,0,0.08852,-0.04048,0.36850,0.08888,-0.04077,0.36853
4106.4532,0,0.08853,-0.04019,0.36847,0.08877,-0.04060,0.36852
4106.4832,0,0.08871,-0.04018,0.36843,0.08876,-0.04047,0.36849
4106.5169,0,0.08841,-0.03966,0.36849,0.08865,-0.04023,0.36849
4106.5515,0,0.08882,-0.03962,0.36841,0.08870,-0.04005,0.36846
4106.5829,0,0.08857,-0.03984,0.36824,0.08866,-0.03998,0.36840
4106.6130,0,0.08813,-0.03950,0.36819,0.08850,-0.03984,0.36833
4106.6480,0,0.08806,-0.03964,0.36820,0.08837,-0.03978,0.36829
4106.6783,0,0.08781,-0.03960,0.36827,0.08820,-0.03972,0.36829
4106.7102,0,0.08813,-0.03953,0.36819,0.08818,-0.03967,0.36826
4106.7433,0,0.08805,-0.03943,0.36820,0.08814,-0.03959,0.36824
4106.7747,0,0.08831,-0.03964,0.36818,0.08819,-0.03961,0.36822
4106.8088,0,0.08813,-0.03975,0.36815,0.08817,-0.03965,0.36820
4106.8409,0,0.08812,-0.03978,0.36807,0.08815,-0.03969,0.36816
4106.8742,0,0.08852,-0.03985,0.36788,0.08826,-0.03974,0.36808
4106.9075,0,0.08864,-0.04000,0.36777,0.08838,-0.03981,0.36799
4106.9433,0,0.08858,-0.04004,0.36774,0.08844,-0.03988,0.36791
4106.9761,0,0.08903,-0.04053,0.36759,0.08861,-0.04008,0.36782
4107.0076,0,0.08962,-0.04039,0.36745,0.08892,-0.04017,0.36771
4107.0461,0,0.08971,-0.04062,0.36723,0.08916,-0.04031,0.36757
4107.0796,0,0.08996,-0.04100,0.36721,0.08940,-0.04051,0.36746
4107.1123,0,0.09025,-0.04111,0.36695,0.08965,-0.04069,0.36731
4107.1451,0,0.09082,-0.04094,0.36679,0.09000,-0.04077,0.36715
4107.1770,0,0.09084,-0.04087,0.36672,0.09025,-0.04080,0.36702
4107.2077,0,0.09105,-0.04096,0.36641,0.09049,-0.04085,0.36684
4107.2408,0,0.09120,-0.04094,0.36641,0.09071,-0.04087,0.36671
4107.2767,0,0.09146,-0.04084,0.36632,0.09093,-0.04086,0.36659
4107.3088,0,0.09116,-0.04114,0.36648,0.09100,-0.04095,0.36656
4107.3423,0,0.09166,-0.04123,0.36641,0.09120,-0.04103,0.36651
4107.3748,0,0.09208,-0.04112,0.36641,0.09146,-0.04106,0.36648
4107.4139,0,0.09309,-0.04104,0.36630,0.09195,-0.04105,0.36643
4107.4448,0,0.09401,-0.04068,0.36595,0.09257,-0.04094,0.36628
4107.4776,0,0.09411,-0.04083,0.36567,0.09303,-0.04091,0.36610
4107.5093,0,0.09478,-0.04078,0.36544,0.09356,-0.04087,0.36590
4107.5426,0,0.09574,-0.04058,0.36522,0.09421,-0.04078,0.36569
4107.5745,0,0.09539,-0.04038,0.36520,0.09456,-0.04066,0.36555
4107.6074,0,0.09619,-0.04049,0.36522,0.09505,-0.04061,0.36545
4107.6408,0,0.09679,-0.04000,0.36516,0.09557,-0.04043,0.36536
4107.6771,0,0.09777,-0.03978,0.36499,0.09623,-0.04023,0.36525
4107.7293,0,0.09826,-0.03964,0.36485,0.09684,-0.04006,0.36513
4107.7623,0,0.09849,-0.03966,0.36478,0.09734,-0.03994,0.36502
4107.7938,0,0.09900,-0.03987,0.36474,0.09784,-0.03992,0.36494
4107.8284,0,0.09936,-0.03972,0.36487,0.09829,-0.03986,0.36492
4107.8590,0,0.10081,-0.03961,0.36469,0.09905,-0.03978,0.36485
4107.8909,0,0.10199,-0.03958,0.36455,0.09993,-0.03972,0.36476
4107.9230,0,0.10251,-0.03980,0.36424,0.10071,-0.03974,0.36460
4107.9549,0,0.10353,-0.03956,0.36391,0.10155,-0.03969,0.36440
4107.9870,0,0.10454,-0.03914,0.36367,0.10245,-0.03952,0.36418
4108.0192,0,0.10587,-0.03864,0.36340,0.10348,-0.03926,0.36394
4108.0500,0,0.10665,-0.03773,0.36325,0.10443,-0.03880,0.36374
4108.0832,0,0.10742,-0.03759,0.36300,0.10533,-0.03844,0.36352
4108.1150,0,0.10877,-0.03674,0.36269,0.10636,-0.03793,0.36327
4108.1477,0,0.10985,-0.03586,0.36224,0.10741,-0.03731,0.36296
4108.1785,0,0.11061,-0.03575,0.36182,0.10837,-0.03684,0.36262
4108.2119,0,0.11126,-0.03536,0.36133,0.10924,-0.03640,0.36223
4108.2449,0,0.11234,-0.03497,0.36091,0.11017,-0.03597,0.36183
4108.2765,0,0.11266,-0.03476,0.36073,0.11091,-0.03561,0.36150
4108.3083,0,0.11329,-0.03464,0.36072,0.11163,-0.03532,0.36127
4108.3403,0,0.11360,-0.03437,0.36076,0.11222,-0.03503,0.36112
4108.3737,0,0.11553,-0.03416,0.36056,0.11321,-0.03477,0.36095
4108.4082,0,0.11660,-0.03362,0.36031,0.11423,-0.03443,0.36076
4108.4418,0,0.11658,-0.03330,0.36015,0.11493,-0.03409,0.36058
4108.4737,0,0.11776,-0.03302,0.35988,0.11578,-0.03377,0.36037
4108.5063,0,0.11858,-0.03291,0.35964,0.11662,-0.03351,0.36015
4108.5380,0,0.11920,-0.03235,0.35945,0.11740,-0.03316,0.35994
4108.5700,0,0.11888,-0.03256,0.35956,0.11784,-0.03298,0.35982
4108.6016,0,0.12016,-0.03203,0.35937,0.11854,-0.03270,0.35969
4108.6358,0,0.12130,-0.03138,0.35917,0.11936,-0.03230,0.35953
4108.6687,0,0.12174,-0.03095,0.35915,0.12008,-0.03190,0.35942
4108.7008,0,0.12283,-0.03054,0.35894,0.12090,-0.03149,0.35927
4108.7343,0,0.12392,-0.02970,0.35871,0.12181,-0.03095,0.35910
4108.7662,0,0.12501,-0.02863,0.35862,0.12277,-0.03026,0.35896
4108.7991,0,0.12520,-0.02793,0.35856,0.12350,-0.02956,0.35884
4108.8301,0,0.12606,-0.02691,0.35841,0.12426,-0.02876,0.35871
4108.8609,0,0.12621,-0.02612,0.35846,0.12485,-0.02797,0.35863
4108.8915,0,0.12709,-0.02616,0.35810,0.12552,-0.02743,0.35847
4108.9238,0,0.12723,-0.02535,0.35785,0.12603,-0.02681,0.35829
4108.9571,0,0.12783,-0.02473,0.35740,0.12657,-0.02618,0.35802
4108.9904,0,0.12881,-0.02410,0.35701,0.12725,-0.02556,0.35772
4109.0237,0,0.12916,-0.02381,0.35674,0.12782,-0.02503,0.35742
4109.0584,0,0.13010,-0.02375,0.35645,0.12850,-0.02465,0.35713
4109.0920,0,0.13051,-0.02295,0.35630,0.12911,-0.02414,0.35688
4109.1262,0,0.13101,-0.02334,0.35606,0.12968,-0.02390,0.35663
4109.1587,0,0.13177,-0.02303,0.35585,0.13031,-0.02364,0.35640
4109.1905,0,0.13152,-0.02275,0.35599,0.13067,-0.02337,0.35628
4109.2252,0,0.13211,-0.02284,0.35572,0.13110,-0.02321,0.35611
4109.2568,0,0.13304,-0.02288,0.35546,0.13168,-0.02311,0.35592
4109.2902,0,0.13290,-0.02255,0.35540,0.13205,-0.02294,0.35576
4109.3245,0,0.13385,-0.02218,0.35513,0.13259,-0.02271,0.35557
4109.3585,0,0.13452,-0.02264,0.35500,0.13317,-0.02269,0.35540
4109.3895,0,0.13487,-0.02245,0.35501,0.13368,-0.02262,0.35528
4109.4205,0,0.13446,-0.02254,0.35512,0.13391,-0.02260,0.35523
4109.4578,0,0.13572,-0.02295,0.35497,0.13445,-0.02270,0.35516
4109.4886,0,0.13658,-0.02266,0.35493,0.13509,-0.02269,0.35509
4109.5215,0,0.13786,-0.02277,0.35495,0.13592,-0.02271,0.35505
4109.5520,0,0.13816,-0.02248,0.35507,0.13659,-0.02265,0.35505
4109.5831,0,0.13847,-0.02293,0.35512,0.13716,-0.02273,0.35507
4109.6146,0,0.13906,-0.02341,0.35486,0.13773,-0.02293,0.35501
4109.6465,0,0.14017,-0.02358,0.35449,0.13846,-0.02313,0.35485
4109.6795,0,0.14079,-0.02332,0.35436,0.13916,-0.02318,0.35470
4109.7112,0,0.14145,-0.02247,0.35433,0.13985,-0.02297,0.35459
4109.7478,0,0.14384,-0.02197,0.35406,0.14104,-0.02267,0.35443
4109.7847,0,0.14382,-0.02144,0.35411,0.14188,-0.02230,0.35434
4109.8192,0,0.14376,-0.02103,0.35396,0.14244,-0.02192,0.35422
4109.8519,0,0.14610,-0.02087,0.35322,0.14354,-0.02161,0.35392
4109.8833,0,0.14755,-0.02072,0.35225,0.14474,-0.02134,0.35342
4109.9158,0,0.14845,-0.02143,0.35127,0.14585,-0.02137,0.35277
4109.9475,0,0.15005,-0.02147,0.35028,0.14711,-0.02140,0.35203
4109.9813,0,0.15109,-0.02195,0.34946,0.14831,-0.02156,0.35126
4110.0118,0,0.15056,-0.02184,0.34911,0.14898,-0.02165,0.35061
4110.0429,0,0.15197,-0.02183,0.34866,0.14988,-0.02170,0.35003
4110.0745,0,0.15116,-0.02149,0.34882,0.15026,-0.02164,0.34966
4110.1119,0,0.15310,-0.02150,0.34818,0.15111,-0.02160,0.34922
4110.1437,0,0.15411,-0.02195,0.34763,0.15201,-0.02170,0.34874
4110.1749,0,0.15486,-0.02250,0.34685,0.15287,-0.02194,0.34817
4110.2082,0,0.15534,-0.02359,0.34630,0.15361,-0.02244,0.34761
4110.2447,0,0.15536,-0.02411,0.34635,0.15413,-0.02294,0.34723
4110.2773,0,0.15756,-0.02392,0.34563,0.15516,-0.02323,0.34675
4110.3149,0,0.15782,-0.02386,0.34551,0.15596,-0.02342,0.34638
4110.3447,0,0.16043,-0.02369,0.34471,0.15730,-0.02350,0.34588
4110.3773,0,0.16150,-0.02355,0.34431,0.15856,-0.02352,0.34541
4110.4135,0,0.16169,-0.02389,0.34390,0.15950,-0.02363,0.34496
4110.4450,0,0.16258,-0.02355,0.34365,0.16042,-0.02360,0.34456
4110.4767,0,0.16330,-0.02367,0.34329,0.16129,-0.02362,0.34418
4110.5085,0,0.16477,-0.02254,0.34294,0.16233,-0.02330,0.34381
4110.5415,0,0.16642,-0.02312,0.34222,0.16356,-0.02325,0.34333
4110.5754,0,0.16758,-0.02258,0.34209,0.16476,-0.02305,0.34296
4110.6071,0,0.16905,-0.02297,0.34136,0.16605,-0.02302,0.34248
4110.6446,0,0.17029,-0.02303,0.34104,0.16732,-0.02302,0.34205
4110.6929,0,0.16940,-0.02335,0.34102,0.16794,-0.02312,0.34174
4110.7298,0,0.17081,-0.02339,0.34055,0.16880,-0.02320,0.34138
4110.7655,0,0.17121,-0.02291,0.34039,0.16953,-0.02311,0.34108
4110.7958,0,0.17188,-0.02355,0.34016,0.17023,-0.02325,0.34081
4110.8265,0,0.17107,-0.02331,0.34028,0.17048,-0.02326,0.34065
4110.8583,0,0.17151,-0.02369,0.34020,0.17079,-0.02339,0.34051
4110.8913,0,0.17425,-0.02292,0.33971,0.17183,-0.02325,0.34027
4110.9239,0,0.17460,-0.02225,0.33959,0.17266,-0.02295,0.34007
4110.9575,0,0.17406,-0.02180,0.33966,0.17308,-0.02261,0.33994
4110.9904,0,0.17507,-0.02147,0.33928,0.17368,-0.02227,0.33975
4111.0235,0,0.17505,-0.02138,0.33930,0.17409,-0.02200,0.33961
4111.0564,0,0.17650,-0.02088,0.33890,0.17481,-0.02166,0.33940
4111.0892,0,0.17798,-0.02134,0.33863,0.17576,-0.02157,0.33917
4111.1210,0,0.17855,-0.02154,0.33807,0.17660,-0.02156,0.33884
4111.1519,0,0.17904,-0.02207,0.33775,0.17733,-0.02171,0.33851
4111.1828,0,0.18030,-0.02245,0.33758,0.17822,-0.02193,0.33823
4111.2133,0,0.18125,-0.02184,0.33777,0.17913,-0.02190,0.33809
4111.2461,0,0.18132,-0.02110,0.33830,0.17979,-0.02166,0.33816
4111.2766,0,0.18258,-0.02049,0.33866,0.18063,-0.02131,0.33831
4111.3096,0,0.18386,-0.01983,0.33881,0.18160,-0.02087,0.33846
4111.3417,0,0.18560,-0.01989,0.33858,0.18280,-0.02057,0.33850
4111.3749,0,0.18743,-0.01956,0.33819,0.18419,-0.02027,0.33840
4111.4095,0,0.18807,-0.01906,0.33794,0.18535,-0.01991,0.33827
4111.4406,0,0.18832,-0.01898,0.33769,0.18624,-0.01963,0.33809
4111.4751,0,0.18808,-0.01803,0.33766,0.18679,-0.01915,0.33797
4111.5172,0,0.19006,-0.01767,0.33710,0.18778,-0.01870,0.33771
4111.5519,0,0.19063,-0.01678,0.33681,0.18863,-0.01813,0.33744
4111.5900,0,0.19189,-0.01645,0.33639,0.18961,-0.01762,0.33712
4111.6240,0,0.19295,-0.01545,0.33597,0.19061,-0.01697,0.33678
4111.6566,0,0.19441,-0.01510,0.33550,0.19175,-0.01641,0.33639
4111.7098,0,0.19426,-0.01465,0.33518,0.19250,-0.01588,0.33603
4111.7399,0,0.19570,-0.01423,0.33489,0.19346,-0.01539,0.33569
4111.7720,0,0.19710,-0.01376,0.33430,0.19455,-0.01490,0.33527
4111.8044,0,0.19760,-0.01318,0.33413,0.19547,-0.01438,0.33493
4111.8349,0,0.19895,-0.01299,0.33371,0.19651,-0.01397,0.33456
4111.8679,0,0.20035,-0.01306,0.33328,0.19766,-0.01369,0.33418
4111.9005,0,0.20176,-0.01314,0.33274,0.19889,-0.01353,0.33375
4111.9386,0,0.20189,-0.01349,0.33256,0.19979,-0.01352,0.33339
4111.9694,0,0.20386,-0.01324,0.33206,0.20101,-0.01343,0.33299
4112.0047,0,0.20381,-0.01326,0.33221,0.20185,-0.01338,0.33276
4112.0358,0,0.20470,-0.01266,0.33214,0.20270,-0.01316,0.33257
4112.0668,0,0.20698,-0.01227,0.33179,0.20399,-0.01290,0.33234
4112.0983,0,0.20765,-0.01204,0.33158,0.20509,-0.01264,0.33211
4112.1302,0,0.20931,-0.01131,0.33097,0.20635,-0.01224,0.33177
4112.1633,0,0.21071,-0.01083,0.33051,0.20766,-0.01182,0.33139
4112.1935,0,0.21188,-0.01005,0.33005,0.20893,-0.01129,0.33099
4112.2281,0,0.21246,-0.01103,0.32964,0.20998,-0.01121,0.33059
4112.2600,0,0.21380,-0.01021,0.32950,0.21113,-0.01091,0.33026
4112.2915,0,0.21404,-0.01008,0.32924,0.21200,-0.01066,0.32996
4112.3223,0,0.21521,-0.01001,0.32886,0.21296,-0.01047,0.32963
4112.3530,0,0.21672,-0.00986,0.32833,0.21409,-0.01029,0.32924
4112.3846,0,0.21693,-0.00950,0.32834,0.21494,-0.01005,0.32897
4112.4206,0,0.21767,-0.00977,0.32800,0.21576,-0.00997,0.32868
4112.4519,0,0.21981,-0.01052,0.32785,0.21697,-0.01013,0.32843
4112.4831,0,0.22253,-0.01124,0.32722,0.21864,-0.01047,0.32807
4112.5157,0,0.22331,-0.01173,0.32706,0.22004,-0.01085,0.32776
4112.5493,0,0.22428,-0.01192,0.32681,0.22131,-0.01117,0.32748
4112.5800,0,0.22543,-0.01211,0.32622,0.22255,-0.01145,0.32710
4112.6118,0,0.22674,-0.01242,0.32566,0.22381,-0.01174,0.32667
4112.6449,0,0.22870,-0.01267,0.32496,0.22527,-0.01202,0.32616
4112.6977,0,0.23126,-0.01224,0.32427,0.22707,-0.01209,0.32559
4112.7304,0,0.23304,-0.01289,0.32371,0.22886,-0.01233,0.32503
4112.7628,0,0.23400,-0.01295,0.32343,0.23040,-0.01252,0.32455
4112.7951,0,0.23576,-0.01293,0.32288,0.23201,-0.01264,0.32405
4112.8300,0,0.23695,-0.01256,0.32236,0.23349,-0.01262,0.32354
4112.8652,0,0.23683,-0.01312,0.32206,0.23450,-0.01277,0.32309
4112.8984,0,0.23818,-0.01298,0.32177,0.23560,-0.01283,0.32270
4112.9360,0,0.23904,-0.01344,0.32121,0.23663,-0.01301,0.32225
4112.9656,0,0.24164,-0.01321,0.32049,0.23813,-0.01307,0.32172
4112.9976,0,0.24434,-0.01317,0.31968,0.24000,-0.01310,0.32111
4113.0289,0,0.24619,-0.01269,0.31898,0.24185,-0.01298,0.32047
4113.0605,0,0.24609,-0.01288,0.31854,0.24313,-0.01295,0.31989
4113.0911,0,0.24689,-0.01268,0.31788,0.24425,-0.01287,0.31929
4113.1222,0,0.24688,-0.01266,0.31730,0.24504,-0.01281,0.31869
4113.1534,0,0.24945,-0.01217,0.31634,0.24636,-0.01261,0.31798
4113.1887,0,0.24953,-0.01148,0.31569,0.24731,-0.01227,0.31730
4113.2199,0,0.25217,-0.01164,0.31447,0.24877,-0.01208,0.31645
4113.2527,0,0.25500,-0.01244,0.31310,0.25064,-0.01219,0.31544
4113.2879,0,0.25337,-0.01343,0.31265,0.25146,-0.01256,0.31461
4113.3189,0,0.25526,-0.01411,0.31168,0.25260,-0.01303,0.31373
4113.3644,0,0.25677,-0.01427,0.31113,0.25385,-0.01340,0.31295
4113.3948,0,0.25886,-0.01392,0.31084,0.25535,-0.01356,0.31232
4113.4302,0,0.25944,-0.01415,0.31107,0.25658,-0.01373,0.31194
4113.4631,0,0.26016,-0.01457,0.31104,0.25765,-0.01399,0.31167
4113.4966,0,0.26220,-0.01462,0.31034,0.25902,-0.01418,0.31127
4113.5285,0,0.26578,-0.01468,0.30942,0.26104,-0.01433,0.31072
4113.5611,0,0.26721,-0.01486,0.30860,0.26289,-0.01449,0.31008
4113.5926,0,0.26903,-0.01474,0.30756,0.26473,-0.01456,0.30933
4113.6227,0,0.27005,-0.01457,0.30678,0.26633,-0.01456,0.30856
4113.6558,0,0.27211,-0.01471,0.30617,0.26806,-0.01461,0.30784
4113.7085,0,0.27475,-0.01391,0.30592,0.27007,-0.01440,0.30727
4113.7433,0,0.27555,-0.01425,0.30591,0.27171,-0.01436,0.30686
4113.7740,0,0.27734,-0.01394,0.30587,0.27340,-0.01423,0.30656
4113.8110,0,0.27994,-0.01331,0.30511,0.27536,-0.01395,0.30613
4113.8446,0,0.28044,-0.01274,0.30472,0.27689,-0.01359,0.30571
4113.8749,0,0.28219,-0.01212,0.30427,0.27848,-0.01315,0.30528
4113.9062,0,0.28388,-0.01214,0.30391,0.28010,-0.01285,0.30487
4113.9451,0,0.28646,-0.01155,0.30344,0.28201,-0.01246,0.30444
4113.9751,0,0.29018,-0.01027,0.30289,0.28446,-0.01180,0.30398
4114.0054,0,0.29202,-0.00916,0.30245,0.28673,-0.01101,0.30352
4114.0350,0,0.29623,-0.00838,0.30152,0.28958,-0.01022,0.30292
4114.0657,0,0.29717,-0.00726,0.30120,0.29186,-0.00933,0.30240
4114.0977,0,0.29815,-0.00731,0.30076,0.29374,-0.00872,0.30191
4114.1306,0,0.30165,-0.00619,0.29973,0.29612,-0.00796,0.30126
4114.1693,0,0.30086,-0.00617,0.29964,0.29754,-0.00742,0.30077
4114.2005,0,0.30195,-0.00712,0.29917,0.29886,-0.00733,0.30029
4114.2429,0,0.30401,-0.00677,0.29840,0.30041,-0.00716,0.29972
4114.2805,0,0.30647,-0.00675,0.29760,0.30223,-0.00704,0.29909
4114.3124,0,0.30717,-0.00664,0.29714,0.30371,-0.00692,0.29850
4114.3437,0,0.30945,-0.00637,0.29663,0.30543,-0.00676,0.29794
4114.3742,0,0.30982,-0.00712,0.29624,0.30675,-0.00687,0.29743
4114.4065,0,0.31149,-0.00780,0.29583,0.30817,-0.00715,0.29695
4114.4384,0,0.31424,-0.00886,0.29530,0.30999,-0.00766,0.29646
4114.4712,0,0.31652,-0.00941,0.29478,0.31195,-0.00818,0.29595
4114.5152,0,0.31728,-0.00970,0.29456,0.31355,-0.00864,0.29553
4114.5541,0,0.31886,-0.00986,0.29422,0.31514,-0.00901,0.29514
4114.5861,0,0.32068,-0.00915,0.29367,0.31680,-0.00905,0.29470
4114.6207,0,0.32160,-0.00909,0.29309,0.31824,-0.00906,0.29422
4114.6517,0,0.32294,-0.00820,0.29258,0.31965,-0.00880,0.29372
4114.6848,0,0.32437,-0.00789,0.29166,0.32107,-0.00853,0.29311
4114.7170,0,0.32530,-0.00734,0.29135,0.32234,-0.00817,0.29258
4114.7523,0,0.32844,-0.00657,0.29050,0.32417,-0.00769,0.29196
4114.7933,0,0.32774,-0.00616,0.29016,0.32524,-0.00723,0.29142
4114.8326,0,0.32884,-0.00608,0.28973,0.32632,-0.00689,0.29091
4114.8633,0,0.33121,-0.00606,0.28865,0.32779,-0.00664,0.29023
4114.8975,0,0.33186,-0.00623,0.28811,0.32901,-0.00652,0.28959
4114.9277,0,0.33492,-0.00565,0.28687,0.33078,-0.00626,0.28878
4114.9585,0,0.33455,-0.00523,0.28620,0.33191,-0.00595,0.28800
4114.9914,0,0.33444,-0.00530,0.28572,0.33267,-0.00575,0.28732
4115.0251,0,0.33440,-0.00579,0.28569,0.33319,-0.00576,0.28683
4115.0589,0,0.33868,-0.00505,0.28528,0.33484,-0.00555,0.28637
4115.0916,0,0.34177,-0.00459,0.28494,0.33692,-0.00526,0.28594
4115.1232,0,0.34463,-0.00426,0.28426,0.33923,-0.00496,0.28543
4115.1560,0,0.34845,-0.00530,0.28340,0.34200,-0.00506,0.28483
4115.1896,0,0.35223,-0.00501,0.28231,0.34507,-0.00505,0.28407
4115.2234,0,0.35276,-0.00459,0.28155,0.34738,-0.00491,0.28332
4115.2581,0,0.35309,-0.00366,0.28139,0.34909,-0.00453,0.28274
4115.2920,0,0.35796,-0.00256,0.28003,0.35175,-0.00394,0.28193
4115.3257,0,0.36061,-0.00206,0.27878,0.35441,-0.00338,0.28098
4115.3585,0,0.36283,-0.00085,0.27770,0.35694,-0.00262,0.28000
4115.3897,0,0.36512,-0.00021,0.27629,0.35939,-0.00190,0.27889
4115.4235,0,0.36768,0.00068,0.27463,0.36188,-0.00112,0.27761
4115.4578,0,0.36923,0.00154,0.27313,0.36408,-0.00032,0.27627
4115.4912,0,0.37112,0.00290,0.27173,0.36619,0.00064,0.27491
4115.5226,0,0.37121,0.00368,0.27066,0.36770,0.00156,0.27363
4115.5560,0,0.37512,0.00464,0.26896,0.36992,0.00248,0.27223
4115.5896,0,0.37695,0.00480,0.26755,0.37203,0.00318,0.27083
4115.6223,0,0.37682,0.00538,0.26687,0.37347,0.00384,0.26964
4115.6592,0,0.37823,0.00571,0.26545,0.37490,0.00440,0.26838
4115.6908,0,0.38104,0.00657,0.26402,0.37674,0.00505,0.26707
4115.7461,0,0.38324,0.00696,0.26273,0.37869,0.00562,0.26577
4115.7777,0,0.38798,0.00787,0.26089,0.38148,0.00630,0.26431
4115.8106,0,0.39075,0.00813,0.25976,0.38426,0.00685,0.26294
4115.8439,0,0.39264,0.00927,0.25895,0.38677,0.00757,0.26175
4115.8770,0,0.39387,0.00974,0.25822,0.38890,0.00822,0.26069
4115.9106,0,0.39697,0.01047,0.25724,0.39132,0.00890,0.25965
4115.9444,0,0.40000,0.01071,0.25615,0.39393,0.00944,0.25860
4115.9798,0,0.40000,0.01188,0.25540,0.39575,0.01017,0.25764
4116.0118,0,0.40000,0.01258,0.25481,0.39702,0.01090,0.25679
4116.0431,0,0.40000,0.01317,0.25466,0.39792,0.01158,0.25615
4116.0741,0,0.40000,0.01308,0.25425,0.39854,0.01203,0.25558
4116.1140,0,0.40000,0.01377,0.25338,0.39898,0.01255,0.25492
4116.1500,0,0.40000,0.01362,0.25291,0.39929,0.01287,0.25432
4116.1831,0,0.40000,0.01282,0.25201,0.39950,0.01286,0.25362
4116.2175,0,0.40000,0.01291,0.25056,0.39965,0.01287,0.25270
4116.2493,0,0.40000,0.01315,0.24907,0.39975,0.01296,0.25162
4116.2798,0,0.40000,0.01409,0.24782,0.39983,0.01330,0.25048
4116.3121,0,0.40000,0.01467,0.24659,0.39988,0.01371,0.24931
4116.3458,0,0.40000,0.01556,0.24541,0.39992,0.01426,0.24814
4116.3770,0,0.40000,0.01634,0.24398,0.39994,0.01489,0.24689
4116.4090,0,0.40000,0.01704,0.24291,0.39996,0.01553,0.24570
4116.4415,0,0.40000,0.01585,0.24197,0.39997,0.01563,0.24458
4116.4785,0,0.40000,0.01784,0.24129,0.39998,0.01629,0.24359
4116.5086,0,0.40000,0.01771,0.24110,0.39999,0.01672,0.24285
4116.5395,0,0.40000,0.01779,0.24067,0.39999,0.01704,0.24219
4116.5719,0,0.40000,0.01779,0.24062,0.39999,0.01726,0.24172
4116.6057,0,0.40000,0.01836,0.23975,0.40000,0.01759,0.24113
4116.6362,0,0.40000,0.01920,0.23889,0.40000,0.01808,0.24046
4116.6696,0,0.40000,0.01988,0.23836,0.40000,0.01862,0.23983
4116.7011,0,0.40000,0.02086,0.23808,0.40000,0.01929,0.23930
4116.7581,0,0.40000,0.02197,0.23765,0.40000,0.02009,0.23881
4116.7894,0,0.40000,0.02244,0.23700,0.40000,0.02080,0.23827
4116.8229,0,0.40000,0.02330,0.23656,0.40000,0.02155,0.23775
4116.8557,0,0.40000,0.02426,0.23572,0.40000,0.02236,0.23714
4116.8887,0,0.40000,0.02653,0.23455,0.40000,0.02361,0.23637
4116.9279,0,0.40000,0.02769,0.23285,0.40000,0.02484,0.23531
4116.9587,0,0.40000,0.02844,0.23216,0.40000,0.02592,0.23437
4116.9917,0,0.40000,0.02926,0.23114,0.40000,0.02692,0.23340
4117.0227,0,0.40000,0.03001,0.22993,0.40000,0.02785,0.23236
4117.0560,0,0.40000,0.03162,0.22923,0.40000,0.02898,0.23142
4117.0934,0,0.40000,0.03351,0.22920,0.40000,0.03034,0.23075
4117.1268,0,0.40000,0.03448,0.22950,0.40000,0.03158,0.23038
4117.1574,0,0.40000,0.03547,0.22945,0.40000,0.03275,0.23010
4117.1921,0,0.40000,0.03574,0.22840,0.40000,0.03365,0.22959
4117.2254,0,0.40000,0.03633,0.22826,0.40000,0.03445,0.22919
4117.2556,0,0.40000,0.03701,0.22683,0.40000,0.03522,0.22848
4117.2902,0,0.40000,0.03727,0.22589,0.40000,0.03583,0.22770
4117.3284,0,0.40000,0.03682,0.22559,0.40000,0.03613,0.22707
4117.3612,0,0.40000,0.03694,0.22526,0.40000,0.03637,0.22653
4117.3990,0,0.40000,0.03484,0.22610,0.40000,0.03591,0.22640
4117.4320,0,0.40000,0.03569,0.22630,0.40000,0.03585,0.22637
4117.4662,0,0.40000,0.03577,0.22701,0.40000,0.03582,0.22656
4117.4975,0,0.40000,0.03613,0.22717,0.40000,0.03592,0.22674
4117.5301,0,0.40000,0.03624,0.22720,0.40000,0.03601,0.22688
4117.5614,0,0.40000,0.03728,0.22708,0.40000,0.03639,0.22694
4117.5935,0,0.40000,0.04123,0.22777,0.40000,0.03784,0.22719
4117.6246,0,0.40000,0.04448,0.22837,0.40000,0.03984,0.22754
4117.6565,0,0.40000,0.04439,0.23032,0.40000,0.04120,0.22838
4117.6886,0,0.40000,0.03894,0.23026,0.40000,0.04052,0.22894
4117.7219,0,0.37945,0.02406,0.22970,0.39383,0.03558,0.22917
4117.7722,0,0.36600,0.00918,0.21690,0.38548,0.02766,0.22549
4117.8052,0,0.37128,-0.00687,0.19493,0.38122,0.01731,0.21632
4117.8382,0,0.35292,-0.01353,0.16843,0.37273,0.00805,0.20195
4117.8703,0,0.07779,-0.04064,0.18582,0.28425,-0.00656,0.19711
