t,seg,rx,ry,rz,fx,fy,fz
7706.9051,0,0.31961,0.17968,0.22811,0.32122,0.18138,0.22761
7706.9374,0,0.31901,0.17870,0.22808,0.32056,0.18058,0.22775
7706.9725,0,0.31825,0.17905,0.22789,0.31987,0.18012,0.22779
7707.0035,0,0.31906,0.17875,0.22755,0.31963,0.17971,0.22772
7707.0341,0,0.31983,0.17839,0.22710,0.31969,0.17931,0.22753
7707.0711,0,0.32090,0.17900,0.22670,0.32005,0.17922,0.22728
7707.1032,0,0.32067,0.17906,0.22662,0.32024,0.17917,0.22708
7707.1342,0,0.32016,0.17876,0.22659,0.32022,0.17905,0.22694
7707.1706,0,0.31973,0.17790,0.22666,0.32007,0.17870,0.22686
7707.2030,0,0.31918,0.17732,0.22676,0.31980,0.17829,0.22683
7707.2383,0,0.31800,0.17690,0.22699,0.31926,0.17787,0.22688
7707.2707,0,0.31874,0.17606,0.22707,0.31910,0.17733,0.22693
7707.3038,0,0.31942,0.17585,0.22692,0.31920,0.17689,0.22693
7707.3397,0,0.31987,0.17568,0.22695,0.31940,0.17652,0.22694
7707.3756,0,0.31981,0.17582,0.22705,0.31952,0.17631,0.22697
7707.4067,0,0.31958,0.17603,0.22720,0.31954,0.17623,0.22704
7707.4388,0,0.32104,0.17596,0.22713,0.31999,0.17615,0.22707
7707.4703,0,0.32182,0.17598,0.22726,0.32054,0.17610,0.22713
7707.5032,0,0.32052,0.17556,0.22795,0.32053,0.17594,0.22737
7707.5349,0,0.32030,0.17477,0.22829,0.32046,0.17559,0.22765
7707.5741,0,0.31935,0.17410,0.22882,0.32013,0.17514,0.22800
7707.6072,0,0.31718,0.17221,0.22893,0.31925,0.17426,0.22828
7707.6439,0,0.31670,0.17081,0.22876,0.31848,0.17322,0.22843
7707.6762,0,0.31787,0.16955,0.22805,0.31830,0.17212,0.22831
7707.7091,0,0.31875,0.16856,0.22760,0.31843,0.17105,0.22810
7707.7446,0,0.31959,0.16679,0.22698,0.31878,0.16977,0.22776
7707.7745,0,0.31946,0.16458,0.22718,0.31899,0.16821,0.22759
7707.8063,0,0.31824,0.16331,0.22683,0.31876,0.16674,0.22736
7707.8379,0,0.31778,0.16193,0.22662,0.31847,0.16530,0.22714
7707.8745,0,0.31737,0.15963,0.22694,0.31814,0.16360,0.22708
7707.9079,0,0.31837,0.15601,0.22694,0.31821,0.16132,0.22704
7707.9392,0,0.32024,0.15315,0.22642,0.31882,0.15887,0.22685
7707.9714,0,0.32120,0.15028,0.22602,0.31953,0.15629,0.22660
7708.0050,0,0.32075,0.14658,0.22575,0.31990,0.15338,0.22635
7708.0366,0,0.32390,0.14338,0.22495,0.32110,0.15038,0.22593
7708.0725,0,0.32622,0.14065,0.22462,0.32264,0.14746,0.22554
7708.1034,0,0.32332,0.13767,0.22544,0.32284,0.14452,0.22551
7708.1358,0,0.32294,0.13521,0.22617,0.32287,0.14173,0.22570
7708.1706,0,0.32224,0.13122,0.22724,0.32268,0.13858,0.22617
7708.2107,0,0.31998,0.12602,0.22812,0.32187,0.13481,0.22675
7708.2419,0,0.31919,0.12123,0.22895,0.32106,0.13074,0.22741
7708.2738,0,0.31987,0.11737,0.22864,0.32071,0.12673,0.22778
7708.3068,0,0.31967,0.11391,0.22900,0.32039,0.12288,0.22815
7708.3373,0,0.31659,0.10942,0.22994,0.31925,0.11884,0.22868
7708.3708,0,0.31903,0.10547,0.22987,0.31919,0.11483,0.22904
7708.4026,0,0.31887,0.10170,0.23055,0.31909,0.11089,0.22949
7708.4342,0,0.31756,0.09783,0.23089,0.31863,0.10697,0.22991
7708.4714,0,0.31767,0.09325,0.23106,0.31834,0.10286,0.23026
7708.5028,0,0.31519,0.08888,0.23184,0.31740,0.09866,0.23073
7708.5350,0,0.31296,0.08529,0.23266,0.31607,0.09465,0.23131
7708.5704,0,0.31483,0.08279,0.23298,0.31570,0.09109,0.23181
7708.6024,0,0.31437,0.07950,0.23372,0.31530,0.08761,0.23238
7708.6367,0,0.31609,0.07691,0.23419,0.31554,0.08440,0.23292
7708.6712,0,0.31450,0.07511,0.23486,0.31522,0.08162,0.23351
7708.7034,0,0.31168,0.07180,0.23607,0.31416,0.07867,0.23428
7708.7344,0,0.31178,0.06919,0.23672,0.31345,0.07583,0.23501
7708.7713,0,0.31270,0.06717,0.23733,0.31322,0.07323,0.23570
7708.8060,0,0.31092,0.06484,0.23814,0.31253,0.07071,0.23644
7708.8378,0,0.30891,0.06326,0.23891,0.31145,0.06848,0.23718
7708.8704,0,0.30953,0.06230,0.23886,0.31087,0.06662,0.23768
7708.9029,0,0.30973,0.06099,0.23892,0.31053,0.06493,0.23805
7708.9349,0,0.30883,0.05901,0.23938,0.31002,0.06316,0.23845
7708.9752,0,0.30871,0.05652,0.23936,0.30963,0.06117,0.23872
7709.0068,0,0.31044,0.05451,0.23902,0.30987,0.05917,0.23881
7709.0387,0,0.31255,0.05237,0.23799,0.31067,0.05713,0.23857
7709.0720,0,0.31451,0.05052,0.23697,0.31183,0.05514,0.23809
7709.1043,0,0.31723,0.04834,0.23639,0.31345,0.05310,0.23758
7709.1344,0,0.31706,0.04553,0.23607,0.31453,0.05083,0.23713
7709.1698,0,0.31772,0.04238,0.23575,0.31549,0.04830,0.23672
7709.2028,0,0.31781,0.03976,0.23509,0.31618,0.04573,0.23623
7709.2337,0,0.31844,0.03640,0.23477,0.31686,0.04293,0.23579
7709.2720,0,0.31732,0.03328,0.23442,0.31700,0.04004,0.23538
7709.3041,0,0.32160,0.03053,0.23342,0.31838,0.03719,0.23479
7709.3353,0,0.32142,0.02845,0.23333,0.31929,0.03456,0.23435
7709.3724,0,0.31967,0.02649,0.23322,0.31941,0.03214,0.23401
7709.4024,0,0.31715,0.02440,0.23369,0.31873,0.02982,0.23392
7709.4341,0,0.31575,0.02239,0.23410,0.31783,0.02759,0.23397
7709.4701,0,0.31529,0.01973,0.23431,0.31707,0.02523,0.23407
7709.5085,0,0.31485,0.01680,0.23489,0.31641,0.02270,0.23432
7709.5429,0,0.31422,0.01419,0.23522,0.31575,0.02015,0.23459
7709.5770,0,0.31607,0.01202,0.23523,0.31585,0.01771,0.23478
7709.6078,0,0.31377,0.00975,0.23578,0.31522,0.01532,0.23508
7709.6405,0,0.31264,0.00822,0.23628,0.31445,0.01319,0.23544
7709.6720,0,0.31200,0.00563,0.23628,0.31371,0.01092,0.23569
7709.7035,0,0.31067,0.00298,0.23676,0.31280,0.00854,0.23601
7709.7356,0,0.30989,0.00064,0.23702,0.31193,0.00617,0.23632
7709.7715,0,0.30886,-0.00212,0.23741,0.31101,0.00368,0.23664
7709.8066,0,0.31077,-0.00432,0.23716,0.31094,0.00128,0.23680
7709.8369,0,0.31319,-0.00618,0.23703,0.31161,-0.00096,0.23687
7709.8716,0,0.31345,-0.00789,0.23708,0.31217,-0.00304,0.23693
7709.9026,0,0.31168,-0.01073,0.23759,0.31202,-0.00534,0.23713
7709.9341,0,0.31207,-0.01273,0.23768,0.31203,-0.00756,0.23729
7709.9721,0,0.31008,-0.01498,0.23784,0.31145,-0.00979,0.23746
7710.0028,0,0.30873,-0.01672,0.23776,0.31063,-0.01186,0.23755
7710.0362,0,0.30819,-0.01856,0.23796,0.30990,-0.01387,0.23767
7710.0720,0,0.30938,-0.02082,0.23787,0.30975,-0.01596,0.23773
7710.1027,0,0.30774,-0.02121,0.23813,0.30915,-0.01753,0.23785
7710.1355,0,0.30815,-0.02377,0.23805,0.30885,-0.01940,0.23791
7710.1710,0,0.30735,-0.02497,0.23807,0.30840,-0.02107,0.23796
7710.2034,0,0.30876,-0.02672,0.23788,0.30851,-0.02277,0.23794
7710.2338,0,0.31113,-0.02865,0.23740,0.30929,-0.02453,0.23777
7710.2701,0,0.31249,-0.02987,0.23690,0.31025,-0.02613,0.23751
7710.3029,0,0.31274,-0.03237,0.23711,0.31100,-0.02801,0.23739
7710.3356,0,0.31372,-0.03358,0.23713,0.31182,-0.02968,0.23731
7710.3728,0,0.31421,-0.03589,0.23716,0.31254,-0.03154,0.23727
7710.4036,0,0.31388,-0.03773,0.23746,0.31294,-0.03340,0.23733
7710.4342,0,0.31421,-0.03939,0.23772,0.31332,-0.03519,0.23745
7710.4715,0,0.31364,-0.04175,0.23791,0.31342,-0.03716,0.23758
7710.5025,0,0.31510,-0.04388,0.23753,0.31392,-0.03918,0.23757
7710.5343,0,0.31620,-0.04590,0.23726,0.31460,-0.04119,0.23748
7710.5707,0,0.31630,-0.04815,0.23707,0.31511,-0.04328,0.23735
7710.6051,0,0.31681,-0.04977,0.23667,0.31562,-0.04523,0.23715
7710.6400,0,0.31685,-0.05169,0.23626,0.31599,-0.04717,0.23688
7710.6745,0,0.31843,-0.05534,0.23590,0.31672,-0.04962,0.23659
7710.7059,0,0.31814,-0.05840,0.23591,0.31715,-0.05225,0.23638
7710.7377,0,0.31708,-0.05999,0.23599,0.31713,-0.05457,0.23627
7710.7689,0,0.31771,-0.06168,0.23575,0.31731,-0.05670,0.23611
7710.8067,0,0.31644,-0.06336,0.23602,0.31705,-0.05870,0.23608
7710.8398,0,0.31503,-0.06534,0.23676,0.31644,-0.06069,0.23629
7710.8708,0,0.31454,-0.06771,0.23721,0.31587,-0.06280,0.23656
7710.9025,0,0.31683,-0.06902,0.23731,0.31616,-0.06467,0.23679
7710.9380,0,0.31681,-0.07071,0.23792,0.31636,-0.06648,0.23713
7710.9700,0,0.31498,-0.07178,0.23830,0.31594,-0.06807,0.23748
7711.0024,0,0.31431,-0.07319,0.23863,0.31545,-0.06960,0.23783
7711.0356,0,0.31351,-0.07433,0.23881,0.31487,-0.07102,0.23812
7711.0709,0,0.31515,-0.07526,0.23852,0.31495,-0.07229,0.23824
7711.1038,0,0.31502,-0.07694,0.23827,0.31497,-0.07369,0.23825
7711.1358,0,0.31510,-0.07792,0.23811,0.31501,-0.07496,0.23821
7711.1719,0,0.31534,-0.07896,0.23826,0.31511,-0.07616,0.23822
7711.2036,0,0.31629,-0.07955,0.23834,0.31547,-0.07718,0.23826
7711.2363,0,0.31512,-0.08061,0.23839,0.31536,-0.07821,0.23830
7711.2734,0,0.31502,-0.08133,0.23832,0.31526,-0.07914,0.23830
7711.3064,0,0.31393,-0.08227,0.23842,0.31486,-0.08008,0.23834
7711.3396,0,0.31473,-0.08353,0.23821,0.31482,-0.08112,0.23830
7711.3721,0,0.31653,-0.08406,0.23794,0.31533,-0.08200,0.23819
7711.4069,0,0.31794,-0.08565,0.23776,0.31612,-0.08310,0.23806
7711.4376,0,0.31924,-0.08718,0.23735,0.31705,-0.08432,0.23785
7711.4705,0,0.32061,-0.08899,0.23697,0.31812,-0.08572,0.23758
7711.5076,0,0.32082,-0.08925,0.23699,0.31893,-0.08678,0.23741
7711.5382,0,0.32268,-0.09104,0.23694,0.32006,-0.08806,0.23727
7711.5706,0,0.32161,-0.09315,0.23710,0.32052,-0.08959,0.23722
7711.6034,0,0.32026,-0.09485,0.23712,0.32044,-0.09117,0.23719
7711.6367,0,0.31895,-0.09647,0.23713,0.32000,-0.09276,0.23717
7711.6670,0,0.31888,-0.09834,0.23691,0.31966,-0.09443,0.23709
7711.7024,0,0.31957,-0.10019,0.23653,0.31963,-0.09616,0.23692
7711.7373,0,0.32068,-0.10158,0.23641,0.31995,-0.09779,0.23677
7711.7723,0,0.32287,-0.10336,0.23613,0.32082,-0.09946,0.23658
7711.8068,0,0.32168,-0.10457,0.23624,0.32108,-0.10099,0.23648
7711.8374,0,0.32193,-0.10652,0.23671,0.32133,-0.10265,0.23655
7711.8693,0,0.32508,-0.10742,0.23614,0.32246,-0.10408,0.23643
7711.9063,0,0.32332,-0.10968,0.23623,0.32272,-0.10576,0.23637
7711.9385,0,0.32314,-0.11194,0.23613,0.32284,-0.10761,0.23630
7711.9723,0,0.32590,-0.11350,0.23558,0.32376,-0.10938,0.23608
7712.0031,0,0.32669,-0.11567,0.23500,0.32464,-0.11127,0.23576
7712.0345,0,0.32561,-0.11733,0.23526,0.32493,-0.11309,0.23561
7712.0671,0,0.32500,-0.11850,0.23540,0.32495,-0.11471,0.23555
7712.1043,0,0.32567,-0.12023,0.23527,0.32517,-0.11636,0.23546
7712.1357,0,0.32226,-0.12090,0.23600,0.32430,-0.11773,0.23562
7712.1672,0,0.32303,-0.12245,0.23610,0.32392,-0.11914,0.23577
7712.2031,0,0.32351,-0.12351,0.23583,0.32379,-0.12045,0.23578
7712.2347,0,0.32415,-0.12512,0.23571,0.32390,-0.12185,0.23576
7712.2707,0,0.32487,-0.12631,0.23547,0.32419,-0.12319,0.23567
7712.3035,0,0.32537,-0.12755,0.23528,0.32455,-0.12450,0.23555
7712.3343,0,0.32655,-0.12824,0.23505,0.32515,-0.12562,0.23540
7712.3698,0,0.32684,-0.13115,0.23457,0.32566,-0.12728,0.23515
7712.4025,0,0.32933,-0.13226,0.23406,0.32676,-0.12877,0.23482
7712.4405,0,0.33035,-0.13304,0.23363,0.32784,-0.13005,0.23447
7712.4755,0,0.33133,-0.13530,0.23326,0.32889,-0.13163,0.23410
7712.5085,0,0.33048,-0.13721,0.23298,0.32936,-0.13330,0.23377
7712.5395,0,0.33114,-0.13832,0.23295,0.32990,-0.13481,0.23352
7712.5694,0,0.33290,-0.13974,0.23258,0.33080,-0.13629,0.23324
7712.6026,0,0.33141,-0.14277,0.23296,0.33098,-0.13823,0.23315
7712.6350,0,0.33158,-0.14506,0.23298,0.33116,-0.14028,0.23310
7712.6674,0,0.33017,-0.14654,0.23334,0.33086,-0.14216,0.23317
7712.7028,0,0.32946,-0.14833,0.23361,0.33044,-0.14401,0.23330
7712.7342,0,0.32861,-0.14993,0.23407,0.32989,-0.14578,0.23353
7712.7672,0,0.32959,-0.15279,0.23398,0.32980,-0.14789,0.23367
7712.8062,0,0.33046,-0.15582,0.23392,0.33000,-0.15027,0.23375
7712.8401,0,0.33156,-0.15760,0.23390,0.33047,-0.15247,0.23379
7712.8709,0,0.32986,-0.15998,0.23417,0.33029,-0.15472,0.23391
7712.9031,0,0.32776,-0.16275,0.23457,0.32953,-0.15713,0.23410
7712.9348,0,0.32775,-0.16337,0.23495,0.32900,-0.15900,0.23436
7712.9687,0,0.32833,-0.16447,0.23463,0.32880,-0.16064,0.23444
7713.0074,0,0.32636,-0.16596,0.23527,0.32806,-0.16224,0.23469
7713.0386,0,0.32769,-0.16727,0.23508,0.32795,-0.16374,0.23481
7713.0714,0,0.32862,-0.16817,0.23494,0.32815,-0.16507,0.23485
7713.1026,0,0.32807,-0.17024,0.23479,0.32813,-0.16662,0.23483
7713.1347,0,0.32681,-0.17226,0.23508,0.32773,-0.16831,0.23491
7713.1684,0,0.32651,-0.17329,0.23523,0.32737,-0.16981,0.23500
7713.2068,0,0.32651,-0.17559,0.23538,0.32711,-0.17154,0.23512
7713.2412,0,0.32836,-0.17643,0.23545,0.32748,-0.17301,0.23522
7713.2719,0,0.32897,-0.17764,0.23557,0.32793,-0.17440,0.23532
7713.3037,0,0.32853,-0.17940,0.23582,0.32811,-0.17590,0.23547
7713.3347,0,0.32896,-0.18162,0.23576,0.32836,-0.17762,0.23556
7713.3683,0,0.33177,-0.18315,0.23528,0.32938,-0.17928,0.23547
7713.4021,0,0.33140,-0.18574,0.23542,0.32999,-0.18122,0.23546
7713.4340,0,0.33018,-0.18756,0.23580,0.33005,-0.18312,0.23556
7713.4675,0,0.33197,-0.18965,0.23607,0.33062,-0.18508,0.23571
7713.5024,0,0.33279,-0.19110,0.23555,0.33127,-0.18689,0.23566
7713.5356,0,0.33116,-0.19283,0.23599,0.33124,-0.18867,0.23576
7713.5688,0,0.33106,-0.19471,0.23641,0.33119,-0.19048,0.23596
7713.6061,0,0.33282,-0.19624,0.23569,0.33168,-0.19221,0.23588
7713.6403,0,0.33075,-0.19795,0.23568,0.33140,-0.19393,0.23582
7713.6706,0,0.33325,-0.19955,0.23582,0.33195,-0.19562,0.23582
7713.7025,0,0.33311,-0.20048,0.23593,0.33230,-0.19708,0.23585
7713.7350,0,0.33404,-0.20182,0.23585,0.33282,-0.19850,0.23585
7713.7671,0,0.33426,-0.20361,0.23582,0.33325,-0.20003,0.23584
7713.8022,0,0.33412,-0.20392,0.23567,0.33351,-0.20120,0.23579
7713.8359,0,0.33548,-0.20682,0.23536,0.33410,-0.20289,0.23566
7713.8698,0,0.33486,-0.20824,0.23538,0.33433,-0.20449,0.23558
7713.9025,0,0.33516,-0.20973,0.23562,0.33458,-0.20606,0.23559
7713.9353,0,0.33599,-0.21078,0.23562,0.33500,-0.20748,0.23560
7713.9686,0,0.33540,-0.21186,0.23588,0.33512,-0.20879,0.23568
7714.0022,0,0.33488,-0.21351,0.23616,0.33505,-0.21021,0.23583
7714.0345,0,0.33521,-0.21449,0.23635,0.33510,-0.21149,0.23598
7714.0673,0,0.33531,-0.21631,0.23650,0.33516,-0.21294,0.23614
7714.1023,0,0.33515,-0.21819,0.23655,0.33516,-0.21451,0.23626
7714.1347,0,0.33751,-0.21961,0.23616,0.33586,-0.21604,0.23623
7714.1692,0,0.33679,-0.22236,0.23583,0.33614,-0.21794,0.23611
7714.2050,0,0.33590,-0.22494,0.23574,0.33607,-0.22004,0.23600
7714.2369,0,0.33715,-0.22592,0.23510,0.33639,-0.22180,0.23573
7714.2680,0,0.33475,-0.22783,0.23508,0.33590,-0.22361,0.23553
7714.3030,0,0.33537,-0.22988,0.23485,0.33574,-0.22549,0.23533
7714.3367,0,0.33543,-0.23199,0.23487,0.33565,-0.22744,0.23519
7714.3691,0,0.33498,-0.23275,0.23522,0.33545,-0.22903,0.23520
7714.4030,0,0.33527,-0.23406,0.23576,0.33539,-0.23054,0.23537
7714.4355,0,0.33691,-0.23492,0.23559,0.33585,-0.23186,0.23543
7714.4677,0,0.33695,-0.23726,0.23595,0.33618,-0.23348,0.23559
7714.5033,0,0.33814,-0.23758,0.23588,0.33677,-0.23471,0.23568
7714.5435,0,0.33646,-0.24003,0.23595,0.33668,-0.23630,0.23576
7714.5785,0,0.33645,-0.24205,0.23597,0.33661,-0.23803,0.23582
7714.6115,0,0.33641,-0.24221,0.23584,0.33655,-0.23928,0.23583
7714.6432,0,0.33863,-0.24308,0.23559,0.33717,-0.24042,0.23576
7714.6781,0,0.33951,-0.24445,0.23572,0.33787,-0.24163,0.23575
7714.7087,0,0.33896,-0.24559,0.23598,0.33820,-0.24282,0.23582
7714.7412,0,0.33839,-0.24600,0.23647,0.33826,-0.24377,0.23601
7714.7724,0,0.34096,-0.24562,0.23680,0.33907,-0.24433,0.23625
7714.8069,0,0.34138,-0.24702,0.23703,0.33976,-0.24513,0.23648
7714.8383,0,0.34154,-0.24635,0.23751,0.34029,-0.24550,0.23679
7714.8700,0,0.34195,-0.24704,0.23750,0.34079,-0.24596,0.23701
7714.9023,0,0.34052,-0.24788,0.23778,0.34071,-0.24653,0.23724
7714.9393,0,0.34062,-0.24640,0.23774,0.34068,-0.24649,0.23739
7714.9721,0,0.34255,-0.24688,0.23716,0.34124,-0.24661,0.23732
7715.0027,0,0.34162,-0.24663,0.23694,0.34135,-0.24662,0.23721
7715.0365,0,0.34037,-0.24534,0.23696,0.34106,-0.24623,0.23713
7715.0726,0,0.33873,-0.24519,0.23682,0.34036,-0.24592,0.23704
7715.1041,0,0.33693,-0.24312,0.23693,0.33933,-0.24508,0.23701
7715.1357,0,0.33682,-0.24144,0.23708,0.33858,-0.24399,0.23703
7715.1672,0,0.33719,-0.23993,0.23696,0.33816,-0.24277,0.23701
7715.2039,0,0.33525,-0.23780,0.23753,0.33729,-0.24128,0.23716
7715.2360,0,0.33599,-0.23561,0.23727,0.33690,-0.23958,0.23719
7715.2702,0,0.33576,-0.23415,0.23694,0.33656,-0.23795,0.23712
7715.3118,0,0.33607,-0.23183,0.23676,0.33641,-0.23611,0.23701
7715.3419,0,0.33341,-0.22962,0.23667,0.33551,-0.23416,0.23691
7715.3756,0,0.33223,-0.22620,0.23659,0.33452,-0.23178,0.23681
7715.4064,0,0.33176,-0.22317,0.23629,0.33370,-0.22919,0.23666
7715.4382,0,0.32949,-0.22134,0.23622,0.33243,-0.22684,0.23653
7715.4689,0,0.33067,-0.21919,0.23569,0.33190,-0.22454,0.23628
7715.5024,0,0.33053,-0.21590,0.23556,0.33149,-0.22195,0.23606
7715.5356,0,0.33118,-0.21325,0.23500,0.33140,-0.21934,0.23574
7715.5690,0,0.32957,-0.21034,0.23497,0.33085,-0.21664,0.23551
7715.6050,0,0.32965,-0.20762,0.23463,0.33049,-0.21393,0.23525
7715.6351,0,0.32909,-0.20518,0.23455,0.33007,-0.21131,0.23504
7715.6693,0,0.32763,-0.20210,0.23444,0.32934,-0.20855,0.23486
7715.7008,0,0.32888,-0.20049,0.23416,0.32920,-0.20613,0.23465
7715.7350,0,0.32661,-0.19714,0.23408,0.32842,-0.20343,0.23448
7715.7736,0,0.32637,-0.19529,0.23396,0.32781,-0.20099,0.23432
7715.8048,0,0.32778,-0.19314,0.23340,0.32780,-0.19863,0.23404
7715.8348,0,0.32670,-0.19023,0.23315,0.32747,-0.19611,0.23378
7715.8671,0,0.32396,-0.18791,0.23293,0.32642,-0.19365,0.23352
7715.9008,0,0.32363,-0.18446,0.23282,0.32558,-0.19090,0.23331
7715.9383,0,0.32354,-0.18216,0.23263,0.32497,-0.18827,0.23311
7715.9696,0,0.32295,-0.17933,0.23241,0.32436,-0.18559,0.23290
7716.0016,0,0.32139,-0.17759,0.23215,0.32347,-0.18319,0.23267
7716.0369,0,0.32151,-0.17593,0.23235,0.32288,-0.18101,0.23258
7716.0663,0,0.32234,-0.17390,0.23209,0.32272,-0.17888,0.23243
7716.0984,0,0.32384,-0.17150,0.23151,0.32306,-0.17666,0.23216
7716.1335,0,0.32230,-0.17024,0.23163,0.32283,-0.17474,0.23200
7716.1717,0,0.32130,-0.16913,0.23159,0.32237,-0.17305,0.23188
7716.2024,0,0.32158,-0.16740,0.23155,0.32213,-0.17136,0.23178
7716.2404,0,0.32247,-0.16403,0.23155,0.32223,-0.16916,0.23171
7716.2709,0,0.32546,-0.16214,0.23112,0.32320,-0.16705,0.23153
7716.3032,0,0.32678,-0.15922,0.23055,0.32428,-0.16470,0.23124
7716.3367,0,0.32669,-0.15679,0.23029,0.32500,-0.16233,0.23095
7716.3675,0,0.32771,-0.15421,0.22945,0.32581,-0.15989,0.23050
7716.4039,0,0.33176,-0.15189,0.22860,0.32760,-0.15749,0.22993
7716.4360,0,0.33325,-0.14938,0.22767,0.32929,-0.15506,0.22925
7716.4689,0,0.33413,-0.14622,0.22728,0.33075,-0.15241,0.22866
7716.5084,0,0.33312,-0.14276,0.22734,0.33146,-0.14951,0.22826
7716.5393,0,0.33277,-0.14131,0.22725,0.33185,-0.14705,0.22796
7716.5692,0,0.33700,-0.13931,0.22642,0.33340,-0.14473,0.22750
7716.6031,0,0.33971,-0.13541,0.22540,0.33529,-0.14193,0.22687
7716.6347,0,0.33956,-0.13246,0.22483,0.33657,-0.13909,0.22626
7716.6743,0,0.34020,-0.12693,0.22429,0.33766,-0.13544,0.22567
7716.7063,0,0.33927,-0.12549,0.22388,0.33814,-0.13246,0.22513
7716.7379,0,0.33824,-0.12273,0.22374,0.33817,-0.12954,0.22471
7716.7704,0,0.34011,-0.11781,0.22330,0.33875,-0.12602,0.22429
7716.8071,0,0.34253,-0.11222,0.22260,0.33989,-0.12188,0.22378
7716.8372,0,0.33878,-0.11090,0.22370,0.33955,-0.11859,0.22376
7716.8695,0,0.33701,-0.10642,0.22409,0.33879,-0.11494,0.22386
7716.9002,0,0.33714,-0.10479,0.22471,0.33829,-0.11189,0.22411
7716.9351,0,0.33988,-0.10246,0.22407,0.33877,-0.10906,0.22410
7716.9675,0,0.33469,-0.10078,0.22538,0.33755,-0.10658,0.22448
7717.0018,0,0.33314,-0.09875,0.22580,0.33623,-0.10423,0.22488
7717.0360,0,0.33243,-0.09622,0.22592,0.33509,-0.10183,0.22519
7717.0674,0,0.33190,-0.09385,0.22640,0.33413,-0.09944,0.22555
7717.1006,0,0.32907,-0.09241,0.22714,0.33261,-0.09733,0.22603
7717.1355,0,0.32687,-0.09136,0.22752,0.33089,-0.09554,0.22648
7717.1679,0,0.32343,-0.08783,0.22798,0.32865,-0.09323,0.22693
7717.2007,0,0.32393,-0.08532,0.22850,0.32724,-0.09085,0.22740
7717.2342,0,0.32287,-0.08421,0.22890,0.32593,-0.08886,0.22785
7717.2670,0,0.32053,-0.08213,0.22926,0.32431,-0.08684,0.22827
7717.3016,0,0.32101,-0.07932,0.22930,0.32332,-0.08458,0.22858
7717.3348,0,0.32276,-0.07661,0.22910,0.32315,-0.08219,0.22874
7717.3671,0,0.32429,-0.07475,0.22893,0.32349,-0.07996,0.22880
7717.3997,0,0.32455,-0.07179,0.22799,0.32381,-0.07751,0.22855
7717.4344,0,0.31994,-0.07026,0.22765,0.32265,-0.07533,0.22828
7717.4670,0,0.32173,-0.06816,0.22623,0.32237,-0.07318,0.22767
7717.5009,0,0.31999,-0.06533,0.22535,0.32166,-0.07083,0.22697
7717.5347,0,0.32021,-0.06282,0.22488,0.32122,-0.06842,0.22634
7717.5714,0,0.32000,-0.05978,0.22541,0.32086,-0.06583,0.22606
7717.6035,0,0.31904,-0.05679,0.22622,0.32031,-0.06312,0.22611
7717.6367,0,0.31935,-0.05199,0.22687,0.32002,-0.05978,0.22634
7717.6682,0,0.31941,-0.04890,0.22755,0.31984,-0.05652,0.22670
7717.7010,0,0.31886,-0.04661,0.22800,0.31955,-0.05354,0.22709
7717.7351,0,0.31673,-0.04291,0.22861,0.31870,-0.05035,0.22754
7717.7751,0,0.31643,-0.03949,0.22840,0.31802,-0.04710,0.22780
7717.8055,0,0.31497,-0.03649,0.22859,0.31710,-0.04391,0.22804
7717.8371,0,0.31542,-0.03364,0.22895,0.31660,-0.04083,0.22831
7717.8679,0,0.31529,-0.03074,0.22899,0.31621,-0.03780,0.22852
7717.9013,0,0.31455,-0.02925,0.22901,0.31571,-0.03524,0.22866
7717.9355,0,0.31407,-0.02454,0.22894,0.31522,-0.03203,0.22875
7717.9795,0,0.31531,-0.02186,0.22898,0.31524,-0.02898,0.22882
7718.0101,0,0.32080,-0.01735,0.22827,0.31691,-0.02549,0.22865
7718.0415,0,0.32175,-0.01496,0.22888,0.31836,-0.02233,0.22872
7718.0745,0,0.32282,-0.01168,0.22901,0.31970,-0.01913,0.22881
7718.1052,0,0.32370,-0.00811,0.22883,0.32090,-0.01583,0.22881
7718.1357,0,0.32399,-0.00511,0.22940,0.32182,-0.01261,0.22899
7718.1674,0,0.32617,-0.00198,0.22978,0.32313,-0.00942,0.22923
7718.2014,0,0.32922,0.00121,0.22974,0.32496,-0.00623,0.22938
7718.2346,0,0.32911,0.00324,0.23074,0.32620,-0.00339,0.22979
7718.2668,0,0.32913,0.00561,0.23142,0.32708,-0.00069,0.23028
7718.2991,0,0.32724,0.00946,0.23185,0.32713,0.00235,0.23075
7718.3338,0,0.32404,0.01230,0.23228,0.32620,0.00534,0.23121
7718.3658,0,0.32618,0.01527,0.23246,0.32619,0.00832,0.23159
7718.3986,0,0.32331,0.01889,0.23356,0.32533,0.01149,0.23218
7718.4334,0,0.32093,0.02142,0.23493,0.32401,0.01447,0.23300
7718.4659,0,0.31713,0.02358,0.23677,0.32195,0.01720,0.23413
7718.4990,0,0.31758,0.02679,0.23745,0.32064,0.02008,0.23513
7718.5345,0,0.31899,0.02902,0.23829,0.32014,0.02276,0.23607
7718.5669,0,0.32056,0.03182,0.23889,0.32027,0.02548,0.23692
7718.5998,0,0.32063,0.03420,0.23999,0.32038,0.02810,0.23784
7718.6336,0,0.32081,0.03607,0.24044,0.32051,0.03049,0.23862
7718.6668,0,0.32335,0.03911,0.24071,0.32136,0.03307,0.23925
7718.6996,0,0.32097,0.04110,0.24194,0.32124,0.03548,0.24006
7718.7352,0,0.32588,0.04507,0.24106,0.32263,0.03836,0.24036
7718.7730,0,0.32134,0.04813,0.24202,0.32225,0.04129,0.24086
7718.8039,0,0.31841,0.05051,0.24288,0.32110,0.04406,0.24147
7718.8344,0,0.31834,0.05404,0.24298,0.32027,0.04705,0.24192
7718.8672,0,0.31794,0.05672,0.24292,0.31957,0.04995,0.24222
7718.9004,0,0.32106,0.06055,0.24256,0.32002,0.05313,0.24232
7718.9357,0,0.31790,0.06311,0.24273,0.31938,0.05612,0.24244
7718.9670,0,0.31649,0.06578,0.24311,0.31851,0.05902,0.24264
7719.0001,0,0.31858,0.06778,0.24267,0.31853,0.06165,0.24265
7719.0347,0,0.31760,0.07057,0.24288,0.31825,0.06433,0.24272
7719.0685,0,0.31691,0.07453,0.24321,0.31785,0.06739,0.24287
7719.1004,0,0.31730,0.07813,0.24369,0.31769,0.07061,0.24311
7719.1395,0,0.31879,0.08215,0.24401,0.31802,0.07407,0.24338
7719.1692,0,0.31691,0.08590,0.24476,0.31769,0.07762,0.24380
7719.2004,0,0.31614,0.08942,0.24524,0.31722,0.08116,0.24423
7719.2348,0,0.31757,0.09300,0.24546,0.31733,0.08471,0.24460
7719.2727,0,0.31781,0.09533,0.24570,0.31747,0.08790,0.24493
7719.3061,0,0.31568,0.09791,0.24641,0.31693,0.09090,0.24537
7719.3355,0,0.31392,0.10115,0.24712,0.31603,0.09398,0.24590
7719.3679,0,0.31209,0.10370,0.24722,0.31485,0.09689,0.24629
7719.4004,0,0.31095,0.10609,0.24707,0.31368,0.09965,0.24653
7719.4376,0,0.31374,0.11063,0.24663,0.31370,0.10295,0.24656
7719.4698,0,0.31343,0.11385,0.24723,0.31362,0.10622,0.24676
7719.4995,0,0.31916,0.11744,0.24605,0.31528,0.10958,0.24655
7719.5355,0,0.31744,0.11921,0.24570,0.31593,0.11247,0.24629
7719.5678,0,0.31926,0.12181,0.24557,0.31693,0.11527,0.24608
7719.5996,0,0.31888,0.12349,0.24553,0.31751,0.11774,0.24591
7719.6345,0,0.31841,0.12588,0.24586,0.31778,0.12018,0.24590
7719.6680,0,0.31594,0.12902,0.24669,0.31723,0.12283,0.24614
7719.7001,0,0.31354,0.13163,0.24806,0.31612,0.12547,0.24671
7719.7352,0,0.31375,0.13483,0.24854,0.31541,0.12828,0.24726
7719.7750,0,0.31244,0.13916,0.24920,0.31452,0.13154,0.24784
7719.8048,0,0.31061,0.14340,0.25015,0.31335,0.13510,0.24853
7719.8348,0,0.31053,0.14712,0.25065,0.31250,0.13871,0.24917
7719.8671,0,0.31478,0.15089,0.25020,0.31318,0.14236,0.24948
7719.8997,0,0.31592,0.15424,0.24984,0.31401,0.14593,0.24959
7719.9346,0,0.31311,0.15794,0.25009,0.31374,0.14953,0.24974
7719.9672,0,0.31313,0.16102,0.25014,0.31356,0.15298,0.24986
7720.0020,0,0.31292,0.16229,0.24982,0.31337,0.15577,0.24985
7720.0350,0,0.31291,0.16496,0.24946,0.31323,0.15853,0.24973
7720.0712,0,0.31496,0.16679,0.24857,0.31375,0.16101,0.24938
7720.1029,0,0.31364,0.17053,0.24870,0.31371,0.16386,0.24918
7720.1336,0,0.31063,0.17276,0.24891,0.31279,0.16653,0.24910
7720.1664,0,0.31152,0.17566,0.24879,0.31241,0.16927,0.24900
7720.1984,0,0.31327,0.17951,0.24843,0.31267,0.17234,0.24883
7720.2344,0,0.31332,0.18201,0.24821,0.31287,0.17524,0.24865
7720.2663,0,0.31153,0.18378,0.24835,0.31247,0.17780,0.24856
7720.2983,0,0.31404,0.18558,0.24729,0.31294,0.18014,0.24818
7720.3343,0,0.31578,0.18700,0.24673,0.31379,0.18219,0.24774
7720.3670,0,0.31735,0.18968,0.24623,0.31486,0.18444,0.24729
7720.3974,0,0.31869,0.19134,0.24604,0.31601,0.18651,0.24692
7720.4346,0,0.31836,0.19290,0.24631,0.31671,0.18843,0.24674
7720.4675,0,0.31736,0.19469,0.24673,0.31691,0.19030,0.24673
7720.5001,0,0.31987,0.19736,0.24639,0.31780,0.19242,0.24663
7720.5341,0,0.31814,0.20074,0.24651,0.31790,0.19492,0.24660
7720.5689,0,0.31520,0.20235,0.24716,0.31709,0.19715,0.24676
7720.6005,0,0.31630,0.20481,0.24733,0.31685,0.19944,0.24693
7720.6336,0,0.31675,0.20648,0.24721,0.31682,0.20155,0.24702
7720.6661,0,0.31770,0.20884,0.24720,0.31709,0.20374,0.24707
7720.6981,0,0.32121,0.21115,0.24701,0.31832,0.20596,0.24706
7720.7350,0,0.31949,0.21233,0.24770,0.31867,0.20787,0.24725
7720.7726,0,0.31966,0.21395,0.24778,0.31897,0.20970,0.24741
7720.8030,0,0.31678,0.21530,0.24854,0.31831,0.21138,0.24775
7720.8339,0,0.31465,0.21699,0.24923,0.31721,0.21306,0.24819
7720.8671,0,0.31214,0.21872,0.24990,0.31569,0.21476,0.24870
7720.9003,0,0.31161,0.22060,0.25019,0.31447,0.21651,0.24915
7720.9334,0,0.31110,0.22257,0.25027,0.31346,0.21833,0.24949
7720.9661,0,0.31227,0.22476,0.25016,0.31310,0.22026,0.24969
7721.0002,0,0.31381,0.22603,0.24964,0.31331,0.22199,0.24967
7721.0298,0,0.31356,0.22677,0.24949,0.31339,0.22342,0.24962
7721.0658,0,0.31428,0.22872,0.24925,0.31366,0.22501,0.24951
7721.0972,0,0.31156,0.22937,0.24977,0.31303,0.22632,0.24959
7721.1303,0,0.31378,0.23199,0.24948,0.31325,0.22802,0.24955
7721.1676,0,0.31249,0.23338,0.25018,0.31302,0.22963,0.24974
7721.1998,0,0.31066,0.23508,0.25081,0.31232,0.23126,0.25006
7721.2306,0,0.30943,0.23667,0.25116,0.31145,0.23288,0.25039
7721.2661,0,0.30962,0.23766,0.25103,0.31090,0.23432,0.25058
7721.2995,0,0.31194,0.23881,0.25044,0.31121,0.23566,0.25054
7721.3296,0,0.31137,0.24047,0.25048,0.31126,0.23711,0.25052
7721.3653,0,0.31077,0.24089,0.25030,0.31112,0.23824,0.25046
7721.3985,0,0.31193,0.24288,0.25036,0.31136,0.23963,0.25043
7721.4317,0,0.31620,0.24464,0.24981,0.31281,0.24113,0.25024
7721.4705,0,0.31864,0.24682,0.24961,0.31456,0.24284,0.25005
7721.5032,0,0.31820,0.24869,0.24966,0.31565,0.24459,0.24993
7721.5367,0,0.31869,0.25143,0.25001,0.31656,0.24664,0.24996
7721.5696,0,0.31757,0.25353,0.24993,0.31686,0.24871,0.24995
7721.6009,0,0.31725,0.25588,0.24989,0.31698,0.25086,0.24993
7721.6346,0,0.31744,0.25824,0.24965,0.31712,0.25307,0.24985
7721.6678,0,0.31781,0.26075,0.24965,0.31732,0.25538,0.24979
7721.7015,0,0.31734,0.26314,0.24966,0.31733,0.25770,0.24975
7721.7375,0,0.31683,0.26491,0.24914,0.31718,0.25987,0.24957
7721.7734,0,0.31656,0.26687,0.24869,0.31699,0.26197,0.24930
7721.8046,0,0.31834,0.26913,0.24803,0.31740,0.26412,0.24892
7721.8355,0,0.31936,0.27117,0.24715,0.31799,0.26623,0.24839
7721.8678,0,0.31751,0.27371,0.24669,0.31784,0.26848,0.24788
7721.9006,0,0.31791,0.27584,0.24586,0.31786,0.27068,0.24728
7721.9338,0,0.32021,0.27812,0.24516,0.31857,0.27292,0.24664
7721.9677,0,0.32186,0.28019,0.24481,0.31956,0.27510,0.24609
7722.0022,0,0.32107,0.28248,0.24468,0.32001,0.27731,0.24567
7722.0336,0,0.32167,0.28401,0.24430,0.32051,0.27932,0.24526
7722.0732,0,0.31935,0.28636,0.24472,0.32016,0.28143,0.24510
7722.1036,0,0.32164,0.28792,0.24398,0.32061,0.28338,0.24476
7722.1343,0,0.32140,0.28868,0.24387,0.32084,0.28497,0.24450
7722.1665,0,0.32164,0.28979,0.24372,0.32108,0.28642,0.24426
7722.1997,0,0.32007,0.29065,0.24388,0.32078,0.28769,0.24415
7722.2310,0,0.31701,0.29185,0.24456,0.31965,0.28894,0.24427
7722.2674,0,0.31792,0.29321,0.24468,0.31913,0.29022,0.24439
7722.3007,0,0.31567,0.29464,0.24491,0.31809,0.29155,0.24455
7722.3326,0,0.32015,0.29538,0.24420,0.31871,0.29270,0.24445
7722.3662,0,0.32150,0.29594,0.24384,0.31955,0.29367,0.24426
7722.3987,0,0.31928,0.29727,0.24404,0.31947,0.29475,0.24420
7722.4301,0,0.32119,0.29786,0.24357,0.31998,0.29568,0.24401
7722.4665,0,0.32106,0.29807,0.24365,0.32031,0.29640,0.24390
7722.4982,0,0.32089,0.29863,0.24380,0.32048,0.29707,0.24387
7722.5316,0,0.32248,0.29776,0.24330,0.32108,0.29728,0.24370
7722.5655,0,0.32197,0.29751,0.24299,0.32135,0.29735,0.24349
7722.6012,0,0.31984,0.29739,0.24338,0.32090,0.29736,0.24346
7722.6335,0,0.31847,0.29711,0.24331,0.32017,0.29728,0.24341
7722.6720,0,0.31936,0.29764,0.24311,0.31992,0.29739,0.24332
7722.7051,0,0.31971,0.29756,0.24302,0.31986,0.29744,0.24323
7722.7381,0,0.32048,0.29748,0.24303,0.32005,0.29745,0.24317
7722.7670,0,0.31842,0.29769,0.24382,0.31956,0.29752,0.24337
7722.8067,0,0.31973,0.29781,0.24415,0.31961,0.29761,0.24360
7722.8389,0,0.31983,0.29727,0.24487,0.31968,0.29751,0.24398
7722.8696,0,0.31947,0.29640,0.24608,0.31962,0.29718,0.24461
7722.9006,0,0.31913,0.29534,0.24731,0.31947,0.29663,0.24542
7722.9333,0,0.31876,0.29356,0.24878,0.31926,0.29571,0.24643
7722.9667,0,0.31583,0.29208,0.25062,0.31823,0.29462,0.24769
7722.9989,0,0.31953,0.29041,0.25175,0.31862,0.29336,0.24891
7723.0352,0,0.32131,0.28991,0.25301,0.31943,0.29232,0.25014
7723.0669,0,0.32011,0.28847,0.25481,0.31963,0.29117,0.25154
7723.1072,0,0.32021,0.28753,0.25661,0.31981,0.29007,0.25306
7723.1400,0,0.32081,0.28636,0.25813,0.32011,0.28896,0.25458
7723.1717,0,0.31737,0.28610,0.26031,0.31928,0.28810,0.25630
7723.2029,0,0.31737,0.28553,0.26190,0.31871,0.28733,0.25798
7723.2340,0,0.31739,0.28546,0.26359,0.31831,0.28677,0.25966
7723.2702,0,0.31620,0.28501,0.26511,0.31768,0.28624,0.26130
7723.3011,0,0.31820,0.28483,0.26629,0.31784,0.28582,0.26279
7723.3350,0,0.31859,0.28405,0.26750,0.31806,0.28529,0.26421
7723.3677,0,0.31983,0.28378,0.26879,0.31859,0.28484,0.26558
7723.4097,0,0.31930,0.28398,0.27048,0.31881,0.28458,0.26705
7723.4400,0,0.31794,0.28330,0.27204,0.31855,0.28420,0.26855
7723.4716,0,0.31918,0.28311,0.27340,0.31874,0.28387,0.27000
7723.5030,0,0.31977,0.28362,0.27488,0.31904,0.28379,0.27147
7723.5331,0,0.32184,0.28403,0.27573,0.31988,0.28386,0.27275
7723.5663,0,0.32233,0.28479,0.27677,0.32062,0.28414,0.27395
7723.5980,0,0.32289,0.28494,0.27780,0.32130,0.28438,0.27511
7723.6329,0,0.32186,0.28536,0.27939,0.32147,0.28468,0.27639
7723.6667,0,0.32329,0.28552,0.28036,0.32202,0.28493,0.27758
7723.7054,0,0.32303,0.28505,0.28173,0.32232,0.28497,0.27883
7723.7359,0,0.32242,0.28497,0.28335,0.32235,0.28497,0.28018
7723.7670,0,0.32122,0.28465,0.28504,0.32201,0.28487,0.28164
7723.8052,0,0.32283,0.28484,0.28612,0.32226,0.28486,0.28299
7723.8356,0,0.32458,0.28439,0.28735,0.32295,0.28472,0.28429
7723.8661,0,0.32518,0.28414,0.28872,0.32362,0.28455,0.28562
7723.8979,0,0.32734,0.28370,0.28983,0.32474,0.28429,0.28688
7723.9314,0,0.32750,0.28396,0.29150,0.32557,0.28419,0.28827
7723.9660,0,0.32829,0.28431,0.29273,0.32638,0.28423,0.28961
7723.9992,0,0.32839,0.28396,0.29400,0.32698,0.28415,0.29093
7724.0319,0,0.32782,0.28436,0.29538,0.32724,0.28421,0.29226
7724.0679,0,0.32616,0.28480,0.29721,0.32691,0.28439,0.29375
7724.1030,0,0.32565,0.28494,0.29845,0.32653,0.28456,0.29516
7724.1355,0,0.32356,0.28486,0.30033,0.32564,0.28465,0.29671
7724.1664,0,0.32472,0.28411,0.30122,0.32536,0.28448,0.29806
7724.1990,0,0.32580,0.28423,0.30233,0.32549,0.28441,0.29934
7724.2321,0,0.32532,0.28376,0.30362,0.32544,0.28421,0.30063
7724.2669,0,0.32623,0.28345,0.30475,0.32568,0.28398,0.30186
7724.3034,0,0.32763,0.28310,0.30579,0.32626,0.28372,0.30304
7724.3367,0,0.32782,0.28299,0.30747,0.32673,0.28350,0.30437
7724.3686,0,0.32855,0.28304,0.30908,0.32728,0.28336,0.30579
7724.4003,0,0.32769,0.28376,0.31079,0.32740,0.28348,0.30729
7724.4407,0,0.32775,0.28270,0.31223,0.32751,0.28325,0.30877
7724.4724,0,0.32685,0.28244,0.31394,0.32731,0.28300,0.31032
7724.5042,0,0.32783,0.28337,0.31516,0.32746,0.28311,0.31177
7724.5357,0,0.32752,0.28293,0.31654,0.32748,0.28306,0.31320
7724.5697,0,0.32916,0.28321,0.31749,0.32798,0.28310,0.31449
7724.6011,0,0.32612,0.28330,0.31948,0.32743,0.28316,0.31599
7724.6345,0,0.32707,0.28407,0.32040,0.32732,0.28343,0.31731
7724.6682,0,0.32700,0.28447,0.32197,0.32722,0.28374,0.31871
7724.7023,0,0.32553,0.28419,0.32382,0.32671,0.28388,0.32024
7724.7355,0,0.32629,0.28462,0.32521,0.32659,0.28410,0.32173
7724.7699,0,0.32345,0.28441,0.32716,0.32565,0.28419,0.32336
7724.8102,0,0.32199,0.28484,0.32867,0.32455,0.28439,0.32495
7724.8459,0,0.31994,0.28527,0.33049,0.32317,0.28465,0.32661
7724.8767,0,0.32005,0.28532,0.33173,0.32223,0.28485,0.32815
7724.9080,0,0.31865,0.28537,0.33326,0.32116,0.28501,0.32968
7724.9391,0,0.31886,0.28568,0.33422,0.32047,0.28521,0.33104
7724.9704,0,0.32006,0.28539,0.33509,0.32035,0.28526,0.33226
7725.0024,0,0.32095,0.28482,0.33598,0.32053,0.28513,0.33337
7725.0364,0,0.32114,0.28450,0.33687,0.32071,0.28494,0.33442
7725.0694,0,0.32453,0.28430,0.33717,0.32186,0.28475,0.33525
7725.1045,0,0.32249,0.28398,0.33869,0.32205,0.28452,0.33628
7725.1360,0,0.32326,0.28392,0.33947,0.32241,0.28434,0.33724
7725.1723,0,0.32702,0.28368,0.33957,0.32379,0.28414,0.33794
7725.2066,0,0.32524,0.28327,0.34029,0.32423,0.28388,0.33864
7725.2377,0,0.32600,0.28325,0.34085,0.32476,0.28369,0.33930
7725.2692,0,0.32359,0.28352,0.34219,0.32441,0.28364,0.34017
7725.3027,0,0.32474,0.28367,0.34247,0.32451,0.28365,0.34086
7725.3341,0,0.32533,0.28312,0.34271,0.32475,0.28349,0.34141
7725.3758,0,0.32709,0.28237,0.34220,0.32545,0.28315,0.34165
7725.4071,0,0.32608,0.28228,0.34220,0.32564,0.28289,0.34181
7725.4402,0,0.32912,0.28172,0.34142,0.32668,0.28254,0.34169
7725.4710,0,0.32753,0.28116,0.34136,0.32694,0.28213,0.34159
7725.5075,0,0.32783,0.28053,0.34080,0.32721,0.28165,0.34135
7725.5390,0,0.32683,0.28021,0.34036,0.32709,0.28121,0.34106
7725.5701,0,0.32547,0.27963,0.33996,0.32661,0.28074,0.34073
7725.6016,0,0.32472,0.27861,0.33921,0.32604,0.28010,0.34027
7725.6341,0,0.32483,0.27880,0.33795,0.32568,0.27971,0.33958
7725.6672,0,0.32612,0.27858,0.33651,0.32581,0.27937,0.33866
7725.7004,0,0.32522,0.27885,0.33485,0.32563,0.27921,0.33752
7725.7349,0,0.32442,0.27898,0.33354,0.32527,0.27914,0.33632
7725.7748,0,0.32217,0.27905,0.33238,0.32434,0.27912,0.33514
7725.8048,0,0.32146,0.27973,0.33097,0.32348,0.27930,0.33389
7725.8352,0,0.32192,0.27950,0.32924,0.32301,0.27936,0.33250
7725.8677,0,0.32129,0.27977,0.32776,0.32249,0.27948,0.33107
7725.9008,0,0.32182,0.27912,0.32603,0.32229,0.27937,0.32956
7725.9368,0,0.32244,0.27911,0.32445,0.32233,0.27929,0.32803
7725.9685,0,0.32359,0.27910,0.32274,0.32271,0.27924,0.32644
7726.0001,0,0.32035,0.27921,0.32179,0.32200,0.27923,0.32505
7726.0359,0,0.32242,0.27908,0.32017,0.32213,0.27918,0.32358
7726.0696,0,0.32375,0.27862,0.31827,0.32262,0.27901,0.32199
7726.1031,0,0.32288,0.27764,0.31672,0.32270,0.27860,0.32041
7726.1353,0,0.32360,0.27749,0.31487,0.32297,0.27827,0.31875
7726.1695,0,0.32549,0.27636,0.31266,0.32372,0.27770,0.31692
7726.2031,0,0.32511,0.27552,0.31117,0.32414,0.27704,0.31520
7726.2350,0,0.32603,0.27466,0.30955,0.32471,0.27633,0.31350
7726.2676,0,0.32849,0.27405,0.30773,0.32584,0.27564,0.31177
7726.2996,0,0.32802,0.27324,0.30600,0.32650,0.27492,0.31004
7726.3312,0,0.32866,0.27272,0.30429,0.32715,0.27426,0.30831
7726.3643,0,0.32626,0.27240,0.30315,0.32688,0.27370,0.30677
7726.3983,0,0.32489,0.27197,0.30190,0.32629,0.27318,0.30531
7726.4313,0,0.32394,0.27188,0.30056,0.32558,0.27279,0.30388
7726.4630,0,0.32380,0.27162,0.29934,0.32505,0.27244,0.30252
7726.5001,0,0.32458,0.27107,0.29815,0.32491,0.27203,0.30121
7726.5332,0,0.32327,0.27076,0.29690,0.32441,0.27165,0.29991
7726.5656,0,0.32361,0.27059,0.29532,0.32417,0.27133,0.29854
7726.5988,0,0.32356,0.26989,0.29393,0.32399,0.27090,0.29715
7726.6311,0,0.32236,0.26982,0.29259,0.32350,0.27058,0.29578
7726.6634,0,0.32215,0.26987,0.29128,0.32310,0.27036,0.29443
7726.6997,0,0.32267,0.26996,0.28949,0.32297,0.27024,0.29295
7726.7308,0,0.32225,0.27060,0.28772,0.32275,0.27035,0.29138
7726.7636,0,0.32041,0.27041,0.28638,0.32205,0.27037,0.28988
7726.8036,0,0.32063,0.27055,0.28452,0.32162,0.27042,0.28827
7726.8337,0,0.31930,0.27023,0.28328,0.32093,0.27037,0.28677
7726.8660,0,0.31923,0.27003,0.28179,0.32042,0.27027,0.28528
7726.8986,0,0.31897,0.26949,0.28021,0.31998,0.27003,0.28376
7726.9349,0,0.31881,0.26993,0.27896,0.31963,0.27000,0.28232
7726.9666,0,0.31774,0.26904,0.27802,0.31907,0.26971,0.28103
7727.0027,0,0.31802,0.26833,0.27679,0.31875,0.26930,0.27976
7727.0433,0,0.31644,0.26725,0.27616,0.31806,0.26868,0.27868
7727.0763,0,0.31581,0.26664,0.27526,0.31738,0.26807,0.27765
7727.1133,0,0.31832,0.26705,0.27377,0.31766,0.26777,0.27649
7727.1492,0,0.31772,0.26676,0.27281,0.31768,0.26746,0.27538
7727.1835,0,0.31741,0.26829,0.27160,0.31760,0.26771,0.27425
7727.2174,0,0.31910,0.26898,0.27008,0.31805,0.26809,0.27300
7727.2510,0,0.31508,0.26930,0.26937,0.31716,0.26845,0.27191
7727.2829,0,0.31520,0.26951,0.26814,0.31657,0.26877,0.27078
7727.3125,0,0.31520,0.26988,0.26693,0.31616,0.26910,0.26962
7727.3444,0,0.31528,0.27005,0.26574,0.31590,0.26939,0.26846
7727.3823,0,0.31605,0.27025,0.26433,0.31594,0.26965,0.26722
7727.4128,0,0.31516,0.27009,0.26306,0.31571,0.26978,0.26597
7727.4428,0,0.31573,0.27022,0.26158,0.31571,0.26991,0.26465
7727.4744,0,0.31358,0.27034,0.26090,0.31507,0.27004,0.26353
7727.5056,0,0.31552,0.27027,0.25943,0.31521,0.27011,0.26230
7727.5384,0,0.31379,0.27028,0.25850,0.31478,0.27016,0.26116
7727.5703,0,0.31613,0.27003,0.25675,0.31519,0.27012,0.25983
7727.6092,0,0.31284,0.26987,0.25616,0.31448,0.27004,0.25873
7727.6405,0,0.31395,0.26964,0.25479,0.31432,0.26992,0.25755
7727.6823,0,0.31333,0.26904,0.25381,0.31403,0.26966,0.25643
7727.7221,0,0.31340,0.26870,0.25258,0.31384,0.26937,0.25527
7727.7584,0,0.31434,0.26865,0.25134,0.31399,0.26915,0.25409
7727.7905,0,0.31240,0.26832,0.25076,0.31351,0.26890,0.25309
7727.8290,0,0.31209,0.26788,0.24992,0.31309,0.26860,0.25214
7727.8597,0,0.31198,0.26772,0.24907,0.31275,0.26833,0.25122
7727.8909,0,0.31475,0.26724,0.24779,0.31335,0.26801,0.25019
7727.9214,0,0.31329,0.26630,0.24724,0.31334,0.26749,0.24930
7727.9541,0,0.31318,0.26598,0.24630,0.31329,0.26704,0.24840
7727.9853,0,0.31349,0.26586,0.24533,0.31335,0.26669,0.24748
7728.0179,0,0.31304,0.26510,0.24443,0.31326,0.26621,0.24657
7728.0501,0,0.31187,0.26414,0.24370,0.31284,0.26559,0.24571
7728.0851,0,0.31402,0.26367,0.24219,0.31319,0.26501,0.24465
7728.1188,0,0.31240,0.26311,0.24166,0.31296,0.26444,0.24375
7728.1542,0,0.30911,0.26242,0.24125,0.31180,0.26384,0.24300
7728.1856,0,0.30849,0.26213,0.24032,0.31081,0.26333,0.24220
7728.2185,0,0.30893,0.26176,0.23921,0.31025,0.26286,0.24130
7728.2516,0,0.30675,0.26202,0.23855,0.30920,0.26260,0.24047
7728.2836,0,0.30678,0.26231,0.23732,0.30847,0.26252,0.23953
7728.3175,0,0.30742,0.26303,0.23601,0.30816,0.26267,0.23847
7728.3520,0,0.30907,0.26390,0.23438,0.30843,0.26304,0.23725
7728.3891,0,0.30654,0.26427,0.23340,0.30786,0.26341,0.23609
7728.4198,0,0.30760,0.26529,0.23201,0.30778,0.26397,0.23487
7728.4510,0,0.30951,0.26652,0.23043,0.30830,0.26474,0.23354
7728.4831,0,0.31020,0.26644,0.22905,0.30887,0.26525,0.23219
7728.5258,0,0.30943,0.26581,0.22811,0.30904,0.26542,0.23097
7728.5559,0,0.30888,0.26600,0.22684,0.30899,0.26559,0.22973
7728.5903,0,0.30637,0.26577,0.22616,0.30821,0.26564,0.22866
7728.6211,0,0.31008,0.26630,0.22409,0.30877,0.26584,0.22729
7728.6517,0,0.30966,0.26581,0.22285,0.30904,0.26583,0.22595
7728.6866,0,0.30930,0.26638,0.22117,0.30912,0.26600,0.22452
7728.7190,0,0.30714,0.26592,0.21986,0.30852,0.26597,0.22312
7728.7510,0,0.30688,0.26700,0.21857,0.30803,0.26628,0.22175
7728.7839,0,0.30654,0.26705,0.21694,0.30758,0.26651,0.22031
7728.8258,0,0.30499,0.26756,0.21561,0.30680,0.26683,0.21890
7728.8561,0,0.30577,0.26749,0.21423,0.30649,0.26703,0.21750
7728.8879,0,0.30661,0.26771,0.21234,0.30653,0.26723,0.21595
7728.9203,0,0.30766,0.26787,0.21049,0.30687,0.26742,0.21431
7728.9529,0,0.30761,0.26803,0.20875,0.30709,0.26761,0.21264
7728.9836,0,0.30605,0.26806,0.20697,0.30678,0.26774,0.21094
7729.0176,0,0.30744,0.26767,0.20482,0.30698,0.26772,0.20911
7729.0510,0,0.30964,0.26792,0.20231,0.30778,0.26778,0.20707
7729.0837,0,0.30892,0.26915,0.20066,0.30812,0.26819,0.20515
7729.1168,0,0.30930,0.26895,0.19863,0.30847,0.26842,0.20319
7729.1586,0,0.31036,0.26888,0.19685,0.30904,0.26856,0.20129
7729.1904,0,0.30983,0.26827,0.19566,0.30928,0.26847,0.19960
7729.2240,0,0.30876,0.26929,0.19474,0.30912,0.26872,0.19814
7729.2589,0,0.30799,0.26944,0.19339,0.30878,0.26893,0.19671
7729.2989,0,0.30646,0.27010,0.19241,0.30809,0.26928,0.19542
7729.3303,0,0.30756,0.26986,0.19071,0.30793,0.26946,0.19401
7729.3613,0,0.30832,0.26993,0.18925,0.30805,0.26960,0.19258
7729.3925,0,0.30770,0.26949,0.18837,0.30794,0.26957,0.19132
7729.4241,0,0.30889,0.26986,0.18703,0.30823,0.26966,0.19003
7729.4552,0,0.30830,0.26877,0.18595,0.30825,0.26939,0.18881
7729.4868,0,0.30749,0.26869,0.18534,0.30802,0.26918,0.18777
7729.5172,0,0.30578,0.26884,0.18480,0.30735,0.26908,0.18688
7729.5500,0,0.30910,0.26810,0.18311,0.30787,0.26879,0.18575
7729.5842,0,0.30732,0.26850,0.18255,0.30771,0.26870,0.18479
7729.6164,0,0.30737,0.26844,0.18144,0.30761,0.26862,0.18378
7729.6513,0,0.30691,0.26929,0.18001,0.30740,0.26882,0.18265
7729.6843,0,0.30399,0.26980,0.17860,0.30638,0.26912,0.18144
7729.7168,0,0.30252,0.26980,0.17704,0.30522,0.26932,0.18012
7729.7504,0,0.30290,0.27019,0.17495,0.30452,0.26958,0.17857
7729.7896,0,0.30333,0.27055,0.17329,0.30416,0.26987,0.17699
7729.8205,0,0.30087,0.27058,0.17211,0.30317,0.27008,0.17552
7729.8511,0,0.30081,0.27161,0.17065,0.30246,0.27054,0.17406
7729.8883,0,0.30048,0.27114,0.16917,0.30187,0.27072,0.17259
7729.9229,0,0.29775,0.27137,0.16831,0.30063,0.27092,0.17131
7729.9572,0,0.29874,0.27136,0.16680,0.30006,0.27105,0.16996
7729.9878,0,0.29834,0.27059,0.16531,0.29955,0.27091,0.16856
7730.0191,0,0.29996,0.27014,0.16374,0.29967,0.27068,0.16712
7730.0522,0,0.30060,0.26941,0.16215,0.29995,0.27030,0.16562
7730.0870,0,0.30192,0.26847,0.16032,0.30054,0.26975,0.16403
7730.1172,0,0.30185,0.26721,0.15873,0.30094,0.26899,0.16244
7730.1507,0,0.30087,0.26681,0.15775,0.30092,0.26834,0.16104
7730.1840,0,0.30084,0.26678,0.15647,0.30089,0.26787,0.15967
7730.2170,0,0.29995,0.26772,0.15523,0.30061,0.26783,0.15834
7730.2526,0,0.29766,0.26750,0.15414,0.29972,0.26773,0.15708
7730.2842,0,0.29735,0.26817,0.15259,0.29901,0.26786,0.15573
7730.3177,0,0.29912,0.26806,0.15035,0.29904,0.26792,0.15412
7730.3508,0,0.29538,0.26726,0.14908,0.29795,0.26772,0.15260
7730.3915,0,0.29646,0.26840,0.14700,0.29750,0.26793,0.15092
7730.4233,0,0.29589,0.26823,0.14559,0.29702,0.26802,0.14932
7730.4554,0,0.29306,0.26838,0.14450,0.29583,0.26813,0.14788
7730.4874,0,0.29196,0.26921,0.14367,0.29467,0.26845,0.14661
7730.5182,0,0.28966,0.26942,0.14270,0.29317,0.26874,0.14544
7730.5510,0,0.29151,0.26940,0.14112,0.29267,0.26894,0.14414
7730.5872,0,0.29203,0.26971,0.13960,0.29248,0.26917,0.14278
7730.6187,0,0.29229,0.27046,0.13831,0.29242,0.26956,0.14144
7730.6537,0,0.29086,0.27053,0.13704,0.29195,0.26985,0.14012
7730.6850,0,0.29061,0.27121,0.13548,0.29155,0.27026,0.13873
7730.7174,0,0.28982,0.27105,0.13438,0.29103,0.27049,0.13742
7730.7512,0,0.29018,0.27224,0.13391,0.29078,0.27102,0.13637
7730.7976,0,0.28916,0.27165,0.13325,0.29029,0.27121,0.13543
7730.8291,0,0.29145,0.27177,0.13203,0.29064,0.27138,0.13441
7730.8596,0,0.28885,0.27206,0.13161,0.29010,0.27158,0.13357
7730.8923,0,0.28652,0.27189,0.13056,0.28903,0.27167,0.13267
7730.9236,0,0.28672,0.27255,0.12942,0.28834,0.27194,0.13169
7730.9544,0,0.28011,0.27368,0.12936,0.28587,0.27246,0.13099
7730.9868,0,0.28053,0.27386,0.12810,0.28427,0.27288,0.13012
7731.0248,0,0.27963,0.27413,0.12761,0.28288,0.27326,0.12937
7731.0561,0,0.27766,0.27415,0.12687,0.28131,0.27352,0.12862
7731.0873,0,0.27786,0.27435,0.12662,0.28028,0.27377,0.12802
7731.1186,0,0.27882,0.27491,0.12613,0.27984,0.27412,0.12746
7731.1513,0,0.27991,0.27423,0.12579,0.27986,0.27415,0.12696
7731.1836,0,0.27848,0.27390,0.12593,0.27945,0.27407,0.12665
7731.2233,0,0.27775,0.27336,0.12603,0.27894,0.27386,0.12646
7731.2538,0,0.27836,0.27289,0.12579,0.27877,0.27357,0.12626
7731.2853,0,0.27753,0.27268,0.12598,0.27839,0.27330,0.12618
7731.3180,0,0.27657,0.27279,0.12586,0.27785,0.27315,0.12608
7731.3517,0,0.27678,0.27256,0.12587,0.27753,0.27297,0.12602
7731.3848,0,0.27638,0.27271,0.12604,0.27718,0.27289,0.12603
7731.4172,0,0.27670,0.27252,0.12609,0.27704,0.27278,0.12604
7731.4524,0,0.27744,0.27235,0.12594,0.27716,0.27265,0.12601
7731.4849,0,0.27822,0.27141,0.12600,0.27748,0.27228,0.12601
7731.5197,0,0.27901,0.27195,0.12581,0.27794,0.27218,0.12595
7731.5529,0,0.27840,0.27171,0.12577,0.27808,0.27204,0.12589
7731.5950,0,0.27670,0.27125,0.12584,0.27767,0.27180,0.12588
7731.6260,0,0.27702,0.27062,0.12526,0.27747,0.27145,0.12569
7731.6568,0,0.27690,0.27010,0.12497,0.27730,0.27104,0.12548
7731.6887,0,0.27849,0.26961,0.12452,0.27766,0.27061,0.12519
7731.7211,0,0.27716,0.27009,0.12464,0.27751,0.27046,0.12503
7731.7528,0,0.27841,0.26924,0.12465,0.27778,0.27009,0.12491
7731.7845,0,0.27803,0.26973,0.12476,0.27785,0.26998,0.12487
7731.8262,0,0.27967,0.26863,0.12444,0.27840,0.26958,0.12474
7731.8571,0,0.27856,0.26907,0.12446,0.27845,0.26943,0.12465
7731.8880,0,0.27780,0.26866,0.12437,0.27825,0.26920,0.12457
7731.9195,0,0.27736,0.26876,0.12412,0.27799,0.26907,0.12443
7731.9509,0,0.27758,0.26807,0.12368,0.27786,0.26877,0.12421
7731.9892,0,0.27951,0.26718,0.12282,0.27836,0.26829,0.12379
7732.0205,0,0.27850,0.26760,0.12281,0.27840,0.26809,0.12350
7732.0515,0,0.27734,0.26719,0.12270,0.27808,0.26782,0.12326
7732.0840,0,0.28206,0.26666,0.12166,0.27928,0.26747,0.12278
7732.1208,0,0.28401,0.26686,0.12094,0.28070,0.26729,0.12223
7732.1551,0,0.28316,0.26775,0.12054,0.28144,0.26743,0.12172
7732.1865,0,0.28641,0.26798,0.11949,0.28293,0.26759,0.12105
7732.2183,0,0.28873,0.26908,0.11878,0.28467,0.26804,0.12037
7732.2506,0,0.29253,0.27027,0.11833,0.28703,0.26871,0.11976
7732.2849,0,0.29477,0.26998,0.11834,0.28935,0.26909,0.11933
7732.3171,0,0.29709,0.26989,0.11796,0.29167,0.26933,0.11892
7732.3501,0,0.29901,0.27035,0.11751,0.29387,0.26964,0.11850
7732.3855,0,0.30319,0.27187,0.11643,0.29667,0.27031,0.11788
7732.4188,0,0.30644,0.27264,0.11582,0.29960,0.27101,0.11726
7732.4527,0,0.30739,0.27413,0.11641,0.30194,0.27195,0.11701
7732.4857,0,0.31116,0.27521,0.11656,0.30470,0.27292,0.11687
7732.5177,0,0.31392,0.27626,0.11725,0.30747,0.27392,0.11699
7732.5567,0,0.31586,0.27696,0.11845,0.30998,0.27483,0.11743
7732.5898,0,0.31902,0.27804,0.11954,0.31270,0.27580,0.11806
7732.6232,0,0.31791,0.27979,0.12141,0.31426,0.27699,0.11906
7732.6550,0,0.32001,0.28153,0.12232,0.31598,0.27835,0.12004
7732.6857,0,0.31989,0.28271,0.12310,0.31716,0.27966,0.12096
7732.7172,0,0.32367,0.28478,0.12336,0.31911,0.28120,0.12168
7732.7519,0,0.32723,0.28680,0.12319,0.32155,0.28288,0.12213
7732.7913,0,0.32743,0.28771,0.12317,0.32331,0.28433,0.12244
7732.8223,0,0.32821,0.28846,0.12317,0.32478,0.28557,0.12266
7732.8529,0,0.32833,0.28868,0.12313,0.32584,0.28650,0.12280
7732.8876,0,0.33145,0.28836,0.12266,0.32753,0.28706,0.12276
7732.9184,0,0.33286,0.28940,0.12235,0.32913,0.28776,0.12264
7732.9525,0,0.33349,0.29067,0.12227,0.33044,0.28863,0.12253
7732.9837,0,0.33505,0.29231,0.12185,0.33182,0.28974,0.12232
7733.0177,0,0.33645,0.29264,0.12141,0.33321,0.29061,0.12205
7733.0561,0,0.33881,0.29111,0.12021,0.33489,0.29076,0.12150
7733.0871,0,0.33947,0.29194,0.11974,0.33626,0.29111,0.12097
7733.1274,0,0.34114,0.29283,0.11927,0.33773,0.29163,0.12046
7733.1586,0,0.34271,0.29279,0.11837,0.33922,0.29198,0.11983
7733.1898,0,0.34377,0.29279,0.11766,0.34058,0.29222,0.11918
7733.2214,0,0.34794,0.29376,0.11659,0.34279,0.29269,0.11840
7733.2541,0,0.34715,0.29249,0.11722,0.34410,0.29263,0.11805
7733.2875,0,0.35087,0.29202,0.11712,0.34613,0.29244,0.11777
7733.3205,0,0.35131,0.29064,0.11787,0.34768,0.29190,0.11780
7733.3527,0,0.35246,0.28956,0.11828,0.34912,0.29120,0.11794
7733.3831,0,0.35271,0.28987,0.11845,0.35019,0.29080,0.11809
7733.4176,0,0.35876,0.28980,0.11733,0.35276,0.29050,0.11787
7733.4494,0,0.35911,0.29054,0.11680,0.35467,0.29051,0.11755
7733.4797,0,0.36015,0.29068,0.11654,0.35631,0.29056,0.11724
7733.5115,0,0.36164,0.29194,0.11655,0.35791,0.29098,0.11704
7733.5434,0,0.36188,0.29136,0.11661,0.35910,0.29109,0.11691
7733.5814,0,0.36358,0.29073,0.11612,0.36045,0.29098,0.11667
7733.6145,0,0.36602,0.29136,0.11561,0.36212,0.29110,0.11635
7733.6470,0,0.36548,0.29050,0.11517,0.36313,0.29092,0.11600
7733.6799,0,0.36668,0.29174,0.11433,0.36419,0.29116,0.11550
7733.7110,0,0.37097,0.29337,0.11264,0.36623,0.29182,0.11464
7733.7424,0,0.37159,0.29322,0.11142,0.36783,0.29224,0.11367
7733.7759,0,0.37262,0.29435,0.11022,0.36927,0.29288,0.11264
7733.8066,0,0.37169,0.29486,0.10968,0.37000,0.29347,0.11175
7733.8385,0,0.37558,0.29513,0.10857,0.37167,0.29397,0.11080
7733.8689,0,0.37749,0.29673,0.10800,0.37342,0.29480,0.10996
7733.9002,0,0.38026,0.29692,0.10745,0.37547,0.29543,0.10920
7733.9320,0,0.38288,0.29944,0.10697,0.37769,0.29664,0.10853
7733.9630,0,0.38453,0.30064,0.10651,0.37974,0.29784,0.10793
7733.9959,0,0.38471,0.30191,0.10741,0.38123,0.29906,0.10777
7734.0311,0,0.38632,0.30143,0.10778,0.38276,0.29977,0.10778
7734.0634,0,0.38726,0.30119,0.10815,0.38411,0.30019,0.10789
7734.0959,0,0.38813,0.30029,0.10870,0.38531,0.30022,0.10813
7734.1358,0,0.38902,0.30028,0.10899,0.38643,0.30024,0.10839
7734.1671,0,0.39293,0.30092,0.10892,0.38838,0.30044,0.10855
7734.2008,0,0.39577,0.30151,0.10864,0.39059,0.30076,0.10857
7734.2340,0,0.39420,0.30173,0.10869,0.39168,0.30105,0.10861
7734.2674,0,0.39797,0.30282,0.10826,0.39356,0.30159,0.10850
7734.3007,0,0.39985,0.30244,0.10802,0.39545,0.30184,0.10836
7734.3342,0,0.40000,0.30165,0.10753,0.39681,0.30178,0.10811
7734.3677,0,0.40000,0.29967,0.10779,0.39777,0.30115,0.10801
7734.4015,0,0.40000,0.29908,0.10793,0.39844,0.30053,0.10799
7734.4344,0,0.40000,0.29772,0.10808,0.39891,0.29969,0.10802
7734.4671,0,0.40000,0.29813,0.10763,0.39924,0.29922,0.10790
7734.5007,0,0.40000,0.29759,0.10729,0.39946,0.29873,0.10772
7734.5343,0,0.40000,0.29726,0.10610,0.39963,0.29829,0.10723
7734.5686,0,0.40000,0.29717,0.10561,0.39974,0.29795,0.10675
7734.6010,0,0.40000,0.29594,0.10602,0.39982,0.29735,0.10653
7734.6343,0,0.40000,0.29515,0.10567,0.39987,0.29669,0.10627
7734.6689,0,0.40000,0.29320,0.10652,0.39991,0.29564,0.10634
7734.7006,0,0.40000,0.29361,0.10524,0.39994,0.29503,0.10601
7734.7355,0,0.40000,0.29333,0.10527,0.39996,0.29452,0.10579
7734.7739,0,0.40000,0.29404,0.10520,0.39997,0.29438,0.10561
7734.8056,0,0.40000,0.29488,0.10498,0.39998,0.29453,0.10542
7734.8371,0,0.40000,0.29503,0.10413,0.39998,0.29468,0.10504
7734.8689,0,0.40000,0.29524,0.10513,0.39999,0.29485,0.10506
7734.9003,0,0.40000,0.29493,0.10574,0.39999,0.29487,0.10527
7734.9339,0,0.40000,0.29333,0.10594,0.39999,0.29441,0.10547
7734.9699,0,0.40000,0.29551,0.10576,0.40000,0.29474,0.10556
7735.0026,0,0.40000,0.29494,0.10653,0.40000,0.29480,0.10585
7735.0369,0,0.40000,0.29564,0.10685,0.40000,0.29505,0.10615
7735.0684,0,0.40000,0.29582,0.10682,0.40000,0.29528,0.10635
7735.1072,0,0.40000,0.29628,0.10754,0.40000,0.29558,0.10671
7735.1391,0,0.40000,0.29629,0.10729,0.40000,0.29579,0.10688
7735.1708,0,0.40000,0.29528,0.10741,0.40000,0.29564,0.10704
7735.2063,0,0.40000,0.29647,0.10725,0.40000,0.29589,0.10710
7735.2375,0,0.40000,0.29486,0.10753,0.40000,0.29558,0.10723
7735.2772,0,0.40000,0.29451,0.10715,0.40000,0.29526,0.10720
7735.3128,0,0.40000,0.29438,0.10610,0.40000,0.29500,0.10687
7735.3443,0,0.40000,0.29422,0.10545,0.40000,0.29476,0.10645
7735.3766,0,0.40000,0.29272,0.10452,0.40000,0.29415,0.10587
7735.4123,0,0.40000,0.29345,0.10418,0.40000,0.29394,0.10536
7735.4481,0,0.40000,0.29328,0.10324,0.40000,0.29374,0.10473
7735.4823,0,0.40000,0.29244,0.10309,0.40000,0.29335,0.10424
7735.5172,0,0.40000,0.29241,0.10245,0.40000,0.29307,0.10370
7735.5509,0,0.40000,0.29308,0.10176,0.40000,0.29307,0.10312
7735.5847,0,0.40000,0.29413,0.10141,0.40000,0.29339,0.10261
7735.6172,0,0.40000,0.29563,0.10173,0.40000,0.29406,0.10234
7735.6501,0,0.40000,0.29474,0.10163,0.40000,0.29427,0.10213
7735.6844,0,0.40000,0.29736,0.10110,0.40000,0.29519,0.10182
7735.7171,0,0.40000,0.29704,0.10203,0.40000,0.29575,0.10188
7735.7508,0,0.40000,0.29830,0.10246,0.40000,0.29651,0.10205
7735.7915,0,0.40000,0.29867,0.10229,0.40000,0.29716,0.10213
7735.8278,0,0.40000,0.29809,0.10369,0.40000,0.29744,0.10260
7735.8593,0,0.40000,0.29946,0.10274,0.40000,0.29805,0.10264
7735.8900,0,0.40000,0.29603,0.10304,0.40000,0.29744,0.10276
7735.9266,0,0.40000,0.29555,0.10245,0.40000,0.29688,0.10267
7735.9569,0,0.40000,0.29531,0.10331,0.40000,0.29641,0.10286
7735.9899,0,0.40000,0.29267,0.10372,0.40000,0.29529,0.10312
7736.0278,0,0.40000,0.28982,0.10343,0.40000,0.29365,0.10321
7736.0638,0,0.40000,0.28816,0.10281,0.40000,0.29200,0.10309
7736.0962,0,0.40000,0.28710,0.10303,0.40000,0.29053,0.10307
7736.1287,0,0.40000,0.28889,0.10294,0.40000,0.29004,0.10303
7736.1599,0,0.40000,0.29259,0.10271,0.40000,0.29080,0.10293
7736.1905,0,0.40000,0.29682,0.10261,0.40000,0.29261,0.10284
7736.2326,0,0.40000,0.30196,0.10312,0.40000,0.29541,0.10292
7736.2672,0,0.40000,0.30570,0.10346,0.40000,0.29850,0.10308
7736.3019,0,0.40000,0.30611,0.10283,0.40000,0.30078,0.10301
7736.3336,0,0.40000,0.30643,0.10218,0.40000,0.30248,0.10276
7736.3751,0,0.40000,0.30214,0.10245,0.40000,0.30238,0.10266
7736.4067,0,0.40000,0.30334,0.10114,0.40000,0.30267,0.10221
7736.4373,0,0.40000,0.29828,0.09992,0.40000,0.30135,0.10152
7736.4677,0,0.40000,0.29465,0.09903,0.40000,0.29934,0.10077
7736.5017,0,0.40000,0.29494,0.09788,0.40000,0.29802,0.09990
7736.5340,0,0.40000,0.29130,0.09706,0.40000,0.29600,0.09905
7736.5752,0,0.40000,0.28993,0.09650,0.40000,0.29418,0.09829
7736.6086,0,0.40000,0.28882,0.09643,0.40000,0.29257,0.09773
7736.6412,0,0.40000,0.28397,0.09601,0.40000,0.28999,0.09721
7736.6726,0,0.40000,0.28350,0.09683,0.40000,0.28804,0.09710
7736.7046,0,0.40000,0.28051,0.09889,0.40000,0.28578,0.09764
7736.7374,0,0.40000,0.27893,0.10054,0.40000,0.28373,0.09851
7736.7706,0,0.40000,0.27455,0.09994,0.40000,0.28097,0.09894
7736.8029,0,0.40000,0.27404,0.10047,0.40000,0.27889,0.09940
7736.8397,0,0.40000,0.27181,0.10070,0.40000,0.27677,0.09979
7736.8708,0,0.40000,0.26938,0.10110,0.40000,0.27455,0.10018
7736.9016,0,0.40000,0.26717,0.10213,0.40000,0.27234,0.10077
7736.9400,0,0.40000,0.26674,0.10245,0.40000,0.27066,0.10127
7736.9719,0,0.40000,0.26494,0.10288,0.40000,0.26894,0.10175
7737.0106,0,0.40000,0.26039,0.10341,0.40000,0.26638,0.10225
7737.0439,0,0.40000,0.26044,0.10417,0.40000,0.26459,0.10283
7737.0782,0,0.40000,0.25864,0.10405,0.40000,0.26281,0.10320
7737.1088,0,0.40000,0.25872,0.10516,0.40000,0.26158,0.10378
7737.1407,0,0.40000,0.25988,0.10633,0.40000,0.26107,0.10455
7737.1730,0,0.40000,0.26106,0.10722,0.40000,0.26107,0.10535
7737.2033,0,0.40000,0.25992,0.10908,0.40000,0.26072,0.10647
7737.2350,0,0.40000,0.25801,0.11114,0.40000,0.25991,0.10787
7737.2672,0,0.40000,0.25924,0.11349,0.40000,0.25971,0.10956
7737.3104,0,0.40000,0.25867,0.11532,0.40000,0.25940,0.11129
7737.3412,0,0.40000,0.25605,0.11696,0.40000,0.25840,0.11299
7737.3719,0,0.40000,0.25979,0.11831,0.40000,0.25881,0.11458
7737.4027,0,0.40000,0.25999,0.11888,0.40000,0.25917,0.11587
7737.4347,0,0.40000,0.26014,0.11893,0.40000,0.25946,0.11679
7737.4677,0,0.40000,0.26120,0.11921,0.40000,0.25998,0.11751
7737.5018,0,0.40000,0.25993,0.11856,0.40000,0.25997,0.11783
7737.5337,0,0.40000,0.25878,0.11718,0.40000,0.25961,0.11763
7737.5667,0,0.40000,0.25948,0.11782,0.40000,0.25957,0.11769
7737.6001,0,0.40000,0.25833,0.11800,0.40000,0.25920,0.11778
7737.6374,0,0.40000,0.25781,0.11818,0.40000,0.25878,0.11790
7737.6709,0,0.40000,0.25777,0.11907,0.40000,0.25848,0.11825
7737.7031,0,0.40000,0.25766,0.11898,0.40000,0.25823,0.11847
7737.7342,0,0.40000,0.25555,0.11858,0.40000,0.25743,0.11850
7737.7681,0,0.40000,0.25502,0.11960,0.40000,0.25671,0.11883
7737.8077,0,0.40000,0.25618,0.11996,0.40000,0.25655,0.11917
7737.8442,0,0.40000,0.25340,0.12058,0.40000,0.25560,0.11959
7737.8764,0,0.40000,0.25491,0.12037,0.40000,0.25540,0.11983
7737.9088,0,0.40000,0.25464,0.12143,0.40000,0.25517,0.12031
7737.9395,0,0.40000,0.25684,0.12157,0.40000,0.25567,0.12068
7737.9699,0,0.40000,0.25622,0.12134,0.40000,0.25584,0.12088
7738.0009,0,0.40000,0.25605,0.12137,0.40000,0.25590,0.12103
7738.0350,0,0.40000,0.25459,0.12153,0.40000,0.25551,0.12118
7738.0721,0,0.40000,0.25380,0.12080,0.40000,0.25500,0.12107
7738.1039,0,0.40000,0.25226,0.11912,0.40000,0.25418,0.12048
7738.1339,0,0.40000,0.24974,0.11788,0.40000,0.25284,0.11970
7738.1665,0,0.40000,0.25030,0.11794,0.40000,0.25208,0.11917
7738.2022,0,0.40000,0.25042,0.11894,0.40000,0.25158,0.11910
7738.2369,0,0.40000,0.25075,0.11862,0.40000,0.25133,0.11896
7738.2757,0,0.40000,0.25043,0.11883,0.40000,0.25106,0.11892
7738.3072,0,0.40000,0.25132,0.11968,0.40000,0.25114,0.11915
7738.3385,0,0.40000,0.25281,0.11995,0.40000,0.25164,0.11939
7738.3696,0,0.40000,0.25231,0.11990,0.40000,0.25184,0.11954
7738.4012,0,0.40000,0.25496,0.11875,0.40000,0.25278,0.11930
7738.4366,0,0.40000,0.25606,0.11728,0.40000,0.25376,0.11869
7738.4687,0,0.40000,0.25893,0.11671,0.40000,0.25531,0.11810
7738.5036,0,0.40000,0.25707,0.11338,0.40000,0.25584,0.11668
7738.5392,0,0.40000,0.26194,0.11028,0.40000,0.25767,0.11476
7738.5701,0,0.40000,0.25962,0.10754,0.40000,0.25826,0.11260
7738.6005,0,0.40000,0.26232,0.10621,0.40000,0.25947,0.11068
7738.6339,0,0.40000,0.26444,0.10445,0.40000,0.26096,0.10881
7738.6670,0,0.40000,0.26109,0.10355,0.40000,0.26100,0.10723
7738.7005,0,0.40000,0.26610,0.10257,0.40000,0.26253,0.10583
7738.7394,0,0.40000,0.26792,0.10327,0.40000,0.26415,0.10507
7738.7698,0,0.40000,0.26869,0.10384,0.40000,0.26551,0.10470
7738.8010,0,0.40000,0.27052,0.10420,0.40000,0.26701,0.10455
7738.8431,0,0.40000,0.27399,0.10385,0.40000,0.26911,0.10434
7738.8737,0,0.40000,0.27613,0.10543,0.40000,0.27121,0.10467
7738.9096,0,0.40000,0.27497,0.10598,0.40000,0.27234,0.10506
7738.9438,0,0.40000,0.27642,0.10539,0.40000,0.27356,0.10516
7738.9764,0,0.40000,0.27433,0.10264,0.40000,0.27379,0.10440
7739.0087,0,0.40000,0.27466,0.10231,0.40000,0.27405,0.10378
7739.0448,0,0.40000,0.27551,0.10179,0.40000,0.27449,0.10318
7739.0805,0,0.40000,0.27458,0.10135,0.40000,0.27452,0.10263
7739.1116,0,0.40000,0.27580,0.10215,0.40000,0.27490,0.10249
7739.1427,0,0.40000,0.27615,0.10617,0.40000,0.27528,0.10359
7739.1746,0,0.40000,0.27588,0.10683,0.40000,0.27546,0.10456
7739.2056,0,0.40000,0.27466,0.11020,0.40000,0.27522,0.10625
7739.2377,0,0.40000,0.27252,0.10545,0.40000,0.27441,0.10601
7739.2693,0,0.40000,0.27028,0.10825,0.40000,0.27317,0.10668
7739.3007,0,0.40000,0.26267,0.10306,0.40000,0.27002,0.10560
7739.3363,0,0.40000,0.26046,0.10119,0.40000,0.26715,0.10427
7739.3675,0,0.40000,0.25866,0.10190,0.40000,0.26460,0.10356
7739.4007,0,0.40000,0.25431,0.10429,0.40000,0.26152,0.10378
7739.4339,0,0.40000,0.24665,0.10897,0.40000,0.25706,0.10534
7739.4673,0,0.40000,0.24506,0.11519,0.40000,0.25346,0.10829
7739.5002,0,0.40000,0.23948,0.11997,0.40000,0.24926,0.11180
7739.5341,0,0.40000,0.23914,0.12266,0.40000,0.24623,0.11506
7739.5673,0,0.40000,0.23564,0.12462,0.40000,0.24305,0.11793
7739.6009,0,0.40000,0.23894,0.12516,0.40000,0.24182,0.12010
7739.6336,0,0.40000,0.23236,0.12643,0.40000,0.23898,0.12200
7739.6671,0,0.40000,0.23050,0.12706,0.40000,0.23644,0.12352
7739.7006,0,0.40000,0.22901,0.12862,0.40000,0.23421,0.12505
7739.7358,0,0.40000,0.22488,0.12831,0.40000,0.23141,0.12603
7739.7707,0,0.40000,0.22532,0.12859,0.40000,0.22958,0.12680
7739.8076,0,0.40000,0.22601,0.12900,0.40000,0.22851,0.12746
7739.8399,0,0.40000,0.22716,0.12854,0.40000,0.22811,0.12778
7739.8760,0,0.40000,0.22669,0.13026,0.40000,0.22768,0.12853
7739.9084,0,0.40000,0.22538,0.13141,0.40000,0.22699,0.12939
7739.9466,0,0.40000,0.21980,0.13328,0.40000,0.22483,0.13056
7739.9784,0,0.40000,0.21312,0.13305,0.40000,0.22132,0.13131
7740.0105,0,0.40000,0.21248,0.13385,0.40000,0.21867,0.13207
7740.0438,0,0.40000,0.20842,0.13467,0.40000,0.21559,0.13285
7740.0792,0,0.40000,0.20953,0.13525,0.40000,0.21378,0.13357
7740.1174,0,0.40000,0.20780,0.13475,0.40000,0.21198,0.13392
7740.1533,0,0.40000,0.20653,0.13656,0.40000,0.21035,0.13472
7740.1843,0,0.40000,0.20129,0.13847,0.40000,0.20763,0.13584
7740.2177,0,0.40000,0.19754,0.14101,0.40000,0.20460,0.13739
7740.2505,0,0.40000,0.19213,0.14316,0.40000,0.20086,0.13912
7740.2838,0,0.40000,0.19287,0.14570,0.40000,0.19846,0.14110
7740.3173,0,0.40000,0.19085,0.14686,0.40000,0.19618,0.14283
7740.3507,0,0.40000,0.18700,0.14668,0.40000,0.19342,0.14398
7740.3900,0,0.40000,0.18697,0.14550,0.40000,0.19149,0.14444
7740.4204,0,0.40000,0.18245,0.14492,0.40000,0.18877,0.14458
7740.4529,0,0.40000,0.18385,0.14345,0.40000,0.18730,0.14424
7740.4852,0,0.40000,0.18119,0.14270,0.40000,0.18546,0.14378
7740.5175,0,0.40000,0.17922,0.14218,0.40000,0.18359,0.14330
7740.5571,0,0.40000,0.17970,0.14379,0.40000,0.18242,0.14345
7740.5912,0,0.40000,0.17858,0.14495,0.40000,0.18127,0.14390
7740.6226,0,0.40000,0.17828,0.14563,0.40000,0.18037,0.14442
7740.6542,0,0.40000,0.17878,0.14686,0.40000,0.17989,0.14515
7740.6858,0,0.40000,0.17613,0.14786,0.40000,0.17876,0.14596
7740.7169,0,0.40000,0.17566,0.14861,0.40000,0.17783,0.14676
7740.7513,0,0.40000,0.17383,0.14915,0.40000,0.17663,0.14747
7740.7880,0,0.40000,0.17414,0.15042,0.40000,0.17589,0.14836
7740.8249,0,0.40000,0.17386,0.15093,0.40000,0.17528,0.14913
7740.8563,0,0.40000,0.17232,0.15176,0.40000,0.17439,0.14992
7740.8878,0,0.40000,0.17008,0.15294,0.40000,0.17310,0.15083
7740.9202,0,0.40000,0.16889,0.15454,0.40000,0.17184,0.15194
7740.9518,0,0.40000,0.16653,0.15596,0.40000,0.17025,0.15315
7740.9882,0,0.40000,0.16438,0.15905,0.40000,0.16848,0.15492
7741.0189,0,0.40000,0.16240,0.16084,0.40000,0.16666,0.15669
7741.0561,0,0.40000,0.16059,0.16307,0.40000,0.16484,0.15861
7741.0866,0,0.40000,0.16004,0.16460,0.40000,0.16340,0.16041
7741.1175,0,0.40000,0.16105,0.16595,0.40000,0.16269,0.16207
7741.1511,0,0.40000,0.16099,0.16715,0.40000,0.16218,0.16359
7741.1839,0,0.40000,0.16193,0.16862,0.40000,0.16211,0.16510
7741.2176,0,0.40000,0.16153,0.16978,0.40000,0.16194,0.16650
7741.2511,0,0.40000,0.16156,0.17032,0.40000,0.16182,0.16765
7741.2846,0,0.40000,0.16030,0.17158,0.40000,0.16137,0.16883
7741.3221,0,0.40000,0.15882,0.17283,0.40000,0.16060,0.17003
7741.3546,0,0.40000,0.15592,0.17340,0.40000,0.15920,0.17104
7741.3872,0,0.40000,0.15457,0.17416,0.40000,0.15781,0.17198
7741.4192,0,0.40000,0.15329,0.17498,0.40000,0.15645,0.17288
7741.4505,0,0.40000,0.15258,0.17560,0.40000,0.15529,0.17370
7741.4843,0,0.40000,0.15211,0.17568,0.40000,0.15434,0.17429
7741.5179,0,0.40000,0.15181,0.17588,0.40000,0.15358,0.17477
7741.5501,0,0.40000,0.15169,0.17581,0.40000,0.15301,0.17508
7741.5861,0,0.40000,0.15213,0.17519,0.40000,0.15275,0.17511
7741.6171,0,0.40000,0.15322,0.17472,0.40000,0.15289,0.17500
7741.6479,0,0.40000,0.15506,0.17385,0.40000,0.15354,0.17465
7741.6791,0,0.40000,0.15550,0.17403,0.40000,0.15413,0.17446
7741.7127,0,0.40000,0.15692,0.17340,0.40000,0.15497,0.17415
7741.7434,0,0.40000,0.15762,0.17331,0.40000,0.15576,0.17390
7741.7752,0,0.40000,0.15905,0.17241,0.40000,0.15675,0.17345
7741.8062,0,0.40000,0.16189,0.17182,0.40000,0.15829,0.17296
7741.8396,0,0.40000,0.16392,0.17239,0.40000,0.15998,0.17279
7741.8706,0,0.40000,0.16582,0.17251,0.40000,0.16173,0.17271
7741.9025,0,0.40000,0.16790,0.17253,0.40000,0.16358,0.17265
7741.9338,0,0.40000,0.17070,0.17228,0.40000,0.16572,0.17254
7741.9669,0,0.40000,0.17365,0.17245,0.40000,0.16810,0.17251
7742.0002,0,0.40000,0.17529,0.17293,0.40000,0.17026,0.17264
7742.0339,0,0.40000,0.17752,0.17272,0.40000,0.17243,0.17266
7742.0677,0,0.40000,0.17893,0.17305,0.40000,0.17438,0.17278
7742.1048,0,0.40000,0.18056,0.17298,0.40000,0.17624,0.17284
7742.1390,0,0.40000,0.18153,0.17245,0.40000,0.17782,0.17272
7742.1705,0,0.40000,0.18172,0.17237,0.40000,0.17899,0.17262
7742.2017,0,0.40000,0.18204,0.17163,0.40000,0.17991,0.17232
7742.2339,0,0.40000,0.18226,0.17097,0.40000,0.18061,0.17191
7742.2663,0,0.40000,0.18264,0.17105,0.40000,0.18122,0.17166
7742.3001,0,0.40000,0.18352,0.17110,0.40000,0.18191,0.17149
7742.3341,0,0.40000,0.18388,0.17057,0.40000,0.18250,0.17121
7742.3679,0,0.40000,0.18426,0.17036,0.40000,0.18303,0.17096
7742.4002,0,0.40000,0.18414,0.16944,0.40000,0.18336,0.17050
7742.4393,0,0.40000,0.18491,0.16913,0.40000,0.18383,0.17009
7742.4706,0,0.40000,0.18402,0.16877,0.40000,0.18388,0.16969
7742.5028,0,0.40000,0.18312,0.16884,0.40000,0.18366,0.16944
7742.5371,0,0.40000,0.18364,0.16879,0.40000,0.18365,0.16924
7742.5676,0,0.40000,0.18383,0.16872,0.40000,0.18370,0.16909
7742.6058,0,0.40000,0.18539,0.16803,0.40000,0.18421,0.16877
7742.6460,0,0.40000,0.18601,0.16720,0.40000,0.18475,0.16830
7742.6771,0,0.40000,0.18675,0.16592,0.40000,0.18535,0.16759
7742.7075,0,0.40000,0.18664,0.16384,0.40000,0.18574,0.16646
7742.7385,0,0.40000,0.18910,0.16207,0.40000,0.18674,0.16514
7742.7699,0,0.40000,0.19027,0.15989,0.40000,0.18780,0.16357
7742.8009,0,0.40000,0.19153,0.15831,0.40000,0.18892,0.16199
7742.8403,0,0.40000,0.19395,0.15645,0.40000,0.19043,0.16033
7742.8712,0,0.40000,0.19561,0.15576,0.40000,0.19198,0.15896
7742.9024,0,0.40000,0.19637,0.15493,0.40000,0.19330,0.15775
7742.9335,0,0.40000,0.19647,0.15410,0.40000,0.19425,0.15665
7742.9665,0,0.40000,0.19706,0.15361,0.40000,0.19509,0.15574
7742.9993,0,0.40000,0.19751,0.15318,0.40000,0.19582,0.15497
7743.0320,0,0.40000,0.19898,0.15246,0.40000,0.19677,0.15422
7743.0655,0,0.40000,0.20163,0.15172,0.40000,0.19823,0.15347
7743.0973,0,0.40000,0.20267,0.15138,0.40000,0.19956,0.15284
7743.1288,0,0.40000,0.20241,0.15100,0.40000,0.20041,0.15229
7743.1607,0,0.40000,0.20267,0.15060,0.40000,0.20109,0.15178
7743.1984,0,0.40000,0.20233,0.14999,0.40000,0.20146,0.15124
7743.2298,0,0.39824,0.20333,0.15030,0.39947,0.20202,0.15096
7743.2626,0,0.39666,0.20434,0.15011,0.39863,0.20272,0.15070
7743.2931,0,0.39788,0.20667,0.14931,0.39840,0.20390,0.15029
7743.3243,0,0.39610,0.20695,0.14946,0.39771,0.20482,0.15004
7743.3562,0,0.39346,0.20887,0.14912,0.39644,0.20604,0.14976
7743.3878,0,0.39247,0.21071,0.14878,0.39525,0.20744,0.14947
7743.4197,0,0.39138,0.21219,0.14841,0.39409,0.20886,0.14915
7743.4504,0,0.39091,0.21297,0.14800,0.39313,0.21009,0.14881
7743.4837,0,0.38911,0.21404,0.14781,0.39193,0.21128,0.14851
7743.5183,0,0.38780,0.21551,0.14759,0.39069,0.21255,0.14823
7743.5512,0,0.38715,0.21649,0.14696,0.38963,0.21373,0.14785
7743.5869,0,0.38807,0.21714,0.14588,0.38916,0.21475,0.14726
7743.6188,0,0.38747,0.21755,0.14540,0.38865,0.21559,0.14670
7743.6530,0,0.38522,0.21780,0.14459,0.38762,0.21625,0.14607
7743.6839,0,0.38590,0.21924,0.14357,0.38711,0.21715,0.14532
7743.7179,0,0.38230,0.21982,0.14372,0.38566,0.21795,0.14484
7743.7511,0,0.38334,0.21963,0.14237,0.38497,0.21845,0.14410
7743.7933,0,0.38073,0.21996,0.14210,0.38370,0.21891,0.14350
7743.8288,0,0.37794,0.22011,0.14169,0.38197,0.21927,0.14296
7743.8602,0,0.37786,0.22115,0.14033,0.38074,0.21983,0.14217
7743.8909,0,0.37433,0.22191,0.14009,0.37882,0.22045,0.14154
7743.9214,0,0.37357,0.22288,0.13915,0.37724,0.22118,0.14082
7743.9528,0,0.37116,0.22361,0.13892,0.37542,0.22191,0.14025
7743.9855,0,0.36976,0.22432,0.13860,0.37372,0.22263,0.13976
7744.0175,0,0.36725,0.22548,0.13875,0.37178,0.22349,0.13945
7744.0495,0,0.36607,0.22601,0.13833,0.37007,0.22424,0.13912
7744.0845,0,0.36384,0.22889,0.13778,0.36820,0.22564,0.13872
7744.1160,0,0.35855,0.23105,0.13785,0.36530,0.22726,0.13846
7744.1580,0,0.35959,0.23264,0.13684,0.36359,0.22887,0.13797
7744.1907,0,0.35768,0.23356,0.13656,0.36182,0.23028,0.13755
7744.2228,0,0.35732,0.23378,0.13609,0.36047,0.23133,0.13711
7744.2549,0,0.35533,0.23407,0.13619,0.35893,0.23215,0.13683
7744.2868,0,0.35407,0.23400,0.13626,0.35747,0.23271,0.13666
7744.3184,0,0.35240,0.23384,0.13614,0.35595,0.23304,0.13651
7744.3526,0,0.34934,0.23405,0.13660,0.35396,0.23335,0.13653
7744.3840,0,0.34837,0.23369,0.13667,0.35229,0.23345,0.13658
7744.4161,0,0.34650,0.23309,0.13730,0.35055,0.23334,0.13679
7744.4463,0,0.34439,0.23284,0.13786,0.34870,0.23319,0.13711
7744.4783,0,0.34270,0.23209,0.13839,0.34690,0.23286,0.13750
7744.5096,0,0.34124,0.23107,0.13883,0.34520,0.23232,0.13789
7744.5405,0,0.34023,0.23048,0.13975,0.34371,0.23177,0.13845
7744.5724,0,0.33825,0.22878,0.14079,0.34207,0.23087,0.13915
7744.6037,0,0.33675,0.22834,0.14151,0.34048,0.23012,0.13986
7744.6370,0,0.33513,0.22679,0.14213,0.33887,0.22912,0.14054
7744.6685,0,0.33594,0.22649,0.14224,0.33799,0.22833,0.14105
7744.7009,0,0.33380,0.22628,0.14285,0.33673,0.22771,0.14159
7744.7343,0,0.33352,0.22608,0.14328,0.33577,0.22722,0.14210
7744.7746,0,0.33402,0.22564,0.14355,0.33525,0.22675,0.14253
7744.8080,0,0.33295,0.22534,0.14386,0.33456,0.22633,0.14293
7744.8387,0,0.33196,0.22462,0.14388,0.33378,0.22581,0.14321
7744.8701,0,0.32987,0.22503,0.14393,0.33260,0.22558,0.14343
7744.9014,0,0.33000,0.22434,0.14413,0.33182,0.22521,0.14364
7744.9342,0,0.32803,0.22284,0.14464,0.33069,0.22450,0.14394
7744.9678,0,0.32724,0.22240,0.14491,0.32965,0.22387,0.14423
7745.0090,0,0.32464,0.22081,0.14592,0.32815,0.22295,0.14474
7745.0393,0,0.32305,0.21945,0.14644,0.32662,0.22190,0.14525
7745.0705,0,0.32161,0.21876,0.14716,0.32512,0.22096,0.14582
7745.1013,0,0.32131,0.21857,0.14755,0.32398,0.22024,0.14634
7745.1329,0,0.31950,0.21740,0.14831,0.32263,0.21939,0.14693
7745.1669,0,0.31821,0.21768,0.14859,0.32131,0.21888,0.14743
7745.2027,0,0.31731,0.21600,0.14915,0.32011,0.21801,0.14795
7745.2354,0,0.31577,0.21599,0.14945,0.31881,0.21741,0.14840
7745.2675,0,0.31487,0.21450,0.14968,0.31763,0.21653,0.14878
7745.3090,0,0.31580,0.21518,0.14953,0.31708,0.21613,0.14900
7745.3418,0,0.31580,0.21493,0.14997,0.31670,0.21577,0.14929
7745.3778,0,0.31578,0.21513,0.15039,0.31642,0.21558,0.14962
7745.4096,0,0.31467,0.21554,0.15122,0.31589,0.21557,0.15010
7745.4419,0,0.31175,0.21684,0.15215,0.31465,0.21595,0.15072
7745.4752,0,0.31137,0.21674,0.15278,0.31367,0.21619,0.15134
7745.5062,0,0.30990,0.21628,0.15353,0.31254,0.21621,0.15199
7745.5372,0,0.31132,0.21638,0.15376,0.31217,0.21626,0.15252
7745.5681,0,0.30860,0.21643,0.15441,0.31110,0.21631,0.15309
7745.6012,0,0.30834,0.21705,0.15434,0.31027,0.21653,0.15346
7745.6334,0,0.30762,0.21756,0.15462,0.30948,0.21684,0.15381
7745.6680,0,0.30574,0.21752,0.15502,0.30836,0.21704,0.15418
7745.7028,0,0.30569,0.21711,0.15554,0.30755,0.21706,0.15458
7745.7350,0,0.30613,0.21683,0.15611,0.30713,0.21699,0.15504
7745.7671,0,0.30557,0.21653,0.15686,0.30666,0.21685,0.15559
7745.8086,0,0.30401,0.21546,0.15770,0.30586,0.21644,0.15622
7745.8406,0,0.30227,0.21592,0.15819,0.30478,0.21628,0.15681
7745.8722,0,0.30183,0.21567,0.15880,0.30390,0.21610,0.15741
7745.9024,0,0.30013,0.21606,0.15930,0.30277,0.21608,0.15797
7745.9378,0,0.29986,0.21524,0.15966,0.30189,0.21583,0.15848
7745.9697,0,0.29839,0.21394,0.16008,0.30084,0.21526,0.15896
7746.0010,0,0.29745,0.21261,0.16048,0.29983,0.21447,0.15942
7746.0338,0,0.29485,0.21202,0.16122,0.29833,0.21373,0.15996
7746.0685,0,0.29535,0.21146,0.16154,0.29744,0.21305,0.16043
7746.1080,0,0.29550,0.21120,0.16196,0.29686,0.21250,0.16089
7746.1398,0,0.29354,0.21021,0.16290,0.29586,0.21181,0.16149
7746.1705,0,0.29235,0.20932,0.16327,0.29481,0.21106,0.16203
7746.2036,0,0.28935,0.20822,0.16397,0.29317,0.21021,0.16261
7746.2351,0,0.28869,0.20816,0.16403,0.29183,0.20960,0.16304
7746.2674,0,0.28806,0.20738,0.16423,0.29070,0.20893,0.16339
7746.3017,0,0.28777,0.20756,0.16420,0.28982,0.20852,0.16364
7746.3352,0,0.28729,0.20766,0.16425,0.28906,0.20826,0.16382
7746.3675,0,0.28493,0.20733,0.16455,0.28782,0.20798,0.16404
7746.4021,0,0.28376,0.20716,0.16477,0.28660,0.20774,0.16426
7746.4333,0,0.28296,0.20700,0.16466,0.28551,0.20752,0.16438
7746.4670,0,0.28134,0.20600,0.16450,0.28426,0.20706,0.16442
7746.5084,0,0.28058,0.20660,0.16427,0.28316,0.20692,0.16437
7746.5412,0,0.27789,0.20644,0.16440,0.28158,0.20678,0.16438
7746.5725,0,0.27716,0.20725,0.16424,0.28025,0.20692,0.16434
7746.6031,0,0.27569,0.20766,0.16483,0.27888,0.20714,0.16449
7746.6351,0,0.27736,0.20781,0.16520,0.27843,0.20734,0.16470
7746.6675,0,0.27780,0.20798,0.16588,0.27824,0.20753,0.16505
7746.7008,0,0.27650,0.20717,0.16677,0.27772,0.20742,0.16557
7746.7338,0,0.27568,0.20663,0.16708,0.27711,0.20719,0.16602
7746.7745,0,0.27533,0.20751,0.16719,0.27657,0.20728,0.16637
7746.8099,0,0.27093,0.20713,0.16770,0.27488,0.20724,0.16677
7746.8420,0,0.27035,0.20719,0.16743,0.27352,0.20722,0.16697
7746.8748,0,0.26874,0.20730,0.16737,0.27208,0.20725,0.16709
7746.9060,0,0.26789,0.20763,0.16762,0.27083,0.20736,0.16725
7746.9383,0,0.26792,0.20666,0.16785,0.26995,0.20715,0.16743
7746.9704,0,0.26699,0.20699,0.16811,0.26907,0.20710,0.16763
7747.0026,0,0.26691,0.20620,0.16834,0.26842,0.20683,0.16784
7747.0343,0,0.26635,0.20589,0.16859,0.26780,0.20655,0.16807
7747.0677,0,0.26443,0.20567,0.16892,0.26679,0.20628,0.16832
7747.1009,0,0.26306,0.20533,0.16915,0.26567,0.20600,0.16857
7747.1332,0,0.26488,0.20515,0.16907,0.26543,0.20574,0.16872
7747.1669,0,0.26200,0.20404,0.17000,0.26440,0.20523,0.16910
7747.2005,0,0.26055,0.20282,0.17074,0.26325,0.20451,0.16959
7747.2422,0,0.25968,0.20266,0.17129,0.26218,0.20396,0.17010
7747.2728,0,0.25823,0.20147,0.17196,0.26099,0.20321,0.17066
7747.3046,0,0.25743,0.20067,0.17224,0.25993,0.20245,0.17113
7747.3362,0,0.25637,0.19957,0.17300,0.25886,0.20159,0.17169
7747.3680,0,0.25602,0.19958,0.17308,0.25801,0.20098,0.17211
7747.4024,0,0.25413,0.19886,0.17359,0.25685,0.20034,0.17255
7747.4348,0,0.25140,0.19761,0.17446,0.25521,0.19952,0.17312
7747.4734,0,0.25169,0.19750,0.17500,0.25415,0.19892,0.17369
7747.5139,0,0.25036,0.19669,0.17549,0.25302,0.19825,0.17423
7747.5482,0,0.25095,0.19606,0.17594,0.25240,0.19759,0.17474
7747.5852,0,0.25128,0.19540,0.17625,0.25206,0.19694,0.17519
7747.6175,0,0.25043,0.19464,0.17703,0.25157,0.19625,0.17574
7747.6504,0,0.24959,0.19381,0.17759,0.25098,0.19552,0.17630
7747.6889,0,0.25082,0.19370,0.17805,0.25093,0.19497,0.17682
7747.7201,0,0.24814,0.19271,0.17886,0.25009,0.19429,0.17744
7747.7518,0,0.24741,0.19235,0.17929,0.24929,0.19371,0.17799
7747.7842,0,0.24526,0.19199,0.17961,0.24808,0.19319,0.17848
7747.8228,0,0.24395,0.19168,0.18001,0.24684,0.19274,0.17894
7747.8552,0,0.24310,0.19128,0.18037,0.24572,0.19230,0.17937
7747.8888,0,0.24282,0.19015,0.18075,0.24485,0.19166,0.17978
7747.9228,0,0.24351,0.18971,0.18059,0.24445,0.19107,0.18002
7747.9533,0,0.24273,0.18902,0.18058,0.24393,0.19046,0.18019
7747.9833,0,0.24318,0.18840,0.18046,0.24371,0.18984,0.18027
7748.0173,0,0.24261,0.18838,0.18024,0.24338,0.18940,0.18026
7748.0508,0,0.24052,0.18805,0.18042,0.24252,0.18900,0.18031
7748.0834,0,0.24220,0.18724,0.18016,0.24243,0.18847,0.18027
7748.1181,0,0.24296,0.18621,0.18050,0.24259,0.18779,0.18034
7748.1509,0,0.24224,0.18426,0.18061,0.24248,0.18673,0.18042
7748.1842,0,0.23920,0.18156,0.18097,0.24150,0.18518,0.18059
7748.2161,0,0.23804,0.17929,0.18098,0.24046,0.18341,0.18070
7748.2469,0,0.23789,0.17634,0.18108,0.23969,0.18129,0.18082
7748.2780,0,0.23818,0.17431,0.18109,0.23923,0.17920,0.18090
7748.3096,0,0.23923,0.17324,0.18118,0.23923,0.17741,0.18098
7748.3403,0,0.23877,0.17114,0.18119,0.23909,0.17553,0.18105
7748.3827,0,0.23738,0.16941,0.18116,0.23858,0.17369,0.18108
7748.4153,0,0.23825,0.16760,0.18118,0.23848,0.17187,0.18111
7748.4469,0,0.23749,0.16648,0.18129,0.23818,0.17025,0.18116
7748.4783,0,0.23494,0.16613,0.18182,0.23721,0.16901,0.18136
7748.5217,0,0.23404,0.16716,0.18204,0.23626,0.16846,0.18156
7748.5541,0,0.23349,0.16860,0.18229,0.23543,0.16850,0.18178
7748.5844,0,0.23417,0.17006,0.18239,0.23505,0.16897,0.18196
7748.6174,0,0.23473,0.17059,0.18256,0.23495,0.16946,0.18214
7748.6552,0,0.23556,0.17060,0.18268,0.23514,0.16980,0.18231
7748.6868,0,0.23570,0.17100,0.18277,0.23531,0.17016,0.18245
7748.7185,0,0.23532,0.17216,0.18294,0.23531,0.17076,0.18259
7748.7511,0,0.23406,0.17345,0.18332,0.23493,0.17157,0.18281
7748.7929,0,0.23362,0.17547,0.18384,0.23454,0.17274,0.18312
7748.8260,0,0.23438,0.17715,0.18420,0.23449,0.17406,0.18344
7748.8585,0,0.23390,0.17834,0.18457,0.23432,0.17534,0.18378
7748.8907,0,0.23332,0.17907,0.18500,0.23402,0.17646,0.18415
7748.9219,0,0.23219,0.17985,0.18587,0.23347,0.17748,0.18466
7748.9522,0,0.23211,0.18139,0.18615,0.23306,0.17865,0.18511
7748.9884,0,0.22811,0.18371,0.18685,0.23158,0.18017,0.18563
7749.0198,0,0.22850,0.18557,0.18703,0.23065,0.18179,0.18605
7749.0510,0,0.22667,0.18688,0.18751,0.22946,0.18332,0.18649
7749.0838,0,0.22721,0.18709,0.18737,0.22878,0.18445,0.18676
7749.1178,0,0.22681,0.18755,0.18739,0.22819,0.18538,0.18694
7749.1535,0,0.22635,0.18704,0.18755,0.22764,0.18588,0.18713
7749.1892,0,0.22698,0.18740,0.18729,0.22744,0.18633,0.18718
7749.2200,0,0.22646,0.18774,0.18717,0.22715,0.18675,0.18717
7749.2574,0,0.22489,0.18818,0.18742,0.22647,0.18718,0.18725
7749.2883,0,0.22407,0.18876,0.18758,0.22575,0.18766,0.18735
7749.3201,0,0.22204,0.18816,0.18795,0.22464,0.18781,0.18753
7749.3517,0,0.22140,0.18794,0.18838,0.22367,0.18785,0.18778
7749.3837,0,0.22027,0.18833,0.18884,0.22265,0.18799,0.18810
7749.4251,0,0.21953,0.18817,0.18949,0.22171,0.18805,0.18852
7749.4567,0,0.21796,0.18868,0.19022,0.22059,0.18824,0.18903
7749.4883,0,0.21747,0.18718,0.19091,0.21965,0.18792,0.18959
7749.5199,0,0.21622,0.18752,0.19143,0.21862,0.18780,0.19014
7749.5514,0,0.21329,0.18808,0.19217,0.21702,0.18788,0.19075
7749.5830,0,0.21197,0.18930,0.19243,0.21551,0.18831,0.19126
7749.6170,0,0.21097,0.18955,0.19253,0.21415,0.18868,0.19164
7749.6503,0,0.20982,0.19050,0.19270,0.21285,0.18923,0.19196
7749.6869,0,0.20930,0.19053,0.19279,0.21179,0.18962,0.19221
7749.7205,0,0.20884,0.19120,0.19291,0.21090,0.19009,0.19242
7749.7574,0,0.20811,0.19120,0.19344,0.21006,0.19043,0.19272
7749.7901,0,0.20518,0.19138,0.19431,0.20860,0.19071,0.19320
7749.8326,0,0.20456,0.19048,0.19477,0.20739,0.19064,0.19367
7749.8645,0,0.20396,0.19019,0.19493,0.20636,0.19051,0.19405
7749.8972,0,0.20163,0.19112,0.19523,0.20494,0.19069,0.19440
7749.9295,0,0.20126,0.19152,0.19548,0.20384,0.19094,0.19473
7749.9608,0,0.20214,0.19191,0.19530,0.20333,0.19123,0.19490
7749.9925,0,0.19980,0.19171,0.19547,0.20227,0.19137,0.19507
7750.0251,0,0.20015,0.19133,0.19559,0.20163,0.19136,0.19523
7750.0613,0,0.19922,0.19026,0.19623,0.20091,0.19103,0.19553
7750.0929,0,0.19785,0.18948,0.19683,0.19999,0.19057,0.19592
7750.1251,0,0.19774,0.18849,0.19734,0.19932,0.18994,0.19634
7750.1612,0,0.19623,0.18733,0.19763,0.19839,0.18916,0.19673
7750.1927,0,0.19517,0.18724,0.19770,0.19743,0.18858,0.19702
7750.2247,0,0.19288,0.18751,0.19794,0.19606,0.18826,0.19729
7750.2580,0,0.19294,0.18842,0.19790,0.19513,0.18831,0.19748
7750.2901,0,0.19222,0.18787,0.19822,0.19425,0.18818,0.19770
7750.3214,0,0.19265,0.18773,0.19803,0.19377,0.18804,0.19780
7750.3529,0,0.19309,0.18838,0.19812,0.19357,0.18814,0.19790
7750.3844,0,0.18883,0.18835,0.19836,0.19214,0.18820,0.19803
7750.4175,0,0.18887,0.18979,0.19825,0.19116,0.18868,0.19810
7750.4506,0,0.18945,0.18940,0.19801,0.19065,0.18890,0.19807
7750.4840,0,0.18863,0.18965,0.19801,0.19004,0.18912,0.19805
7750.5168,0,0.18770,0.18951,0.19831,0.18934,0.18924,0.19813
7750.5504,0,0.18676,0.18947,0.19851,0.18857,0.18931,0.19825
7750.5832,0,0.18716,0.18931,0.19864,0.18814,0.18931,0.19837
7750.6167,0,0.18734,0.18867,0.19862,0.18790,0.18912,0.19844
7750.6526,0,0.18555,0.18808,0.19892,0.18720,0.18881,0.19859
7750.6842,0,0.18472,0.18801,0.19883,0.18645,0.18857,0.19866
7750.7186,0,0.18322,0.18772,0.19932,0.18549,0.18831,0.19886
7750.7504,0,0.18300,0.18717,0.19966,0.18474,0.18797,0.19910
7750.7916,0,0.18257,0.18614,0.20016,0.18409,0.18742,0.19942
7750.8231,0,0.18147,0.18461,0.20092,0.18330,0.18658,0.19987
7750.8570,0,0.18244,0.18386,0.20147,0.18304,0.18576,0.20035
7750.8885,0,0.18112,0.18340,0.20230,0.18247,0.18505,0.20093
7750.9203,0,0.17964,0.18264,0.20325,0.18162,0.18433,0.20163
7750.9508,0,0.17730,0.18242,0.20397,0.18033,0.18376,0.20233
7750.9838,0,0.17743,0.18125,0.20450,0.17946,0.18300,0.20298
7751.0177,0,0.17541,0.18063,0.20513,0.17824,0.18229,0.20363
7751.0580,0,0.17547,0.18023,0.20567,0.17741,0.18167,0.20424
7751.0908,0,0.17372,0.17918,0.20652,0.17630,0.18093,0.20492
7751.1258,0,0.17300,0.17811,0.20746,0.17531,0.18008,0.20568
7751.1641,0,0.17299,0.17747,0.20802,0.17462,0.17930,0.20639
7751.1969,0,0.17132,0.17716,0.20897,0.17363,0.17866,0.20716
7751.2283,0,0.17007,0.17646,0.20990,0.17256,0.17800,0.20798
7751.2689,0,0.16825,0.17631,0.21066,0.17127,0.17749,0.20879
7751.3008,0,0.16765,0.17613,0.21094,0.17018,0.17708,0.20943
7751.3376,0,0.16676,0.17627,0.21121,0.16916,0.17684,0.20996
7751.3702,0,0.16505,0.17604,0.21155,0.16792,0.17660,0.21044
7751.4019,0,0.16408,0.17609,0.21160,0.16677,0.17645,0.21079
7751.4333,0,0.16246,0.17656,0.21180,0.16548,0.17648,0.21109
7751.4689,0,0.16198,0.17668,0.21199,0.16443,0.17654,0.21136
7751.5002,0,0.16113,0.17654,0.21220,0.16344,0.17654,0.21161
7751.5335,0,0.16178,0.17633,0.21228,0.16294,0.17648,0.21181
7751.5686,0,0.16014,0.17635,0.21305,0.16210,0.17644,0.21218
7751.6014,0,0.15909,0.17628,0.21362,0.16120,0.17639,0.21262
7751.6335,0,0.15842,0.17637,0.21423,0.16036,0.17638,0.21310
7751.6669,0,0.15736,0.17619,0.21491,0.15946,0.17633,0.21364
7751.7019,0,0.15491,0.17629,0.21598,0.15810,0.17632,0.21434
7751.7340,0,0.15535,0.17657,0.21647,0.15727,0.17639,0.21498
7751.7756,0,0.15443,0.17583,0.21719,0.15642,0.17622,0.21565
7751.8075,0,0.15473,0.17578,0.21774,0.15591,0.17609,0.21628
7751.8388,0,0.15235,0.17586,0.21848,0.15485,0.17602,0.21694
7751.8705,0,0.15342,0.17638,0.21886,0.15442,0.17613,0.21752
7751.9066,0,0.15280,0.17672,0.21955,0.15393,0.17631,0.21812
7751.9385,0,0.15307,0.17713,0.22002,0.15367,0.17655,0.21869
7751.9766,0,0.15251,0.17843,0.22041,0.15333,0.17712,0.21921
7752.0084,0,0.15086,0.17881,0.22086,0.15258,0.17763,0.21970
7752.0464,0,0.15060,0.17982,0.22104,0.15199,0.17828,0.22011
7752.0780,0,0.14891,0.18044,0.22133,0.15107,0.17893,0.22047
7752.1124,0,0.14768,0.18043,0.22172,0.15005,0.17938,0.22085
7752.1434,0,0.14730,0.18097,0.22234,0.14922,0.17986,0.22130
7752.1866,0,0.14734,0.18099,0.22306,0.14866,0.18020,0.22183
7752.2224,0,0.14716,0.18040,0.22366,0.14821,0.18026,0.22237
7752.2533,0,0.14653,0.18010,0.22413,0.14771,0.18021,0.22290
7752.2847,0,0.14572,0.18030,0.22454,0.14711,0.18024,0.22339
7752.3178,0,0.14471,0.18070,0.22473,0.14639,0.18038,0.22379
7752.3505,0,0.14342,0.18129,0.22477,0.14550,0.18065,0.22409
7752.3840,0,0.14201,0.18072,0.22499,0.14445,0.18067,0.22436
7752.4181,0,0.14210,0.18115,0.22523,0.14375,0.18082,0.22462
7752.4513,0,0.14142,0.18072,0.22567,0.14305,0.18079,0.22493
7752.4834,0,0.14027,0.18010,0.22605,0.14222,0.18058,0.22527
7752.5161,0,0.14011,0.17907,0.22657,0.14159,0.18013,0.22566
7752.5471,0,0.13904,0.17880,0.22720,0.14082,0.17973,0.22612
7752.5778,0,0.13916,0.17763,0.22740,0.14032,0.17910,0.22651
7752.6084,0,0.13892,0.17582,0.22729,0.13990,0.17812,0.22674
7752.6401,0,0.13803,0.17508,0.22738,0.13934,0.17721,0.22693
7752.6720,0,0.13853,0.17507,0.22735,0.13910,0.17657,0.22706
7752.7030,0,0.13786,0.17449,0.22772,0.13873,0.17594,0.22725
7752.7336,0,0.13737,0.17416,0.22782,0.13832,0.17541,0.22742
7752.7667,0,0.13780,0.17417,0.22767,0.13816,0.17504,0.22750
7752.8069,0,0.13787,0.17403,0.22734,0.13808,0.17474,0.22745
7752.8382,0,0.13800,0.17397,0.22712,0.13805,0.17451,0.22735
7752.8700,0,0.13869,0.17436,0.22685,0.13824,0.17446,0.22720
7752.9034,0,0.13879,0.17480,0.22651,0.13841,0.17456,0.22699
7752.9347,0,0.13812,0.17550,0.22626,0.13832,0.17485,0.22677
7752.9677,0,0.13817,0.17662,0.22618,0.13828,0.17538,0.22659
7753.0019,0,0.13672,0.17731,0.22629,0.13781,0.17596,0.22650
7753.0415,0,0.13744,0.17849,0.22603,0.13770,0.17672,0.22636
7753.0771,0,0.13820,0.17874,0.22564,0.13785,0.17732,0.22615
7753.1087,0,0.13948,0.17916,0.22498,0.13834,0.17788,0.22580
7753.1409,0,0.13951,0.17925,0.22470,0.13869,0.17829,0.22547
7753.1732,0,0.13902,0.17999,0.22452,0.13879,0.17880,0.22518
7753.2052,0,0.13862,0.18060,0.22465,0.13874,0.17934,0.22502
7753.2370,0,0.13862,0.18113,0.22492,0.13870,0.17988,0.22499
7753.2692,0,0.13837,0.18208,0.22532,0.13860,0.18054,0.22509
7753.3045,0,0.13850,0.18269,0.22574,0.13857,0.18118,0.22529
7753.3357,0,0.13800,0.18376,0.22631,0.13840,0.18195,0.22559
7753.3682,0,0.13733,0.18535,0.22720,0.13808,0.18297,0.22608
7753.4025,0,0.13752,0.18673,0.22791,0.13791,0.18410,0.22663
7753.4383,0,0.13675,0.18735,0.22884,0.13756,0.18508,0.22729
7753.4691,0,0.13756,0.18845,0.22958,0.13756,0.18609,0.22798
7753.5006,0,0.13788,0.18949,0.23034,0.13766,0.18711,0.22868
7753.5395,0,0.13985,0.19071,0.23079,0.13832,0.18819,0.22931
7753.5710,0,0.14008,0.19147,0.23160,0.13884,0.18917,0.23000
7753.6033,0,0.14092,0.19189,0.23234,0.13947,0.18999,0.23070
7753.6354,0,0.14027,0.19233,0.23336,0.13971,0.19069,0.23150
7753.6687,0,0.14043,0.19254,0.23460,0.13993,0.19125,0.23243
7753.7015,0,0.14075,0.19319,0.23576,0.14017,0.19183,0.23343
7753.7356,0,0.14037,0.19363,0.23718,0.14023,0.19237,0.23456
7753.7671,0,0.14154,0.19458,0.23802,0.14062,0.19303,0.23560
7753.8015,0,0.14160,0.19496,0.23908,0.14092,0.19361,0.23664
7753.8419,0,0.14062,0.19551,0.24042,0.14083,0.19418,0.23778
7753.8737,0,0.14112,0.19690,0.24157,0.14092,0.19500,0.23891
7753.9050,0,0.14125,0.19758,0.24285,0.14102,0.19577,0.24010
7753.9359,0,0.14255,0.19798,0.24402,0.14148,0.19643,0.24127
7753.9676,0,0.14296,0.19777,0.24533,0.14192,0.19684,0.24249
7754.0005,0,0.14304,0.19838,0.24646,0.14226,0.19730,0.24368
7754.0327,0,0.14479,0.19904,0.24739,0.14302,0.19782,0.24479
7754.0679,0,0.14577,0.19987,0.24821,0.14384,0.19844,0.24582
7754.1012,0,0.14613,0.20036,0.24916,0.14453,0.19901,0.24682
7754.1325,0,0.14650,0.20118,0.25021,0.14512,0.19966,0.24784
7754.1685,0,0.14841,0.20118,0.25086,0.14611,0.20012,0.24875
7754.2031,0,0.14819,0.20164,0.25161,0.14673,0.20058,0.24961
7754.2335,0,0.14800,0.20175,0.25281,0.14711,0.20093,0.25057
7754.2705,0,0.14783,0.20205,0.25413,0.14733,0.20127,0.25164
7754.3100,0,0.14861,0.20250,0.25508,0.14771,0.20164,0.25267
7754.3423,0,0.15009,0.20322,0.25626,0.14843,0.20211,0.25375
7754.3741,0,0.15080,0.20365,0.25761,0.14914,0.20257,0.25491
7754.4067,0,0.14884,0.20412,0.25929,0.14905,0.20304,0.25622
7754.4426,0,0.15043,0.20477,0.26002,0.14946,0.20356,0.25736
7754.4737,0,0.14960,0.20489,0.26090,0.14951,0.20396,0.25842
7754.5041,0,0.14856,0.20489,0.26134,0.14922,0.20424,0.25930
7754.5345,0,0.14938,0.20522,0.26167,0.14927,0.20453,0.26001
7754.5761,0,0.15058,0.20630,0.26281,0.14966,0.20506,0.26085
7754.6068,0,0.14982,0.20697,0.26435,0.14971,0.20563,0.26190
7754.6419,0,0.14851,0.20760,0.26597,0.14935,0.20622,0.26312
7754.6732,0,0.14938,0.20867,0.26729,0.14936,0.20696,0.26437
7754.7054,0,0.14878,0.20943,0.26875,0.14919,0.20770,0.26569
7754.7378,0,0.15037,0.21070,0.27017,0.14954,0.20860,0.26703
7754.7729,0,0.15042,0.21103,0.27177,0.14980,0.20933,0.26845
7754.8098,0,0.15151,0.21171,0.27332,0.15032,0.21004,0.26991
7754.8407,0,0.15239,0.21203,0.27470,0.15094,0.21064,0.27135
7754.8721,0,0.15148,0.21280,0.27638,0.15110,0.21129,0.27286
7754.9027,0,0.15251,0.21367,0.27790,0.15152,0.21200,0.27437
7754.9333,0,0.15345,0.21426,0.27921,0.15210,0.21268,0.27582
7754.9671,0,0.15329,0.21503,0.28054,0.15246,0.21338,0.27724
7754.9997,0,0.15566,0.21492,0.28191,0.15342,0.21384,0.27864
7755.0333,0,0.15633,0.21486,0.28323,0.15429,0.21415,0.28002
7755.0678,0,0.15771,0.21454,0.28436,0.15532,0.21427,0.28132
7755.1016,0,0.15905,0.21413,0.28556,0.15644,0.21423,0.28259
7755.1365,0,0.15944,0.21343,0.28641,0.15734,0.21399,0.28374
7755.1672,0,0.15910,0.21381,0.28769,0.15787,0.21393,0.28492
7755.2007,0,0.15999,0.21378,0.28866,0.15850,0.21389,0.28605
7755.2370,0,0.16072,0.21376,0.28969,0.15917,0.21385,0.28714
7755.2734,0,0.16054,0.21397,0.29105,0.15958,0.21389,0.28831
7755.3057,0,0.15970,0.21399,0.29282,0.15961,0.21392,0.28966
7755.3364,0,0.16088,0.21422,0.29416,0.15999,0.21401,0.29101
7755.3679,0,0.16182,0.21418,0.29592,0.16054,0.21406,0.29248
7755.4004,0,0.16173,0.21438,0.29760,0.16090,0.21416,0.29402
7755.4336,0,0.16172,0.21539,0.29954,0.16115,0.21453,0.29568
7755.4711,0,0.16296,0.21592,0.30119,0.16169,0.21495,0.29733
7755.5029,0,0.16133,0.21665,0.30278,0.16158,0.21546,0.29897
7755.5351,0,0.16206,0.21793,0.30392,0.16172,0.21620,0.30045
7755.5668,0,0.16436,0.21840,0.30492,0.16252,0.21686,0.30179
7755.6044,0,0.16579,0.21963,0.30576,0.16350,0.21769,0.30298
7755.6367,0,0.16632,0.22017,0.30691,0.16434,0.21844,0.30416
7755.6695,0,0.16679,0.22105,0.30832,0.16508,0.21922,0.30541
7755.7005,0,0.16870,0.22165,0.30984,0.16616,0.21995,0.30674
7755.7333,0,0.16869,0.22223,0.31161,0.16692,0.22063,0.30820
7755.7673,0,0.16881,0.22254,0.31342,0.16749,0.22121,0.30976
7755.8089,0,0.17008,0.22311,0.31515,0.16827,0.22178,0.31138
7755.8425,0,0.17051,0.22342,0.31688,0.16894,0.22227,0.31303
7755.8742,0,0.17211,0.22328,0.31822,0.16989,0.22257,0.31459
7755.9056,0,0.17265,0.22392,0.31955,0.17072,0.22298,0.31608
7755.9361,0,0.17302,0.22467,0.32101,0.17141,0.22348,0.31756
7755.9691,0,0.17205,0.22482,0.32271,0.17160,0.22389,0.31910
7756.0000,0,0.17402,0.22517,0.32392,0.17233,0.22427,0.32055
7756.0332,0,0.17534,0.22567,0.32536,0.17323,0.22469,0.32199
7756.0676,0,0.17350,0.22587,0.32803,0.17331,0.22504,0.32380
7756.1010,0,0.17377,0.22643,0.33025,0.17345,0.22546,0.32574
7756.1333,0,0.17392,0.22673,0.33252,0.17359,0.22584,0.32777
7756.1691,0,0.17357,0.22755,0.33485,0.17358,0.22635,0.32990
7756.1998,0,0.17475,0.22838,0.33730,0.17393,0.22696,0.33212
7756.2363,0,0.17875,0.22905,0.33893,0.17538,0.22759,0.33416
7756.2680,0,0.17897,0.22963,0.34143,0.17646,0.22820,0.33634
7756.3002,0,0.17996,0.23105,0.34375,0.17751,0.22906,0.33856
7756.3334,0,0.18263,0.23194,0.34585,0.17904,0.22992,0.34075
7756.3667,0,0.18549,0.23311,0.34780,0.18098,0.23088,0.34287
7756.4011,0,0.18690,0.23353,0.34948,0.18275,0.23167,0.34485
7756.4416,0,0.18869,0.23482,0.35041,0.18453,0.23262,0.34652
7756.4771,0,0.18920,0.23634,0.35113,0.18593,0.23373,0.34790
7756.5079,0,0.19048,0.23789,0.35105,0.18730,0.23498,0.34884
7756.5389,0,0.18951,0.23930,0.35070,0.18796,0.23628,0.34940
7756.5704,0,0.19024,0.24026,0.35039,0.18865,0.23747,0.34970
7756.6015,0,0.19019,0.24047,0.34984,0.18911,0.23837,0.34974
7756.6341,0,0.19186,0.24119,0.34912,0.18993,0.23921,0.34955
7756.6671,0,0.19147,0.24152,0.34896,0.19039,0.23991,0.34938
7756.7011,0,0.19275,0.24205,0.34832,0.19110,0.24055,0.34906
7756.7344,0,0.19219,0.24240,0.34836,0.19143,0.24110,0.34885
7756.7681,0,0.19171,0.24204,0.34836,0.19151,0.24139,0.34870
7756.8086,0,0.19188,0.24204,0.34833,0.19163,0.24158,0.34859
7756.8432,0,0.19152,0.24146,0.34812,0.19159,0.24155,0.34845
7756.8776,0,0.19095,0.24153,0.34772,0.19140,0.24154,0.34823
7756.9082,0,0.19193,0.24166,0.34693,0.19156,0.24158,0.34784
7756.9399,0,0.19164,0.24189,0.34605,0.19158,0.24167,0.34730
7756.9723,0,0.19025,0.24169,0.34522,0.19118,0.24167,0.34668
7757.0044,0,0.19047,0.24118,0.34403,0.19097,0.24153,0.34588
7757.0392,0,0.19148,0.24061,0.34257,0.19112,0.24125,0.34489
7757.0726,0,0.19219,0.23914,0.34105,0.19144,0.24062,0.34374
7757.1032,0,0.19283,0.23871,0.33959,0.19186,0.24005,0.34249
7757.1339,0,0.19208,0.23787,0.33883,0.19192,0.23939,0.34139
7757.1670,0,0.19105,0.23755,0.33845,0.19166,0.23884,0.34051
7757.2007,0,0.19312,0.23556,0.33763,0.19210,0.23786,0.33965
7757.2378,0,0.19179,0.23406,0.33785,0.19201,0.23672,0.33911
7757.2700,0,0.19179,0.23285,0.33820,0.19194,0.23556,0.33883
7757.3110,0,0.19230,0.23089,0.33886,0.19205,0.23416,0.33884
7757.3420,0,0.19434,0.22848,0.33911,0.19274,0.23246,0.33892
7757.3773,0,0.19361,0.22745,0.34022,0.19300,0.23095,0.33931
7757.4077,0,0.19555,0.22457,0.34115,0.19376,0.22904,0.33986
7757.4385,0,0.19752,0.22229,0.34241,0.19489,0.22701,0.34063
7757.4689,0,0.19848,0.21878,0.34283,0.19597,0.22454,0.34129
7757.5001,0,0.20126,0.21487,0.34290,0.19755,0.22164,0.34177
7757.5402,0,0.20567,0.20977,0.34265,0.19999,0.21808,0.34203
7757.5717,0,0.20674,0.20440,0.34262,0.20202,0.21398,0.34221
7757.6030,0,0.20834,0.19957,0.34290,0.20391,0.20965,0.34242
7757.6350,0,0.20762,0.19563,0.34303,0.20503,0.20544,0.34260
7757.6677,0,0.20770,0.19126,0.34375,0.20583,0.20119,0.34295
7757.7042,0,0.20746,0.18584,0.34469,0.20632,0.19658,0.34347
7757.7364,0,0.20937,0.17990,0.34512,0.20723,0.19158,0.34396
7757.7672,0,0.20989,0.17411,0.34580,0.20803,0.18634,0.34451
7757.7997,0,0.21258,0.16602,0.34574,0.20940,0.18024,0.34488
7757.8394,0,0.21790,0.15868,0.34544,0.21195,0.17377,0.34505
7757.8703,0,0.22014,0.15148,0.34538,0.21440,0.16708,0.34515
7757.9042,0,0.21938,0.14403,0.34546,0.21590,0.16017,0.34524
7757.9368,0,0.22103,0.13596,0.34529,0.21744,0.15291,0.34526
7757.9676,0,0.22446,0.12679,0.34410,0.21955,0.14507,0.34491
7758.0009,0,0.22710,0.11848,0.34272,0.22181,0.13709,0.34425
7758.0332,0,0.23081,0.10974,0.34130,0.22451,0.12889,0.34337
7758.0662,0,0.23319,0.10037,0.33985,0.22711,0.12033,0.34231
7758.1003,0,0.23422,0.09203,0.33881,0.22925,0.11184,0.34126
7758.1331,0,0.23298,0.08404,0.33772,0.23037,0.10350,0.34020
7758.1690,0,0.23530,0.07559,0.33628,0.23185,0.09513,0.33902
7758.2002,0,0.23478,0.06774,0.33466,0.23273,0.08691,0.33771
7758.2360,0,0.23653,0.06042,0.33229,0.23387,0.07896,0.33609
7758.2682,0,0.23465,0.05095,0.33034,0.23410,0.07056,0.33436
7758.3020,0,0.23334,0.04426,0.32781,0.23387,0.06267,0.33240
7758.3352,0,0.22651,0.03801,0.32647,0.23167,0.05527,0.33062
7758.3663,0,0.22591,0.03186,0.32409,0.22994,0.04825,0.32866
7758.4013,0,0.22708,0.02769,0.32118,0.22908,0.04208,0.32641
7758.4430,0,0.23138,0.02384,0.31757,0.22977,0.03661,0.32376
7758.4742,0,0.23216,0.01962,0.31498,0.23049,0.03151,0.32113
7758.5091,0,0.23190,0.01666,0.31281,0.23091,0.02706,0.31863
7758.5448,0,0.23252,0.01275,0.31033,0.23139,0.02276,0.31614
7758.5768,0,0.23397,0.00911,0.30785,0.23217,0.01867,0.31365
7758.6079,0,0.23447,0.00569,0.30520,0.23286,0.01477,0.31112
7758.6390,0,0.23523,0.00302,0.30241,0.23357,0.01125,0.30851
7758.6716,0,0.23640,-0.00045,0.30000,0.23442,0.00774,0.30595
7758.7021,0,0.23797,-0.00208,0.29743,0.23548,0.00479,0.30340
7758.7328,0,0.23561,-0.00568,0.29589,0.23552,0.00165,0.30114
7758.7680,0,0.23427,-0.00873,0.29364,0.23515,-0.00146,0.29889
7758.8068,0,0.23511,-0.01135,0.29048,0.23514,-0.00443,0.29637
7758.8388,0,0.23687,-0.01434,0.28737,0.23566,-0.00740,0.29367
7758.8757,0,0.23633,-0.01663,0.28484,0.23586,-0.01017,0.29102
7758.9063,0,0.23504,-0.01857,0.28241,0.23561,-0.01269,0.28844
7758.9422,0,0.23363,-0.02047,0.28003,0.23502,-0.01502,0.28591
7758.9733,0,0.23191,-0.02202,0.27766,0.23409,-0.01712,0.28344
7759.0049,0,0.22789,-0.02385,0.27518,0.23223,-0.01914,0.28096
7759.0374,0,0.22550,-0.02589,0.27284,0.23021,-0.02116,0.27852
7759.0694,0,0.22620,-0.02716,0.27003,0.22901,-0.02296,0.27597
7759.1017,0,0.22627,-0.02747,0.26737,0.22818,-0.02432,0.27339
7759.1341,0,0.22507,-0.02826,0.26489,0.22725,-0.02550,0.27084
7759.1683,0,0.22505,-0.02833,0.26272,0.22659,-0.02635,0.26841
7759.2005,0,0.22583,-0.02876,0.26022,0.22636,-0.02707,0.26595
7759.2361,0,0.22527,-0.02738,0.25780,0.22603,-0.02716,0.26351
7759.2719,0,0.22314,-0.02750,0.25555,0.22516,-0.02726,0.26112
7759.3026,0,0.22244,-0.02743,0.25363,0.22435,-0.02731,0.25887
7759.3337,0,0.22254,-0.02757,0.25138,0.22381,-0.02739,0.25662
7759.3711,0,0.22295,-0.02715,0.24916,0.22355,-0.02732,0.25439
7759.4036,0,0.22287,-0.02624,0.24694,0.22335,-0.02700,0.25215
7759.4386,0,0.22411,-0.02493,0.24465,0.22358,-0.02637,0.24990
7759.4726,0,0.22335,-0.02325,0.24237,0.22351,-0.02544,0.24764
7759.5036,0,0.22601,-0.02115,0.23964,0.22426,-0.02415,0.24524
7759.5355,0,0.22328,-0.01961,0.23773,0.22396,-0.02279,0.24299
7759.5676,0,0.22227,-0.01783,0.23582,0.22346,-0.02130,0.24084
7759.6000,0,0.22205,-0.01484,0.23384,0.22303,-0.01936,0.23874
7759.6358,0,0.22245,-0.01238,0.23220,0.22286,-0.01727,0.23677
7759.6702,0,0.22321,-0.00951,0.23090,0.22296,-0.01494,0.23501
7759.7026,0,0.22184,-0.00633,0.22960,0.22263,-0.01236,0.23339
7759.7331,0,0.22230,-0.00347,0.22849,0.22253,-0.00969,0.23192
7759.7663,0,0.21985,-0.00046,0.22755,0.22173,-0.00692,0.23061
7759.8086,0,0.21933,0.00259,0.22634,0.22101,-0.00407,0.22933
7759.8406,0,0.21909,0.00612,0.22556,0.22043,-0.00101,0.22820
7759.8719,0,0.21970,0.00825,0.22487,0.22021,0.00177,0.22720
7759.9026,0,0.22009,0.01153,0.22424,0.22018,0.00469,0.22631
7759.9340,0,0.21973,0.01617,0.22312,0.22004,0.00814,0.22535
7759.9671,0,0.21825,0.02008,0.22268,0.21951,0.01172,0.22455
7760.0009,0,0.21912,0.02182,0.22243,0.21939,0.01475,0.22392
7760.0402,0,0.22016,0.02657,0.22243,0.21962,0.01830,0.22347
7760.0727,0,0.22078,0.03061,0.22196,0.21997,0.02199,0.22302
7760.1044,0,0.22071,0.03397,0.22192,0.22019,0.02559,0.22269
7760.1355,0,0.21830,0.03763,0.22175,0.21962,0.02920,0.22241
7760.1732,0,0.21594,0.04096,0.22241,0.21852,0.03273,0.22241
7760.2044,0,0.21802,0.04385,0.22277,0.21837,0.03606,0.22252
7760.2348,0,0.21877,0.04578,0.22316,0.21849,0.03898,0.22271
7760.2676,0,0.21947,0.04894,0.22391,0.21878,0.04197,0.22307
7760.3038,0,0.22098,0.05063,0.22458,0.21944,0.04456,0.22352
7760.3419,0,0.22027,0.05267,0.22550,0.21969,0.04700,0.22412
7760.3732,0,0.21869,0.05555,0.22639,0.21939,0.04956,0.22480
7760.4039,0,0.21941,0.05667,0.22681,0.21939,0.05169,0.22540
7760.4356,0,0.21971,0.05836,0.22753,0.21949,0.05369,0.22604
7760.4663,0,0.21972,0.05943,0.22860,0.21956,0.05542,0.22681
7760.5006,0,0.21739,0.06012,0.22993,0.21891,0.05683,0.22774
7760.5343,0,0.21744,0.06171,0.23117,0.21847,0.05829,0.22877
7760.5680,0,0.21723,0.06428,0.23259,0.21809,0.06009,0.22992
7760.6004,0,0.21726,0.06579,0.23405,0.21784,0.06180,0.23116
7760.6355,0,0.21863,0.06649,0.23533,0.21808,0.06321,0.23241
7760.6703,0,0.21992,0.06757,0.23666,0.21863,0.06452,0.23369
7760.7020,0,0.22234,0.06817,0.23723,0.21974,0.06561,0.23475
7760.7341,0,0.22242,0.06811,0.23828,0.22055,0.06636,0.23581
7760.7676,0,0.22289,0.06831,0.23925,0.22125,0.06695,0.23684
7760.8072,0,0.22460,0.06816,0.24018,0.22226,0.06731,0.23784
7760.8387,0,0.22528,0.06834,0.24154,0.22316,0.06762,0.23895
7760.8701,0,0.22521,0.06897,0.24296,0.22378,0.06802,0.24015
7760.9019,0,0.22691,0.06894,0.24408,0.22472,0.06830,0.24133
7760.9381,0,0.22722,0.06853,0.24567,0.22547,0.06837,0.24263
7760.9715,0,0.22673,0.06872,0.24710,0.22585,0.06848,0.24397
7761.0035,0,0.22779,0.06913,0.24818,0.22643,0.06867,0.24524
7761.0384,0,0.22762,0.06919,0.24955,0.22679,0.06883,0.24653
7761.0718,0,0.22757,0.06977,0.25087,0.22702,0.06911,0.24783
7761.1022,0,0.22812,0.06923,0.25197,0.22735,0.06915,0.24908
7761.1318,0,0.22832,0.06902,0.25323,0.22764,0.06911,0.25032
7761.1644,0,0.22692,0.06876,0.25481,0.22743,0.06900,0.25167
7761.1947,0,0.22809,0.06834,0.25590,0.22762,0.06880,0.25294
7761.2249,0,0.22838,0.06719,0.25708,0.22785,0.06832,0.25418
7761.2565,0,0.23099,0.06660,0.25830,0.22879,0.06780,0.25542
7761.2885,0,0.22869,0.06616,0.26026,0.22876,0.06731,0.25687
7761.3208,0,0.22724,0.06509,0.26223,0.22831,0.06664,0.25848
7761.3523,0,0.22672,0.06313,0.26413,0.22783,0.06559,0.26017
7761.3835,0,0.22807,0.06248,0.26548,0.22790,0.06466,0.26176
7761.4179,0,0.22865,0.06085,0.26680,0.22813,0.06352,0.26328
7761.4582,0,0.22693,0.05944,0.26845,0.22777,0.06229,0.26483
7761.4892,0,0.22838,0.05805,0.26954,0.22795,0.06102,0.26624
7761.5209,0,0.22897,0.05722,0.27084,0.22826,0.05988,0.26762
7761.5525,0,0.23100,0.05650,0.27194,0.22908,0.05887,0.26891
7761.5879,0,0.23182,0.05495,0.27365,0.22990,0.05769,0.27033
7761.6189,0,0.23127,0.05418,0.27489,0.23031,0.05664,0.27170
7761.6504,0,0.23197,0.05255,0.27598,0.23081,0.05541,0.27298
7761.6845,0,0.23140,0.05093,0.27733,0.23099,0.05407,0.27429
7761.7170,0,0.23298,0.04842,0.27838,0.23159,0.05237,0.27552
7761.7539,0,0.23143,0.04727,0.27999,0.23154,0.05084,0.27686
7761.7926,0,0.23271,0.04549,0.28121,0.23189,0.04924,0.27816
7761.8242,0,0.23263,0.04357,0.28281,0.23211,0.04754,0.27956
7761.8545,0,0.23367,0.04205,0.28410,0.23258,0.04589,0.28092
7761.8861,0,0.23260,0.03848,0.28551,0.23258,0.04367,0.28230
7761.9167,0,0.22967,0.03633,0.28740,0.23171,0.04146,0.28383
7761.9545,0,0.22875,0.03407,0.28923,0.23082,0.03925,0.28545
7761.9855,0,0.22954,0.03155,0.29012,0.23044,0.03694,0.28685
7762.0172,0,0.22989,0.02900,0.29134,0.23028,0.03456,0.28820
7762.0495,0,0.22946,0.02615,0.29314,0.23003,0.03203,0.28968
7762.0898,0,0.23160,0.02345,0.29416,0.23050,0.02946,0.29102
7762.1201,0,0.23424,0.02169,0.29505,0.23162,0.02713,0.29223
7762.1524,0,0.23503,0.01968,0.29606,0.23264,0.02490,0.29338
7762.1849,0,0.23731,0.01725,0.29658,0.23405,0.02260,0.29434
7762.2162,0,0.23814,0.01542,0.29771,0.23527,0.02045,0.29535
7762.2544,0,0.23881,0.01307,0.29911,0.23633,0.01823,0.29648
7762.2850,0,0.23913,0.01080,0.30040,0.23717,0.01600,0.29766
7762.3216,0,0.23873,0.00821,0.30161,0.23764,0.01367,0.29884
7762.3523,0,0.23744,0.00528,0.30283,0.23758,0.01115,0.30004
7762.3836,0,0.23705,0.00234,0.30394,0.23742,0.00851,0.30121
7762.4178,0,0.23720,-0.00098,0.30457,0.23736,0.00566,0.30222
7762.4536,0,0.23804,-0.00411,0.30508,0.23756,0.00273,0.30308
7762.4929,0,0.23979,-0.00744,0.30540,0.23823,-0.00032,0.30377
7762.5235,0,0.23988,-0.01089,0.30603,0.23873,-0.00349,0.30445
7762.5561,0,0.23912,-0.01472,0.30705,0.23884,-0.00686,0.30523
7762.5899,0,0.23828,-0.01751,0.30809,0.23867,-0.01006,0.30609
7762.6211,0,0.23787,-0.02048,0.30876,0.23843,-0.01318,0.30689
7762.6524,0,0.23698,-0.02324,0.30974,0.23799,-0.01620,0.30775
7762.6885,0,0.23605,-0.02521,0.31082,0.23741,-0.01890,0.30867
7762.7204,0,0.23560,-0.02861,0.31152,0.23687,-0.02182,0.30952
7762.7514,0,0.23424,-0.03074,0.31231,0.23608,-0.02449,0.31036
7762.7842,0,0.23152,-0.03310,0.31314,0.23471,-0.02707,0.31120
7762.8227,0,0.23110,-0.03516,0.31363,0.23363,-0.02950,0.31193
7762.8548,0,0.23250,-0.03784,0.31351,0.23329,-0.03200,0.31240
7762.8874,0,0.23291,-0.03955,0.31346,0.23318,-0.03427,0.31272
7762.9226,0,0.23662,-0.04105,0.31310,0.23421,-0.03630,0.31283
7762.9563,0,0.23716,-0.04237,0.31318,0.23510,-0.03812,0.31294
7762.9879,0,0.23716,-0.04513,0.31314,0.23571,-0.04023,0.31300
7763.0302,0,0.23590,-0.04712,0.31319,0.23577,-0.04230,0.31305
7763.0608,0,0.23675,-0.04982,0.31297,0.23606,-0.04455,0.31303
7763.0941,0,0.23434,-0.05288,0.31323,0.23555,-0.04705,0.31309
7763.1275,0,0.23358,-0.05647,0.31358,0.23496,-0.04988,0.31324
7763.1598,0,0.23323,-0.05824,0.31355,0.23444,-0.05238,0.31333
7763.1917,0,0.23348,-0.05967,0.31329,0.23415,-0.05457,0.31332
7763.2227,0,0.23320,-0.06125,0.31298,0.23386,-0.05657,0.31322
7763.2551,0,0.23351,-0.06284,0.31257,0.23376,-0.05845,0.31303
7763.2889,0,0.23292,-0.06426,0.31203,0.23351,-0.06020,0.31273
7763.3217,0,0.23361,-0.06557,0.31144,0.23354,-0.06181,0.31234
7763.3540,0,0.23369,-0.06711,0.31073,0.23358,-0.06340,0.31186
7763.3861,0,0.23455,-0.06876,0.31019,0.23387,-0.06501,0.31136
7763.4183,0,0.23456,-0.06997,0.30958,0.23408,-0.06650,0.31082
7763.4508,0,0.23364,-0.07130,0.30899,0.23395,-0.06794,0.31027
7763.4830,0,0.23662,-0.07291,0.30743,0.23475,-0.06943,0.30942
7763.5244,0,0.23777,-0.07425,0.30592,0.23565,-0.07088,0.30837
7763.5558,0,0.23854,-0.07594,0.30465,0.23652,-0.07240,0.30726
7763.5875,0,0.23992,-0.07745,0.30330,0.23754,-0.07391,0.30607
7763.6213,0,0.24195,-0.07861,0.30178,0.23886,-0.07532,0.30478
7763.6584,0,0.24148,-0.08114,0.30071,0.23965,-0.07707,0.30356
7763.6907,0,0.23959,-0.08281,0.30004,0.23963,-0.07879,0.30251
7763.7217,0,0.24018,-0.08465,0.29874,0.23979,-0.08055,0.30138
7763.7534,0,0.23965,-0.08538,0.29766,0.23975,-0.08200,0.30026
7763.7865,0,0.23785,-0.08717,0.29681,0.23918,-0.08355,0.29923
7763.8281,0,0.23819,-0.08957,0.29528,0.23888,-0.08536,0.29804
7763.8592,0,0.23888,-0.09049,0.29438,0.23888,-0.08690,0.29694
7763.8922,0,0.23965,-0.09118,0.29291,0.23911,-0.08818,0.29573
7763.9323,0,0.24099,-0.09235,0.29111,0.23967,-0.08943,0.29435
7763.9634,0,0.24157,-0.09242,0.28959,0.24024,-0.09033,0.29292
7763.9956,0,0.24195,-0.09347,0.28812,0.24075,-0.09127,0.29148
7764.0261,0,0.24124,-0.09393,0.28673,0.24090,-0.09207,0.29006
7764.0567,0,0.24083,-0.09453,0.28500,0.24088,-0.09281,0.28854
7764.0876,0,0.24005,-0.09554,0.28339,0.24063,-0.09363,0.28699
7764.1187,0,0.23797,-0.09726,0.28209,0.23983,-0.09472,0.28552
7764.1524,0,0.23737,-0.09840,0.28047,0.23909,-0.09582,0.28401
7764.1851,0,0.23736,-0.09914,0.27873,0.23857,-0.09681,0.28242
7764.2169,0,0.23789,-0.09966,0.27705,0.23837,-0.09767,0.28081
7764.2511,0,0.23770,-0.10029,0.27571,0.23817,-0.09845,0.27928
7764.2875,0,0.23589,-0.10063,0.27444,0.23749,-0.09911,0.27783
7764.3181,0,0.23513,-0.10095,0.27322,0.23678,-0.09966,0.27645
7764.3505,0,0.23509,-0.09991,0.27166,0.23627,-0.09974,0.27501
7764.3894,0,0.23477,-0.09987,0.26955,0.23582,-0.09978,0.27337
7764.4256,0,0.23530,-0.09903,0.26751,0.23567,-0.09955,0.27161
7764.4579,0,0.23285,-0.09959,0.26567,0.23482,-0.09956,0.26983
7764.4897,0,0.23309,-0.10092,0.26320,0.23430,-0.09997,0.26784
7764.5276,0,0.23096,-0.10072,0.26095,0.23330,-0.10020,0.26577
7764.5595,0,0.22959,-0.10124,0.25868,0.23219,-0.10051,0.26365
7764.5911,0,0.23001,-0.10089,0.25662,0.23153,-0.10062,0.26154
7764.6231,0,0.22964,-0.09959,0.25491,0.23096,-0.10031,0.25955
7764.6547,0,0.22892,-0.09891,0.25334,0.23035,-0.09989,0.25769
7764.6857,0,0.22757,-0.09903,0.25178,0.22952,-0.09963,0.25591
7764.7169,0,0.22731,-0.09817,0.25006,0.22886,-0.09919,0.25416
7764.7502,0,0.22759,-0.09684,0.24836,0.22848,-0.09849,0.25242
7764.7934,0,0.22742,-0.09595,0.24646,0.22816,-0.09773,0.25063
7764.8263,0,0.22885,-0.09473,0.24449,0.22836,-0.09683,0.24879
7764.8609,0,0.22962,-0.09390,0.24221,0.22874,-0.09595,0.24682
7764.8963,0,0.23056,-0.09286,0.23984,0.22929,-0.09502,0.24472
7764.9279,0,0.22942,-0.09193,0.23822,0.22933,-0.09410,0.24277
7764.9611,0,0.22808,-0.09053,0.23687,0.22895,-0.09302,0.24100
7764.9932,0,0.22663,-0.08916,0.23536,0.22826,-0.09187,0.23931
7765.0239,0,0.22451,-0.08722,0.23391,0.22713,-0.09047,0.23769
7765.0565,0,0.22525,-0.08499,0.23225,0.22657,-0.08883,0.23606
7765.0899,0,0.22566,-0.08295,0.23075,0.22630,-0.08706,0.23447
7765.1207,0,0.22359,-0.08211,0.22938,0.22548,-0.08558,0.23294
7765.1614,0,0.22257,-0.08012,0.22825,0.22461,-0.08394,0.23153
7765.1933,0,0.22062,-0.07863,0.22745,0.22341,-0.08235,0.23031
7765.2280,0,0.21978,-0.07661,0.22672,0.22232,-0.08062,0.22923
7765.2589,0,0.21736,-0.07563,0.22588,0.22083,-0.07913,0.22823
7765.2922,0,0.21757,-0.07425,0.22473,0.21986,-0.07766,0.22718
7765.3249,0,0.21618,-0.07237,0.22343,0.21875,-0.07607,0.22605
7765.3575,0,0.21559,-0.07076,0.22197,0.21780,-0.07448,0.22483
7765.3896,0,0.21672,-0.06834,0.22050,0.21748,-0.07264,0.22353
7765.4211,0,0.21680,-0.06703,0.21941,0.21727,-0.07096,0.22229
7765.4521,0,0.21616,-0.06473,0.21904,0.21694,-0.06909,0.22132
7765.4832,0,0.21554,-0.06206,0.21838,0.21652,-0.06698,0.22044
7765.5251,0,0.21418,-0.05790,0.21745,0.21582,-0.06426,0.21954
7765.5577,0,0.21163,-0.05354,0.21700,0.21456,-0.06104,0.21878
7765.5893,0,0.21261,-0.05009,0.21608,0.21397,-0.05775,0.21797
7765.6208,0,0.21176,-0.04795,0.21544,0.21331,-0.05481,0.21721
7765.6514,0,0.21353,-0.04461,0.21410,0.21338,-0.05175,0.21628
7765.6845,0,0.21424,-0.04178,0.21282,0.21364,-0.04876,0.21524
7765.7161,0,0.21277,-0.03843,0.21201,0.21338,-0.04566,0.21427
7765.7544,0,0.21473,-0.03625,0.21087,0.21378,-0.04284,0.21325
7765.7892,0,0.21310,-0.03395,0.21031,0.21358,-0.04017,0.21237
7765.8200,0,0.21435,-0.03129,0.20989,0.21381,-0.03751,0.21162
7765.8517,0,0.21562,-0.02848,0.20933,0.21435,-0.03480,0.21093
7765.8832,0,0.21721,-0.02561,0.20881,0.21521,-0.03204,0.21030
7765.9236,0,0.21562,-0.02214,0.20918,0.21533,-0.02907,0.20996
7765.9572,0,0.21583,-0.01974,0.20939,0.21548,-0.02627,0.20979
7765.9893,0,0.21358,-0.01695,0.21008,0.21491,-0.02348,0.20988
7766.0231,0,0.21332,-0.01459,0.21036,0.21443,-0.02081,0.21002
7766.0565,0,0.21423,-0.01097,0.21087,0.21437,-0.01786,0.21028
7766.0867,0,0.21410,-0.00782,0.21112,0.21429,-0.01485,0.21053
7766.1186,0,0.21611,-0.00470,0.21099,0.21484,-0.01180,0.21067
7766.1499,0,0.21528,-0.00213,0.21142,0.21497,-0.00890,0.21089
7766.1819,0,0.21719,0.00307,0.21142,0.21564,-0.00531,0.21105
7766.2138,0,0.21703,0.00568,0.21188,0.21605,-0.00201,0.21130
7766.2452,0,0.21721,0.00909,0.21244,0.21640,0.00132,0.21164
7766.2750,0,0.21736,0.01263,0.21321,0.21669,0.00471,0.21211
7766.3081,0,0.21803,0.01660,0.21372,0.21709,0.00828,0.21259
7766.3445,0,0.21658,0.02071,0.21482,0.21694,0.01201,0.21326
7766.3783,0,0.21879,0.02362,0.21564,0.21750,0.01549,0.21397
7766.4116,0,0.21778,0.02617,0.21696,0.21758,0.01870,0.21487
7766.4419,0,0.21752,0.02864,0.21816,0.21756,0.02168,0.21586
7766.4740,0,0.21798,0.03270,0.21915,0.21769,0.02499,0.21685
7766.5183,0,0.21983,0.03513,0.22021,0.21833,0.02803,0.21785
7766.5496,0,0.21901,0.03839,0.22140,0.21853,0.03114,0.21892
7766.5840,0,0.22037,0.04192,0.22282,0.21909,0.03437,0.22009
7766.6192,0,0.22010,0.04626,0.22473,0.21939,0.03794,0.22148
7766.6506,0,0.22253,0.04944,0.22671,0.22033,0.04139,0.22305
7766.6899,0,0.22277,0.05318,0.22881,0.22106,0.04492,0.22478
7766.7242,0,0.22191,0.05598,0.23167,0.22132,0.04824,0.22684
7766.7553,0,0.22057,0.05880,0.23427,0.22109,0.05141,0.22907
7766.7870,0,0.22008,0.06168,0.23701,0.22079,0.05449,0.23145
7766.8291,0,0.21935,0.06389,0.23992,0.22036,0.05731,0.23399
7766.8597,0,0.21881,0.06630,0.24281,0.21989,0.06001,0.23664
7766.8907,0,0.22262,0.06869,0.24518,0.22071,0.06261,0.23920
7766.9262,0,0.22361,0.07088,0.24756,0.22158,0.06509,0.24171
7766.9572,0,0.22326,0.07220,0.24994,0.22208,0.06722,0.24418
7766.9879,0,0.22452,0.07290,0.25122,0.22282,0.06893,0.24629
7767.0192,0,0.22678,0.07432,0.25257,0.22401,0.07054,0.24817
7767.0516,0,0.22907,0.07530,0.25379,0.22553,0.07197,0.24986
7767.0851,0,0.22981,0.07652,0.25537,0.22681,0.07333,0.25151
7767.1161,0,0.22911,0.07751,0.25759,0.22750,0.07459,0.25334
7767.1499,0,0.22951,0.07894,0.25977,0.22811,0.07589,0.25527
7767.1860,0,0.22902,0.07965,0.26207,0.22838,0.07702,0.25731
7767.2180,0,0.22974,0.07895,0.26391,0.22879,0.07760,0.25929
7767.2506,0,0.22864,0.07946,0.26599,0.22874,0.07816,0.26130
7767.2891,0,0.22824,0.07907,0.26798,0.22859,0.07843,0.26330
7767.3203,0,0.22941,0.08015,0.26966,0.22884,0.07895,0.26521
7767.3511,0,0.22904,0.08077,0.27146,0.22890,0.07949,0.26709
7767.3831,0,0.22889,0.08123,0.27297,0.22889,0.08002,0.26885
7767.4174,0,0.22902,0.08144,0.27446,0.22893,0.08044,0.27054
7767.4502,0,0.23017,0.08141,0.27570,0.22930,0.08073,0.27208
7767.4840,0,0.23115,0.08109,0.27696,0.22986,0.08084,0.27355
7767.5155,0,0.23207,0.08016,0.27838,0.23052,0.08064,0.27500
7767.5459,0,0.23205,0.07922,0.28001,0.23098,0.08021,0.27650
7767.5771,0,0.23064,0.07771,0.28166,0.23088,0.07946,0.27805
7767.6088,0,0.23012,0.07523,0.28362,0.23065,0.07819,0.27972
7767.6413,0,0.22883,0.07364,0.28553,0.23010,0.07683,0.28147
7767.6721,0,0.22889,0.07192,0.28730,0.22974,0.07536,0.28322
7767.7031,0,0.22730,0.06967,0.28941,0.22901,0.07365,0.28507
7767.7351,0,0.22752,0.06832,0.29131,0.22856,0.07205,0.28695
7767.7666,0,0.22846,0.06710,0.29318,0.22853,0.07056,0.28882
7767.8056,0,0.23073,0.06601,0.29470,0.22919,0.06920,0.29058
7767.8366,0,0.23097,0.06505,0.29624,0.22972,0.06795,0.29228
7767.8666,0,0.23229,0.06349,0.29774,0.23049,0.06661,0.29392
7767.8996,0,0.23480,0.06210,0.29887,0.23178,0.06526,0.29540
7767.9343,0,0.23582,0.06027,0.30042,0.23299,0.06376,0.29691
7767.9673,0,0.23754,0.05844,0.30130,0.23436,0.06217,0.29823
7768.0002,0,0.23559,0.05729,0.30290,0.23473,0.06070,0.29963
7768.0341,0,0.23511,0.05553,0.30400,0.23484,0.05915,0.30094
7768.0695,0,0.23461,0.05404,0.30509,0.23477,0.05762,0.30218
7768.1050,0,0.23273,0.05138,0.30590,0.23416,0.05575,0.30330
7768.1350,0,0.23317,0.04885,0.30641,0.23386,0.05368,0.30423
7768.1658,0,0.23356,0.04591,0.30692,0.23377,0.05135,0.30504
7768.1985,0,0.23323,0.04312,0.30742,0.23361,0.04888,0.30575
7768.2298,0,0.23359,0.04122,0.30773,0.23361,0.04658,0.30635
7768.2605,0,0.23254,0.03957,0.30827,0.23329,0.04448,0.30692
7768.2931,0,0.22903,0.03649,0.30928,0.23201,0.04208,0.30763
7768.3255,0,0.22891,0.03423,0.30981,0.23108,0.03973,0.30828
7768.3578,0,0.22891,0.03168,0.31025,0.23043,0.03731,0.30887
7768.3885,0,0.23042,0.02987,0.31014,0.23043,0.03508,0.30926
7768.4220,0,0.22944,0.02705,0.31040,0.23013,0.03267,0.30960
7768.4536,0,0.23067,0.02386,0.31004,0.23029,0.03003,0.30973
7768.4865,0,0.23293,0.02052,0.30951,0.23108,0.02717,0.30966
7768.5182,0,0.23479,0.01813,0.30909,0.23220,0.02446,0.30949
7768.5548,0,0.23730,0.01595,0.30863,0.23373,0.02191,0.30923
7768.5880,0,0.23908,0.01389,0.30838,0.23533,0.01950,0.30898
7768.6184,0,0.24075,0.01224,0.30784,0.23696,0.01732,0.30864
7768.6543,0,0.24075,0.01008,0.30746,0.23810,0.01515,0.30828
7768.6861,0,0.24191,0.00869,0.30701,0.23924,0.01321,0.30790
7768.7179,0,0.24360,0.00687,0.30626,0.24055,0.01131,0.30741
7768.7598,0,0.24246,0.00535,0.30626,0.24112,0.00952,0.30706
7768.7919,0,0.24310,0.00454,0.30581,0.24172,0.00803,0.30669
7768.8225,0,0.24148,0.00280,0.30552,0.24164,0.00646,0.30634
7768.8552,0,0.24302,0.00106,0.30479,0.24206,0.00484,0.30587
7768.8865,0,0.24446,-0.00092,0.30438,0.24278,0.00311,0.30543
7768.9176,0,0.24486,-0.00290,0.30397,0.24340,0.00131,0.30499
7768.9549,0,0.24377,-0.00516,0.30415,0.24351,-0.00063,0.30474
7768.9872,0,0.24502,-0.00642,0.30361,0.24396,-0.00237,0.30440
7769.0178,0,0.24717,-0.00866,0.30281,0.24492,-0.00426,0.30392
7769.0554,0,0.24830,-0.01177,0.30236,0.24594,-0.00651,0.30345
7769.0860,0,0.24736,-0.01476,0.30209,0.24636,-0.00899,0.30304
7769.1233,0,0.24691,-0.01883,0.30145,0.24653,-0.01194,0.30257
7769.1541,0,0.24616,-0.02216,0.30051,0.24642,-0.01501,0.30195
7769.1871,0,0.24606,-0.02541,0.29972,0.24631,-0.01813,0.30128
7769.2187,0,0.24462,-0.02882,0.29911,0.24580,-0.02134,0.30063
7769.2549,0,0.24382,-0.03244,0.29817,0.24521,-0.02467,0.29989
7769.2880,0,0.24307,-0.03492,0.29753,0.24457,-0.02774,0.29918
7769.3188,0,0.24377,-0.03704,0.29659,0.24433,-0.03053,0.29840
7769.3544,0,0.24452,-0.03948,0.29554,0.24439,-0.03322,0.29754
7769.3863,0,0.24453,-0.04064,0.29470,0.24443,-0.03544,0.29669
7769.4181,0,0.24436,-0.04243,0.29379,0.24441,-0.03754,0.29582
7769.4546,0,0.24345,-0.04386,0.29287,0.24412,-0.03944,0.29493
7769.4860,0,0.24388,-0.04474,0.29182,0.24405,-0.04103,0.29400
7769.5193,0,0.24481,-0.04587,0.29076,0.24428,-0.04248,0.29303
7769.5615,0,0.24594,-0.04686,0.28946,0.24478,-0.04380,0.29196
7769.5921,0,0.24602,-0.04602,0.28865,0.24515,-0.04446,0.29096
7769.6229,0,0.24601,-0.04642,0.28768,0.24541,-0.04505,0.28998
7769.6632,0,0.24501,-0.04726,0.28680,0.24529,-0.04571,0.28903
7769.6938,0,0.24525,-0.04807,0.28562,0.24528,-0.04642,0.28800
7769.7253,0,0.24436,-0.04849,0.28462,0.24500,-0.04704,0.28699
7769.7577,0,0.24503,-0.04839,0.28361,0.24501,-0.04745,0.28597
7769.7904,0,0.24597,-0.04816,0.28238,0.24530,-0.04766,0.28489
7769.8235,0,0.24594,-0.04884,0.28147,0.24549,-0.04801,0.28387
7769.8557,0,0.24788,-0.04805,0.28019,0.24621,-0.04803,0.28276
7769.8938,0,0.24850,-0.04845,0.27897,0.24689,-0.04815,0.28163
7769.9255,0,0.24725,-0.04944,0.27835,0.24700,-0.04854,0.28065
7769.9703,0,0.24736,-0.04929,0.27798,0.24711,-0.04876,0.27985
7770.0016,0,0.24660,-0.04918,0.27816,0.24695,-0.04889,0.27934
7770.0326,0,0.24605,-0.04817,0.27858,0.24668,-0.04867,0.27911
7770.0665,0,0.24701,-0.04718,0.27891,0.24678,-0.04823,0.27905
7770.0997,0,0.24747,-0.04670,0.27949,0.24699,-0.04777,0.27918
7770.1429,0,0.24775,-0.04649,0.28007,0.24722,-0.04738,0.27945
7770.1761,0,0.24849,-0.04601,0.28018,0.24760,-0.04697,0.27967
7770.2117,0,0.24866,-0.04539,0.28045,0.24792,-0.04650,0.27990
7770.2426,0,0.24923,-0.04589,0.28024,0.24831,-0.04631,0.28000
7770.2821,0,0.25022,-0.04499,0.27980,0.24889,-0.04592,0.27994
7770.3129,0,0.25210,-0.04475,0.27919,0.24985,-0.04557,0.27972
7770.3464,0,0.25217,-0.04422,0.27929,0.25054,-0.04516,0.27959
7770.3806,0,0.25310,-0.04347,0.27936,0.25131,-0.04466,0.27952
7770.4125,0,0.25363,-0.04290,0.27940,0.25201,-0.04413,0.27948
7770.4436,0,0.25351,-0.04240,0.27964,0.25246,-0.04361,0.27953
7770.4751,0,0.25455,-0.04223,0.27953,0.25308,-0.04320,0.27953
7770.5069,0,0.25520,-0.04152,0.27944,0.25372,-0.04269,0.27950
7770.5392,0,0.25608,-0.04230,0.27934,0.25443,-0.04257,0.27946
7770.5750,0,0.25719,-0.04233,0.27936,0.25526,-0.04250,0.27943
7770.6077,0,0.25788,-0.04209,0.27916,0.25604,-0.04238,0.27935
7770.6391,0,0.25831,-0.04222,0.27935,0.25672,-0.04233,0.27935
7770.6699,0,0.25907,-0.04239,0.27901,0.25743,-0.04235,0.27925
7770.7010,0,0.25960,-0.04239,0.27899,0.25808,-0.04236,0.27917
7770.7341,0,0.26033,-0.04192,0.27863,0.25875,-0.04223,0.27901
7770.7806,0,0.26148,-0.04230,0.27830,0.25957,-0.04225,0.27879
7770.8152,0,0.26183,-0.04194,0.27825,0.26025,-0.04216,0.27863
7770.8486,0,0.26234,-0.04231,0.27816,0.26088,-0.04220,0.27849
7770.8808,0,0.26196,-0.04220,0.27793,0.26120,-0.04220,0.27832
7770.9139,0,0.26348,-0.04243,0.27772,0.26189,-0.04227,0.27814
7770.9454,0,0.26326,-0.04229,0.27762,0.26230,-0.04228,0.27798
7770.9778,0,0.26259,-0.04215,0.27774,0.26239,-0.04224,0.27791
7771.0085,0,0.26372,-0.04223,0.27737,0.26279,-0.04224,0.27775
7771.0463,0,0.26259,-0.04167,0.27712,0.26273,-0.04207,0.27756
7771.0757,0,0.26534,-0.04192,0.27636,0.26351,-0.04202,0.27720
7771.1069,0,0.26633,-0.04196,0.27600,0.26436,-0.04200,0.27684
7771.1481,0,0.26583,-0.04240,0.27598,0.26480,-0.04212,0.27658
7771.1797,0,0.26705,-0.04226,0.27589,0.26547,-0.04216,0.27638
7771.2104,0,0.26892,-0.04266,0.27600,0.26651,-0.04231,0.27626
7771.2417,0,0.26941,-0.04161,0.27626,0.26738,-0.04210,0.27626
7771.2734,0,0.27096,-0.04195,0.27625,0.26845,-0.04205,0.27626
7771.3059,0,0.27144,-0.04175,0.27687,0.26935,-0.04196,0.27644
7771.3367,0,0.27291,-0.04146,0.27709,0.27042,-0.04181,0.27664
7771.3679,0,0.27436,-0.04123,0.27751,0.27160,-0.04164,0.27690
7771.4015,0,0.27636,-0.04165,0.27755,0.27303,-0.04164,0.27710
7771.4354,0,0.27691,-0.04263,0.27821,0.27419,-0.04194,0.27743
7771.4679,0,0.27866,-0.04339,0.27864,0.27553,-0.04237,0.27779
7771.5010,0,0.28064,-0.04401,0.27881,0.27707,-0.04287,0.27810
7771.5341,0,0.28118,-0.04503,0.27936,0.27830,-0.04351,0.27847
7771.5665,0,0.28185,-0.04560,0.27964,0.27937,-0.04414,0.27883
7771.5997,0,0.28253,-0.04627,0.27987,0.28032,-0.04478,0.27914
7771.6321,0,0.28362,-0.04677,0.28032,0.28131,-0.04538,0.27949
7771.6659,0,0.28389,-0.04774,0.28059,0.28208,-0.04609,0.27982
7771.7042,0,0.28380,-0.04887,0.28109,0.28260,-0.04692,0.28020
7771.7460,0,0.28329,-0.04904,0.28151,0.28281,-0.04756,0.28060
7771.7778,0,0.28439,-0.04989,0.28164,0.28328,-0.04826,0.28091
7771.8092,0,0.28561,-0.05054,0.28190,0.28398,-0.04894,0.28121
7771.8417,0,0.28691,-0.05036,0.28200,0.28486,-0.04937,0.28145
7771.8750,0,0.28844,-0.04981,0.28197,0.28593,-0.04950,0.28160
7771.9076,0,0.29186,-0.05018,0.28130,0.28771,-0.04971,0.28151
7771.9386,0,0.29198,-0.05035,0.28109,0.28899,-0.04990,0.28139
7771.9710,0,0.29434,-0.05064,0.28072,0.29060,-0.05012,0.28119
7772.0022,0,0.29606,-0.05161,0.28042,0.29224,-0.05057,0.28096
7772.0383,0,0.29851,-0.05192,0.27988,0.29412,-0.05098,0.28063
7772.0722,0,0.30051,-0.05332,0.27921,0.29604,-0.05168,0.28021
7772.1054,0,0.30455,-0.05371,0.27849,0.29859,-0.05229,0.27969
7772.1380,0,0.30681,-0.05492,0.27765,0.30106,-0.05308,0.27908
7772.1715,0,0.30567,-0.05633,0.27711,0.30244,-0.05405,0.27849
7772.2026,0,0.30878,-0.05808,0.27624,0.30434,-0.05526,0.27781
7772.2351,0,0.31053,-0.05797,0.27567,0.30620,-0.05607,0.27717
7772.2702,0,0.30841,-0.05724,0.27571,0.30686,-0.05642,0.27673
7772.3023,0,0.31114,-0.05785,0.27506,0.30815,-0.05685,0.27623
7772.3345,0,0.31294,-0.05739,0.27459,0.30959,-0.05701,0.27574
7772.3684,0,0.31409,-0.05742,0.27394,0.31094,-0.05713,0.27520
7772.4121,0,0.31700,-0.05727,0.27279,0.31275,-0.05718,0.27448
7772.4440,0,0.31863,-0.05706,0.27161,0.31452,-0.05714,0.27362
7772.4771,0,0.31849,-0.05713,0.27094,0.31571,-0.05714,0.27281
7772.5146,0,0.31971,-0.05669,0.27051,0.31691,-0.05700,0.27212
7772.5457,0,0.32025,-0.05650,0.26971,0.31791,-0.05685,0.27140
7772.5785,0,0.31994,-0.05584,0.26898,0.31852,-0.05655,0.27067
7772.6099,0,0.31948,-0.05602,0.26886,0.31881,-0.05639,0.27013
7772.6418,0,0.31921,-0.05619,0.26880,0.31893,-0.05633,0.26973
7772.6796,0,0.31918,-0.05618,0.26923,0.31900,-0.05629,0.26958
7772.7138,0,0.32040,-0.05611,0.26956,0.31942,-0.05623,0.26958
7772.7460,0,0.32093,-0.05653,0.27008,0.31988,-0.05632,0.26973
7772.7770,0,0.32093,-0.05748,0.27038,0.32019,-0.05667,0.26992
7772.8078,0,0.32211,-0.05813,0.27104,0.32077,-0.05711,0.27026
7772.8387,0,0.32425,-0.05886,0.27129,0.32181,-0.05763,0.27057
7772.8699,0,0.32556,-0.05906,0.27157,0.32294,-0.05806,0.27087
7772.9034,0,0.32636,-0.05966,0.27205,0.32396,-0.05854,0.27122
7772.9351,0,0.32796,-0.06047,0.27241,0.32516,-0.05912,0.27158
7772.9670,0,0.32950,-0.06228,0.27236,0.32646,-0.06007,0.27181
7773.0045,0,0.33386,-0.06168,0.27124,0.32868,-0.06055,0.27164
7773.0371,0,0.33475,-0.06089,0.27078,0.33050,-0.06065,0.27138
7773.0752,0,0.33453,-0.06204,0.27063,0.33171,-0.06107,0.27116
7773.1074,0,0.33449,-0.06196,0.26990,0.33254,-0.06134,0.27078
7773.1451,0,0.33588,-0.06221,0.26899,0.33354,-0.06160,0.27024
7773.1765,0,0.33807,-0.06387,0.26804,0.33490,-0.06228,0.26958
7773.2075,0,0.33670,-0.06336,0.26808,0.33544,-0.06260,0.26913
7773.2379,0,0.33753,-0.06392,0.26816,0.33607,-0.06300,0.26884
7773.2752,0,0.34056,-0.06423,0.26765,0.33741,-0.06337,0.26848
7773.3070,0,0.34143,-0.06436,0.26718,0.33862,-0.06367,0.26809
7773.3387,0,0.34077,-0.06428,0.26681,0.33926,-0.06385,0.26771
7773.3712,0,0.34191,-0.06466,0.26638,0.34006,-0.06409,0.26731
7773.4031,0,0.34297,-0.06439,0.26550,0.34093,-0.06418,0.26676
7773.4338,0,0.34520,-0.06317,0.26493,0.34221,-0.06388,0.26622
7773.4665,0,0.34628,-0.06305,0.26409,0.34343,-0.06363,0.26558
7773.5000,0,0.34671,-0.06350,0.26369,0.34442,-0.06359,0.26501
7773.5391,0,0.34635,-0.06323,0.26286,0.34500,-0.06348,0.26437
7773.5703,0,0.34376,-0.06424,0.26328,0.34462,-0.06371,0.26404
7773.6021,0,0.34643,-0.06333,0.26269,0.34516,-0.06360,0.26364
7773.6345,0,0.34846,-0.06343,0.26242,0.34615,-0.06355,0.26327
7773.6706,0,0.35019,-0.06284,0.26202,0.34736,-0.06334,0.26289
7773.7022,0,0.35556,-0.06169,0.26070,0.34982,-0.06284,0.26224
7773.7383,0,0.35741,-0.06132,0.25957,0.35210,-0.06238,0.26144
7773.7729,0,0.35768,-0.05980,0.25839,0.35377,-0.06161,0.26052
7773.8086,0,0.35796,-0.05862,0.25740,0.35503,-0.06071,0.25958
7773.8446,0,0.35839,-0.05835,0.25625,0.35604,-0.06000,0.25858
7773.8756,0,0.36037,-0.05645,0.25481,0.35734,-0.05894,0.25745
7773.9075,0,0.36201,-0.05743,0.25348,0.35874,-0.05849,0.25626
7773.9397,0,0.36460,-0.05765,0.25225,0.36050,-0.05824,0.25506
7773.9704,0,0.36903,-0.05917,0.25056,0.36306,-0.05852,0.25371
7774.0060,0,0.36927,-0.06069,0.24963,0.36492,-0.05917,0.25248
7774.0358,0,0.36883,-0.06249,0.24960,0.36609,-0.06017,0.25162
7774.0709,0,0.37506,-0.06401,0.24892,0.36878,-0.06132,0.25081
7774.1032,0,0.37227,-0.06480,0.24947,0.36983,-0.06236,0.25041
7774.1343,0,0.37620,-0.06613,0.24902,0.37174,-0.06349,0.24999
7774.1687,0,0.37667,-0.06647,0.24928,0.37322,-0.06439,0.24978
7774.2014,0,0.37737,-0.06759,0.24873,0.37447,-0.06535,0.24947
7774.2335,0,0.37954,-0.06848,0.24822,0.37599,-0.06629,0.24909
7774.2740,0,0.38151,-0.06837,0.24797,0.37764,-0.06691,0.24875
7774.3088,0,0.38546,-0.06894,0.24746,0.37999,-0.06752,0.24837
7774.3398,0,0.38738,-0.06884,0.24742,0.38221,-0.06792,0.24808
7774.3707,0,0.39002,-0.06880,0.24706,0.38455,-0.06818,0.24777
7774.4046,0,0.38888,-0.07004,0.24751,0.38585,-0.06874,0.24769
7774.4378,0,0.39357,-0.07044,0.24706,0.38817,-0.06925,0.24750
7774.4704,0,0.39413,-0.07232,0.24763,0.38996,-0.07017,0.24754
7774.5025,0,0.39507,-0.07264,0.24776,0.39149,-0.07091,0.24761
7774.5345,0,0.39945,-0.07227,0.24722,0.39388,-0.07132,0.24749
7774.5786,0,0.40000,-0.07215,0.24653,0.39571,-0.07157,0.24720
7774.6105,0,0.40000,-0.07288,0.24602,0.39700,-0.07196,0.24685
7774.6431,0,0.40000,-0.07209,0.24539,0.39790,-0.07200,0.24641
7774.6797,0,0.40000,-0.07225,0.24444,0.39853,-0.07208,0.24582
7774.7136,0,0.40000,-0.07129,0.24392,0.39897,-0.07184,0.24525
7774.7469,0,0.40000,-0.07098,0.24326,0.39928,-0.07158,0.24465
7774.7790,0,0.40000,-0.07303,0.24347,0.39950,-0.07202,0.24430
7774.8097,0,0.40000,-0.07305,0.24261,0.39965,-0.07233,0.24379
7774.8409,0,0.40000,-0.07475,0.24237,0.39975,-0.07305,0.24336
7774.8770,0,0.40000,-0.07436,0.24215,0.39983,-0.07345,0.24300
7774.9075,0,0.40000,-0.07522,0.24203,0.39988,-0.07398,0.24271
7774.9494,0,0.40000,-0.07476,0.24165,0.39992,-0.07421,0.24239
7774.9804,0,0.40000,-0.07585,0.24133,0.39994,-0.07470,0.24207
7775.0119,0,0.40000,-0.07660,0.24047,0.39996,-0.07527,0.24159
7775.0434,0,0.40000,-0.07871,0.23912,0.39997,-0.07630,0.24085
7775.0823,0,0.40000,-0.08013,0.23858,0.39998,-0.07745,0.24017
7775.1157,0,0.40000,-0.07996,0.23676,0.39999,-0.07821,0.23915
7775.1509,0,0.40000,-0.07992,0.23541,0.39999,-0.07872,0.23803
7775.1835,0,0.40000,-0.08000,0.23514,0.39999,-0.07910,0.23716
7775.2159,0,0.40000,-0.07938,0.23481,0.40000,-0.07919,0.23645
7775.2490,0,0.40000,-0.07807,0.23414,0.40000,-0.07885,0.23576
7775.2829,0,0.40000,-0.07780,0.23349,0.40000,-0.07854,0.23508
7775.3202,0,0.40000,-0.07734,0.23338,0.40000,-0.07818,0.23457
7775.3513,0,0.40000,-0.07668,0.23317,0.40000,-0.07773,0.23415
7775.3839,0,0.40000,-0.07407,0.23275,0.40000,-0.07663,0.23373
7775.4155,0,0.40000,-0.07303,0.23182,0.40000,-0.07555,0.23316
7775.4456,0,0.40000,-0.06970,0.23119,0.40000,-0.07380,0.23257
7775.4766,0,0.40000,-0.06973,0.23118,0.40000,-0.07258,0.23215
7775.5081,0,0.40000,-0.06775,0.23070,0.40000,-0.07113,0.23172
7775.5388,0,0.40000,-0.06873,0.22953,0.40000,-0.07041,0.23106
7775.5702,0,0.40000,-0.07007,0.22893,0.40000,-0.07031,0.23042
7775.6015,0,0.40000,-0.07025,0.22722,0.40000,-0.07029,0.22946
7775.6326,0,0.40000,-0.07008,0.22605,0.40000,-0.07023,0.22844
7775.6679,0,0.40000,-0.07045,0.22393,0.40000,-0.07029,0.22708
7775.6991,0,0.40000,-0.07073,0.22256,0.40000,-0.07042,0.22573
7775.7337,0,0.40000,-0.06882,0.22105,0.40000,-0.06994,0.22432
7775.7755,0,0.40000,-0.06743,0.21976,0.40000,-0.06919,0.22295
7775.8081,0,0.40000,-0.06729,0.21871,0.40000,-0.06862,0.22168
7775.8391,0,0.40000,-0.06618,0.21803,0.40000,-0.06789,0.22059
7775.8709,0,0.40000,-0.06439,0.21660,0.40000,-0.06684,0.21939
7775.9086,0,0.40000,-0.06199,0.21534,0.40000,-0.06538,0.21818
7775.9393,0,0.40000,-0.06051,0.21422,0.40000,-0.06392,0.21699
7775.9721,0,0.40000,-0.05937,0.21327,0.40000,-0.06256,0.21587
7776.0083,0,0.40000,-0.05707,0.21262,0.40000,-0.06091,0.21490
7776.0402,0,0.40000,-0.05720,0.21171,0.40000,-0.05980,0.21394
7776.0712,0,0.40000,-0.05616,0.21103,0.40000,-0.05871,0.21307
7776.1050,0,0.40000,-0.05538,0.21068,0.40000,-0.05771,0.21235
7776.1363,0,0.40000,-0.05351,0.21077,0.40000,-0.05645,0.21188
7776.1688,0,0.40000,-0.05348,0.20988,0.40000,-0.05556,0.21128
7776.1994,0,0.40000,-0.05329,0.20995,0.40000,-0.05488,0.21088
7776.2345,0,0.40000,-0.05396,0.20918,0.40000,-0.05460,0.21037
7776.2666,0,0.40000,-0.05418,0.20806,0.40000,-0.05448,0.20968
7776.3002,0,0.40000,-0.05442,0.20676,0.40000,-0.05446,0.20880
7776.3335,0,0.40000,-0.05342,0.20620,0.40000,-0.05414,0.20802
7776.3671,0,0.40000,-0.05396,0.20487,0.40000,-0.05409,0.20707
7776.4002,0,0.40000,-0.05180,0.20486,0.40000,-0.05340,0.20641
7776.4349,0,0.40000,-0.05328,0.20365,0.40000,-0.05336,0.20558
7776.4689,0,0.40000,-0.05353,0.20268,0.40000,-0.05341,0.20471
7776.5004,0,0.40000,-0.05188,0.20147,0.40000,-0.05295,0.20374
7776.5340,0,0.40000,-0.05099,0.20056,0.40000,-0.05236,0.20278
7776.5678,0,0.40000,-0.04783,0.19889,0.40000,-0.05100,0.20162
7776.6005,0,0.40000,-0.04962,0.19778,0.40000,-0.05059,0.20047
7776.6358,0,0.40000,-0.05007,0.19692,0.40000,-0.05044,0.19940
7776.6676,0,0.40000,-0.05138,0.19727,0.40000,-0.05072,0.19876
7776.6999,0,0.40000,-0.05074,0.19760,0.40000,-0.05072,0.19841
7776.7341,0,0.40000,-0.05086,0.19901,0.40000,-0.05076,0.19859
7776.7738,0,0.40000,-0.04985,0.19831,0.40000,-0.05049,0.19851
7776.8066,0,0.40000,-0.04871,0.19725,0.40000,-0.04996,0.19813
7776.8375,0,0.40000,-0.04893,0.19548,0.40000,-0.04965,0.19733
7776.8686,0,0.40000,-0.04805,0.19300,0.40000,-0.04917,0.19603
7776.9008,0,0.40000,-0.04729,0.19147,0.40000,-0.04860,0.19467
7776.9342,0,0.40000,-0.04487,0.18964,0.40000,-0.04749,0.19316
7776.9672,0,0.40000,-0.04507,0.18836,0.40000,-0.04676,0.19172
7776.9990,0,0.40000,-0.04422,0.18876,0.40000,-0.04600,0.19083
7777.0293,0,0.40000,-0.04341,0.18994,0.40000,-0.04522,0.19056
7777.0611,0,0.40000,-0.04213,0.19082,0.40000,-0.04429,0.19064
7777.0913,0,0.40000,-0.04252,0.19229,0.40000,-0.04376,0.19113
7777.1232,0,0.40000,-0.04237,0.19295,0.40000,-0.04334,0.19168
7777.1612,0,0.40000,-0.04138,0.19417,0.40000,-0.04275,0.19242
7777.1916,0,0.40000,-0.04041,0.19487,0.40000,-0.04205,0.19316
7777.2218,0,0.40000,-0.03966,0.19492,0.40000,-0.04133,0.19369
7777.2532,0,0.40000,-0.03919,0.19419,0.40000,-0.04069,0.19384
7777.2885,0,0.40000,-0.03624,0.19240,0.40000,-0.03936,0.19341
7777.3309,0,0.40000,-0.03231,0.19063,0.40000,-0.03724,0.19257
7777.3620,0,0.40000,-0.02949,0.19044,0.40000,-0.03492,0.19193
7777.4020,0,0.40000,-0.02926,0.19273,0.40000,-0.03322,0.19217
7777.4335,0,0.40000,-0.02878,0.19445,0.40000,-0.03189,0.19286
7777.4663,0,0.40000,-0.03003,0.19726,0.40000,-0.03133,0.19418
7777.5005,0,0.40000,-0.03268,0.19908,0.40000,-0.03174,0.19565
7777.5360,0,0.40000,-0.03477,0.19820,0.40000,-0.03265,0.19641
7777.5681,0,0.40000,-0.03228,0.19501,0.40000,-0.03254,0.19599
7777.6006,0,0.40000,-0.03464,0.19382,0.40000,-0.03317,0.19534
7777.6347,0,0.40000,-0.03471,0.19193,0.40000,-0.03363,0.19432
7777.6679,0,0.40000,-0.03720,0.18844,0.40000,-0.03470,0.19255
7777.7023,0,0.40000,-0.03612,0.18392,0.40000,-0.03513,0.18996
7777.7392,0,0.40000,-0.03616,0.18095,0.40000,-0.03544,0.18726
7777.7765,0,0.40000,-0.03876,0.17701,0.40000,-0.03643,0.18419
7777.8084,0,0.40000,-0.03754,0.17335,0.40000,-0.03677,0.18094
7777.8387,0,0.40000,-0.03745,0.17053,0.40000,-0.03697,0.17781
7777.8702,0,0.40000,-0.03683,0.16817,0.40000,-0.03693,0.17492
7777.9017,0,0.40000,-0.03617,0.16741,0.40000,-0.03670,0.17267
7777.9334,0,0.40000,-0.03404,0.16697,0.40000,-0.03590,0.17096
7777.9668,0,0.40000,-0.03328,0.16682,0.40000,-0.03512,0.16972
7778.0004,0,0.40000,-0.03340,0.16673,0.40000,-0.03460,0.16882
7778.0351,0,0.40000,-0.03230,0.16605,0.40000,-0.03391,0.16799
7778.0680,0,0.40000,-0.03275,0.16543,0.40000,-0.03356,0.16722
7778.1036,0,0.40000,-0.03085,0.16516,0.40000,-0.03275,0.16660
7778.1355,0,0.40000,-0.03244,0.16433,0.40000,-0.03266,0.16592
7778.1680,0,0.40000,-0.03208,0.16390,0.40000,-0.03248,0.16531
7778.1994,0,0.40000,-0.03067,0.16357,0.40000,-0.03194,0.16479
7778.2333,0,0.40000,-0.03118,0.16306,0.40000,-0.03171,0.16427
7778.2668,0,0.40000,-0.03061,0.16265,0.40000,-0.03138,0.16379
7778.2996,0,0.40000,-0.03258,0.16285,0.40000,-0.03174,0.16351
7778.3336,0,0.40000,-0.03480,0.16387,0.40000,-0.03266,0.16361
7778.3669,0,0.40000,-0.03714,0.16428,0.40000,-0.03400,0.16381
7778.3997,0,0.40000,-0.04135,0.16442,0.40000,-0.03621,0.16400
7778.4329,0,0.40000,-0.04126,0.16459,0.40000,-0.03772,0.16417
7778.4672,0,0.40000,-0.04322,0.16416,0.40000,-0.03937,0.16417
7778.5000,0,0.40000,-0.04223,0.16106,0.40000,-0.04023,0.16324
7778.5448,0,0.40000,-0.03957,0.16048,0.40000,-0.04003,0.16241
7778.5765,0,0.40000,-0.03750,0.15693,0.40000,-0.03927,0.16076
7778.6090,0,0.40000,-0.04000,0.15660,0.40000,-0.03949,0.15952
7778.6400,0,0.40000,-0.03922,0.15265,0.40000,-0.03941,0.15746
7778.6721,0,0.40000,-0.03786,0.15172,0.40000,-0.03894,0.15574
7778.7031,0,0.40000,-0.03474,0.14802,0.40000,-0.03768,0.15342
7778.7351,0,0.40000,-0.03447,0.14572,0.40000,-0.03672,0.15111
7778.7674,0,0.40000,-0.03385,0.14459,0.40000,-0.03586,0.14915
7778.8057,0,0.40000,-0.03204,0.14330,0.40000,-0.03471,0.14740
7778.8383,0,0.40000,-0.03201,0.14173,0.40000,-0.03390,0.14570
7778.8711,0,0.40000,-0.03156,0.14032,0.40000,-0.03320,0.14408
7778.9022,0,0.40000,-0.02886,0.13971,0.40000,-0.03190,0.14277
7778.9372,0,0.40000,-0.02697,0.13911,0.40000,-0.03042,0.14167
7778.9683,0,0.40000,-0.02817,0.13923,0.40000,-0.02974,0.14094
7778.9998,0,0.40000,-0.02801,0.13960,0.40000,-0.02922,0.14054
7779.0339,0,0.40000,-0.02797,0.14037,0.40000,-0.02885,0.14049
7779.0725,0,0.40000,-0.02597,0.14025,0.40000,-0.02798,0.14042
7779.1035,0,0.40000,-0.02676,0.14103,0.40000,-0.02762,0.14060
7779.1350,0,0.40000,-0.02467,0.13929,0.40000,-0.02673,0.14021
7779.1677,0,0.40000,-0.02186,0.13612,0.40000,-0.02527,0.13898
7779.2038,0,0.40000,-0.02243,0.13255,0.40000,-0.02442,0.13705
7779.2349,0,0.40000,-0.02231,0.12910,0.40000,-0.02379,0.13466
7779.2689,0,0.40000,-0.02261,0.12784,0.40000,-0.02343,0.13262
7779.2991,0,0.40000,-0.02291,0.12715,0.40000,-0.02328,0.13098
7779.3331,0,0.40000,-0.02304,0.12651,0.40000,-0.02321,0.12964
7779.3670,0,0.40000,-0.02425,0.12660,0.40000,-0.02352,0.12872
7779.4004,0,0.40000,-0.02645,0.12457,0.40000,-0.02440,0.12748
7779.4350,0,0.40000,-0.02557,0.12373,0.40000,-0.02475,0.12635
7779.4672,0,0.40000,-0.02515,0.12214,0.40000,-0.02487,0.12509
7779.4991,0,0.40000,-0.02335,0.12171,0.40000,-0.02442,0.12407
7779.5331,0,0.40000,-0.02254,0.12397,0.40000,-0.02385,0.12404
7779.5695,0,0.40000,-0.02392,0.12894,0.40000,-0.02387,0.12551
7779.6007,0,0.40000,-0.01971,0.13330,0.40000,-0.02262,0.12785
7779.6384,0,0.40000,-0.01620,0.13699,0.40000,-0.02070,0.13059
7779.6703,0,0.40000,-0.01772,0.14031,0.40000,-0.01980,0.13351
7779.7007,0,0.40000,-0.01976,0.14144,0.40000,-0.01979,0.13589
7779.7331,0,0.40000,-0.01774,0.14365,0.40000,-0.01918,0.13822
7779.7752,0,0.40000,-0.01797,0.14556,0.40000,-0.01881,0.14042
7779.8070,0,0.40000,-0.01840,0.14676,0.40000,-0.01869,0.14232
7779.8406,0,0.40000,-0.01778,0.14927,0.40000,-0.01842,0.14441
7779.8771,0,0.40000,-0.01623,0.14877,0.40000,-0.01776,0.14571
7779.9089,0,0.40000,-0.01606,0.14968,0.40000,-0.01725,0.14691
7779.9401,0,0.40000,-0.01432,0.15123,0.40000,-0.01637,0.14820
7779.9715,0,0.40000,-0.01197,0.15186,0.40000,-0.01505,0.14930
7780.0042,0,0.40000,-0.01135,0.15348,0.40000,-0.01394,0.15055
7780.0363,0,0.40000,-0.00897,0.15629,0.40000,-0.01245,0.15227
7780.0747,0,0.40000,-0.00796,0.15777,0.40000,-0.01110,0.15392
7780.1066,0,0.40000,-0.01067,0.15902,0.40000,-0.01097,0.15545
7780.1388,0,0.40000,-0.01164,0.16145,0.40000,-0.01117,0.15725
7780.1786,0,0.40000,-0.01158,0.16188,0.40000,-0.01129,0.15864
7780.2129,0,0.40000,-0.01180,0.16216,0.40000,-0.01144,0.15970
7780.2437,0,0.40000,-0.01204,0.16133,0.40000,-0.01162,0.16019
7780.2756,0,0.40000,-0.01114,0.16072,0.40000,-0.01148,0.16035
7780.3067,0,0.40000,-0.01120,0.16090,0.40000,-0.01139,0.16051
7780.3386,0,0.40000,-0.01129,0.16115,0.40000,-0.01136,0.16071
7780.3695,0,0.40000,-0.01235,0.16308,0.40000,-0.01166,0.16142
7780.4067,0,0.40000,-0.01174,0.16430,0.40000,-0.01169,0.16228
7780.4382,0,0.40000,-0.01157,0.16494,0.40000,-0.01165,0.16308
7780.4734,0,0.40000,-0.01392,0.16608,0.40000,-0.01233,0.16398
7780.5051,0,0.40000,-0.01333,0.16700,0.40000,-0.01263,0.16489
7780.5422,0,0.40000,-0.01706,0.16798,0.40000,-0.01396,0.16581
7780.5758,0,0.40000,-0.01593,0.16906,0.40000,-0.01455,0.16679
7780.6070,0,0.40000,-0.01680,0.16984,0.40000,-0.01522,0.16770
7780.6385,0,0.40000,-0.01727,0.17075,0.40000,-0.01584,0.16862
7780.6710,0,0.40000,-0.01858,0.17154,0.40000,-0.01666,0.16949
7780.7042,0,0.40000,-0.01737,0.17284,0.40000,-0.01687,0.17050
7780.7367,0,0.40000,-0.01977,0.17385,0.40000,-0.01774,0.17150
7780.7766,0,0.40000,-0.01849,0.17456,0.40000,-0.01797,0.17242
7780.8121,0,0.40000,-0.02105,0.17549,0.40000,-0.01889,0.17334
7780.8438,0,0.40000,-0.02147,0.17606,0.40000,-0.01966,0.17416
7780.8766,0,0.40000,-0.02175,0.17618,0.40000,-0.02029,0.17476
7780.9081,0,0.40000,-0.02212,0.17775,0.40000,-0.02084,0.17566
7780.9388,0,0.40000,-0.02186,0.17958,0.40000,-0.02114,0.17684
7780.9688,0,0.40000,-0.02203,0.18054,0.40000,-0.02141,0.17795
7780.9991,0,0.40000,-0.02179,0.18214,0.40000,-0.02152,0.17921
7781.0330,0,0.40000,-0.02273,0.18381,0.40000,-0.02189,0.18059
7781.0689,0,0.40000,-0.02102,0.18453,0.40000,-0.02163,0.18177
7781.1006,0,0.40000,-0.02124,0.18533,0.40000,-0.02151,0.18284
7781.1337,0,0.40000,-0.02184,0.18674,0.40000,-0.02161,0.18401
7781.1657,0,0.40000,-0.02204,0.18877,0.40000,-0.02174,0.18544
7781.1998,0,0.40000,-0.02219,0.19039,0.40000,-0.02187,0.18692
7781.2335,0,0.40000,-0.02373,0.19241,0.40000,-0.02243,0.18857
7781.2658,0,0.40000,-0.02501,0.19427,0.40000,-0.02320,0.19028
7781.3004,0,0.40000,-0.02600,0.19533,0.40000,-0.02404,0.19179
7781.3330,0,0.40000,-0.02795,0.19674,0.40000,-0.02521,0.19328
7781.3697,0,0.40000,-0.02994,0.19917,0.40000,-0.02663,0.19504
7781.4019,0,0.40000,-0.03191,0.20094,0.40000,-0.02822,0.19681
7781.4337,0,0.40000,-0.03175,0.20248,0.40000,-0.02928,0.19851
7781.4699,0,0.40000,-0.03202,0.20391,0.40000,-0.03010,0.20013
7781.5019,0,0.40000,-0.03453,0.20530,0.40000,-0.03143,0.20168
7781.5336,0,0.40000,-0.03524,0.20699,0.40000,-0.03257,0.20327
7781.5701,0,0.39460,-0.03641,0.20871,0.39838,-0.03373,0.20491
7781.6013,0,0.38914,-0.03835,0.21063,0.39561,-0.03511,0.20662
7781.6337,0,0.38618,-0.03942,0.21203,0.39278,-0.03641,0.20825
7781.6804,0,0.38249,-0.04102,0.21386,0.38969,-0.03779,0.20993
7781.7132,0,0.38001,-0.03977,0.21576,0.38679,-0.03839,0.21168
7781.7466,0,0.37442,-0.04052,0.21805,0.38308,-0.03903,0.21359
7781.7779,0,0.37145,-0.03929,0.21975,0.37959,-0.03911,0.21544
7781.8104,0,0.36870,-0.03834,0.22138,0.37632,-0.03888,0.21722
7781.8424,0,0.36558,-0.03828,0.22308,0.37310,-0.03870,0.21898
7781.8730,0,0.36529,-0.03781,0.22399,0.37076,-0.03843,0.22048
7781.9050,0,0.35997,-0.03930,0.22614,0.36752,-0.03869,0.22218
7781.9375,0,0.36123,-0.03838,0.22740,0.36563,-0.03860,0.22375
7781.9704,0,0.35891,-0.03862,0.22931,0.36361,-0.03860,0.22542
7782.0094,0,0.35693,-0.03737,0.23124,0.36161,-0.03823,0.22716
7782.0468,0,0.35596,-0.03682,0.23238,0.35991,-0.03781,0.22873
7782.0828,0,0.35496,-0.03687,0.23311,0.35843,-0.03753,0.23004
7782.1211,0,0.35307,-0.03797,0.23416,0.35682,-0.03766,0.23128
7782.1528,0,0.35214,-0.03825,0.23451,0.35542,-0.03784,0.23225
7782.1861,0,0.35158,-0.03648,0.23519,0.35426,-0.03743,0.23313
7782.2173,0,0.35047,-0.03675,0.23570,0.35313,-0.03723,0.23390
7782.2501,0,0.35258,-0.03600,0.23566,0.35296,-0.03686,0.23443
7782.2831,0,0.35248,-0.03518,0.23552,0.35282,-0.03636,0.23476
7782.3168,0,0.35099,-0.03527,0.23524,0.35227,-0.03603,0.23490
7782.3508,0,0.34998,-0.03516,0.23545,0.35158,-0.03577,0.23507
7782.3872,0,0.34845,-0.03538,0.23537,0.35064,-0.03565,0.23516
7782.4181,0,0.34820,-0.03481,0.23532,0.34991,-0.03540,0.23520
7782.4493,0,0.34859,-0.03440,0.23483,0.34951,-0.03510,0.23509
7782.4827,0,0.34729,-0.03434,0.23430,0.34885,-0.03487,0.23486
7782.5177,0,0.34556,-0.03450,0.23426,0.34786,-0.03476,0.23468
7782.5501,0,0.34556,-0.03508,0.23387,0.34717,-0.03486,0.23444
7782.5850,0,0.34504,-0.03510,0.23379,0.34653,-0.03493,0.23424
7782.6160,0,0.34343,-0.03662,0.23361,0.34560,-0.03544,0.23405
7782.6535,0,0.34154,-0.03650,0.23390,0.34438,-0.03576,0.23401
7782.6851,0,0.34094,-0.03696,0.23369,0.34335,-0.03612,0.23391
7782.7155,0,0.33926,-0.03739,0.23387,0.34212,-0.03650,0.23390
7782.7495,0,0.33924,-0.03780,0.23358,0.34126,-0.03689,0.23380
7782.7896,0,0.33989,-0.03775,0.23336,0.34085,-0.03715,0.23367
7782.8208,0,0.33876,-0.03762,0.23393,0.34022,-0.03729,0.23375
7782.8531,0,0.33728,-0.03742,0.23435,0.33934,-0.03733,0.23393
7782.8849,0,0.33568,-0.03675,0.23462,0.33824,-0.03716,0.23414
7782.9179,0,0.33570,-0.03682,0.23474,0.33748,-0.03705,0.23432
7782.9513,0,0.33554,-0.03679,0.23488,0.33690,-0.03698,0.23449
7782.9836,0,0.33545,-0.03721,0.23476,0.33646,-0.03705,0.23457
7783.0167,0,0.33416,-0.03675,0.23512,0.33577,-0.03696,0.23473
7783.0492,0,0.33315,-0.03693,0.23504,0.33498,-0.03695,0.23482
7783.0870,0,0.33230,-0.03753,0.23544,0.33418,-0.03713,0.23501
7783.1187,0,0.32938,-0.03728,0.23637,0.33274,-0.03717,0.23542
7783.1508,0,0.33060,-0.03778,0.23610,0.33210,-0.03735,0.23562
7783.1841,0,0.32789,-0.03790,0.23658,0.33084,-0.03752,0.23591
7783.2166,0,0.32931,-0.03840,0.23613,0.33038,-0.03778,0.23598
7783.2501,0,0.32694,-0.03860,0.23627,0.32935,-0.03803,0.23606
7783.2831,0,0.32764,-0.03912,0.23606,0.32883,-0.03835,0.23606
7783.3168,0,0.32383,-0.03947,0.23676,0.32733,-0.03869,0.23627
7783.3502,0,0.32221,-0.03934,0.23700,0.32580,-0.03889,0.23649
7783.3836,0,0.32153,-0.03930,0.23715,0.32452,-0.03901,0.23669
7783.4170,0,0.32058,-0.03963,0.23722,0.32333,-0.03920,0.23685
7783.4500,0,0.32054,-0.04044,0.23707,0.32249,-0.03957,0.23691
7783.4842,0,0.31888,-0.03970,0.23759,0.32141,-0.03961,0.23712
7783.5162,0,0.31879,-0.04005,0.23787,0.32062,-0.03974,0.23734
7783.5508,0,0.31719,-0.04003,0.23864,0.31959,-0.03983,0.23773
7783.5845,0,0.31627,-0.04055,0.23874,0.31860,-0.04004,0.23804
7783.6171,0,0.31397,-0.04050,0.23936,0.31721,-0.04018,0.23843
7783.6551,0,0.31383,-0.04095,0.23927,0.31619,-0.04041,0.23868
7783.6923,0,0.31100,-0.04162,0.23981,0.31464,-0.04077,0.23902
7783.7245,0,0.31041,-0.04208,0.23976,0.31337,-0.04116,0.23924
7783.7568,0,0.30985,-0.04225,0.24014,0.31231,-0.04149,0.23951
7783.7897,0,0.30912,-0.04272,0.24033,0.31136,-0.04186,0.23976
7783.8231,0,0.30791,-0.04296,0.24072,0.31032,-0.04219,0.24004
7783.8546,0,0.30666,-0.04303,0.24109,0.30922,-0.04244,0.24036
7783.8869,0,0.30631,-0.04278,0.24107,0.30835,-0.04254,0.24057
7783.9189,0,0.30393,-0.04256,0.24139,0.30703,-0.04255,0.24082
7783.9518,0,0.30392,-0.04255,0.24097,0.30609,-0.04255,0.24086
7783.9837,0,0.30301,-0.04280,0.24080,0.30517,-0.04263,0.24084
7784.0202,0,0.29991,-0.04311,0.24087,0.30359,-0.04277,0.24085
7784.0508,0,0.30049,-0.04251,0.24054,0.30266,-0.04269,0.24076
7784.0827,0,0.29736,-0.04284,0.24132,0.30107,-0.04274,0.24093
7784.1157,0,0.29767,-0.04273,0.24136,0.30005,-0.04273,0.24106
7784.1518,0,0.29676,-0.04268,0.24188,0.29906,-0.04272,0.24130
7784.1825,0,0.29638,-0.04308,0.24261,0.29826,-0.04282,0.24170
7784.2165,0,0.29696,-0.04359,0.24308,0.29787,-0.04305,0.24211
7784.2513,0,0.29453,-0.04339,0.24424,0.29687,-0.04315,0.24275
7784.2889,0,0.29551,-0.04413,0.24451,0.29646,-0.04345,0.24328
7784.3210,0,0.29586,-0.04401,0.24519,0.29628,-0.04362,0.24385
7784.3521,0,0.29297,-0.04405,0.24591,0.29529,-0.04374,0.24447
7784.3837,0,0.29369,-0.04461,0.24603,0.29481,-0.04400,0.24494
7784.4159,0,0.29218,-0.04435,0.24627,0.29402,-0.04411,0.24534
7784.4504,0,0.29117,-0.04491,0.24635,0.29317,-0.04435,0.24564
7784.4829,0,0.29094,-0.04487,0.24639,0.29250,-0.04450,0.24587
7784.5177,0,0.29059,-0.04470,0.24623,0.29193,-0.04456,0.24598
7784.5503,0,0.29038,-0.04498,0.24624,0.29146,-0.04469,0.24606
7784.5830,0,0.28904,-0.04389,0.24644,0.29074,-0.04445,0.24617
7784.6170,0,0.28934,-0.04452,0.24620,0.29032,-0.04447,0.24618
7784.6512,0,0.28791,-0.04452,0.24651,0.28960,-0.04449,0.24628
7784.6840,0,0.28541,-0.04458,0.24659,0.28834,-0.04451,0.24637
7784.7223,0,0.28450,-0.04426,0.24688,0.28719,-0.04444,0.24652
7784.7627,0,0.28305,-0.04436,0.24703,0.28595,-0.04441,0.24668
7784.7947,0,0.28265,-0.04488,0.24759,0.28496,-0.04455,0.24695
7784.8272,0,0.28230,-0.04460,0.24805,0.28416,-0.04457,0.24728
7784.8602,0,0.28394,-0.04438,0.24810,0.28409,-0.04451,0.24753
7784.8927,0,0.28307,-0.04443,0.24798,0.28379,-0.04449,0.24766
7784.9247,0,0.28162,-0.04463,0.24852,0.28314,-0.04453,0.24792
7784.9563,0,0.28309,-0.04506,0.24805,0.28312,-0.04469,0.24796
7784.9927,0,0.28114,-0.04431,0.24856,0.28253,-0.04458,0.24814
7785.0241,0,0.28094,-0.04403,0.24826,0.28205,-0.04441,0.24818
7785.0588,0,0.28034,-0.04400,0.24841,0.28154,-0.04429,0.24825
7785.0907,0,0.27885,-0.04400,0.24830,0.28073,-0.04420,0.24826
7785.1223,0,0.27719,-0.04377,0.24844,0.27967,-0.04407,0.24832
7785.1558,0,0.27645,-0.04346,0.24842,0.27870,-0.04389,0.24835
7785.1927,0,0.27685,-0.04363,0.24814,0.27815,-0.04381,0.24829
7785.2240,0,0.27408,-0.04332,0.24865,0.27693,-0.04366,0.24840
7785.2548,0,0.27217,-0.04325,0.24892,0.27550,-0.04354,0.24855
7785.2864,0,0.27113,-0.04311,0.24957,0.27419,-0.04341,0.24886
7785.3192,0,0.27057,-0.04321,0.25025,0.27310,-0.04335,0.24928
7785.3525,0,0.26928,-0.04217,0.25041,0.27196,-0.04299,0.24962
7785.3846,0,0.26773,-0.04181,0.25123,0.27069,-0.04264,0.25010
7785.4172,0,0.26534,-0.04210,0.25191,0.26908,-0.04248,0.25064
7785.4545,0,0.26637,-0.04096,0.25174,0.26827,-0.04202,0.25097
7785.4862,0,0.26412,-0.04062,0.25244,0.26702,-0.04160,0.25141
7785.5223,0,0.26345,-0.04011,0.25242,0.26595,-0.04115,0.25172
7785.5533,0,0.26186,-0.03953,0.25254,0.26472,-0.04067,0.25196
7785.5846,0,0.26093,-0.04003,0.25257,0.26359,-0.04047,0.25215
7785.6166,0,0.26013,-0.04034,0.25272,0.26255,-0.04043,0.25232
7785.6566,0,0.26071,-0.03953,0.25250,0.26200,-0.04016,0.25237
7785.6925,0,0.25906,-0.03944,0.25288,0.26112,-0.03994,0.25252
7785.7257,0,0.25872,-0.03942,0.25303,0.26040,-0.03979,0.25267
7785.7584,0,0.25810,-0.03903,0.25314,0.25971,-0.03956,0.25281
7785.7899,0,0.25706,-0.03909,0.25341,0.25891,-0.03942,0.25299
7785.8229,0,0.25624,-0.03877,0.25393,0.25811,-0.03922,0.25327
7785.8549,0,0.25578,-0.03934,0.25414,0.25741,-0.03926,0.25353
7785.8928,0,0.25638,-0.03894,0.25428,0.25710,-0.03916,0.25376
7785.9240,0,0.25351,-0.03867,0.25505,0.25603,-0.03902,0.25414
7785.9540,0,0.25293,-0.03878,0.25535,0.25510,-0.03894,0.25451
7785.9895,0,0.25340,-0.03845,0.25569,0.25459,-0.03879,0.25486
7786.0214,0,0.25308,-0.03784,0.25600,0.25413,-0.03851,0.25520
7786.0540,0,0.25121,-0.03813,0.25658,0.25326,-0.03840,0.25562
7786.0849,0,0.25054,-0.03845,0.25695,0.25244,-0.03841,0.25602
7786.1167,0,0.24946,-0.03709,0.25745,0.25155,-0.03802,0.25645
7786.1488,0,0.24657,-0.03778,0.25803,0.25005,-0.03795,0.25692
7786.1796,0,0.24633,-0.03653,0.25837,0.24894,-0.03752,0.25735
7786.2127,0,0.24567,-0.03606,0.25847,0.24796,-0.03708,0.25769
7786.2495,0,0.24478,-0.03564,0.25897,0.24700,-0.03665,0.25807
7786.2807,0,0.24292,-0.03335,0.25971,0.24578,-0.03566,0.25857
7786.3178,0,0.24194,-0.03244,0.26014,0.24463,-0.03469,0.25904
7786.3550,0,0.24011,-0.03159,0.26060,0.24327,-0.03376,0.25951
7786.3882,0,0.23992,-0.03037,0.26083,0.24227,-0.03275,0.25990
7786.4201,0,0.24002,-0.03051,0.26075,0.24159,-0.03207,0.26016
7786.4557,0,0.23857,-0.03049,0.26096,0.24069,-0.03160,0.26040
7786.4888,0,0.23744,-0.03003,0.26082,0.23971,-0.03113,0.26052
7786.5208,0,0.23680,-0.03081,0.26100,0.23884,-0.03103,0.26067
7786.5534,0,0.23537,-0.03180,0.26158,0.23780,-0.03126,0.26094
7786.5874,0,0.23378,-0.03133,0.26247,0.23659,-0.03128,0.26140
7786.6248,0,0.23350,-0.03118,0.26335,0.23567,-0.03125,0.26198
7786.6573,0,0.23085,-0.03116,0.26411,0.23422,-0.03122,0.26262
7786.6900,0,0.22874,-0.03113,0.26511,0.23258,-0.03120,0.26337
7786.7221,0,0.22748,-0.03117,0.26591,0.23105,-0.03119,0.26413
7786.7536,0,0.22612,-0.03184,0.26674,0.22957,-0.03138,0.26491
7786.7857,0,0.22404,-0.03241,0.26756,0.22791,-0.03169,0.26571
7786.8229,0,0.22172,-0.03293,0.26886,0.22605,-0.03206,0.26665
7786.8537,0,0.22041,-0.03321,0.26986,0.22436,-0.03241,0.26762
7786.8949,0,0.22036,-0.03284,0.27057,0.22316,-0.03254,0.26850
7786.9262,0,0.21877,-0.03376,0.27118,0.22184,-0.03291,0.26931
7786.9566,0,0.21663,-0.03377,0.27177,0.22028,-0.03317,0.27005
7786.9870,0,0.21561,-0.03425,0.27194,0.21888,-0.03349,0.27061
7787.0192,0,0.21563,-0.03441,0.27197,0.21790,-0.03376,0.27102
7787.0503,0,0.21440,-0.03495,0.27230,0.21685,-0.03412,0.27141
7787.0845,0,0.21409,-0.03597,0.27262,0.21603,-0.03467,0.27177
7787.1156,0,0.21138,-0.03601,0.27323,0.21463,-0.03508,0.27221
7787.1537,0,0.20937,-0.03686,0.27379,0.21305,-0.03561,0.27268
7787.1846,0,0.20736,-0.03689,0.27423,0.21134,-0.03600,0.27315
7787.2170,0,0.20689,-0.03745,0.27445,0.21001,-0.03643,0.27354
7787.2538,0,0.20530,-0.03794,0.27478,0.20860,-0.03688,0.27391
7787.2863,0,0.20386,-0.03865,0.27511,0.20718,-0.03741,0.27427
7787.3226,0,0.20286,-0.03890,0.27554,0.20588,-0.03786,0.27465
7787.3545,0,0.20293,-0.03914,0.27569,0.20500,-0.03824,0.27496
7787.3886,0,0.20134,-0.04033,0.27591,0.20390,-0.03887,0.27525
7787.4218,0,0.20126,-0.04020,0.27598,0.20311,-0.03927,0.27547
7787.4539,0,0.20028,-0.04180,0.27614,0.20226,-0.04003,0.27567
7787.4846,0,0.20006,-0.04211,0.27613,0.20160,-0.04065,0.27581
7787.5164,0,0.19761,-0.04331,0.27654,0.20040,-0.04145,0.27603
7787.5528,0,0.19633,-0.04373,0.27695,0.19918,-0.04214,0.27631
7787.5907,0,0.19520,-0.04420,0.27730,0.19799,-0.04275,0.27660
7787.6225,0,0.19324,-0.04506,0.27760,0.19656,-0.04345,0.27690
7787.6547,0,0.19314,-0.04573,0.27758,0.19554,-0.04413,0.27711
7787.6873,0,0.19206,-0.04641,0.27760,0.19449,-0.04481,0.27726
7787.7209,0,0.19157,-0.04690,0.27761,0.19362,-0.04544,0.27736
7787.7536,0,0.18954,-0.04795,0.27775,0.19239,-0.04619,0.27748
7787.7859,0,0.18951,-0.04842,0.27770,0.19153,-0.04686,0.27755
7787.8229,0,0.18888,-0.04963,0.27786,0.19073,-0.04769,0.27764
7787.8554,0,0.18763,-0.05005,0.27805,0.18980,-0.04840,0.27776
7787.8915,0,0.18677,-0.05061,0.27825,0.18889,-0.04906,0.27791
7787.9252,0,0.18648,-0.05107,0.27838,0.18817,-0.04966,0.27805
7787.9559,0,0.18547,-0.05191,0.27843,0.18736,-0.05034,0.27816
7787.9932,0,0.18368,-0.05277,0.27864,0.18625,-0.05107,0.27831
7788.0242,0,0.18278,-0.05295,0.27874,0.18521,-0.05163,0.27844
7788.0556,0,0.18212,-0.05412,0.27881,0.18428,-0.05238,0.27855
7788.0870,0,0.18025,-0.05460,0.27912,0.18307,-0.05304,0.27872
7788.1185,0,0.17912,-0.05488,0.27921,0.18189,-0.05359,0.27887
7788.1505,0,0.17828,-0.05531,0.27941,0.18081,-0.05411,0.27903
7788.1840,0,0.17864,-0.05515,0.27956,0.18016,-0.05442,0.27919
7788.2172,0,0.17809,-0.05559,0.27960,0.17954,-0.05477,0.27931
7788.2496,0,0.17723,-0.05562,0.27989,0.17885,-0.05503,0.27948
7788.2839,0,0.17626,-0.05581,0.28003,0.17807,-0.05526,0.27965
7788.3160,0,0.17685,-0.05620,0.28004,0.17771,-0.05554,0.27977
7788.3494,0,0.17587,-0.05694,0.27990,0.17716,-0.05596,0.27981
7788.3835,0,0.17520,-0.05712,0.27961,0.17657,-0.05631,0.27975
7788.4232,0,0.17541,-0.05809,0.27905,0.17622,-0.05684,0.27954
7788.4554,0,0.17536,-0.05886,0.27827,0.17596,-0.05745,0.27916
7788.4878,0,0.17657,-0.05954,0.27697,0.17615,-0.05807,0.27850
7788.5209,0,0.17858,-0.06194,0.27478,0.17688,-0.05923,0.27739
7788.5544,0,0.17642,-0.06371,0.27348,0.17674,-0.06058,0.27621
7788.5900,0,0.17537,-0.06491,0.27196,0.17633,-0.06188,0.27494
7788.6215,0,0.17395,-0.06521,0.27111,0.17561,-0.06288,0.27379
7788.6527,0,0.17263,-0.06629,0.27064,0.17472,-0.06390,0.27284
7788.6837,0,0.17369,-0.06640,0.27034,0.17441,-0.06465,0.27209
7788.7165,0,0.17298,-0.06806,0.27041,0.17398,-0.06567,0.27159
7788.7506,0,0.17324,-0.07023,0.27032,0.17376,-0.06704,0.27121
7788.7917,0,0.17335,-0.07202,0.27033,0.17364,-0.06854,0.27094
7788.8232,0,0.17330,-0.07311,0.27044,0.17354,-0.06991,0.27079
7788.8542,0,0.17300,-0.07457,0.27049,0.17338,-0.07131,0.27070
7788.8879,0,0.17310,-0.07616,0.27067,0.17329,-0.07276,0.27070
7788.9195,0,0.17377,-0.07825,0.27057,0.17344,-0.07441,0.27066
7788.9505,0,0.17151,-0.08041,0.27071,0.17286,-0.07621,0.27067
7788.9831,0,0.17026,-0.08304,0.27083,0.17208,-0.07826,0.27072
7789.0169,0,0.17133,-0.08493,0.27056,0.17186,-0.08026,0.27067
7789.0510,0,0.17268,-0.08656,0.27037,0.17210,-0.08215,0.27058
7789.0831,0,0.17314,-0.08840,0.27013,0.17241,-0.08403,0.27045
7789.1164,0,0.17196,-0.08996,0.27031,0.17228,-0.08581,0.27041
7789.1536,0,0.17227,-0.09196,0.27027,0.17227,-0.08765,0.27036
7789.1850,0,0.17168,-0.09359,0.27009,0.17209,-0.08943,0.27028
7789.2155,0,0.17119,-0.09557,0.27002,0.17182,-0.09127,0.27020
7789.2532,0,0.17058,-0.09775,0.27008,0.17145,-0.09322,0.27016
7789.2837,0,0.17148,-0.09972,0.26991,0.17146,-0.09517,0.27009
7789.3171,0,0.17107,-0.10195,0.27000,0.17134,-0.09720,0.27006
7789.3570,0,0.17068,-0.10483,0.27003,0.17114,-0.09949,0.27005
7789.3948,0,0.17154,-0.10642,0.26995,0.17126,-0.10157,0.27002
7789.4280,0,0.17353,-0.10790,0.26961,0.17194,-0.10347,0.26990
7789.4604,0,0.17402,-0.10949,0.26969,0.17257,-0.10528,0.26983
7789.4922,0,0.17461,-0.11209,0.26965,0.17318,-0.10732,0.26978
7789.5237,0,0.17633,-0.11439,0.26969,0.17413,-0.10944,0.26975
7789.5567,0,0.17514,-0.11622,0.27014,0.17443,-0.11147,0.26987
7789.5896,0,0.17492,-0.11844,0.27039,0.17458,-0.11356,0.27002
7789.6300,0,0.17589,-0.12006,0.27038,0.17497,-0.11551,0.27013
7789.6611,0,0.17668,-0.12035,0.27071,0.17548,-0.11696,0.27030
7789.6935,0,0.17659,-0.12285,0.27085,0.17582,-0.11873,0.27047
7789.7300,0,0.17694,-0.12521,0.27094,0.17615,-0.12067,0.27061
7789.7659,0,0.17851,-0.12757,0.27063,0.17686,-0.12274,0.27061
7789.8051,0,0.17801,-0.13013,0.27068,0.17721,-0.12496,0.27063
7789.8366,0,0.17737,-0.13119,0.27089,0.17726,-0.12683,0.27071
7789.8694,0,0.17818,-0.13305,0.27098,0.17753,-0.12869,0.27079
7789.9005,0,0.17789,-0.13524,0.27104,0.17764,-0.13066,0.27087
7789.9340,0,0.17934,-0.13686,0.27115,0.17815,-0.13252,0.27095
7789.9664,0,0.17942,-0.14054,0.27131,0.17853,-0.13492,0.27106
7790.0005,0,0.17875,-0.14337,0.27168,0.17860,-0.13746,0.27124
7790.0340,0,0.17851,-0.14586,0.27200,0.17857,-0.13998,0.27147
7790.0679,0,0.17853,-0.14839,0.27219,0.17856,-0.14250,0.27169
7790.1007,0,0.17933,-0.14936,0.27225,0.17879,-0.14456,0.27186
7790.1339,0,0.18033,-0.15075,0.27207,0.17925,-0.14642,0.27192
7790.1672,0,0.17966,-0.15158,0.27200,0.17938,-0.14797,0.27194
7790.2032,0,0.17987,-0.15335,0.27195,0.17953,-0.14958,0.27195
7790.2360,0,0.17981,-0.15469,0.27187,0.17961,-0.15111,0.27192
7790.2675,0,0.17984,-0.15640,0.27156,0.17968,-0.15270,0.27182
7790.3002,0,0.17913,-0.15747,0.27153,0.17951,-0.15413,0.27173
7790.3339,0,0.17851,-0.15920,0.27179,0.17921,-0.15565,0.27175
7790.3669,0,0.17986,-0.16012,0.27197,0.17941,-0.15699,0.27182
7790.4043,0,0.17998,-0.16151,0.27229,0.17958,-0.15835,0.27196
7790.4397,0,0.18103,-0.16261,0.27257,0.18001,-0.15962,0.27214
7790.4711,0,0.18028,-0.16397,0.27313,0.18009,-0.16093,0.27244
7790.5028,0,0.18025,-0.16593,0.27370,0.18014,-0.16243,0.27282
7790.5389,0,0.17932,-0.16802,0.27426,0.17989,-0.16411,0.27325
7790.5709,0,0.17867,-0.16991,0.27499,0.17953,-0.16585,0.27377
7790.6028,0,0.17837,-0.17258,0.27538,0.17918,-0.16787,0.27425
7790.6359,0,0.17816,-0.17443,0.27588,0.17887,-0.16984,0.27474
7790.6691,0,0.17724,-0.17650,0.27633,0.17838,-0.17184,0.27522
7790.7001,0,0.17741,-0.17813,0.27687,0.17809,-0.17372,0.27571
7790.7348,0,0.17701,-0.17900,0.27747,0.17777,-0.17531,0.27624
7790.7678,0,0.17652,-0.17996,0.27831,0.17739,-0.17671,0.27686
7790.8088,0,0.17728,-0.18080,0.27880,0.17736,-0.17793,0.27744
7790.8398,0,0.17661,-0.18194,0.27953,0.17713,-0.17914,0.27807
7790.8713,0,0.17598,-0.18351,0.27975,0.17679,-0.18045,0.27857
7790.9063,0,0.17501,-0.18457,0.28010,0.17626,-0.18168,0.27903
7790.9457,0,0.17391,-0.18615,0.28016,0.17555,-0.18302,0.27937
7790.9779,0,0.17499,-0.18788,0.28013,0.17538,-0.18448,0.27960
7791.0086,0,0.17482,-0.18948,0.28018,0.17521,-0.18598,0.27977
7791.0399,0,0.17615,-0.19169,0.28060,0.17549,-0.18769,0.28002
7791.0717,0,0.17628,-0.19349,0.28113,0.17573,-0.18943,0.28035
7791.1031,0,0.17538,-0.19542,0.28186,0.17563,-0.19123,0.28080
7791.1367,0,0.17640,-0.19740,0.28215,0.17586,-0.19308,0.28121
7791.1692,0,0.17653,-0.19965,0.28241,0.17606,-0.19505,0.28157
7791.2014,0,0.17334,-0.20108,0.28271,0.17524,-0.19686,0.28191
7791.2346,0,0.17385,-0.20411,0.28280,0.17482,-0.19904,0.28218
7791.2664,0,0.17317,-0.20673,0.28282,0.17433,-0.20135,0.28237
7791.3000,0,0.17197,-0.20966,0.28285,0.17362,-0.20384,0.28251
7791.3338,0,0.17364,-0.21299,0.28269,0.17363,-0.20659,0.28257
7791.3693,0,0.17513,-0.21616,0.28238,0.17408,-0.20946,0.28251
7791.4009,0,0.17131,-0.21882,0.28315,0.17325,-0.21227,0.28270
7791.4336,0,0.17294,-0.21975,0.28341,0.17316,-0.21451,0.28291
7791.4662,0,0.17472,-0.22111,0.28354,0.17362,-0.21649,0.28310
7791.5024,0,0.17537,-0.22182,0.28388,0.17415,-0.21809,0.28334
7791.5346,0,0.17690,-0.22277,0.28409,0.17497,-0.21949,0.28356
7791.5675,0,0.17737,-0.22393,0.28404,0.17569,-0.22082,0.28370
7791.6030,0,0.17807,-0.22562,0.28403,0.17640,-0.22226,0.28380
7791.6362,0,0.17702,-0.22679,0.28423,0.17659,-0.22362,0.28393
7791.6701,0,0.17786,-0.22805,0.28401,0.17697,-0.22495,0.28395
7791.7050,0,0.17955,-0.22879,0.28370,0.17774,-0.22610,0.28388
7791.7361,0,0.17920,-0.23008,0.28354,0.17818,-0.22730,0.28377
7791.7692,0,0.17947,-0.23160,0.28355,0.17857,-0.22859,0.28371
7791.8098,0,0.17912,-0.23317,0.28358,0.17873,-0.22996,0.28367
7791.8404,0,0.17876,-0.23483,0.28371,0.17874,-0.23142,0.28368
7791.8732,0,0.17968,-0.23633,0.28391,0.17902,-0.23289,0.28375
7791.9042,0,0.17913,-0.23736,0.28432,0.17906,-0.23424,0.28392
7791.9359,0,0.17837,-0.23841,0.28472,0.17885,-0.23549,0.28416
7791.9778,0,0.17741,-0.23993,0.28508,0.17842,-0.23682,0.28443
7792.0097,0,0.17751,-0.24241,0.28524,0.17815,-0.23850,0.28467
7792.0406,0,0.17737,-0.24277,0.28554,0.17791,-0.23978,0.28493
7792.0719,0,0.17627,-0.24450,0.28585,0.17742,-0.24120,0.28521
7792.1031,0,0.17773,-0.24508,0.28569,0.17751,-0.24236,0.28535
7792.1335,0,0.17848,-0.24683,0.28575,0.17780,-0.24370,0.28547
7792.1666,0,0.17888,-0.24722,0.28560,0.17813,-0.24476,0.28551
7792.2007,0,0.17859,-0.24902,0.28576,0.17827,-0.24604,0.28559
7792.2326,0,0.17818,-0.24934,0.28603,0.17824,-0.24703,0.28572
7792.2663,0,0.17887,-0.25060,0.28613,0.17843,-0.24810,0.28584
7792.2999,0,0.17892,-0.25221,0.28624,0.17858,-0.24933,0.28596
7792.3336,0,0.17881,-0.25327,0.28626,0.17865,-0.25051,0.28605
7792.3674,0,0.17914,-0.25400,0.28634,0.17880,-0.25156,0.28614
7792.4006,0,0.17913,-0.25476,0.28643,0.17889,-0.25252,0.28622
7792.4342,0,0.17845,-0.25548,0.28671,0.17876,-0.25341,0.28637
7792.4671,0,0.17927,-0.25585,0.28662,0.17891,-0.25414,0.28644
7792.5001,0,0.17860,-0.25712,0.28668,0.17882,-0.25503,0.28651
7792.5323,0,0.17899,-0.25813,0.28655,0.17887,-0.25596,0.28653
7792.5679,0,0.17719,-0.25974,0.28683,0.17837,-0.25710,0.28662
7792.6017,0,0.17817,-0.26049,0.28658,0.17831,-0.25811,0.28661
7792.6326,0,0.17715,-0.26144,0.28674,0.17796,-0.25911,0.28665
7792.6677,0,0.17591,-0.26191,0.28704,0.17735,-0.25995,0.28676
7792.7040,0,0.17707,-0.26253,0.28654,0.17726,-0.26072,0.28670
7792.7360,0,0.17668,-0.26314,0.28653,0.17709,-0.26145,0.28664
7792.7687,0,0.17644,-0.26388,0.28638,0.17689,-0.26218,0.28656
7792.8072,0,0.17574,-0.26421,0.28630,0.17655,-0.26279,0.28648
7792.8381,0,0.17682,-0.26503,0.28605,0.17663,-0.26346,0.28636
7792.8686,0,0.17562,-0.26622,0.28618,0.17633,-0.26429,0.28630
7792.8993,0,0.17625,-0.26655,0.28631,0.17631,-0.26497,0.28630
7792.9331,0,0.17511,-0.26765,0.28643,0.17595,-0.26577,0.28634
7792.9666,0,0.17596,-0.26865,0.28613,0.17595,-0.26664,0.28628
7793.0003,0,0.17644,-0.26852,0.28599,0.17610,-0.26720,0.28619
7793.0348,0,0.17684,-0.26955,0.28597,0.17632,-0.26791,0.28612
7793.0741,0,0.17771,-0.26982,0.28571,0.17674,-0.26848,0.28600
7793.1071,0,0.17669,-0.27126,0.28553,0.17672,-0.26931,0.28586
7793.1393,0,0.17638,-0.27217,0.28536,0.17662,-0.27017,0.28571
7793.1732,0,0.17689,-0.27347,0.28510,0.17670,-0.27116,0.28553
7793.2066,0,0.17745,-0.27397,0.28483,0.17693,-0.27200,0.28532
7793.2384,0,0.17712,-0.27449,0.28447,0.17698,-0.27275,0.28507
7793.2712,0,0.17686,-0.27592,0.28428,0.17695,-0.27370,0.28483
7793.3042,0,0.17763,-0.27691,0.28412,0.17715,-0.27466,0.28462
7793.3363,0,0.17699,-0.27823,0.28404,0.17710,-0.27573,0.28445
7793.3679,0,0.17731,-0.27980,0.28406,0.17717,-0.27695,0.28433
7793.3990,0,0.17776,-0.28085,0.28394,0.17735,-0.27812,0.28421
7793.4337,0,0.17635,-0.28192,0.28410,0.17705,-0.27926,0.28418
7793.4670,0,0.17723,-0.28314,0.28381,0.17710,-0.28042,0.28407
7793.5033,0,0.17725,-0.28543,0.28390,0.17714,-0.28192,0.28402
7793.5338,0,0.17586,-0.28630,0.28419,0.17676,-0.28324,0.28407
7793.5668,0,0.17451,-0.28874,0.28447,0.17609,-0.28489,0.28419
7793.6053,0,0.17319,-0.28969,0.28490,0.17522,-0.28633,0.28440
7793.6356,0,0.17463,-0.29167,0.28499,0.17504,-0.28793,0.28458
7793.6735,0,0.17574,-0.29174,0.28499,0.17525,-0.28907,0.28470
7793.7053,0,0.17496,-0.29328,0.28481,0.17516,-0.29034,0.28473
7793.7371,0,0.17456,-0.29523,0.28465,0.17498,-0.29180,0.28471
7793.7680,0,0.17415,-0.29630,0.28431,0.17473,-0.29315,0.28459
7793.8011,0,0.17594,-0.29785,0.28376,0.17509,-0.29456,0.28434
7793.8391,0,0.17665,-0.29954,0.28314,0.17556,-0.29606,0.28398
7793.8736,0,0.17630,-0.30095,0.28257,0.17578,-0.29752,0.28356
7793.9048,0,0.17622,-0.30214,0.28221,0.17591,-0.29891,0.28315
7793.9370,0,0.17568,-0.30333,0.28165,0.17585,-0.30024,0.28270
7793.9739,0,0.17468,-0.30478,0.28144,0.17550,-0.30160,0.28232
7794.0110,0,0.17489,-0.30485,0.28083,0.17531,-0.30257,0.28188
7794.0446,0,0.17486,-0.30540,0.28009,0.17518,-0.30342,0.28134
7794.0766,0,0.17485,-0.30719,0.27950,0.17508,-0.30455,0.28079
7794.1102,0,0.17506,-0.30765,0.27904,0.17507,-0.30548,0.28026
7794.1463,0,0.17624,-0.30926,0.27837,0.17542,-0.30662,0.27969
7794.1816,0,0.17742,-0.31030,0.27767,0.17602,-0.30772,0.27909
7794.2125,0,0.17712,-0.31235,0.27676,0.17635,-0.30911,0.27839
7794.2476,0,0.17604,-0.31290,0.27594,0.17626,-0.31025,0.27765
7794.2784,0,0.17499,-0.31260,0.27542,0.17588,-0.31095,0.27699
7794.3098,0,0.17380,-0.31281,0.27542,0.17525,-0.31151,0.27652
7794.3409,0,0.17323,-0.31337,0.27521,0.17465,-0.31207,0.27612
7794.3724,0,0.17184,-0.31364,0.27538,0.17380,-0.31254,0.27590
7794.4074,0,0.17244,-0.31406,0.27542,0.17339,-0.31300,0.27576
7794.4382,0,0.17403,-0.31444,0.27552,0.17359,-0.31343,0.27569
7794.4705,0,0.17422,-0.31482,0.27636,0.17378,-0.31385,0.27589
7794.5058,0,0.17335,-0.31473,0.27813,0.17365,-0.31411,0.27656
7794.5367,0,0.17461,-0.31553,0.28081,0.17394,-0.31454,0.27784
7794.5680,0,0.17461,-0.31552,0.28474,0.17414,-0.31483,0.27991
7794.6002,0,0.17370,-0.31599,0.28895,0.17401,-0.31518,0.28262
7794.6403,0,0.17314,-0.31566,0.29407,0.17375,-0.31532,0.28605
7794.6729,0,0.17494,-0.31562,0.29871,0.17410,-0.31541,0.28985
7794.7074,0,0.17399,-0.31553,0.30315,0.17407,-0.31545,0.29384
7794.7416,0,0.17703,-0.31475,0.30693,0.17496,-0.31524,0.29777
7794.7786,0,0.18039,-0.31467,0.31015,0.17659,-0.31507,0.30148
7794.8098,0,0.18056,-0.31505,0.31404,0.17778,-0.31506,0.30525
7794.8422,0,0.18262,-0.31609,0.31867,0.17923,-0.31537,0.30928
7794.8728,0,0.18041,-0.31629,0.32317,0.17958,-0.31565,0.31344
7794.9048,0,0.18013,-0.31621,0.32766,0.17975,-0.31582,0.31771
7794.9361,0,0.17890,-0.31778,0.33279,0.17949,-0.31641,0.32223
7794.9682,0,0.18074,-0.31797,0.33741,0.17987,-0.31687,0.32679
7794.9991,0,0.17982,-0.31882,0.34239,0.17985,-0.31746,0.33147
7795.0363,0,0.17761,-0.31857,0.34736,0.17918,-0.31779,0.33623
7795.0694,0,0.17886,-0.31943,0.35126,0.17908,-0.31828,0.34074
7795.1010,0,0.17971,-0.31859,0.35519,0.17927,-0.31837,0.34508
7795.1335,0,0.17975,-0.32023,0.35857,0.17941,-0.31893,0.34912
7795.1667,0,0.18102,-0.32112,0.36161,0.17990,-0.31959,0.35287
7795.2032,0,0.18317,-0.32198,0.36446,0.18088,-0.32031,0.35635
7795.2392,0,0.18424,-0.32277,0.36717,0.18189,-0.32105,0.35959
7795.2704,0,0.18468,-0.32280,0.36996,0.18273,-0.32157,0.36270
7795.3019,0,0.18519,-0.32225,0.37307,0.18347,-0.32177,0.36581
7795.3382,0,0.18473,-0.32290,0.37577,0.18385,-0.32211,0.36880
7795.3706,0,0.18434,-0.32322,0.37872,0.18400,-0.32244,0.37178
7795.4033,0,0.18318,-0.32253,0.38193,0.18375,-0.32247,0.37482
7795.4424,0,0.18265,-0.32196,0.38533,0.18342,-0.32232,0.37798
7795.4752,0,0.18437,-0.32179,0.38840,0.18371,-0.32216,0.38110
7795.5121,0,0.18540,-0.32119,0.39130,0.18422,-0.32187,0.38416
7795.5469,0,0.18604,-0.32080,0.39366,0.18476,-0.32155,0.38701
7795.5794,0,0.18576,-0.31979,0.39547,0.18506,-0.32102,0.38955
7795.6107,0,0.18458,-0.31866,0.39643,0.18492,-0.32031,0.39161
7795.6439,0,0.18477,-0.31752,0.39564,0.18487,-0.31947,0.39282
7795.6751,0,0.18450,-0.31724,0.39481,0.18476,-0.31880,0.39342
7795.7076,0,0.18365,-0.31666,0.39432,0.18443,-0.31816,0.39369
7795.7406,0,0.18331,-0.31561,0.39408,0.18409,-0.31740,0.39381
7795.7723,0,0.18393,-0.31446,0.39324,0.18404,-0.31651,0.39364
7795.8053,0,0.18465,-0.31274,0.39122,0.18423,-0.31538,0.39291
7795.8440,0,0.18653,-0.31168,0.38780,0.18492,-0.31427,0.39138
7795.8840,0,0.18725,-0.30950,0.38339,0.18562,-0.31284,0.38898
7795.9183,0,0.18671,-0.30814,0.37874,0.18594,-0.31143,0.38591
7795.9545,0,0.18736,-0.30627,0.37451,0.18637,-0.30989,0.38249
7795.9877,0,0.18625,-0.30417,0.37091,0.18634,-0.30817,0.37902
7796.0192,0,0.18643,-0.30238,0.36715,0.18636,-0.30643,0.37546
7796.0513,0,0.18332,-0.30147,0.36392,0.18545,-0.30494,0.37200
7796.0829,0,0.18446,-0.29918,0.35960,0.18515,-0.30322,0.36828
7796.1172,0,0.18459,-0.29749,0.35492,0.18499,-0.30150,0.36427
7796.1547,0,0.18587,-0.29520,0.35046,0.18525,-0.29961,0.36013
7796.1870,0,0.18449,-0.29373,0.34632,0.18502,-0.29784,0.35598
7796.2199,0,0.18463,-0.29196,0.34186,0.18491,-0.29608,0.35175
7796.2519,0,0.18367,-0.29087,0.33785,0.18453,-0.29452,0.34758
7796.2845,0,0.18379,-0.28947,0.33364,0.18431,-0.29300,0.34340
7796.3166,0,0.18327,-0.28807,0.32918,0.18400,-0.29152,0.33913
7796.3497,0,0.18276,-0.28725,0.32476,0.18363,-0.29024,0.33482
7796.3836,0,0.18365,-0.28654,0.32008,0.18363,-0.28913,0.33040
7796.4215,0,0.18229,-0.28521,0.31588,0.18323,-0.28795,0.32604
7796.4537,0,0.17897,-0.28457,0.31096,0.18195,-0.28694,0.32152
7796.4914,0,0.17887,-0.28463,0.30563,0.18103,-0.28624,0.31675
7796.5232,0,0.17898,-0.28426,0.30005,0.18041,-0.28565,0.31174
7796.5655,0,0.17931,-0.28558,0.29444,0.18008,-0.28563,0.30655
7796.5971,0,0.17621,-0.28660,0.28886,0.17892,-0.28592,0.30125
7796.6301,0,0.17627,-0.28765,0.28322,0.17813,-0.28644,0.29584
7796.6616,0,0.17450,-0.28883,0.27711,0.17704,-0.28716,0.29022
7796.6929,0,0.17438,-0.29140,0.27070,0.17624,-0.28843,0.28436
7796.7244,0,0.17196,-0.29305,0.26415,0.17496,-0.28982,0.27830
7796.7556,0,0.17028,-0.29571,0.25791,0.17355,-0.29159,0.27218
7796.7874,0,0.16877,-0.29684,0.25085,0.17212,-0.29316,0.26578
7796.8194,0,0.16837,-0.30043,0.24280,0.17099,-0.29534,0.25889
7796.8528,0,0.16326,-0.30046,0.23576,0.16867,-0.29688,0.25195
7796.8891,0,0.16174,-0.30138,0.22841,0.16659,-0.29823,0.24489
7796.9205,0,0.16026,-0.30160,0.22158,0.16469,-0.29924,0.23789
7796.9578,0,0.15806,-0.30247,0.21424,0.16270,-0.30021,0.23080
7796.9901,0,0.15543,-0.30338,0.20764,0.16052,-0.30116,0.22385
7797.0219,0,0.15510,-0.30390,0.20084,0.15889,-0.30198,0.21695
7797.0560,0,0.15531,-0.30503,0.19443,0.15782,-0.30290,0.21019
7797.0919,0,0.15511,-0.30746,0.18728,0.15700,-0.30427,0.20332
7797.1248,0,0.14878,-0.30935,0.18115,0.15454,-0.30579,0.19667
7797.1576,0,0.14786,-0.31128,0.17512,0.15253,-0.30744,0.19020
7797.1905,0,0.14327,-0.31163,0.16950,0.14975,-0.30870,0.18399
7797.2218,0,0.13868,-0.31224,0.16416,0.14643,-0.30976,0.17804
7797.2537,0,0.13933,-0.31187,0.15781,0.14430,-0.31039,0.17197
7797.2864,0,0.13639,-0.31167,0.15189,0.14193,-0.31077,0.16595
7797.3206,0,0.13638,-0.31066,0.14519,0.14026,-0.31074,0.15972
7797.3524,0,0.13484,-0.30836,0.13915,0.13864,-0.31003,0.15355
7797.3854,0,0.13027,-0.30829,0.13339,0.13613,-0.30951,0.14750
7797.4176,0,0.12785,-0.30749,0.12768,0.13365,-0.30890,0.14156
7797.4490,0,0.12440,-0.30670,0.12309,0.13087,-0.30824,0.13602
7797.4835,0,0.12578,-0.30561,0.11966,0.12934,-0.30745,0.13111
7797.5236,0,0.12591,-0.30282,0.11752,0.12831,-0.30606,0.12703
7797.5550,0,0.12672,-0.29824,0.11657,0.12784,-0.30372,0.12389
7797.5887,0,0.12530,-0.29384,0.11525,0.12708,-0.30075,0.12130
7797.6194,0,0.12560,-0.29069,0.11251,0.12663,-0.29774,0.11866
7797.6505,0,0.12582,-0.28694,0.10973,0.12639,-0.29450,0.11598
7797.6822,0,0.12050,-0.28430,0.10774,0.12462,-0.29144,0.11351
7797.7153,0,0.11657,-0.28166,0.10653,0.12221,-0.28850,0.11142
7797.7558,0,0.11118,-0.28030,0.10660,0.11890,-0.28604,0.10997
7797.7881,0,0.11059,-0.27974,0.10724,0.11641,-0.28415,0.10915
7797.8194,0,0.11273,-0.27948,0.10804,0.11531,-0.28275,0.10882
7797.8552,0,0.11691,-0.27980,0.10889,0.11579,-0.28187,0.10884
7797.8886,0,0.12016,-0.27944,0.11105,0.11710,-0.28114,0.10950
7797.9206,0,0.12147,-0.27866,0.11437,0.11841,-0.28039,0.11096
7797.9528,0,0.12445,-0.27821,0.11891,0.12022,-0.27974,0.11335
7797.9837,0,0.12557,-0.27747,0.12436,0.12183,-0.27906,0.11665
7798.0205,0,0.12760,-0.27686,0.13093,0.12356,-0.27840,0.12093
7798.0517,0,0.12924,-0.27678,0.13712,0.12526,-0.27791,0.12579
7798.0858,0,0.13199,-0.27637,0.14348,0.12728,-0.27745,0.13110
7798.1166,0,0.13511,-0.27660,0.15008,0.12963,-0.27720,0.13679
7798.1509,0,0.13643,-0.27715,0.15755,0.13167,-0.27718,0.14302
7798.1838,0,0.14168,-0.27733,0.16444,0.13467,-0.27723,0.14945
7798.2168,0,0.14195,-0.27803,0.17153,0.13685,-0.27747,0.15607
7798.2492,0,0.14290,-0.27871,0.17857,0.13867,-0.27784,0.16282
7798.2832,0,0.14625,-0.27988,0.18571,0.14094,-0.27845,0.16969
7798.3208,0,0.14849,-0.27877,0.19312,0.14321,-0.27855,0.17672
7798.3524,0,0.15012,-0.28023,0.20024,0.14528,-0.27905,0.18378
7798.3856,0,0.15375,-0.28153,0.20717,0.14782,-0.27980,0.19079
7798.4170,0,0.15524,-0.28214,0.21527,0.15005,-0.28050,0.19814
7798.4496,0,0.15742,-0.28424,0.22265,0.15226,-0.28162,0.20549
7798.4834,0,0.15762,-0.28577,0.23060,0.15387,-0.28287,0.21303
7798.5163,0,0.15803,-0.28526,0.23887,0.15512,-0.28358,0.22078
7798.5517,0,0.15995,-0.28541,0.24696,0.15657,-0.28413,0.22863
7798.5825,0,0.15802,-0.28682,0.25534,0.15700,-0.28494,0.23664
7798.6159,0,0.15911,-0.28833,0.26387,0.15763,-0.28596,0.24481
7798.6507,0,0.15926,-0.28900,0.27207,0.15812,-0.28687,0.25299
7798.6841,0,0.15754,-0.28946,0.28047,0.15794,-0.28765,0.26123
7798.7256,0,0.15752,-0.29179,0.28847,0.15782,-0.28889,0.26940
7798.7574,0,0.15799,-0.29162,0.29739,0.15787,-0.28971,0.27780
7798.7877,0,0.16184,-0.29288,0.30654,0.15906,-0.29066,0.28642
7798.8205,0,0.16014,-0.29179,0.31551,0.15939,-0.29100,0.29515
7798.8567,0,0.15864,-0.29138,0.32567,0.15916,-0.29111,0.30431
7798.8890,0,0.15963,-0.28982,0.33367,0.15930,-0.29073,0.31312
7798.9217,0,0.16136,-0.28998,0.34238,0.15992,-0.29050,0.32190
7798.9531,0,0.16101,-0.28786,0.35004,0.16025,-0.28971,0.33034
7798.9847,0,0.15792,-0.28570,0.35875,0.15955,-0.28851,0.33886
7799.0164,0,0.15999,-0.28352,0.36656,0.15968,-0.28701,0.34717
7799.0508,0,0.15972,-0.28128,0.37439,0.15969,-0.28529,0.35534
7799.0840,0,0.15913,-0.27803,0.38116,0.15953,-0.28311,0.36308
7799.1207,0,0.16046,-0.27494,0.38737,0.15980,-0.28066,0.37037
7799.1512,0,0.16245,-0.27258,0.39224,0.16060,-0.27824,0.37693
7799.1849,0,0.16554,-0.26901,0.39576,0.16208,-0.27547,0.38258
7799.2181,0,0.16536,-0.26529,0.39974,0.16306,-0.27241,0.38773
7799.2512,0,0.16570,-0.26199,0.40297,0.16385,-0.26929,0.39230
7799.2827,0,0.16524,-0.25703,0.40707,0.16427,-0.26561,0.39673
7799.3165,0,0.16862,-0.25294,0.41079,0.16558,-0.26181,0.40095
7799.3500,0,0.16923,-0.24671,0.41406,0.16667,-0.25728,0.40488
7799.3838,0,0.17332,-0.24122,0.41589,0.16867,-0.25246,0.40819
7799.4165,0,0.17724,-0.23520,0.41638,0.17124,-0.24728,0.41065
7799.4508,0,0.17916,-0.22905,0.41511,0.17362,-0.24181,0.41198
7799.4840,0,0.18206,-0.22400,0.41165,0.17615,-0.23647,0.41188
7799.5163,0,0.18333,-0.21877,0.40739,0.17830,-0.23116,0.41053
7799.5496,0,0.18261,-0.21432,0.40239,0.17959,-0.22611,0.40809
7799.5851,0,0.18453,-0.20992,0.39592,0.18107,-0.22125,0.40444
7799.6181,0,0.18290,-0.20679,0.38985,0.18162,-0.21691,0.40006
7799.6500,0,0.18198,-0.20170,0.38303,0.18173,-0.21235,0.39495
7799.6830,0,0.18326,-0.19964,0.37516,0.18219,-0.20854,0.38901
7799.7150,0,0.18339,-0.19552,0.36676,0.18255,-0.20463,0.38234
7799.7475,0,0.18286,-0.19064,0.35832,0.18264,-0.20043,0.37513
7799.7806,0,0.18452,-0.18664,0.34946,0.18321,-0.19630,0.36743
7799.8184,0,0.18365,-0.18542,0.34069,0.18334,-0.19303,0.35941
7799.8503,0,0.18357,-0.17967,0.33150,0.18341,-0.18903,0.35104
7799.8832,0,0.18354,-0.17595,0.31981,0.18345,-0.18510,0.34167
7799.9175,0,0.18340,-0.17054,0.30842,0.18343,-0.18073,0.33169
7799.9502,0,0.18287,-0.16785,0.29597,0.18327,-0.17687,0.32098
7799.9823,0,0.18084,-0.16608,0.28277,0.18254,-0.17363,0.30952
7800.0156,0,0.18204,-0.16661,0.26840,0.18239,-0.17153,0.29718
7800.0515,0,0.17736,-0.15878,0.25764,0.18088,-0.16770,0.28532
7800.0844,0,0.17909,-0.15762,0.24648,0.18034,-0.16468,0.27367
7800.1195,0,0.17430,-0.15449,0.23558,0.17853,-0.16162,0.26224
7800.1510,0,0.17260,-0.15279,0.22500,0.17675,-0.15897,0.25107
7800.1874,0,0.17078,-0.15093,0.21446,0.17496,-0.15656,0.24009
7800.2227,0,0.16736,-0.14829,0.20402,0.17268,-0.15408,0.22927
7800.2589,0,0.16238,-0.14568,0.19435,0.16959,-0.15156,0.21879
7800.2911,0,0.15537,-0.14072,0.18497,0.16532,-0.14831,0.20865
7800.3234,0,0.14933,-0.13567,0.17488,0.16053,-0.14452,0.19852
7800.3557,0,0.14536,-0.13165,0.16540,0.15598,-0.14066,0.18858
7800.3991,0,0.14102,-0.12408,0.15792,0.15149,-0.13568,0.17938
7800.4338,0,0.13452,-0.12046,0.15165,0.14640,-0.13112,0.17106
7800.4680,0,0.13154,-0.11548,0.14635,0.14194,-0.12643,0.16365
7800.5030,0,0.12960,-0.11063,0.14209,0.13824,-0.12169,0.15718
7800.5378,0,0.12271,-0.10548,0.13942,0.13358,-0.11683,0.15185
7800.5754,0,0.11721,-0.09844,0.13759,0.12867,-0.11131,0.14757
7800.6135,0,0.11579,-0.09228,0.13608,0.12480,-0.10560,0.14412
7800.6469,0,0.11473,-0.08254,0.13672,0.12178,-0.09868,0.14190
7800.6796,0,0.11440,-0.07530,0.13907,0.11957,-0.09167,0.14105
7800.7212,0,0.11670,-0.06533,0.14334,0.11871,-0.08377,0.14174
7800.7565,0,0.12476,-0.05496,0.14920,0.12052,-0.07512,0.14398
7800.7910,0,0.12966,-0.04225,0.15633,0.12326,-0.06526,0.14768
7800.8226,0,0.13259,-0.03003,0.16502,0.12606,-0.05469,0.15288
7800.8564,0,0.13632,-0.01991,0.17356,0.12914,-0.04426,0.15908
7800.8898,0,0.14358,-0.00216,0.19213,0.13347,-0.03163,0.16900
7800.9223,0,0.14680,0.00898,0.20427,0.13747,-0.01945,0.17958
7800.9594,0,0.15057,0.01843,0.21719,0.14140,-0.00808,0.19086
7800.9949,0,0.14999,0.02571,0.22965,0.14398,0.00206,0.20250
7801.0308,0,0.15126,0.03116,0.24272,0.14616,0.01079,0.21456
7801.0618,0,0.15123,0.03517,0.25679,0.14768,0.01810,0.22723
7801.0929,0,0.14613,0.03809,0.27101,0.14722,0.02410,0.24037
7801.1263,0,0.14667,0.03974,0.28498,0.14705,0.02879,0.25375
7801.1593,0,0.14171,0.04207,0.29951,0.14545,0.03277,0.26748
7801.1965,0,0.14125,0.04244,0.31223,0.14419,0.03567,0.28090
7801.2276,0,0.13411,0.04065,0.32482,0.14117,0.03717,0.29408
7801.2629,0,0.13643,0.04316,0.33584,0.13974,0.03896,0.30661
7801.2951,0,0.13137,0.04227,0.34708,0.13723,0.03996,0.31875
7801.3275,0,0.12937,0.04211,0.35668,0.13487,0.04060,0.33013
7801.3590,0,0.12724,0.04276,0.36507,0.13258,0.04125,0.34061
7801.3910,0,0.12820,0.04317,0.37235,0.13127,0.04183,0.35013
7801.4246,0,0.12920,0.04575,0.38010,0.13065,0.04300,0.35912
7801.4583,0,0.12652,0.04731,0.38771,0.12941,0.04429,0.36770
7801.4919,0,0.12923,0.04880,0.39299,0.12936,0.04565,0.37529
7801.5253,0,0.13082,0.04967,0.39766,0.12980,0.04685,0.38200
7801.5563,0,0.13065,0.05077,0.40191,0.13005,0.04803,0.38797
7801.5873,0,0.12823,0.05256,0.40618,0.12951,0.04939,0.39343
7801.6180,0,0.12835,0.05577,0.40887,0.12916,0.05130,0.39806
7801.6492,0,0.13016,0.06026,0.41029,0.12946,0.05399,0.40173
7801.6838,0,0.13348,0.06541,0.40975,0.13067,0.05742,0.40414
7801.7164,0,0.13589,0.07171,0.40759,0.13223,0.06170,0.40517
7801.7494,0,0.13879,0.07848,0.40420,0.13420,0.06674,0.40488
7801.7832,0,0.14200,0.08548,0.39924,0.13654,0.07236,0.40319
7801.8161,0,0.14148,0.09364,0.39296,0.13802,0.07874,0.40012
7801.8578,0,0.14214,0.10172,0.38499,0.13926,0.08564,0.39558
7801.8904,0,0.14381,0.10739,0.37508,0.14062,0.09217,0.38943
7801.9223,0,0.14309,0.11193,0.36403,0.14136,0.09809,0.38181
7801.9536,0,0.14356,0.11751,0.35184,0.14202,0.10392,0.37282
7801.9847,0,0.14328,0.12216,0.33805,0.14240,0.10939,0.36239
7802.0165,0,0.13792,0.12634,0.32354,0.14106,0.11448,0.35073
7802.0500,0,0.13234,0.12994,0.30922,0.13844,0.11911,0.33828
7802.0833,0,0.12606,0.13418,0.29492,0.13473,0.12363,0.32527
7802.1200,0,0.12050,0.13778,0.27980,0.13046,0.12788,0.31163
7802.1515,0,0.11061,0.14163,0.26586,0.12451,0.13200,0.29790
7802.1833,0,0.08994,0.14818,0.25396,0.11413,0.13686,0.28472
7802.2176,0,0.06808,0.15148,0.24160,0.10032,0.14124,0.27178
7802.2578,0,0.05000,0.15712,0.24222,0.08522,0.14601,0.26291
7802.3205,1,0.13225,0.16436,0.17204,0.09933,0.15151,0.23565
7802.3538,1,0.09854,0.16682,0.16512,0.09909,0.15610,0.21449
7802.3854,1,0.08769,0.17400,0.15632,0.09567,0.16147,0.19704
7802.4165,1,0.08467,0.17590,0.14670,0.09237,0.16580,0.18194
7802.4517,1,0.08601,0.18050,0.13892,0.09046,0.17021,0.16903
7802.4843,1,0.07660,0.18005,0.13415,0.08630,0.17316,0.15857
7802.5171,1,0.08089,0.18027,0.12919,0.08468,0.17529,0.14976
7802.5491,1,0.07859,0.18029,0.12589,0.08285,0.17679,0.14259
7802.5909,1,0.07507,0.18025,0.12360,0.08052,0.17783,0.13690
7802.6249,1,0.07750,0.18328,0.12084,0.07961,0.17947,0.13208
7802.6559,1,0.07401,0.18624,0.11896,0.07793,0.18150,0.12814
7802.6896,1,0.07533,0.18944,0.11684,0.07715,0.18388,0.12475
7802.7209,1,0.06843,0.19370,0.11561,0.07453,0.18683,0.12201
7802.7513,1,0.06554,0.20162,0.11432,0.07184,0.19126,0.11970
7802.7829,1,0.06470,0.20468,0.11311,0.06969,0.19529,0.11773
7802.8176,1,0.06866,0.21358,0.11253,0.06939,0.20078,0.11617
7802.8585,1,0.07284,0.21769,0.11345,0.07042,0.20585,0.11535
7802.8901,1,0.07733,0.22706,0.11602,0.07250,0.21221,0.11555
7802.9273,1,0.08046,0.23237,0.12060,0.07489,0.21826,0.11707
7802.9585,1,0.08375,0.23957,0.12550,0.07755,0.22465,0.11960
7802.9891,1,0.08945,0.24418,0.13019,0.08112,0.23051,0.12278
7803.0205,1,0.09512,0.25126,0.13504,0.08532,0.23674,0.12646
7803.0531,1,0.10224,0.25654,0.14101,0.09039,0.24268,0.13082
7803.0855,1,0.10848,0.26362,0.14765,0.09582,0.24896,0.13587
7803.1165,1,0.11358,0.26970,0.15499,0.10115,0.25518,0.14161
7803.1524,1,0.11799,0.27379,0.16278,0.10620,0.26076,0.14796
7803.1857,1,0.12411,0.27647,0.17064,0.11157,0.26547,0.15476
7803.2209,1,0.12632,0.27837,0.17887,0.11600,0.26934,0.16199
7803.2521,1,0.12934,0.27848,0.18730,0.12000,0.27208,0.16959
7803.2904,1,0.13142,0.27772,0.19552,0.12343,0.27377,0.17737
7803.3220,1,0.13444,0.27632,0.20263,0.12673,0.27454,0.18495
7803.3531,1,0.13756,0.27357,0.20968,0.12998,0.27425,0.19237
7803.3893,1,0.13843,0.27045,0.21755,0.13252,0.27311,0.19992
7803.4195,1,0.14152,0.26725,0.22491,0.13522,0.27135,0.20742
7803.4512,1,0.14464,0.26326,0.23171,0.13804,0.26893,0.21470
7803.4845,1,0.14292,0.25991,0.23977,0.13951,0.26622,0.22222
7803.5156,1,0.14771,0.25594,0.24671,0.14197,0.26314,0.22957
7803.5547,1,0.14771,0.25001,0.25366,0.14369,0.25920,0.23680
7803.5857,1,0.15055,0.24088,0.25960,0.14575,0.25370,0.24364
7803.6187,1,0.14905,0.23313,0.26463,0.14674,0.24753,0.24994
7803.6538,1,0.15074,0.22132,0.26740,0.14794,0.23967,0.25517
7803.6854,1,0.15168,0.20937,0.26897,0.14906,0.23058,0.25931
7803.7209,1,0.15253,0.19549,0.26904,0.15010,0.22005,0.26223
7803.7516,1,0.15956,0.18153,0.26816,0.15294,0.20850,0.26401
7803.7836,1,0.15966,0.16607,0.26894,0.15496,0.19577,0.26549
7803.8173,1,0.16291,0.15262,0.26793,0.15734,0.18283,0.26622
7803.8572,1,0.16345,0.13908,0.26771,0.15918,0.16970,0.26667
7803.8889,1,0.15989,0.12475,0.26823,0.15939,0.15622,0.26714
7803.9197,1,0.15635,0.11107,0.26886,0.15848,0.14267,0.26765
7803.9527,1,0.15955,0.09608,0.26801,0.15880,0.12870,0.26776
7803.9840,1,0.16056,0.07913,0.26738,0.15933,0.11383,0.26765
7804.0170,1,0.15947,0.06323,0.26802,0.15937,0.09865,0.26776
7804.0501,1,0.15650,0.04561,0.26926,0.15851,0.08274,0.26821
7804.0839,1,0.15933,0.02694,0.26929,0.15875,0.06600,0.26853
7804.1158,1,0.16029,0.00966,0.26927,0.15921,0.04910,0.26876
7804.1494,1,0.15567,-0.01106,0.27042,0.15815,0.03105,0.26925
7804.1824,1,0.15709,-0.03005,0.27113,0.15783,0.01272,0.26982
7804.2154,1,0.15800,-0.04825,0.27217,0.15788,-0.00557,0.27052
7804.2501,1,0.15917,-0.06826,0.27272,0.15827,-0.02438,0.27118
7804.2834,1,0.15857,-0.08351,0.27356,0.15836,-0.04212,0.27190
7804.3163,1,0.15962,-0.09909,0.27446,0.15874,-0.05921,0.27267
7804.3523,1,0.15983,-0.11247,0.27631,0.15907,-0.07519,0.27376
7804.3868,1,0.15604,-0.12391,0.27740,0.15816,-0.08981,0.27485
7804.4212,1,0.15524,-0.13812,0.27849,0.15728,-0.10430,0.27594
7804.4560,1,0.15658,-0.14703,0.27922,0.15707,-0.11712,0.27693
7804.4876,1,0.15308,-0.15762,0.28004,0.15588,-0.12927,0.27786
7804.5185,1,0.15145,-0.16511,0.28111,0.15455,-0.14002,0.27884
7804.5507,1,0.14886,-0.17618,0.28170,0.15284,-0.15087,0.27969
7804.5836,1,0.14625,-0.18616,0.28203,0.15086,-0.16146,0.28039
7804.6204,1,0.14448,-0.19371,0.28278,0.14895,-0.17113,0.28111
7804.6533,1,0.14394,-0.20227,0.28354,0.14745,-0.18047,0.28184
7804.6863,1,0.14231,-0.21051,0.28450,0.14591,-0.18948,0.28264
7804.7191,1,0.14114,-0.21915,0.28573,0.14448,-0.19838,0.28356
7804.7505,1,0.14102,-0.22728,0.28663,0.14344,-0.20705,0.28448
7804.7822,1,0.14263,-0.23424,0.28728,0.14320,-0.21521,0.28532
7804.8175,1,0.14213,-0.24088,0.28799,0.14288,-0.22291,0.28612
7804.8560,1,0.14216,-0.24714,0.28882,0.14266,-0.23018,0.28693
7804.8876,1,0.14343,-0.25317,0.28892,0.14289,-0.23708,0.28753
7804.9183,1,0.14120,-0.25859,0.28959,0.14239,-0.24353,0.28815
7804.9511,1,0.14040,-0.26504,0.29034,0.14179,-0.24998,0.28880
7804.9828,1,0.14042,-0.27105,0.29102,0.14138,-0.25630,0.28947
7805.0176,1,0.14099,-0.27662,0.29156,0.14126,-0.26240,0.29010
7805.0498,1,0.14124,-0.28132,0.29213,0.14126,-0.26808,0.29071
7805.0832,1,0.14127,-0.28499,0.29258,0.14126,-0.27315,0.29127
7805.1179,1,0.14113,-0.29017,0.29276,0.14122,-0.27826,0.29172
7805.1496,1,0.14010,-0.29474,0.29356,0.14089,-0.28320,0.29227
7805.1837,1,0.13965,-0.29972,0.29416,0.14051,-0.28816,0.29284
7805.2157,1,0.13780,-0.30455,0.29539,0.13970,-0.29307,0.29360
7805.2494,1,0.13753,-0.30942,0.29662,0.13905,-0.29798,0.29451
7805.2830,1,0.13707,-0.31356,0.29814,0.13846,-0.30265,0.29560
7805.3169,1,0.13784,-0.31662,0.29933,0.13827,-0.30684,0.29672
7805.3495,1,0.13697,-0.31980,0.30084,0.13788,-0.31073,0.29796
7805.3836,1,0.13703,-0.32211,0.30197,0.13762,-0.31414,0.29916
7805.4181,1,0.13737,-0.32429,0.30289,0.13755,-0.31719,0.30028
7805.4486,1,0.13717,-0.32511,0.30362,0.13743,-0.31956,0.30128
7805.4826,1,0.13844,-0.32649,0.30431,0.13774,-0.32164,0.30219
7805.5158,1,0.13861,-0.32823,0.30472,0.13800,-0.32362,0.30295
7805.5502,1,0.13856,-0.32996,0.30536,0.13817,-0.32552,0.30367
7805.5861,1,0.13938,-0.33017,0.30603,0.13853,-0.32692,0.30438
7805.6177,1,0.13916,-0.32860,0.30667,0.13872,-0.32742,0.30507
7805.6488,1,0.13924,-0.32365,0.30723,0.13888,-0.32629,0.30572
7805.6820,1,0.14031,-0.31676,0.30649,0.13931,-0.32343,0.30595
7805.7166,1,0.14520,-0.30713,0.30508,0.14107,-0.31854,0.30569
7805.7488,1,0.14667,-0.29630,0.30416,0.14275,-0.31187,0.30523
7805.7846,1,0.15030,-0.28227,0.30320,0.14502,-0.30299,0.30462
7805.8219,1,0.14655,-0.26766,0.30362,0.14548,-0.29239,0.30432
7805.8597,1,0.14302,-0.24985,0.30496,0.14474,-0.27963,0.30451
7805.8904,1,0.14869,-0.23261,0.30470,0.14592,-0.26552,0.30457
7805.9234,1,0.15007,-0.21173,0.30482,0.14717,-0.24939,0.30464
7805.9575,1,0.15400,-0.19166,0.30480,0.14922,-0.23207,0.30469
7805.9888,1,0.15510,-0.17300,0.30476,0.15098,-0.21435,0.30471
7806.0210,1,0.15419,-0.15395,0.30548,0.15194,-0.19623,0.30494
7806.0543,1,0.15562,-0.13354,0.30539,0.15305,-0.17742,0.30508
7806.0869,1,0.15784,-0.11146,0.30721,0.15448,-0.15764,0.30572
7806.1180,1,0.16257,-0.09233,0.30801,0.15691,-0.13805,0.30640
7806.1491,1,0.15586,-0.07160,0.30921,0.15659,-0.11811,0.30725
7806.1840,1,0.15674,-0.05164,0.31009,0.15664,-0.09817,0.30810
7806.2164,1,0.15758,-0.03447,0.31120,0.15692,-0.07906,0.30903
7806.2506,1,0.15710,-0.01645,0.31288,0.15697,-0.06028,0.31019
7806.2827,1,0.15350,-0.00073,0.31367,0.15593,-0.04241,0.31123
7806.3158,1,0.15315,0.01371,0.31403,0.15510,-0.02558,0.31207
7806.3491,1,0.15206,0.02831,0.31480,0.15419,-0.00941,0.31289
7806.3832,1,0.14937,0.04179,0.31597,0.15274,0.00595,0.31381
7806.4156,1,0.14971,0.05585,0.31693,0.15183,0.02092,0.31475
7806.4502,1,0.14980,0.07034,0.31801,0.15123,0.03575,0.31573
7806.4909,1,0.15008,0.08327,0.31845,0.15088,0.05000,0.31654
7806.5217,1,0.14889,0.09570,0.31938,0.15028,0.06371,0.31739
7806.5531,1,0.15124,0.10677,0.31903,0.15057,0.07663,0.31789
7806.5840,1,0.14798,0.11797,0.31948,0.14979,0.08903,0.31836
7806.6210,1,0.15033,0.12940,0.31862,0.14995,0.10114,0.31844
7806.6563,1,0.14697,0.13898,0.31854,0.14906,0.11249,0.31847
7806.6878,1,0.14563,0.14791,0.31846,0.14803,0.12312,0.31847
7806.7199,1,0.14574,0.15635,0.31799,0.14734,0.13309,0.31832
7806.7503,1,0.14764,0.16519,0.31740,0.14743,0.14272,0.31805
7806.7848,1,0.14238,0.17380,0.31843,0.14592,0.15204,0.31816
7806.8166,1,0.14248,0.18127,0.31761,0.14489,0.16081,0.31799
7806.8594,1,0.14359,0.18913,0.31798,0.14450,0.16931,0.31799
7806.8916,1,0.14259,0.19605,0.31889,0.14393,0.17733,0.31826
7806.9273,1,0.14033,0.20400,0.32006,0.14285,0.18533,0.31880
7806.9585,1,0.13806,0.21204,0.32170,0.14141,0.19334,0.31967
7806.9906,1,0.13775,0.21945,0.32307,0.14032,0.20118,0.32069
7807.0220,1,0.14047,0.22770,0.32466,0.14036,0.20913,0.32188
7807.0531,1,0.14091,0.23521,0.32638,0.14052,0.21695,0.32323
7807.0862,1,0.14057,0.24304,0.32817,0.14054,0.22478,0.32471
7807.1190,1,0.13810,0.25010,0.32991,0.13981,0.23238,0.32627
7807.1501,1,0.13833,0.25690,0.33070,0.13936,0.23973,0.32760
7807.1832,1,0.13553,0.26338,0.33196,0.13821,0.24683,0.32891
7807.2155,1,0.13712,0.27030,0.33229,0.13789,0.25387,0.32992
7807.2518,1,0.13855,0.27763,0.33307,0.13808,0.26100,0.33087
7807.2836,1,0.13942,0.28475,0.33356,0.13849,0.26812,0.33167
7807.3174,1,0.14137,0.29216,0.33361,0.13935,0.27533,0.33226
7807.3583,1,0.14447,0.29888,0.33287,0.14089,0.28240,0.33244
7807.3914,1,0.14762,0.30506,0.33116,0.14290,0.28920,0.33206
7807.4225,1,0.14798,0.31047,0.32926,0.14443,0.29558,0.33122
7807.4535,1,0.15062,0.31451,0.32687,0.14628,0.30126,0.32991
7807.4882,1,0.15072,0.31826,0.32420,0.14761,0.30636,0.32820
7807.5194,1,0.15279,0.32234,0.32086,0.14917,0.31115,0.32600
7807.5510,1,0.15464,0.32535,0.31730,0.15081,0.31541,0.32339
7807.5821,1,0.15793,0.32872,0.31289,0.15295,0.31940,0.32024
7807.6209,1,0.15875,0.33336,0.30898,0.15469,0.32359,0.31686
7807.6582,1,0.16253,0.33937,0.30448,0.15704,0.32832,0.31315
7807.6956,1,0.16558,0.34407,0.29918,0.15960,0.33305,0.30896
7807.7267,1,0.16840,0.34705,0.29431,0.16224,0.33725,0.30456
7807.7579,1,0.17060,0.34817,0.29056,0.16475,0.34053,0.30036
7807.7891,1,0.17208,0.34894,0.28768,0.16695,0.34305,0.29656
7807.8313,1,0.17520,0.35207,0.28513,0.16943,0.34576,0.29313
7807.8642,1,0.18274,0.35519,0.28285,0.17342,0.34859,0.29004
7807.8958,1,0.19051,0.35898,0.28049,0.17855,0.35171,0.28718
7807.9274,1,0.19719,0.36276,0.27812,0.18414,0.35502,0.28446
7807.9592,1,0.19971,0.36797,0.27593,0.18881,0.35890,0.28190
7807.9913,1,0.20413,0.37184,0.27374,0.19341,0.36278,0.27945
7808.0237,1,0.20921,0.37564,0.27156,0.19815,0.36664,0.27709
7808.0549,1,0.21304,0.37813,0.26957,0.20262,0.37009,0.27483
7808.0866,1,0.21800,0.38095,0.26689,0.20723,0.37335,0.27245
7808.1190,1,0.21896,0.38166,0.26567,0.21075,0.37584,0.27042
7808.1537,1,0.22149,0.38291,0.26366,0.21397,0.37796,0.26839
7808.1866,1,0.22364,0.38321,0.26126,0.21687,0.37954,0.26625
7808.2196,1,0.22746,0.38330,0.25903,0.22005,0.38067,0.26408
7808.2515,1,0.23390,0.38389,0.25686,0.22420,0.38164,0.26192
7808.2834,1,0.23755,0.38273,0.25556,0.22821,0.38196,0.26001
7808.3179,1,0.24016,0.38187,0.25492,0.23179,0.38194,0.25848
7808.3530,1,0.24710,0.37987,0.25405,0.23638,0.38132,0.25715
7808.3858,1,0.25166,0.37639,0.25371,0.24097,0.37984,0.25612
7808.4186,1,0.25658,0.37193,0.25393,0.24565,0.37747,0.25546
7808.4509,1,0.26722,0.36187,0.25258,0.25212,0.37279,0.25460
7808.4877,1,0.27391,0.34997,0.25144,0.25866,0.36594,0.25365
7808.5210,1,0.28141,0.33683,0.25187,0.26548,0.35721,0.25312
7808.5531,1,0.28477,0.32531,0.25244,0.27127,0.34764,0.25291
7808.5843,1,0.28612,0.31091,0.25284,0.27573,0.33662,0.25289
7808.6162,1,0.29261,0.29805,0.25127,0.28079,0.32505,0.25241
7808.6498,1,0.29529,0.28633,0.24981,0.28514,0.31344,0.25163
7808.6822,1,0.30685,0.27239,0.24705,0.29165,0.30112,0.25025
7808.7213,1,0.30939,0.25990,0.24605,0.29697,0.28876,0.24899
7808.7534,1,0.31171,0.24761,0.24540,0.30140,0.27641,0.24792
7808.7857,1,0.32539,0.23481,0.24355,0.30859,0.26393,0.24661
7808.8188,1,0.32942,0.22490,0.24386,0.31484,0.25222,0.24578
7808.8601,1,0.33027,0.21667,0.24581,0.31947,0.24156,0.24579
7808.8909,1,0.33444,0.20829,0.24691,0.32396,0.23158,0.24612
7808.9225,1,0.34289,0.19979,0.24665,0.32964,0.22204,0.24628
7808.9545,1,0.35371,0.18950,0.24576,0.33686,0.21228,0.24613
7808.9854,1,0.36194,0.17821,0.24509,0.34439,0.20206,0.24581
7809.0184,1,0.36553,0.16602,0.24499,0.35073,0.19124,0.24557
7809.0505,1,0.37408,0.14903,0.24381,0.35774,0.17858,0.24504
7809.0836,1,0.37704,0.13112,0.24258,0.36353,0.16434,0.24430
7809.1274,1,0.37975,0.11498,0.24223,0.36839,0.14953,0.24368
7809.1678,1,0.39858,0.09481,0.23776,0.37745,0.13312,0.24190
7809.2001,1,0.40000,0.07254,0.23842,0.38422,0.11495,0.24086
7809.2371,1,0.40000,0.04225,0.23641,0.38895,0.09314,0.23952
7809.2678,1,0.40000,0.02074,0.23687,0.39227,0.07142,0.23873
7809.3005,1,0.40000,-0.00596,0.23680,0.39459,0.04820,0.23815
7809.3328,1,0.40000,-0.04315,0.23749,0.39621,0.02080,0.23795
7809.3701,1,0.40000,-0.07445,0.23695,0.39735,-0.00778,0.23765
7809.4062,1,0.40000,-0.10505,0.23700,0.39814,-0.03696,0.23746
7809.4375,1,0.40000,-0.13291,0.23758,0.39870,-0.06574,0.23749
7809.4702,1,0.40000,-0.15870,0.23802,0.39909,-0.09363,0.23765
7809.5023,1,0.40000,-0.18559,0.24065,0.39936,-0.12122,0.23855
7809.5330,1,0.40000,-0.21316,0.24526,0.39955,-0.14880,0.24057
7809.5669,1,0.40000,-0.23890,0.24717,0.39969,-0.17583,0.24255
7809.5998,1,0.40000,-0.26059,0.24726,0.39978,-0.20126,0.24396
7809.6354,1,0.40000,-0.27946,0.24790,0.39985,-0.22472,0.24514
7809.6673,1,0.40000,-0.29279,0.24906,0.39989,-0.24514,0.24632
7809.6994,1,0.40000,-0.30350,0.25006,0.39993,-0.26265,0.24744
7809.7337,1,0.40000,-0.31700,0.25269,0.39995,-0.27895,0.24902
7809.7708,1,0.40000,-0.32328,0.25318,0.39996,-0.29225,0.25027
7809.8025,1,0.40000,-0.32746,0.25479,0.39997,-0.30281,0.25162
7809.8366,1,0.40000,-0.33033,0.25628,0.39998,-0.31107,0.25302
7809.8755,1,0.40000,-0.32597,0.25686,0.39999,-0.31554,0.25417
7809.9062,1,0.40000,-0.31062,0.25719,0.39999,-0.31406,0.25508
7809.9368,1,0.40000,-0.29908,0.25479,0.39999,-0.30957,0.25499
7809.9680,1,0.40000,-0.28552,0.25181,0.40000,-0.30235,0.25403
7809.9981,1,0.40000,-0.26737,0.24768,0.40000,-0.29186,0.25213
7810.0335,1,0.40000,-0.25200,0.24399,0.40000,-0.27990,0.24969
7810.0663,1,0.40000,-0.23310,0.24198,0.40000,-0.26586,0.24738
7810.0988,1,0.40000,-0.21233,0.23892,0.40000,-0.24980,0.24484
7810.1347,1,0.40000,-0.19077,0.23513,0.40000,-0.23209,0.24193
7810.1715,1,0.40000,-0.17034,0.23481,0.40000,-0.21357,0.23979
7810.2092,1,0.40000,-0.15072,0.23458,0.40000,-0.19471,0.23823
7810.2459,1,0.40000,-0.13218,0.23502,0.40000,-0.17595,0.23727
7810.2803,1,0.40000,-0.11823,0.23616,0.40000,-0.15863,0.23694
7810.3177,1,0.40000,-0.10234,0.23595,0.40000,-0.14175,0.23664
7810.3489,1,0.40000,-0.08697,0.23569,0.40000,-0.12531,0.23636
7810.3826,1,0.40000,-0.07172,0.23677,0.40000,-0.10923,0.23648
7810.4162,1,0.40000,-0.05254,0.23680,0.40000,-0.09223,0.23658
7810.4505,1,0.40000,-0.04223,0.24031,0.40000,-0.07723,0.23770
7810.4833,1,0.39918,-0.01842,0.24816,0.39975,-0.05959,0.24084
7810.5182,1,0.40000,-0.00745,0.24996,0.39983,-0.04395,0.24357
7810.5486,1,0.39826,0.00445,0.25177,0.39936,-0.02943,0.24603
7810.5865,1,0.39653,0.00955,0.25235,0.39851,-0.01773,0.24793
7810.6194,1,0.39534,0.01393,0.25211,0.39756,-0.00824,0.24918
7810.6530,1,0.39804,0.01922,0.25076,0.39770,0.00000,0.24966
7810.6873,1,0.39918,0.02267,0.24892,0.39815,0.00680,0.24944
7810.7188,1,0.39303,0.02593,0.24861,0.39661,0.01254,0.24919
7810.7515,1,0.38761,0.02780,0.24881,0.39391,0.01712,0.24908
7810.7825,1,0.38536,0.03101,0.24932,0.39135,0.02128,0.24915
7810.8161,1,0.38379,0.03278,0.25060,0.38908,0.02473,0.24958
7810.8502,1,0.38042,0.03517,0.25320,0.38648,0.02786,0.25067
7810.8926,1,0.37962,0.03983,0.25555,0.38442,0.03145,0.25213
7810.9280,1,0.38150,0.04558,0.25678,0.38354,0.03569,0.25353
7810.9608,1,0.37913,0.05005,0.25785,0.38222,0.04000,0.25482
7810.9974,1,0.37986,0.05413,0.25777,0.38151,0.04424,0.25571
7811.0293,1,0.37533,0.05658,0.25800,0.37966,0.04794,0.25640
7811.0686,1,0.37173,0.06006,0.25769,0.37728,0.05158,0.25679
7811.1006,1,0.37367,0.06219,0.25627,0.37620,0.05476,0.25663
7811.1398,1,0.37531,0.06535,0.25588,0.37593,0.05794,0.25641
7811.1717,1,0.37733,0.06675,0.25516,0.37635,0.06058,0.25603
7811.2043,1,0.37615,0.06858,0.25499,0.37629,0.06298,0.25572
7811.2405,1,0.37707,0.06920,0.25365,0.37652,0.06485,0.25510
7811.2748,1,0.37541,0.07034,0.25252,0.37619,0.06650,0.25433
7811.3057,1,0.37426,0.07089,0.25161,0.37561,0.06781,0.25351
7811.3504,1,0.37366,0.07249,0.25114,0.37503,0.06922,0.25280
7811.3820,1,0.37306,0.07289,0.25147,0.37444,0.07032,0.25240
7811.4161,1,0.37207,0.07442,0.25165,0.37373,0.07155,0.25217
7811.4496,1,0.37521,0.07660,0.25133,0.37417,0.07306,0.25192
7811.4826,1,0.37575,0.07910,0.25201,0.37464,0.07487,0.25195
7811.5165,1,0.38573,0.08252,0.25045,0.37797,0.07717,0.25150
7811.5494,1,0.38842,0.08553,0.24935,0.38110,0.07968,0.25085
7811.5823,1,0.38900,0.08651,0.24863,0.38347,0.08173,0.25018
7811.6213,1,0.38921,0.08775,0.24811,0.38520,0.08353,0.24956
7811.6524,1,0.39099,0.08837,0.24758,0.38693,0.08499,0.24897
7811.6831,1,0.39024,0.08900,0.24760,0.38793,0.08619,0.24856
7811.7199,1,0.39218,0.09002,0.24722,0.38920,0.08734,0.24816
7811.7521,1,0.39047,0.08980,0.24766,0.38958,0.08808,0.24801
7811.7875,1,0.39323,0.09107,0.24732,0.39068,0.08897,0.24780
7811.8230,1,0.39407,0.09172,0.24728,0.39170,0.08980,0.24764
7811.8535,1,0.39057,0.09205,0.24773,0.39136,0.09047,0.24767
7811.8909,1,0.39174,0.09221,0.24760,0.39147,0.09099,0.24765
7811.9275,1,0.39063,0.09249,0.24788,0.39122,0.09144,0.24772
7811.9636,1,0.39135,0.09255,0.24789,0.39126,0.09177,0.24777
7811.9947,1,0.39053,0.09238,0.24825,0.39104,0.09196,0.24791
7812.0272,1,0.39096,0.09203,0.24844,0.39102,0.09198,0.24807
7812.0593,1,0.39092,0.09264,0.24871,0.39099,0.09218,0.24826
7812.0897,1,0.38943,0.09259,0.24947,0.39052,0.09230,0.24862
7812.1211,1,0.38902,0.09263,0.24981,0.39007,0.09240,0.24898
7812.1560,1,0.38915,0.09195,0.24994,0.38979,0.09226,0.24927
7812.1877,1,0.38883,0.09127,0.25007,0.38951,0.09197,0.24951
7812.2205,1,0.38973,0.09137,0.25029,0.38957,0.09179,0.24974
7812.2547,1,0.38794,0.09146,0.25098,0.38908,0.09169,0.25011
7812.2855,1,0.38952,0.09078,0.25072,0.38921,0.09142,0.25029
7812.3179,1,0.39099,0.09106,0.25054,0.38975,0.09131,0.25037
7812.3485,1,0.38841,0.09110,0.25103,0.38935,0.09125,0.25057
7812.3817,1,0.38830,0.09109,0.25109,0.38903,0.09120,0.25072
7812.4158,1,0.38963,0.09083,0.25077,0.38921,0.09109,0.25074
7812.4483,1,0.38916,0.09114,0.25097,0.38920,0.09110,0.25081
7812.4856,1,0.38990,0.09177,0.25106,0.38941,0.09130,0.25088
7812.5167,1,0.38865,0.09130,0.25138,0.38918,0.09130,0.25103
7812.5495,1,0.38990,0.09184,0.25140,0.38940,0.09146,0.25114
7812.5876,1,0.38839,0.09136,0.25167,0.38909,0.09143,0.25130
7812.6248,1,0.38889,0.09157,0.25160,0.38903,0.09147,0.25139
7812.6553,1,0.38924,0.09150,0.25132,0.38909,0.09148,0.25137
7812.6851,1,0.38815,0.09177,0.25148,0.38881,0.09157,0.25140
7812.7190,1,0.38924,0.09217,0.25128,0.38894,0.09175,0.25136
7812.7520,1,0.38819,0.09188,0.25130,0.38872,0.09179,0.25134
7812.7858,1,0.38917,0.09228,0.25094,0.38885,0.09193,0.25122
7812.8197,1,0.38733,0.09150,0.25151,0.38839,0.09180,0.25131
7812.8514,1,0.38784,0.09153,0.25124,0.38823,0.09172,0.25129
7812.8845,1,0.38977,0.09146,0.25092,0.38869,0.09164,0.25118
7812.9254,1,0.38856,0.09130,0.25105,0.38865,0.09154,0.25114
7812.9570,1,0.38762,0.09116,0.25139,0.38834,0.09143,0.25121
7812.9890,1,0.38877,0.09091,0.25084,0.38847,0.09127,0.25110
7813.0254,1,0.38910,0.09175,0.25053,0.38866,0.09141,0.25093
7813.0588,1,0.38810,0.09208,0.25047,0.38849,0.09161,0.25079
7813.0917,1,0.38746,0.09189,0.25068,0.38818,0.09170,0.25076
7813.1267,1,0.38913,0.09276,0.25028,0.38847,0.09202,0.25061
7813.1695,1,0.38863,0.09257,0.25040,0.38852,0.09218,0.25055
7813.2022,1,0.38764,0.09230,0.25048,0.38825,0.09222,0.25053
7813.2343,1,0.39024,0.09206,0.24999,0.38885,0.09217,0.25037
7813.2661,1,0.38899,0.09128,0.25000,0.38889,0.09190,0.25026
7813.2983,1,0.38868,0.09132,0.24972,0.38883,0.09173,0.25010
7813.3327,1,0.38736,0.09122,0.24993,0.38839,0.09157,0.25005
7813.3652,1,0.38680,0.09022,0.25027,0.38791,0.09117,0.25011
7813.4035,1,0.38734,0.09073,0.25009,0.38774,0.09104,0.25011
7813.4352,1,0.38874,0.09092,0.24998,0.38804,0.09100,0.25007
7813.4661,1,0.38846,0.09033,0.24992,0.38817,0.09080,0.25002
7813.4997,1,0.38993,0.09066,0.24962,0.38869,0.09076,0.24990
7813.5332,1,0.38741,0.09015,0.25040,0.38831,0.09057,0.25005
7813.5659,1,0.39059,0.09059,0.24972,0.38899,0.09058,0.24995
7813.5990,1,0.38793,0.08932,0.25017,0.38868,0.09020,0.25002
7813.6376,1,0.38835,0.08930,0.24998,0.38858,0.08993,0.25001
7813.6735,1,0.38978,0.08907,0.24976,0.38894,0.08967,0.24993
7813.7043,1,0.38935,0.08890,0.24970,0.38906,0.08944,0.24986
7813.7368,1,0.39026,0.08970,0.24934,0.38942,0.08952,0.24971
7813.7699,1,0.38832,0.08946,0.24942,0.38909,0.08950,0.24962
7813.8026,1,0.38840,0.08975,0.24928,0.38888,0.08958,0.24952
7813.8342,1,0.38979,0.08992,0.24897,0.38915,0.08968,0.24935
7813.8668,1,0.39131,0.09016,0.24859,0.38980,0.08983,0.24912
7813.9067,1,0.38988,0.09024,0.24867,0.38983,0.08995,0.24899
7813.9408,1,0.38947,0.08972,0.24884,0.38972,0.08988,0.24894
7813.9723,1,0.38924,0.08947,0.24873,0.38957,0.08976,0.24888
7814.0035,1,0.39059,0.09012,0.24846,0.38988,0.08987,0.24875
7814.0354,1,0.38967,0.08999,0.24850,0.38982,0.08991,0.24868
7814.0671,1,0.38895,0.09029,0.24883,0.38956,0.09002,0.24873
7814.1007,1,0.38965,0.09003,0.24887,0.38959,0.09003,0.24877
7814.1345,1,0.39011,0.09027,0.24886,0.38974,0.09010,0.24879
7814.1665,1,0.39071,0.09011,0.24878,0.39003,0.09010,0.24879
7814.1988,1,0.38824,0.08947,0.24948,0.38949,0.08991,0.24900
7814.2337,1,0.38858,0.08995,0.24937,0.38922,0.08993,0.24911
7814.2693,1,0.38663,0.08897,0.25007,0.38844,0.08964,0.24940
7814.3022,1,0.38925,0.08931,0.24985,0.38868,0.08954,0.24953
7814.3336,1,0.38705,0.08873,0.25037,0.38819,0.08930,0.24978
7814.3724,1,0.38838,0.08825,0.25010,0.38825,0.08898,0.24988
7814.4080,1,0.39039,0.08902,0.24972,0.38889,0.08899,0.24983
7814.4409,1,0.38708,0.08883,0.25039,0.38835,0.08894,0.25000
7814.4752,1,0.38753,0.08844,0.25029,0.38810,0.08879,0.25009
7814.5066,1,0.38927,0.08885,0.25018,0.38846,0.08881,0.25011
7814.5383,1,0.38851,0.08862,0.25061,0.38847,0.08875,0.25026
7814.5770,1,0.38894,0.08839,0.25091,0.38861,0.08864,0.25046
7814.6082,1,0.38787,0.08844,0.25123,0.38839,0.08858,0.25069
7814.6400,1,0.38769,0.08778,0.25136,0.38818,0.08834,0.25089
7814.6705,1,0.38798,0.08804,0.25131,0.38812,0.08825,0.25102
7814.7029,1,0.38698,0.08826,0.25135,0.38778,0.08826,0.25112
7814.7360,1,0.38807,0.08867,0.25114,0.38787,0.08838,0.25112
7814.7735,1,0.38820,0.08949,0.25096,0.38797,0.08871,0.25108
7814.8047,1,0.38812,0.08941,0.25099,0.38801,0.08892,0.25105
7814.8358,1,0.38819,0.08956,0.25092,0.38807,0.08911,0.25101
7814.8677,1,0.38973,0.09001,0.25061,0.38857,0.08938,0.25089
7814.9008,1,0.38765,0.08979,0.25097,0.38829,0.08950,0.25092
7814.9323,1,0.39011,0.08995,0.25039,0.38884,0.08964,0.25076
7814.9642,1,0.38893,0.08979,0.25042,0.38887,0.08968,0.25066
7814.9983,1,0.38968,0.08954,0.25039,0.38911,0.08964,0.25057
7815.0337,1,0.38898,0.08950,0.25033,0.38907,0.08960,0.25050
7815.0743,1,0.38674,0.08943,0.25093,0.38837,0.08955,0.25063
7815.1059,1,0.39025,0.08987,0.25027,0.38893,0.08964,0.25052
7815.1380,1,0.38838,0.08998,0.25070,0.38877,0.08975,0.25058
7815.1691,1,0.38855,0.08974,0.25066,0.38870,0.08974,0.25060
7815.2002,1,0.39044,0.08935,0.25050,0.38922,0.08963,0.25057
7815.2339,1,0.38799,0.08892,0.25101,0.38885,0.08941,0.25070
7815.2658,1,0.38953,0.08910,0.25089,0.38906,0.08932,0.25076
7815.2987,1,0.38928,0.08894,0.25092,0.38912,0.08921,0.25081
7815.3334,1,0.38718,0.08947,0.25156,0.38854,0.08929,0.25103
7815.3701,1,0.39112,0.08961,0.25081,0.38931,0.08938,0.25097
7815.4014,1,0.38989,0.08967,0.25102,0.38949,0.08947,0.25098
7815.4332,1,0.39032,0.08949,0.25102,0.38974,0.08948,0.25099
7815.4684,1,0.38899,0.08945,0.25105,0.38951,0.08947,0.25101
7815.4986,1,0.39066,0.08975,0.25075,0.38986,0.08955,0.25093
7815.5339,1,0.38838,0.08905,0.25104,0.38941,0.08940,0.25097
7815.5720,1,0.39097,0.08958,0.25039,0.38988,0.08945,0.25079
7815.6074,1,0.38830,0.08996,0.25048,0.38941,0.08961,0.25070
7815.6382,1,0.38824,0.08933,0.25075,0.38906,0.08952,0.25072
7815.6699,1,0.38921,0.08927,0.25046,0.38910,0.08945,0.25064
7815.7029,1,0.39020,0.08961,0.25003,0.38943,0.08950,0.25045
7815.7370,1,0.38882,0.08993,0.25007,0.38925,0.08963,0.25034
7815.7686,1,0.39049,0.09037,0.24963,0.38962,0.08985,0.25013
7815.8008,1,0.39247,0.09136,0.24882,0.39048,0.09030,0.24973
7815.8335,1,0.38972,0.09218,0.24901,0.39025,0.09087,0.24952
7815.8714,1,0.39182,0.09280,0.24851,0.39072,0.09145,0.24921
7815.9035,1,0.38834,0.09428,0.24852,0.39001,0.09230,0.24901
7815.9419,1,0.39066,0.09551,0.24819,0.39020,0.09326,0.24876
7815.9743,1,0.39072,0.09622,0.24776,0.39036,0.09415,0.24846
7816.0068,1,0.39125,0.09834,0.24706,0.39062,0.09541,0.24804
7816.0387,1,0.39628,0.10015,0.24518,0.39232,0.09683,0.24718
7816.0708,1,0.39729,0.10265,0.24355,0.39381,0.09858,0.24609
7816.1030,1,0.40000,0.10680,0.24026,0.39567,0.10104,0.24435
7816.1425,1,0.40000,0.11473,0.23621,0.39697,0.10515,0.24190
7816.1740,1,0.40000,0.12376,0.22963,0.39788,0.11073,0.23822
7816.2056,1,0.40000,0.13592,0.22266,0.39851,0.11829,0.23355
7816.2386,1,0.40000,0.15009,0.21526,0.39896,0.12783,0.22807
7816.2713,1,0.39972,0.16438,0.20855,0.39919,0.13879,0.22221
7816.3079,1,0.39210,0.17990,0.20071,0.39706,0.15113,0.21576
7816.3449,1,0.37894,0.19225,0.19263,0.39163,0.16346,0.20882
7816.3796,1,0.37940,0.20461,0.18287,0.38796,0.17581,0.20104
7816.4133,1,0.36680,0.21830,0.17107,0.38161,0.18855,0.19204
7816.4464,1,0.36286,0.22814,0.15897,0.37599,0.20043,0.18212
7816.4845,1,0.35952,0.23804,0.14842,0.37105,0.21171,0.17201
7816.5160,1,0.36088,0.24787,0.13861,0.36800,0.22256,0.16199
7816.5495,1,0.35362,0.27014,0.12161,0.36368,0.23684,0.14988
7816.5828,1,0.35553,0.28225,0.11386,0.36124,0.25046,0.13907
7816.6202,1,0.35120,0.29327,0.10501,0.35823,0.26330,0.12885
7816.6552,1,0.33812,0.30345,0.09834,0.35220,0.27535,0.11970
7816.6885,1,0.31881,0.31559,0.09325,0.34218,0.28742,0.11176
7816.7208,1,0.31176,0.31913,0.08676,0.33306,0.29693,0.10426
7816.7531,1,0.29740,0.32240,0.08262,0.32236,0.30457,0.09777
7816.7855,1,0.29173,0.31876,0.07967,0.31317,0.30883,0.09234
7816.8174,1,0.30113,0.33256,0.07363,0.30956,0.31595,0.08673
7816.8493,1,0.28680,0.32793,0.07569,0.30273,0.31954,0.08342
7816.8836,1,0.28776,0.32601,0.07580,0.29824,0.32148,0.08113
7816.9175,1,0.29343,0.32645,0.07511,0.29680,0.32297,0.07932
7816.9487,1,0.30407,0.32222,0.07405,0.29898,0.32275,0.07774
7816.9834,1,0.29936,0.32063,0.07611,0.29909,0.32211,0.07725
7817.0197,1,0.30082,0.31897,0.07753,0.29961,0.32117,0.07734
7817.0519,1,0.30272,0.31946,0.07885,0.30055,0.32066,0.07779
7817.0852,1,0.30380,0.32467,0.08206,0.30152,0.32186,0.07907
7817.1167,1,0.30499,0.32145,0.08565,0.30256,0.32174,0.08105
7817.1502,1,0.31415,0.32712,0.08876,0.30604,0.32335,0.08336
7817.1877,1,0.31639,0.33181,0.09280,0.30914,0.32589,0.08619
7817.2201,1,0.31329,0.33612,0.09614,0.31039,0.32896,0.08918
7817.2521,1,0.32100,0.33623,0.09698,0.31357,0.33114,0.09152
7817.2890,1,0.32636,0.33807,0.09854,0.31741,0.33322,0.09362
7817.3255,1,0.33193,0.33771,0.10082,0.32176,0.33457,0.09578
7817.3614,1,0.34123,0.33957,0.10368,0.32760,0.33607,0.09815
7817.3930,1,0.34524,0.33945,0.10785,0.33290,0.33708,0.10106
7817.4250,1,0.34477,0.33902,0.11415,0.33646,0.33766,0.10499
7817.4565,1,0.34344,0.33752,0.12091,0.33855,0.33762,0.10976
7817.4888,1,0.34293,0.33685,0.12752,0.33986,0.33739,0.11509
7817.5244,1,0.34516,0.33762,0.13277,0.34145,0.33746,0.12039
7817.5556,1,0.35098,0.33685,0.13399,0.34431,0.33728,0.12447
7817.5871,1,0.34937,0.33825,0.13357,0.34583,0.33757,0.12720
7817.6200,1,0.34913,0.34213,0.13406,0.34682,0.33894,0.12926
7817.6540,1,0.35265,0.34312,0.13242,0.34857,0.34019,0.13021
7817.6864,1,0.35351,0.34237,0.13172,0.35005,0.34085,0.13066
7817.7237,1,0.35981,0.34225,0.13007,0.35298,0.34127,0.13048
7817.7565,1,0.36053,0.33920,0.12986,0.35524,0.34065,0.13030
7817.7876,1,0.36151,0.33698,0.13055,0.35712,0.33955,0.13037
7817.8176,1,0.36013,0.33616,0.13105,0.35802,0.33853,0.13058
7817.8492,1,0.36156,0.33572,0.13085,0.35909,0.33769,0.13066
7817.8821,1,0.36580,0.33309,0.12994,0.36110,0.33631,0.13044
7817.9218,1,0.36587,0.32829,0.12961,0.36253,0.33390,0.13019
7817.9568,1,0.36786,0.32419,0.12850,0.36413,0.33099,0.12968
7817.9925,1,0.37327,0.31800,0.12722,0.36687,0.32709,0.12894
7818.0243,1,0.37675,0.31265,0.12511,0.36984,0.32276,0.12779
7818.0671,1,0.37856,0.30978,0.12304,0.37245,0.31886,0.12637
7818.0988,1,0.38100,0.30938,0.12156,0.37502,0.31602,0.12493
7818.1340,1,0.38407,0.30994,0.11981,0.37773,0.31420,0.12339
7818.1667,1,0.38221,0.31010,0.11889,0.37908,0.31297,0.12204
7818.2017,1,0.38165,0.31091,0.11781,0.37985,0.31235,0.12077
7818.2378,1,0.38503,0.31099,0.11611,0.38140,0.31194,0.11938
7818.2692,1,0.38430,0.31048,0.11532,0.38227,0.31150,0.11816
7818.3038,1,0.38455,0.30942,0.11430,0.38296,0.31088,0.11700
7818.3353,1,0.38487,0.30937,0.11372,0.38353,0.31043,0.11602
7818.3698,1,0.38385,0.30977,0.11371,0.38363,0.31023,0.11532
7818.4017,1,0.38344,0.30948,0.11352,0.38357,0.31001,0.11478
7818.4349,1,0.38234,0.30969,0.11372,0.38320,0.30991,0.11446
7818.4679,1,0.38249,0.31045,0.11362,0.38299,0.31007,0.11421
7818.4989,1,0.38110,0.31021,0.11395,0.38242,0.31011,0.11413
7818.5375,1,0.38198,0.31081,0.11392,0.38229,0.31032,0.11407
7818.5698,1,0.38553,0.31033,0.11366,0.38326,0.31032,0.11394
7818.6036,1,0.38554,0.30930,0.11413,0.38394,0.31002,0.11400
7818.6385,1,0.38457,0.30842,0.11463,0.38413,0.30954,0.11419
7818.6703,1,0.38433,0.30548,0.11434,0.38419,0.30832,0.11424
7818.7101,1,0.38533,0.30414,0.11365,0.38453,0.30706,0.11406
7818.7505,1,0.38219,0.30177,0.11382,0.38383,0.30548,0.11399
7818.7812,1,0.38242,0.30150,0.11339,0.38341,0.30428,0.11381
7818.8135,1,0.38436,0.30093,0.11321,0.38369,0.30328,0.11363
7818.8440,1,0.38322,0.30085,0.11342,0.38355,0.30255,0.11357
7818.8750,1,0.38289,0.30127,0.11377,0.38335,0.30217,0.11363
7818.9068,1,0.38465,0.29957,0.11328,0.38374,0.30139,0.11352
7818.9440,1,0.38704,0.29919,0.11276,0.38473,0.30073,0.11329
7818.9752,1,0.38549,0.29803,0.11230,0.38496,0.29992,0.11299
7819.0063,1,0.38544,0.29768,0.11189,0.38510,0.29925,0.11266
7819.0381,1,0.38436,0.29796,0.11183,0.38488,0.29886,0.11241
7819.0692,1,0.38388,0.29819,0.11178,0.38458,0.29866,0.11222
7819.1010,1,0.38578,0.29816,0.11148,0.38494,0.29851,0.11200
7819.1375,1,0.38706,0.29761,0.11128,0.38557,0.29824,0.11178
7819.1689,1,0.38705,0.29681,0.11127,0.38602,0.29781,0.11163
7819.2021,1,0.38535,0.29571,0.11150,0.38582,0.29718,0.11159
7819.2348,1,0.38499,0.29566,0.11153,0.38557,0.29673,0.11157
7819.2730,1,0.38568,0.29552,0.11152,0.38560,0.29637,0.11156
7819.3042,1,0.38552,0.29542,0.11159,0.38558,0.29608,0.11157
7819.3347,1,0.38547,0.29609,0.11158,0.38554,0.29608,0.11157
7819.3657,1,0.38571,0.29630,0.11164,0.38559,0.29615,0.11159
7819.3981,1,0.38572,0.29610,0.11162,0.38563,0.29613,0.11160
7819.4303,1,0.38597,0.29547,0.11167,0.38573,0.29594,0.11162
7819.4624,1,0.38558,0.29517,0.11184,0.38569,0.29571,0.11169
7819.4954,1,0.38617,0.29441,0.11163,0.38583,0.29532,0.11167
7819.5273,1,0.38632,0.29433,0.11184,0.38598,0.29502,0.11172
7819.5636,1,0.38521,0.29423,0.11199,0.38575,0.29478,0.11180
7819.5961,1,0.38684,0.29351,0.11182,0.38608,0.29440,0.11181
7819.6280,1,0.38630,0.29328,0.11195,0.38614,0.29406,0.11185
7819.6615,1,0.38453,0.29348,0.11232,0.38566,0.29389,0.11199
7819.6942,1,0.38390,0.29338,0.11247,0.38513,0.29374,0.11213
7819.7260,1,0.38741,0.29410,0.11184,0.38581,0.29385,0.11205
7819.7575,1,0.38545,0.29403,0.11216,0.38570,0.29390,0.11208
7819.7906,1,0.38564,0.29355,0.11201,0.38569,0.29380,0.11206
7819.8230,1,0.38511,0.29350,0.11213,0.38551,0.29371,0.11208
7819.8539,1,0.38498,0.29288,0.11213,0.38535,0.29346,0.11210
7819.8906,1,0.38382,0.29203,0.11228,0.38489,0.29303,0.11215
7819.9211,1,0.38433,0.29189,0.11214,0.38472,0.29269,0.11215
7819.9529,1,0.38351,0.29186,0.11232,0.38436,0.29244,0.11220
7819.9887,1,0.38396,0.29158,0.11223,0.38424,0.29218,0.11221
7820.0223,1,0.38275,0.29218,0.11259,0.38379,0.29218,0.11232
7820.0576,1,0.38444,0.29215,0.11249,0.38399,0.29217,0.11237
7820.0891,1,0.38399,0.29302,0.11284,0.38399,0.29243,0.11251
7820.1206,1,0.38415,0.29390,0.11310,0.38404,0.29287,0.11269
7820.1531,1,0.38467,0.29428,0.11307,0.38423,0.29329,0.11280
7820.1863,1,0.38314,0.29520,0.11339,0.38390,0.29386,0.11298
7820.2257,1,0.38210,0.29548,0.11345,0.38336,0.29435,0.11312
7820.2574,1,0.38347,0.29493,0.11303,0.38339,0.29452,0.11309
7820.2906,1,0.38436,0.29460,0.11271,0.38368,0.29454,0.11298
7820.3216,1,0.38497,0.29398,0.11252,0.38407,0.29437,0.11284
7820.3602,1,0.38573,0.29436,0.11215,0.38457,0.29437,0.11263
7820.3940,1,0.38494,0.29408,0.11227,0.38468,0.29428,0.11252
7820.4260,1,0.38565,0.29363,0.11193,0.38497,0.29409,0.11235
7820.4601,1,0.38467,0.29237,0.11211,0.38488,0.29357,0.11227
7820.4909,1,0.38497,0.29191,0.11189,0.38491,0.29307,0.11216
7820.5224,1,0.38597,0.29143,0.11174,0.38523,0.29258,0.11203
7820.5555,1,0.38394,0.29087,0.11205,0.38484,0.29207,0.11204
7820.5885,1,0.38664,0.28975,0.11156,0.38538,0.29137,0.11190
7820.6212,1,0.38534,0.28941,0.11157,0.38537,0.29078,0.11180
7820.6547,1,0.38505,0.28942,0.11159,0.38527,0.29037,0.11174
7820.6876,1,0.38232,0.28959,0.11196,0.38439,0.29014,0.11180
7820.7193,1,0.38196,0.28984,0.11208,0.38366,0.29005,0.11189
7820.7501,1,0.38402,0.28966,0.11173,0.38377,0.28993,0.11184
7820.7829,1,0.38378,0.29028,0.11211,0.38377,0.29003,0.11192
7820.8238,1,0.38472,0.29065,0.11221,0.38406,0.29022,0.11201
7820.8558,1,0.38467,0.29154,0.11238,0.38424,0.29062,0.11212
7820.8882,1,0.38481,0.29156,0.11221,0.38441,0.29090,0.11215
7820.9280,1,0.38603,0.29047,0.11193,0.38490,0.29077,0.11208
7820.9593,1,0.38523,0.29016,0.11189,0.38500,0.29059,0.11202
7820.9895,1,0.38420,0.28940,0.11203,0.38476,0.29023,0.11203
7821.0213,1,0.38512,0.28938,0.11167,0.38487,0.28998,0.11192
7821.0605,1,0.38353,0.28977,0.11193,0.38447,0.28992,0.11192
7821.0930,1,0.38388,0.28938,0.11184,0.38429,0.28976,0.11190
7821.1253,1,0.38487,0.28994,0.11158,0.38446,0.28981,0.11180
7821.1584,1,0.38486,0.29002,0.11157,0.38458,0.28987,0.11173
7821.1965,1,0.38506,0.28964,0.11163,0.38473,0.28980,0.11170
7821.2277,1,0.38479,0.29007,0.11169,0.38475,0.28988,0.11170
7821.2622,1,0.38485,0.29010,0.11158,0.38478,0.28995,0.11166
7821.2968,1,0.38413,0.29006,0.11164,0.38458,0.28998,0.11165
7821.3292,1,0.38514,0.29022,0.11131,0.38475,0.29005,0.11155
7821.3616,1,0.38540,0.29030,0.11110,0.38495,0.29013,0.11142
7821.3941,1,0.38374,0.29035,0.11147,0.38459,0.29019,0.11143
7821.4311,1,0.38351,0.29021,0.11152,0.38426,0.29020,0.11146
7821.4677,1,0.38325,0.29049,0.11159,0.38396,0.29028,0.11150
7821.4996,1,0.38484,0.29038,0.11129,0.38422,0.29031,0.11144
7821.5365,1,0.38459,0.29000,0.11139,0.38433,0.29022,0.11142
7821.5709,1,0.38612,0.28961,0.11104,0.38487,0.29004,0.11131
7821.6080,1,0.38465,0.29032,0.11138,0.38480,0.29012,0.11133
7821.6401,1,0.38381,0.28979,0.11135,0.38451,0.29002,0.11134
7821.6719,1,0.38411,0.28970,0.11125,0.38439,0.28993,0.11131
7821.7051,1,0.38302,0.28956,0.11114,0.38398,0.28982,0.11126
7821.7369,1,0.38425,0.28995,0.11087,0.38406,0.28986,0.11114
7821.7702,1,0.38556,0.28902,0.11039,0.38451,0.28961,0.11092
7821.8030,1,0.38547,0.28887,0.11025,0.38480,0.28938,0.11072
7821.8349,1,0.38531,0.28889,0.11019,0.38495,0.28924,0.11056
7821.8657,1,0.38425,0.28874,0.11053,0.38474,0.28909,0.11055
7821.8999,1,0.38420,0.28870,0.11057,0.38458,0.28897,0.11056
7821.9364,1,0.38352,0.28831,0.11086,0.38426,0.28877,0.11065
7821.9753,1,0.38326,0.28825,0.11093,0.38396,0.28862,0.11073
7822.0077,1,0.38338,0.28848,0.11111,0.38379,0.28858,0.11084
7822.0426,1,0.38446,0.28805,0.11099,0.38399,0.28842,0.11089
7822.0791,1,0.38440,0.28826,0.11092,0.38411,0.28837,0.11090
7822.1113,1,0.38353,0.28854,0.11105,0.38394,0.28842,0.11094
7822.1439,1,0.38454,0.28809,0.11082,0.38412,0.28832,0.11091
7822.1870,1,0.38501,0.28683,0.11054,0.38439,0.28787,0.11080
7822.2225,1,0.38596,0.28687,0.11025,0.38486,0.28757,0.11063
7822.2612,1,0.38583,0.28571,0.10997,0.38515,0.28701,0.11043
7822.2940,1,0.38577,0.28520,0.10969,0.38534,0.28647,0.11021
7822.3317,1,0.38492,0.28491,0.10959,0.38521,0.28600,0.11003
7822.3636,1,0.38533,0.28521,0.10939,0.38525,0.28576,0.10984
7822.3995,1,0.38597,0.28525,0.10922,0.38546,0.28561,0.10965
7822.4325,1,0.38725,0.28511,0.10898,0.38600,0.28546,0.10945
7822.4716,1,0.38759,0.28470,0.10875,0.38648,0.28523,0.10924
7822.5024,1,0.38541,0.28400,0.10905,0.38616,0.28486,0.10918
7822.5331,1,0.38656,0.28255,0.10877,0.38628,0.28417,0.10906
7822.5663,1,0.38563,0.28222,0.10888,0.38608,0.28358,0.10901
7822.5984,1,0.38601,0.28202,0.10882,0.38606,0.28312,0.10895
7822.6343,1,0.38507,0.28180,0.10908,0.38576,0.28272,0.10899
7822.6704,1,0.38603,0.28131,0.10880,0.38584,0.28230,0.10893
7822.7039,1,0.38354,0.28108,0.10923,0.38515,0.28193,0.10902
7822.7357,1,0.38716,0.28085,0.10838,0.38575,0.28161,0.10883
7822.7779,1,0.38701,0.28176,0.10847,0.38613,0.28165,0.10872
7822.8098,1,0.38650,0.28170,0.10855,0.38624,0.28167,0.10867
7822.8411,1,0.38529,0.28206,0.10894,0.38596,0.28179,0.10875
7822.8746,1,0.38503,0.28167,0.10896,0.38568,0.28175,0.10881
7822.9060,1,0.38628,0.28229,0.10885,0.38586,0.28191,0.10882
7822.9381,1,0.38420,0.28234,0.10957,0.38536,0.28204,0.10905
7822.9699,1,0.38556,0.28150,0.10950,0.38542,0.28188,0.10918
7823.0019,1,0.38256,0.28214,0.11007,0.38456,0.28196,0.10945
7823.0379,1,0.38289,0.28254,0.11010,0.38406,0.28213,0.10964
7823.0712,1,0.38411,0.28274,0.10993,0.38408,0.28231,0.10973
7823.1037,1,0.38353,0.28366,0.11016,0.38391,0.28272,0.10986
7823.1360,1,0.38298,0.28420,0.11025,0.38363,0.28316,0.10997
7823.1668,1,0.38456,0.28388,0.11015,0.38391,0.28338,0.11003
7823.1995,1,0.38426,0.28408,0.11007,0.38401,0.28359,0.11004
7823.2350,1,0.38501,0.28358,0.11007,0.38431,0.28358,0.11005
7823.2665,1,0.38411,0.28393,0.11018,0.38425,0.28369,0.11009
7823.3026,1,0.38474,0.28325,0.11022,0.38440,0.28356,0.11013
7823.3353,1,0.38433,0.28297,0.11032,0.38438,0.28338,0.11019
7823.3684,1,0.38165,0.28316,0.11092,0.38356,0.28332,0.11041
7823.4008,1,0.38385,0.28303,0.11063,0.38365,0.28323,0.11047
7823.4341,1,0.38395,0.28311,0.11065,0.38374,0.28319,0.11053
7823.4650,1,0.38297,0.28358,0.11102,0.38351,0.28331,0.11067
7823.4992,1,0.38337,0.28316,0.11105,0.38347,0.28326,0.11079
7823.5373,1,0.38284,0.28339,0.11117,0.38328,0.28330,0.11090
7823.5698,1,0.38258,0.28385,0.11115,0.38307,0.28347,0.11098
7823.6008,1,0.38438,0.28466,0.11070,0.38346,0.28382,0.11089
7823.6344,1,0.38475,0.28443,0.11068,0.38385,0.28401,0.11083
7823.6658,1,0.38450,0.28467,0.11079,0.38404,0.28421,0.11082
7823.6991,1,0.38534,0.28455,0.11056,0.38443,0.28431,0.11074
7823.7408,1,0.38459,0.28407,0.11071,0.38448,0.28424,0.11073
7823.7727,1,0.38528,0.28237,0.11051,0.38472,0.28368,0.11066
7823.8038,1,0.38260,0.28193,0.11113,0.38408,0.28315,0.11080
7823.8355,1,0.38372,0.27998,0.11087,0.38397,0.28220,0.11082
7823.8682,1,0.38225,0.27802,0.11145,0.38346,0.28095,0.11101
7823.8989,1,0.38387,0.27667,0.11103,0.38358,0.27967,0.11102
7823.9321,1,0.38235,0.27480,0.11145,0.38321,0.27821,0.11115
7823.9674,1,0.37824,0.27078,0.11227,0.38172,0.27598,0.11148
7824.0111,1,0.37921,0.26577,0.11227,0.38097,0.27292,0.11172
7824.0423,1,0.37616,0.26019,0.11313,0.37953,0.26910,0.11214
7824.0745,1,0.37745,0.25497,0.11538,0.37890,0.26486,0.11311
7824.1061,1,0.37733,0.25071,0.11936,0.37843,0.26061,0.11499
7824.1375,1,0.37722,0.24520,0.12578,0.37807,0.25599,0.11822
7824.1729,1,0.37449,0.23614,0.13450,0.37700,0.25003,0.12311
7824.2044,1,0.37049,0.22787,0.14518,0.37504,0.24339,0.12973
7824.2355,1,0.37531,0.21867,0.15522,0.37512,0.23597,0.13738
7824.2672,1,0.38106,0.21010,0.16468,0.37691,0.22821,0.14557
7824.3004,1,0.38242,0.20318,0.17485,0.37856,0.22070,0.15435
7824.3336,1,0.38742,0.19723,0.18409,0.38122,0.21366,0.16327
7824.3674,1,0.38116,0.19485,0.19455,0.38120,0.20802,0.17266
7824.4003,1,0.38345,0.19109,0.20188,0.38187,0.20294,0.18142
7824.4343,1,0.38326,0.18877,0.21042,0.38229,0.19869,0.19012
7824.4661,1,0.38673,0.18668,0.21682,0.38362,0.19508,0.19813
7824.5029,1,0.38434,0.18671,0.22258,0.38384,0.19257,0.20547
7824.5346,1,0.38285,0.18454,0.22736,0.38354,0.19016,0.21204
7824.5666,1,0.38259,0.18272,0.23082,0.38326,0.18793,0.21767
7824.6010,1,0.38568,0.18173,0.23296,0.38398,0.18607,0.22226
7824.6329,1,0.38553,0.18155,0.23469,0.38445,0.18471,0.22599
7824.6727,1,0.38468,0.18151,0.23587,0.38452,0.18375,0.22895
7824.7052,1,0.38907,0.18017,0.23543,0.38588,0.18268,0.23090
7824.7367,1,0.39003,0.17944,0.23466,0.38713,0.18171,0.23203
7824.7698,1,0.39184,0.17997,0.23320,0.38854,0.18118,0.23238
7824.8030,1,0.39237,0.18033,0.23192,0.38969,0.18093,0.23224
7824.8342,1,0.39131,0.18025,0.23124,0.39017,0.18072,0.23194
7824.8667,1,0.38933,0.17939,0.23099,0.38992,0.18032,0.23165
7824.9007,1,0.38877,0.17567,0.23038,0.38958,0.17893,0.23127
7824.9332,1,0.38545,0.17039,0.23053,0.38834,0.17636,0.23105
7824.9695,1,0.38263,0.16449,0.23122,0.38663,0.17280,0.23110
7825.0124,1,0.38193,0.15819,0.23121,0.38522,0.16842,0.23113
7825.0443,1,0.38694,0.15325,0.23026,0.38574,0.16387,0.23087
7825.0758,1,0.38580,0.14740,0.22995,0.38575,0.15893,0.23059
7825.1120,1,0.38516,0.14425,0.22959,0.38557,0.15452,0.23029
7825.1433,1,0.38513,0.13962,0.22822,0.38544,0.15005,0.22967
7825.1819,1,0.38898,0.13539,0.22633,0.38650,0.14565,0.22867
7825.2148,1,0.39139,0.12974,0.22446,0.38797,0.14088,0.22741
7825.2508,1,0.39139,0.12448,0.22349,0.38899,0.13596,0.22623
7825.2832,1,0.39736,0.11960,0.22174,0.39150,0.13105,0.22489
7825.3159,1,0.39472,0.11447,0.22080,0.39247,0.12608,0.22366
7825.3564,1,0.39660,0.10932,0.22008,0.39371,0.12105,0.22259
7825.3876,1,0.40000,0.10360,0.21845,0.39560,0.11582,0.22134
7825.4183,1,0.39907,0.09696,0.21702,0.39664,0.11016,0.22005
7825.4494,1,0.40000,0.09007,0.21540,0.39765,0.10413,0.21865
7825.4890,1,0.40000,0.08311,0.21349,0.39835,0.09783,0.21710
7825.5256,1,0.40000,0.07611,0.21145,0.39885,0.09131,0.21541
7825.5576,1,0.40000,0.06883,0.21062,0.39919,0.08457,0.21397
7825.5897,1,0.40000,0.06051,0.20785,0.39944,0.07735,0.21213
7825.6227,1,0.40000,0.05398,0.20863,0.39960,0.07034,0.21108
7825.6559,1,0.40000,0.04570,0.20901,0.39972,0.06295,0.21046
7825.6877,1,0.40000,0.03783,0.20975,0.39981,0.05541,0.21025
7825.7212,1,0.40000,0.02975,0.20971,0.39986,0.04771,0.21009
7825.7539,1,0.40000,0.02292,0.20950,0.39991,0.04027,0.20991
7825.7853,1,0.40000,0.01684,0.21004,0.39993,0.03324,0.20995
7825.8170,1,0.40000,0.01049,0.21017,0.39995,0.02642,0.21001
7825.8492,1,0.40000,0.00448,0.20960,0.39997,0.01984,0.20989
7825.8819,1,0.40000,-0.00180,0.20855,0.39998,0.01335,0.20949
7825.9198,1,0.40000,-0.00909,0.20740,0.39998,0.00662,0.20886
7825.9602,1,0.40000,-0.01517,0.20680,0.39999,0.00008,0.20824
7825.9927,1,0.40000,-0.02136,0.20525,0.39999,-0.00635,0.20735
7826.0277,1,0.40000,-0.02703,0.20456,0.39999,-0.01256,0.20651
7826.0595,1,0.40000,-0.03554,0.20379,0.40000,-0.01945,0.20569
7826.0915,1,0.40000,-0.04059,0.20317,0.40000,-0.02579,0.20494
7826.1231,1,0.40000,-0.04838,0.20072,0.40000,-0.03257,0.20367
7826.1573,1,0.40000,-0.05500,0.19988,0.40000,-0.03930,0.20253
7826.1918,1,0.40000,-0.05730,0.19973,0.40000,-0.04470,0.20169
7826.2312,1,0.40000,-0.06078,0.19904,0.40000,-0.04952,0.20090
7826.2628,1,0.40000,-0.06471,0.20032,0.40000,-0.05408,0.20072
7826.2942,1,0.40000,-0.06812,0.20048,0.40000,-0.05829,0.20065
7826.3257,1,0.40000,-0.07348,0.20159,0.40000,-0.06285,0.20093
7826.3576,1,0.40000,-0.08042,0.20212,0.40000,-0.06812,0.20129
7826.3890,1,0.40000,-0.08604,0.20269,0.40000,-0.07350,0.20171
7826.4209,1,0.40000,-0.08993,0.20301,0.40000,-0.07843,0.20210
7826.4533,1,0.40000,-0.09273,0.20503,0.40000,-0.08272,0.20298
7826.4845,1,0.40000,-0.09714,0.20652,0.40000,-0.08704,0.20404
7826.5179,1,0.40000,-0.10133,0.20705,0.40000,-0.09133,0.20495
7826.5505,1,0.40000,-0.10630,0.20839,0.40000,-0.09582,0.20598
7826.5828,1,0.40000,-0.11025,0.20814,0.40000,-0.10015,0.20663
7826.6164,1,0.40000,-0.11273,0.20860,0.40000,-0.10392,0.20722
7826.6501,1,0.40000,-0.11476,0.20786,0.40000,-0.10718,0.20741
7826.6828,1,0.40000,-0.11802,0.20849,0.40000,-0.11043,0.20773
7826.7165,1,0.40000,-0.12147,0.20875,0.40000,-0.11374,0.20804
7826.7494,1,0.40000,-0.12564,0.20845,0.40000,-0.11731,0.20816
7826.7831,1,0.40000,-0.13080,0.20845,0.40000,-0.12136,0.20825
7826.8175,1,0.40000,-0.13735,0.20841,0.40000,-0.12616,0.20829
7826.8507,1,0.40000,-0.14507,0.20707,0.40000,-0.13183,0.20793
7826.8828,1,0.40000,-0.15206,0.20625,0.40000,-0.13790,0.20742
7826.9154,1,0.40000,-0.15572,0.20597,0.40000,-0.14325,0.20699
7826.9491,1,0.40000,-0.15865,0.20562,0.40000,-0.14787,0.20658
7826.9838,1,0.40000,-0.16296,0.20550,0.40000,-0.15240,0.20625
7827.0244,1,0.40000,-0.16582,0.20553,0.40000,-0.15642,0.20604
7827.0568,1,0.40000,-0.16701,0.20563,0.40000,-0.15960,0.20591
7827.0914,1,0.40000,-0.16882,0.20556,0.40000,-0.16237,0.20581
7827.1237,1,0.40000,-0.16882,0.20491,0.40000,-0.16430,0.20554
7827.1552,1,0.40000,-0.16834,0.20390,0.40000,-0.16551,0.20505
7827.1896,1,0.40000,-0.16875,0.20242,0.40000,-0.16649,0.20426
7827.2227,1,0.40000,-0.16824,0.20050,0.40000,-0.16701,0.20313
7827.2547,1,0.40000,-0.17049,0.19868,0.40000,-0.16806,0.20180
7827.2876,1,0.40000,-0.16965,0.19727,0.40000,-0.16853,0.20044
7827.3203,1,0.40000,-0.16605,0.19529,0.40000,-0.16779,0.19890
7827.3533,1,0.40000,-0.16232,0.19377,0.40000,-0.16615,0.19736
7827.3856,1,0.40000,-0.16190,0.19358,0.40000,-0.16487,0.19622
7827.4206,1,0.40000,-0.16049,0.19380,0.40000,-0.16356,0.19550
7827.4533,1,0.40000,-0.16026,0.19409,0.40000,-0.16257,0.19507
7827.4914,1,0.40000,-0.15914,0.19380,0.40000,-0.16154,0.19469
7827.5237,1,0.40000,-0.15803,0.19372,0.40000,-0.16049,0.19440
7827.5560,1,0.40000,-0.15691,0.19323,0.40000,-0.15941,0.19405
7827.5871,1,0.40000,-0.15466,0.19246,0.40000,-0.15799,0.19357
7827.6249,1,0.40000,-0.15284,0.19197,0.40000,-0.15644,0.19309
7827.6567,1,0.40000,-0.15078,0.19103,0.40000,-0.15475,0.19247
7827.6872,1,0.40000,-0.14796,0.19034,0.40000,-0.15271,0.19183
7827.7202,1,0.40000,-0.14725,0.18915,0.40000,-0.15107,0.19103
7827.7528,1,0.40000,-0.14385,0.18813,0.40000,-0.14891,0.19016
7827.7883,1,0.40000,-0.14252,0.18805,0.40000,-0.14699,0.18953
7827.8210,1,0.40000,-0.13893,0.18774,0.40000,-0.14457,0.18899
7827.8538,1,0.40000,-0.13498,0.18736,0.40000,-0.14170,0.18850
7827.8924,1,0.40000,-0.13076,0.18781,0.40000,-0.13841,0.18829
7827.9250,1,0.40000,-0.12723,0.18682,0.40000,-0.13506,0.18785
7827.9579,1,0.40000,-0.12316,0.18590,0.40000,-0.13149,0.18727
7827.9921,1,0.40000,-0.11657,0.18507,0.40000,-0.12701,0.18661
7828.0286,1,0.40000,-0.11241,0.18521,0.40000,-0.12263,0.18619
7828.0615,1,0.40000,-0.10889,0.18552,0.40000,-0.11851,0.18599
7828.0939,1,0.40000,-0.09907,0.18366,0.40000,-0.11268,0.18529
7828.1258,1,0.40000,-0.09584,0.18264,0.40000,-0.10763,0.18449
7828.1587,1,0.40000,-0.09047,0.18210,0.40000,-0.10248,0.18378
7828.1909,1,0.40000,-0.08617,0.18104,0.40000,-0.09759,0.18296
7828.2245,1,0.40000,-0.08225,0.17992,0.40000,-0.09299,0.18204
7828.2563,1,0.40000,-0.07450,0.17991,0.40000,-0.08744,0.18141
7828.2945,1,0.40000,-0.06684,0.17862,0.40000,-0.08126,0.18057
7828.3263,1,0.40000,-0.06136,0.17848,0.40000,-0.07529,0.17994
7828.3581,1,0.40000,-0.05311,0.17795,0.40000,-0.06864,0.17935
7828.3911,1,0.40000,-0.04400,0.17884,0.40000,-0.06125,0.17919
7828.4218,1,0.40000,-0.03684,0.17744,0.40000,-0.05392,0.17867
7828.4537,1,0.40000,-0.02738,0.17717,0.40000,-0.04596,0.17822
7828.4865,1,0.40000,-0.01993,0.17831,0.40000,-0.03815,0.17825
7828.5202,1,0.40000,-0.01242,0.17746,0.40000,-0.03043,0.17801
7828.5538,1,0.40000,-0.00593,0.17750,0.40000,-0.02308,0.17786
7828.5877,1,0.40000,0.00157,0.17721,0.40000,-0.01569,0.17766
7828.6195,1,0.40000,0.00805,0.17757,0.40000,-0.00856,0.17764
7828.6514,1,0.40000,0.01672,0.17749,0.40000,-0.00098,0.17759
7828.6854,1,0.40000,0.02523,0.17723,0.40000,0.00688,0.17748
7828.7186,1,0.40000,0.03494,0.17738,0.40000,0.01530,0.17745
7828.7504,1,0.40000,0.04178,0.17937,0.40000,0.02325,0.17803
7828.7834,1,0.40000,0.04914,0.17885,0.40000,0.03101,0.17828
7828.8181,1,0.40000,0.05794,0.17838,0.40000,0.03909,0.17831
7828.8541,1,0.40000,0.06557,0.17866,0.40000,0.04703,0.17841
7828.8855,1,0.40000,0.07193,0.17853,0.40000,0.05450,0.17845
7828.9179,1,0.40000,0.08012,0.17951,0.40000,0.06219,0.17876
7828.9505,1,0.40000,0.08807,0.17998,0.40000,0.06995,0.17913
7828.9830,1,0.40000,0.09651,0.18038,0.40000,0.07792,0.17950
7829.0248,1,0.40000,0.10718,0.17992,0.40000,0.08670,0.17963
7829.0575,1,0.40000,0.11685,0.18101,0.40000,0.09574,0.18004
7829.0895,1,0.40000,0.12319,0.18001,0.40000,0.10398,0.18003
7829.1207,1,0.40000,0.13201,0.18016,0.40000,0.11239,0.18007
7829.1534,1,0.40000,0.13894,0.17991,0.40000,0.12036,0.18002
7829.1857,1,0.40000,0.14582,0.18029,0.40000,0.12799,0.18010
7829.2200,1,0.40000,0.15148,0.17982,0.40000,0.13504,0.18002
7829.2577,1,0.40000,0.15782,0.17899,0.40000,0.14187,0.17971
7829.2881,1,0.40000,0.16583,0.17904,0.40000,0.14906,0.17951
7829.3180,1,0.40000,0.17285,0.17881,0.40000,0.15620,0.17930
7829.3490,1,0.40000,0.18073,0.17842,0.40000,0.16356,0.17904
7829.3838,1,0.40000,0.18844,0.17753,0.40000,0.17102,0.17858
7829.4165,1,0.40000,0.19562,0.17768,0.40000,0.17840,0.17831
7829.4519,1,0.40000,0.20039,0.17732,0.40000,0.18500,0.17802
7829.4840,1,0.40000,0.20486,0.17727,0.40000,0.19096,0.17779
7829.5167,1,0.40000,0.20942,0.17731,0.40000,0.19650,0.17765
7829.5514,1,0.40000,0.21576,0.17628,0.40000,0.20228,0.17724
7829.5840,1,0.40000,0.22282,0.17647,0.40000,0.20844,0.17701
7829.6171,1,0.40000,0.22927,0.17721,0.40000,0.21469,0.17707
7829.6485,1,0.40000,0.23623,0.17774,0.40000,0.22115,0.17727
7829.6826,1,0.40000,0.24256,0.17833,0.40000,0.22757,0.17759
7829.7185,1,0.40000,0.24919,0.17817,0.40000,0.23406,0.17776
7829.7569,1,0.40000,0.25575,0.17739,0.40000,0.24057,0.17765
7829.7886,1,0.40000,0.26097,0.17739,0.40000,0.24669,0.17757
7829.8222,1,0.40000,0.26633,0.17670,0.40000,0.25258,0.17731
7829.8566,1,0.40000,0.27125,0.17691,0.40000,0.25818,0.17719
7829.8895,1,0.40000,0.27504,0.17638,0.40000,0.26324,0.17695
7829.9213,1,0.40000,0.28007,0.17648,0.40000,0.26829,0.17681
7829.9528,1,0.40000,0.28330,0.17632,0.40000,0.27279,0.17666
7829.9872,1,0.40000,0.28692,0.17672,0.40000,0.27703,0.17668
7830.0284,1,0.40000,0.28797,0.17652,0.40000,0.28031,0.17663
7830.0662,1,0.40000,0.28927,0.17618,0.40000,0.28300,0.17649
7830.0994,1,0.40000,0.28988,0.17611,0.40000,0.28506,0.17638
7830.1330,1,0.40000,0.29022,0.17553,0.40000,0.28661,0.17612
7830.1661,1,0.40000,0.28937,0.17512,0.40000,0.28744,0.17582
7830.1991,1,0.40000,0.28818,0.17509,0.40000,0.28766,0.17560
7830.2326,1,0.40000,0.28787,0.17487,0.40000,0.28773,0.17538
7830.2663,1,0.40000,0.28828,0.17450,0.40000,0.28789,0.17512
7830.2989,1,0.40000,0.28806,0.17455,0.40000,0.28794,0.17495
7830.3365,1,0.40000,0.28824,0.17396,0.40000,0.28803,0.17465
7830.3688,1,0.40000,0.28838,0.17363,0.40000,0.28814,0.17435
7830.4006,1,0.40000,0.28836,0.17319,0.40000,0.28820,0.17400
7830.4314,1,0.40000,0.28846,0.17330,0.40000,0.28828,0.17379
7830.4650,1,0.40000,0.28818,0.17332,0.40000,0.28825,0.17365
7830.4986,1,0.40000,0.28796,0.17310,0.40000,0.28816,0.17348
7830.5327,1,0.40000,0.28878,0.17247,0.40000,0.28835,0.17318
7830.5658,1,0.40000,0.28818,0.17210,0.40000,0.28830,0.17286
7830.5994,1,0.40000,0.28949,0.17183,0.40000,0.28866,0.17255
7830.6322,1,0.40000,0.28905,0.17111,0.40000,0.28877,0.17211
7830.6715,1,0.40000,0.28874,0.17102,0.40000,0.28876,0.17178
7830.7055,1,0.40000,0.28797,0.17052,0.40000,0.28852,0.17141
7830.7372,1,0.40000,0.28656,0.17103,0.40000,0.28793,0.17129
7830.7716,1,0.40000,0.28572,0.17079,0.40000,0.28727,0.17114
7830.8030,1,0.40000,0.28364,0.17067,0.40000,0.28618,0.17100
7830.8342,1,0.40000,0.28110,0.17059,0.40000,0.28466,0.17088
7830.8668,1,0.40000,0.27692,0.17010,0.40000,0.28234,0.17064
7830.9020,1,0.40000,0.27163,0.17051,0.40000,0.27912,0.17060
7830.9358,1,0.40000,0.26639,0.17085,0.40000,0.27530,0.17068
7830.9691,1,0.40000,0.26238,0.17071,0.40000,0.27143,0.17069
7831.0002,1,0.40000,0.25606,0.17152,0.40000,0.26682,0.17094
7831.0444,1,0.40000,0.25258,0.17204,0.40000,0.26255,0.17127
7831.0772,1,0.40000,0.24719,0.17246,0.40000,0.25794,0.17163
7831.1084,1,0.40000,0.24170,0.17197,0.40000,0.25307,0.17173
7831.1390,1,0.40000,0.23543,0.17146,0.40000,0.24778,0.17165
7831.1700,1,0.40000,0.22373,0.16965,0.40000,0.24056,0.17105
7831.2013,1,0.40000,0.22054,0.16780,0.40000,0.23455,0.17007
7831.2320,1,0.40000,0.21481,0.16900,0.40000,0.22863,0.16975
7831.2665,1,0.40000,0.21095,0.16880,0.40000,0.22333,0.16947
7831.3002,1,0.40000,0.20522,0.16998,0.40000,0.21790,0.16962
7831.3362,1,0.40000,0.19986,0.16832,0.40000,0.21248,0.16923
7831.3671,1,0.40000,0.19497,0.16761,0.40000,0.20723,0.16875
7831.3999,1,0.40000,0.18818,0.16732,0.40000,0.20151,0.16832
7831.4328,1,0.40000,0.18141,0.16643,0.40000,0.19548,0.16775
7831.4674,1,0.40000,0.17651,0.16671,0.40000,0.18979,0.16744
7831.4999,1,0.40000,0.17165,0.16692,0.40000,0.18435,0.16728
7831.5325,1,0.40000,0.16704,0.16579,0.40000,0.17916,0.16684
7831.5702,1,0.40000,0.16202,0.16639,0.40000,0.17402,0.16670
7831.6014,1,0.40000,0.15521,0.16712,0.40000,0.16837,0.16683
7831.6336,1,0.40000,0.15086,0.16564,0.40000,0.16312,0.16647
7831.6660,1,0.40000,0.14710,0.16530,0.40000,0.15831,0.16612
7831.6995,1,0.40000,0.14370,0.16335,0.40000,0.15393,0.16529
7831.7329,1,0.40000,0.14058,0.16241,0.40000,0.14992,0.16442
7831.7701,1,0.40000,0.13702,0.16097,0.40000,0.14605,0.16339
7831.8006,1,0.40000,0.13280,0.16107,0.40000,0.14208,0.16269
7831.8316,1,0.40000,0.12720,0.15995,0.40000,0.13761,0.16187
7831.8644,1,0.40000,0.12241,0.15838,0.40000,0.13305,0.16082
7831.8949,1,0.40000,0.11811,0.15722,0.40000,0.12857,0.15974
7831.9266,1,0.40000,0.11401,0.15671,0.40000,0.12420,0.15883
7831.9576,1,0.40000,0.10936,0.15721,0.40000,0.11975,0.15835
7831.9922,1,0.40000,0.10564,0.15740,0.40000,0.11552,0.15806
7832.0264,1,0.40000,0.10274,0.15774,0.40000,0.11168,0.15797
7832.0608,1,0.40000,0.09932,0.15923,0.40000,0.10797,0.15835
7832.0929,1,0.40000,0.09613,0.15955,0.40000,0.10442,0.15871
7832.1243,1,0.40000,0.09370,0.15972,0.40000,0.10121,0.15901
7832.1550,1,0.40000,0.09090,0.16100,0.40000,0.09811,0.15961
7832.1876,1,0.40000,0.08875,0.16120,0.40000,0.09530,0.16008
7832.2203,1,0.40000,0.08608,0.16091,0.40000,0.09254,0.16033
7832.2582,1,0.40000,0.08316,0.16048,0.40000,0.08972,0.16038
7832.2936,1,0.40000,0.08097,0.15979,0.40000,0.08710,0.16020
7832.3267,1,0.40000,0.07826,0.16016,0.40000,0.08445,0.16019
7832.3577,1,0.40000,0.07443,0.16050,0.40000,0.08144,0.16028
7832.3943,1,0.40000,0.07028,0.16104,0.40000,0.07809,0.16051
7832.4242,1,0.40000,0.06607,0.16080,0.40000,0.07449,0.16060
7832.4562,1,0.40000,0.06252,0.16090,0.40000,0.07090,0.16069
7832.4867,1,0.40000,0.05913,0.16112,0.40000,0.06737,0.16082
7832.5192,1,0.40000,0.05566,0.16235,0.40000,0.06386,0.16128
7832.5534,1,0.40000,0.05297,0.16226,0.40000,0.06059,0.16157
7832.5860,1,0.40000,0.05143,0.16142,0.40000,0.05784,0.16153
7832.6169,1,0.40000,0.04682,0.16101,0.40000,0.05454,0.16137
7832.6545,1,0.40000,0.04421,0.16018,0.40000,0.05144,0.16101
7832.6859,1,0.40000,0.04085,0.15872,0.40000,0.04826,0.16033
7832.7158,1,0.40000,0.03876,0.15846,0.40000,0.04541,0.15977
7832.7489,1,0.40000,0.03462,0.15719,0.40000,0.04218,0.15899
7832.7825,1,0.40000,0.03040,0.15664,0.40000,0.03864,0.15829
7832.8160,1,0.40000,0.02757,0.15587,0.40000,0.03532,0.15756
7832.8539,1,0.40000,0.02573,0.15524,0.40000,0.03244,0.15686
7832.8849,1,0.40000,0.02304,0.15573,0.40000,0.02962,0.15653
7832.9163,1,0.40000,0.01920,0.15599,0.40000,0.02650,0.15636
7832.9494,1,0.40000,0.01689,0.15553,0.40000,0.02362,0.15611
7832.9835,1,0.40000,0.01383,0.15587,0.40000,0.02068,0.15604
7833.0259,1,0.40000,0.01085,0.15549,0.40000,0.01773,0.15588
7833.0583,1,0.40000,0.00784,0.15435,0.40000,0.01476,0.15542
7833.0905,1,0.40000,0.00423,0.15397,0.40000,0.01160,0.15498
7833.1229,1,0.40000,0.00044,0.15384,0.40000,0.00825,0.15464
7833.1532,1,0.40000,-0.00559,0.15294,0.40000,0.00410,0.15413
7833.1837,1,0.40000,-0.01244,0.15192,0.40000,-0.00086,0.15347
7833.2148,1,0.40000,-0.01784,0.15138,0.40000,-0.00595,0.15284
7833.2493,1,0.40000,-0.02263,0.15025,0.40000,-0.01095,0.15206
7833.2819,1,0.40000,-0.02732,0.14986,0.40000,-0.01586,0.15140
7833.3166,1,0.40000,-0.03492,0.14968,0.40000,-0.02158,0.15089
7833.3487,1,0.40000,-0.03973,0.15026,0.40000,-0.02702,0.15070
7833.3901,1,0.40000,-0.04569,0.15029,0.40000,-0.03262,0.15058
7833.4262,1,0.40000,-0.04968,0.15069,0.40000,-0.03774,0.15061
7833.4569,1,0.40000,-0.05650,0.15087,0.40000,-0.04337,0.15069
7833.4903,1,0.40000,-0.06139,0.15193,0.40000,-0.04877,0.15106
7833.5277,1,0.40000,-0.06742,0.15169,0.40000,-0.05437,0.15125
7833.5595,1,0.40000,-0.07360,0.15086,0.40000,-0.06014,0.15113
7833.5908,1,0.40000,-0.08045,0.15080,0.40000,-0.06623,0.15103
7833.6248,1,0.40000,-0.08642,0.15110,0.40000,-0.07229,0.15106
7833.6638,1,0.40000,-0.09397,0.14995,0.40000,-0.07879,0.15072
7833.6955,1,0.40000,-0.09914,0.15027,0.40000,-0.08490,0.15059
7833.7315,1,0.40000,-0.10320,0.15038,0.40000,-0.09039,0.15053
7833.7640,1,0.40000,-0.10632,0.15075,0.40000,-0.09517,0.15059
7833.7960,1,0.40000,-0.10855,0.15155,0.40000,-0.09918,0.15088
7833.8283,1,0.40000,-0.11286,0.15205,0.40000,-0.10328,0.15123
7833.8601,1,0.40000,-0.11495,0.15194,0.40000,-0.10679,0.15145
7833.8916,1,0.40000,-0.11487,0.15297,0.40000,-0.10921,0.15190
7833.9245,1,0.40000,-0.11640,0.15306,0.40000,-0.11137,0.15225
7833.9553,1,0.40000,-0.11870,0.15324,0.40000,-0.11357,0.15255
7833.9885,1,0.40000,-0.12067,0.15350,0.40000,-0.11570,0.15283
7834.0194,1,0.40000,-0.12402,0.15322,0.40000,-0.11819,0.15295
7834.0548,1,0.40000,-0.12631,0.15235,0.40000,-0.12063,0.15277
7834.0871,1,0.40000,-0.12739,0.15191,0.40000,-0.12266,0.15251
7834.1175,1,0.40000,-0.12945,0.15169,0.40000,-0.12470,0.15226
7834.1497,1,0.40000,-0.13053,0.15298,0.40000,-0.12645,0.15248
7834.1841,1,0.40000,-0.13291,0.15416,0.40000,-0.12839,0.15298
7834.2149,1,0.40000,-0.13505,0.15456,0.40000,-0.13038,0.15346
7834.2486,1,0.40000,-0.13807,0.15532,0.40000,-0.13269,0.15401
7834.2835,1,0.40000,-0.14113,0.15681,0.40000,-0.13522,0.15485
7834.3156,1,0.40000,-0.14426,0.15729,0.40000,-0.13793,0.15558
7834.3558,1,0.40000,-0.14589,0.15731,0.40000,-0.14032,0.15610
7834.3872,1,0.40000,-0.14575,0.15730,0.40000,-0.14195,0.15646
7834.4193,1,0.40000,-0.14880,0.15791,0.40000,-0.14401,0.15690
7834.4504,1,0.40000,-0.14955,0.15803,0.40000,-0.14567,0.15724
7834.4821,1,0.40000,-0.15200,0.15788,0.40000,-0.14757,0.15743
7834.5198,1,0.40000,-0.15488,0.15796,0.40000,-0.14976,0.15759
7834.5529,1,0.40000,-0.15727,0.15762,0.40000,-0.15201,0.15760
7834.5843,1,0.40000,-0.15752,0.15758,0.40000,-0.15366,0.15759
7834.6150,1,0.40000,-0.16216,0.15637,0.40000,-0.15621,0.15723
7834.6500,1,0.40000,-0.16364,0.15624,0.40000,-0.15844,0.15693
7834.6814,1,0.40000,-0.16495,0.15609,0.40000,-0.16039,0.15668
7834.7161,1,0.40000,-0.16881,0.15606,0.40000,-0.16292,0.15649
7834.7485,1,0.40000,-0.16906,0.15573,0.40000,-0.16476,0.15626
7834.7840,1,0.40000,-0.17364,0.15657,0.40000,-0.16742,0.15635
7834.8158,1,0.40000,-0.17443,0.15661,0.40000,-0.16953,0.15643
7834.8493,1,0.40000,-0.17615,0.15697,0.40000,-0.17151,0.15659
7834.8829,1,0.40000,-0.17864,0.15724,0.40000,-0.17365,0.15679
7834.9143,1,0.40000,-0.18169,0.15722,0.40000,-0.17606,0.15692
7834.9458,1,0.40000,-0.18396,0.15618,0.40000,-0.17843,0.15670
7834.9787,1,0.40000,-0.18472,0.15585,0.40000,-0.18032,0.15644
7835.0111,1,0.40000,-0.18498,0.15514,0.40000,-0.18172,0.15605
7835.0485,1,0.40000,-0.18550,0.15488,0.40000,-0.18285,0.15570
7835.0801,1,0.40000,-0.18628,0.15420,0.40000,-0.18388,0.15525
7835.1192,1,0.40000,-0.18727,0.15377,0.40000,-0.18490,0.15481
7835.1506,1,0.40000,-0.18836,0.15318,0.40000,-0.18593,0.15432
7835.1826,1,0.40000,-0.18758,0.15285,0.40000,-0.18643,0.15388
7835.2137,1,0.40000,-0.18836,0.15275,0.40000,-0.18701,0.15354
7835.2480,1,0.40000,-0.18627,0.15307,0.40000,-0.18679,0.15340
7835.2834,1,0.40000,-0.18572,0.15330,0.40000,-0.18647,0.15337
7835.3164,1,0.40000,-0.18583,0.15364,0.40000,-0.18628,0.15345
7835.3504,1,0.40000,-0.18548,0.15418,0.40000,-0.18604,0.15367
7835.3822,1,0.40000,-0.18535,0.15459,0.40000,-0.18583,0.15395
7835.4158,1,0.40000,-0.18496,0.15525,0.40000,-0.18557,0.15434
7835.4506,1,0.40000,-0.18172,0.15615,0.40000,-0.18441,0.15488
7835.4898,1,0.40000,-0.18012,0.15635,0.40000,-0.18313,0.15532
7835.5205,1,0.40000,-0.17600,0.15590,0.40000,-0.18099,0.15550
7835.5524,1,0.40000,-0.17198,0.15565,0.40000,-0.17829,0.15554
7835.5856,1,0.40000,-0.16857,0.15514,0.40000,-0.17537,0.15542
7835.6190,1,0.40000,-0.16597,0.15554,0.40000,-0.17255,0.15546
7835.6583,1,0.40000,-0.16191,0.15587,0.40000,-0.16936,0.15558
7835.6885,1,0.40000,-0.16022,0.15627,0.40000,-0.16662,0.15579
7835.7205,1,0.40000,-0.15532,0.15683,0.40000,-0.16323,0.15610
7835.7529,1,0.40000,-0.14887,0.15645,0.40000,-0.15892,0.15621
7835.7862,1,0.40000,-0.14356,0.15550,0.40000,-0.15431,0.15600
7835.8189,1,0.40000,-0.13656,0.15515,0.40000,-0.14898,0.15574
7835.8583,1,0.40000,-0.13213,0.15451,0.40000,-0.14393,0.15537
7835.8919,1,0.40000,-0.13054,0.15357,0.40000,-0.13991,0.15483
7835.9252,1,0.40000,-0.12928,0.15346,0.40000,-0.13672,0.15442
7835.9596,1,0.40000,-0.12427,0.15210,0.40000,-0.13299,0.15372
7835.9923,1,0.40000,-0.11576,0.15151,0.40000,-0.12782,0.15306
7836.0288,1,0.40000,-0.10956,0.15252,0.40000,-0.12234,0.15290
7836.0620,1,0.40000,-0.10514,0.15241,0.40000,-0.11718,0.15275
7836.0950,1,0.40000,-0.10218,0.15233,0.40000,-0.11268,0.15263
7836.1254,1,0.40000,-0.09797,0.15266,0.40000,-0.10827,0.15264
7836.1567,1,0.40000,-0.09274,0.15203,0.40000,-0.10361,0.15246
7836.1872,1,0.40000,-0.08860,0.15341,0.40000,-0.09911,0.15274
7836.2179,1,0.40000,-0.08543,0.15310,0.40000,-0.09500,0.15285
7836.2536,1,0.40000,-0.08287,0.15339,0.40000,-0.09136,0.15301
7836.2844,1,0.40000,-0.08037,0.15396,0.40000,-0.08807,0.15330
7836.3234,1,0.40000,-0.07651,0.15377,0.40000,-0.08460,0.15344
7836.3558,1,0.40000,-0.07328,0.15450,0.40000,-0.08120,0.15376
7836.3892,1,0.40000,-0.06986,0.15424,0.40000,-0.07780,0.15390
7836.4226,1,0.40000,-0.06518,0.15513,0.40000,-0.07402,0.15427
7836.4546,1,0.40000,-0.06020,0.15591,0.40000,-0.06987,0.15476
7836.4871,1,0.40000,-0.05578,0.15654,0.40000,-0.06564,0.15530
7836.5209,1,0.40000,-0.05174,0.15692,0.40000,-0.06147,0.15578
7836.5608,1,0.40000,-0.04782,0.15899,0.40000,-0.05738,0.15675
7836.5914,1,0.40000,-0.04275,0.15961,0.40000,-0.05299,0.15761
7836.6234,1,0.40000,-0.03821,0.16058,0.40000,-0.04856,0.15850
7836.6555,1,0.40000,-0.03150,0.16089,0.40000,-0.04344,0.15921
7836.6871,1,0.40000,-0.02692,0.16115,0.40000,-0.03848,0.15979
7836.7199,1,0.40000,-0.02323,0.16006,0.40000,-0.03391,0.15987
7836.7533,1,0.40000,-0.02040,0.15983,0.40000,-0.02985,0.15986
7836.7851,1,0.40000,-0.01739,0.15832,0.40000,-0.02612,0.15940
7836.8185,1,0.40000,-0.01396,0.15775,0.40000,-0.02247,0.15890
7836.8512,1,0.40000,-0.01097,0.15618,0.40000,-0.01902,0.15809
7836.8821,1,0.40000,-0.00775,0.15543,0.40000,-0.01564,0.15729
7836.9152,1,0.40000,-0.00456,0.15606,0.40000,-0.01232,0.15692
7836.9496,1,0.40000,-0.00185,0.15601,0.40000,-0.00918,0.15665
7836.9857,1,0.40000,0.00083,0.15700,0.40000,-0.00617,0.15675
7837.0243,1,0.40000,0.00225,0.15643,0.40000,-0.00365,0.15666
7837.0568,1,0.40000,0.00319,0.15717,0.40000,-0.00160,0.15681
7837.0892,1,0.40000,0.00457,0.15671,0.40000,0.00025,0.15678
7837.1216,1,0.40000,0.00486,0.15769,0.40000,0.00163,0.15705
7837.1535,1,0.40000,0.00568,0.15747,0.40000,0.00285,0.15718
7837.1857,1,0.40000,0.00576,0.15714,0.40000,0.00372,0.15717
7837.2176,1,0.40000,0.00484,0.15768,0.40000,0.00406,0.15732
7837.2491,1,0.40000,0.00503,0.15689,0.40000,0.00435,0.15719
7837.2833,1,0.40000,0.00582,0.15742,0.40000,0.00479,0.15726
7837.3189,1,0.40000,0.00537,0.15675,0.40000,0.00497,0.15711
7837.3501,1,0.40000,0.00564,0.15666,0.40000,0.00517,0.15697
7837.3829,1,0.40000,0.00596,0.15697,0.40000,0.00541,0.15697
7837.4151,1,0.40000,0.00691,0.15713,0.40000,0.00586,0.15702
7837.4491,1,0.40000,0.00699,0.15847,0.40000,0.00620,0.15745
7837.4812,1,0.40000,0.00663,0.16022,0.40000,0.00633,0.15828
7837.5148,1,0.40000,0.00657,0.16311,0.40000,0.00640,0.15973
7837.5552,1,0.40000,0.00605,0.16589,0.40000,0.00629,0.16158
7837.5857,1,0.40000,0.00603,0.16975,0.40000,0.00622,0.16403
7837.6172,1,0.40000,0.00621,0.17337,0.40000,0.00621,0.16683
7837.6501,1,0.40000,0.00541,0.17649,0.40000,0.00597,0.16973
7837.6877,1,0.40000,0.00721,0.17917,0.40000,0.00635,0.17256
7837.7223,1,0.40000,0.00733,0.18251,0.40000,0.00664,0.17555
7837.7556,1,0.40000,0.00809,0.18556,0.40000,0.00708,0.17855
7837.7871,1,0.40000,0.00860,0.18709,0.40000,0.00753,0.18111
7837.8192,1,0.40000,0.00863,0.19087,0.40000,0.00786,0.18404
7837.8504,1,0.40000,0.00956,0.19243,0.40000,0.00837,0.18656
7837.8824,1,0.40000,0.00952,0.19503,0.40000,0.00872,0.18910
7837.9174,1,0.40000,0.00989,0.19732,0.40000,0.00907,0.19157
7837.9551,1,0.40000,0.01038,0.19944,0.40000,0.00946,0.19393
7837.9866,1,0.40000,0.01031,0.20093,0.40000,0.00972,0.19603
7838.0191,1,0.40000,0.00972,0.20244,0.40000,0.00972,0.19795
7838.0555,1,0.40000,0.00977,0.20515,0.40000,0.00973,0.20011
7838.0871,1,0.40000,0.00977,0.20715,0.40000,0.00974,0.20223
7838.1214,1,0.40000,0.00969,0.20831,0.40000,0.00973,0.20405
7838.1590,1,0.40000,0.01021,0.20958,0.40000,0.00987,0.20571
7838.1904,1,0.40000,0.01030,0.21056,0.40000,0.01000,0.20716
7838.2226,1,0.40000,0.01058,0.21227,0.40000,0.01018,0.20870
7838.2582,1,0.40000,0.01062,0.21315,0.40000,0.01031,0.21003
7838.2931,1,0.40000,0.01071,0.21423,0.40000,0.01043,0.21129
7838.3242,1,0.40000,0.01107,0.21473,0.40000,0.01062,0.21232
7838.3562,1,0.40000,0.01166,0.21545,0.40000,0.01093,0.21326
7838.3950,1,0.40000,0.01223,0.21617,0.40000,0.01132,0.21413
7838.4264,1,0.40000,0.01236,0.21584,0.40000,0.01163,0.21464
7838.4576,1,0.40000,0.01318,0.21790,0.40000,0.01210,0.21562
7838.4910,1,0.40000,0.01354,0.21812,0.40000,0.01253,0.21637
7838.5228,1,0.40000,0.01341,0.21955,0.40000,0.01280,0.21732
7838.5564,1,0.40000,0.01349,0.21951,0.40000,0.01300,0.21798
7838.5913,1,0.40000,0.01332,0.21920,0.40000,0.01310,0.21835
7838.6227,1,0.40000,0.01357,0.21913,0.40000,0.01324,0.21858
7838.6604,1,0.40000,0.01278,0.21830,0.40000,0.01310,0.21850
7838.6927,1,0.40000,0.01317,0.21688,0.40000,0.01312,0.21801
7838.7247,1,0.40000,0.01486,0.21682,0.40000,0.01364,0.21765
7838.7580,1,0.40000,0.01524,0.21500,0.40000,0.01412,0.21686
7838.7912,1,0.40000,0.01511,0.21431,0.40000,0.01442,0.21609
7838.8246,1,0.40000,0.01663,0.21340,0.40000,0.01508,0.21529
7838.8566,1,0.40000,0.01719,0.21214,0.40000,0.01572,0.21434
7838.8891,1,0.40000,0.01806,0.21133,0.40000,0.01642,0.21344
7838.9194,1,0.40000,0.01874,0.21015,0.40000,0.01712,0.21245
7838.9529,1,0.40000,0.01919,0.20842,0.40000,0.01774,0.21124
7838.9891,1,0.40000,0.01962,0.20613,0.40000,0.01830,0.20971
7839.0283,1,0.40000,0.01922,0.20402,0.40000,0.01858,0.20800
7839.0606,1,0.40000,0.01953,0.20225,0.40000,0.01886,0.20628
7839.0984,1,0.40000,0.01918,0.19845,0.40000,0.01896,0.20393
7839.1310,1,0.40000,0.01935,0.19607,0.40000,0.01908,0.20157
7839.1656,1,0.40000,0.02044,0.19237,0.40000,0.01949,0.19881
7839.1991,1,0.40000,0.02281,0.18901,0.40000,0.02048,0.19587
7839.2329,1,0.40000,0.02457,0.18474,0.40000,0.02171,0.19253
7839.2652,1,0.40000,0.02622,0.18080,0.40000,0.02306,0.18901
7839.2985,1,0.40000,0.02737,0.17698,0.40000,0.02436,0.18540
7839.3326,1,0.40000,0.02844,0.17316,0.40000,0.02558,0.18173
7839.3658,1,0.40000,0.02763,0.17090,0.40000,0.02620,0.17848
7839.4076,1,0.40000,0.02754,0.16754,0.40000,0.02660,0.17520
7839.4392,1,0.40000,0.02858,0.16449,0.40000,0.02719,0.17199
7839.4709,1,0.40000,0.02872,0.16060,0.40000,0.02765,0.16857
7839.5027,1,0.40000,0.02963,0.15782,0.40000,0.02824,0.16535
7839.5336,1,0.40000,0.03031,0.15419,0.40000,0.02886,0.16200
7839.5642,1,0.40000,0.03191,0.15091,0.40000,0.02978,0.15867
7839.5978,1,0.40000,0.03177,0.14800,0.40000,0.03037,0.15547
7839.6324,1,0.40000,0.03424,0.14538,0.40000,0.03153,0.15245
7839.6719,1,0.40000,0.03475,0.14268,0.40000,0.03250,0.14951
7839.7023,1,0.40000,0.03640,0.13991,0.40000,0.03367,0.14663
7839.7327,1,0.40000,0.03671,0.13699,0.40000,0.03458,0.14374
7839.7646,1,0.40000,0.03899,0.13428,0.40000,0.03591,0.14090
7839.7980,1,0.40000,0.03850,0.13113,0.40000,0.03668,0.13797
7839.8344,1,0.40000,0.04124,0.12737,0.40000,0.03805,0.13479
7839.8683,1,0.40000,0.04108,0.12417,0.40000,0.03896,0.13160
7839.9005,1,0.40000,0.04247,0.12131,0.40000,0.04001,0.12852
7839.9322,1,0.40000,0.04439,0.11966,0.40000,0.04132,0.12586
7839.9655,1,0.40000,0.04522,0.11866,0.40000,0.04249,0.12370
7839.9982,1,0.40000,0.04583,0.11640,0.40000,0.04349,0.12151
7840.0400,1,0.40000,0.04584,0.11554,0.40000,0.04420,0.11972
7840.0703,1,0.40000,0.04589,0.11395,0.40000,0.04471,0.11799
7840.1020,1,0.40000,0.04728,0.11253,0.40000,0.04548,0.11635
7840.1354,1,0.40000,0.04726,0.11127,0.40000,0.04601,0.11483
7840.1692,1,0.40000,0.04874,0.11003,0.40000,0.04683,0.11339
7840.2021,1,0.40000,0.04945,0.10887,0.40000,0.04762,0.11203
7840.2335,1,0.40000,0.04885,0.10820,0.40000,0.04799,0.11088
7840.2644,1,0.40000,0.05021,0.10728,0.40000,0.04865,0.10980
7840.3020,1,0.40000,0.05086,0.10701,0.40000,0.04932,0.10897
7840.3333,1,0.40000,0.05215,0.10654,0.40000,0.05017,0.10824
7840.3659,1,0.40000,0.05236,0.10620,0.40000,0.05083,0.10763
7840.4004,1,0.40000,0.05349,0.10560,0.40000,0.05163,0.10702
7840.4351,1,0.40000,0.05421,0.10531,0.40000,0.05240,0.10651
7840.4659,1,0.40000,0.05474,0.10408,0.40000,0.05310,0.10578
7840.5000,1,0.40000,0.05528,0.10384,0.40000,0.05376,0.10520
7840.5353,1,0.40000,0.05590,0.10376,0.40000,0.05440,0.10477
7840.5663,1,0.40000,0.05505,0.10342,0.40000,0.05459,0.10436
7840.5987,1,0.40000,0.05609,0.10326,0.40000,0.05504,0.10403
7840.6360,1,0.40000,0.05572,0.10337,0.40000,0.05525,0.10383
7840.6703,1,0.40000,0.05576,0.10336,0.40000,0.05540,0.10369
7840.7042,1,0.40000,0.05675,0.10303,0.40000,0.05580,0.10349
7840.7378,1,0.40000,0.05710,0.10256,0.40000,0.05619,0.10321
7840.7708,1,0.40000,0.05723,0.10281,0.40000,0.05650,0.10309
7840.8026,1,0.40000,0.05679,0.10295,0.40000,0.05659,0.10305
7840.8359,1,0.40000,0.05655,0.10314,0.40000,0.05658,0.10308
7840.8691,1,0.40000,0.05671,0.10415,0.40000,0.05662,0.10340
7840.9017,1,0.40000,0.05736,0.10438,0.40000,0.05684,0.10369
7840.9356,1,0.40000,0.05936,0.10464,0.40000,0.05760,0.10398
7840.9676,1,0.40000,0.05980,0.10467,0.40000,0.05826,0.10418
7841.0020,1,0.40000,0.05851,0.10521,0.40000,0.05833,0.10449
7841.0430,1,0.40000,0.05832,0.10540,0.40000,0.05833,0.10476
7841.0741,1,0.40000,0.05878,0.10494,0.40000,0.05846,0.10482
7841.1051,1,0.40000,0.05903,0.10438,0.40000,0.05863,0.10469
7841.1356,1,0.40000,0.05773,0.10388,0.40000,0.05836,0.10444
7841.1756,1,0.40000,0.05743,0.10401,0.40000,0.05808,0.10431
7841.2122,1,0.40000,0.05724,0.10413,0.40000,0.05783,0.10426
7841.2462,1,0.40000,0.05801,0.10433,0.40000,0.05789,0.10428
7841.2824,1,0.40000,0.05925,0.10556,0.40000,0.05830,0.10466
7841.3150,1,0.40000,0.06071,0.10649,0.40000,0.05902,0.10521
7841.3476,1,0.40000,0.06101,0.10804,0.40000,0.05962,0.10606
7841.3812,1,0.40000,0.06108,0.11064,0.40000,0.06006,0.10743
7841.4209,1,0.40000,0.06185,0.11295,0.40000,0.06059,0.10909
7841.4534,1,0.40000,0.06258,0.11551,0.40000,0.06119,0.11101
7841.4870,1,0.40000,0.06290,0.11833,0.40000,0.06170,0.11321
7841.5175,1,0.40000,0.06273,0.12144,0.40000,0.06201,0.11568
7841.5485,1,0.40000,0.06277,0.12358,0.40000,0.06224,0.11805
7841.5825,1,0.40000,0.06223,0.12587,0.40000,0.06224,0.12039
7841.6162,1,0.40000,0.06276,0.12684,0.40000,0.06239,0.12233
7841.6486,1,0.40000,0.06212,0.12843,0.40000,0.06231,0.12416
7841.6830,1,0.40000,0.06213,0.13004,0.40000,0.06226,0.12592
7841.7170,1,0.40000,0.06257,0.13152,0.40000,0.06235,0.12760
7841.7585,1,0.40000,0.06300,0.13375,0.40000,0.06254,0.12945
7841.7902,1,0.40000,0.06186,0.13544,0.40000,0.06234,0.13124
7841.8242,1,0.40000,0.06216,0.13766,0.40000,0.06229,0.13317
7841.8571,1,0.40000,0.06325,0.13974,0.40000,0.06257,0.13514
7841.8877,1,0.40000,0.06361,0.14224,0.40000,0.06288,0.13727
7841.9203,1,0.40000,0.06478,0.14519,0.40000,0.06345,0.13964
7841.9520,1,0.40000,0.06562,0.14759,0.40000,0.06410,0.14203
7841.9825,1,0.40000,0.06655,0.15019,0.40000,0.06484,0.14448
7842.0165,1,0.40000,0.06697,0.15378,0.40000,0.06548,0.14727
7842.0564,1,0.40000,0.06734,0.15602,0.40000,0.06604,0.14989
7842.0897,1,0.40000,0.06603,0.15994,0.40000,0.06603,0.15291
7842.1204,1,0.40000,0.06476,0.16233,0.40000,0.06565,0.15573
7842.1520,1,0.40000,0.06370,0.16532,0.40000,0.06507,0.15861
7842.1836,1,0.40000,0.06335,0.16793,0.40000,0.06455,0.16140
7842.2162,1,0.40000,0.06277,0.17144,0.40000,0.06402,0.16441
7842.2575,1,0.40000,0.06179,0.17322,0.40000,0.06335,0.16706
7842.2882,1,0.40000,0.06101,0.17594,0.40000,0.06265,0.16972
7842.3203,1,0.40000,0.06126,0.17782,0.40000,0.06223,0.17215
7842.3524,1,0.40000,0.06025,0.17991,0.40000,0.06164,0.17448
7842.3825,1,0.40000,0.05886,0.18194,0.40000,0.06081,0.17672
7842.4167,1,0.40000,0.06015,0.18358,0.40000,0.06061,0.17878
7842.4493,1,0.40000,0.06006,0.18514,0.40000,0.06044,0.18069
7842.4814,1,0.40000,0.06073,0.18753,0.40000,0.06053,0.18274
7842.5296,1,0.40000,0.06193,0.18973,0.40000,0.06095,0.18484
7842.5607,1,0.40000,0.06051,0.19138,0.40000,0.06082,0.18680
7842.5958,1,0.40000,0.06101,0.19327,0.40000,0.06088,0.18874
7842.6265,1,0.40000,0.06121,0.19466,0.40000,0.06098,0.19052
7842.6574,1,0.40000,0.06079,0.19634,0.40000,0.06092,0.19227
7842.6901,1,0.40000,0.06179,0.19866,0.40000,0.06118,0.19418
7842.7222,1,0.40000,0.06115,0.19955,0.40000,0.06117,0.19579
7842.7542,1,0.40000,0.05935,0.20163,0.40000,0.06063,0.19754
7842.7847,1,0.40000,0.05927,0.20346,0.40000,0.06022,0.19932
7842.8164,1,0.40000,0.05831,0.20530,0.40000,0.05965,0.20111
7842.8501,1,0.40000,0.05736,0.20789,0.40000,0.05896,0.20315
7842.8833,1,0.40000,0.05686,0.20935,0.40000,0.05833,0.20501
7842.9150,1,0.40000,0.05543,0.21073,0.40000,0.05746,0.20672
7842.9489,1,0.40000,0.05493,0.21326,0.40000,0.05670,0.20869
7842.9864,1,0.40000,0.05505,0.21531,0.40000,0.05621,0.21067
7843.0216,1,0.40000,0.05505,0.21659,0.40000,0.05586,0.21245
7843.0621,1,0.40000,0.05536,0.21871,0.40000,0.05571,0.21433
7843.0977,1,0.40000,0.05484,0.22111,0.40000,0.05545,0.21636
7843.1311,1,0.40000,0.05587,0.22410,0.40000,0.05557,0.21868
7843.1640,1,0.40000,0.05568,0.22514,0.40000,0.05561,0.22062
7843.1969,1,0.40000,0.05670,0.22788,0.40000,0.05593,0.22280
7843.2320,1,0.40000,0.05729,0.22833,0.40000,0.05634,0.22446
7843.2696,1,0.40000,0.05764,0.22969,0.40000,0.05673,0.22603
7843.3077,1,0.40000,0.05897,0.23062,0.40000,0.05740,0.22741
7843.3392,1,0.40000,0.05911,0.23090,0.40000,0.05792,0.22846
7843.3728,1,0.40000,0.05887,0.23182,0.40000,0.05820,0.22946
7843.4052,1,0.40000,0.05962,0.23290,0.40000,0.05863,0.23049
7843.4375,1,0.40000,0.05982,0.23607,0.40000,0.05899,0.23217
7843.4692,1,0.40000,0.06172,0.23660,0.40000,0.05981,0.23350
7843.5014,1,0.40000,0.06198,0.23846,0.40000,0.06046,0.23499
7843.5345,1,0.40000,0.06200,0.23973,0.40000,0.06092,0.23641
7843.5679,1,0.40000,0.06234,0.24044,0.40000,0.06135,0.23762
7843.5999,1,0.40000,0.06317,0.24170,0.40000,0.06189,0.23884
7843.6350,1,0.40000,0.06275,0.24272,0.40000,0.06215,0.24001
7843.6673,1,0.40000,0.06318,0.24230,0.40000,0.06246,0.24069
7843.6994,1,0.40000,0.06324,0.24230,0.40000,0.06269,0.24118
7843.7356,1,0.40000,0.06297,0.24211,0.40000,0.06278,0.24146
7843.7682,1,0.40000,0.06297,0.24228,0.40000,0.06283,0.24170
7843.7994,1,0.40000,0.06245,0.24244,0.40000,0.06272,0.24192
7843.8331,1,0.40000,0.06270,0.24257,0.40000,0.06271,0.24212
7843.8657,1,0.40000,0.06244,0.24221,0.40000,0.06263,0.24214
7843.8984,1,0.40000,0.06317,0.24252,0.40000,0.06279,0.24226
7843.9321,1,0.40000,0.06280,0.24277,0.40000,0.06279,0.24241
7843.9645,1,0.40000,0.06295,0.24277,0.40000,0.06284,0.24252
7844.0043,1,0.40000,0.06316,0.24237,0.40000,0.06294,0.24247
7844.0360,1,0.40000,0.06349,0.24095,0.40000,0.06310,0.24202
7844.0713,1,0.40000,0.06442,0.23930,0.40000,0.06350,0.24120
7844.1033,1,0.40000,0.06406,0.23754,0.40000,0.06367,0.24010
7844.1344,1,0.40000,0.06414,0.23511,0.40000,0.06381,0.23860
7844.1668,1,0.40000,0.06358,0.23164,0.40000,0.06374,0.23651
7844.1994,1,0.40000,0.06269,0.22979,0.40000,0.06343,0.23450
7844.2330,1,0.40000,0.06466,0.22770,0.40000,0.06380,0.23246
7844.2715,1,0.40000,0.06491,0.22506,0.40000,0.06413,0.23024
7844.3045,1,0.40000,0.06647,0.22177,0.40000,0.06483,0.22770
7844.3372,1,0.40000,0.06667,0.21924,0.40000,0.06539,0.22516
7844.3687,1,0.40000,0.06754,0.21657,0.40000,0.06603,0.22258
7844.4016,1,0.40000,0.06800,0.21388,0.40000,0.06662,0.21997
7844.4357,1,0.40000,0.06934,0.21113,0.40000,0.06744,0.21732
7844.4666,1,0.40000,0.07171,0.20689,0.40000,0.06872,0.21419
7844.4999,1,0.40000,0.07120,0.20376,0.40000,0.06946,0.21106
7844.5385,1,0.40000,0.07318,0.19985,0.40000,0.07058,0.20770
7844.5705,1,0.40000,0.07305,0.19731,0.40000,0.07132,0.20458
7844.6024,1,0.40000,0.07420,0.19396,0.40000,0.07218,0.20139
7844.6341,1,0.40000,0.07425,0.19072,0.40000,0.07280,0.19819
7844.6651,1,0.40000,0.07408,0.18746,0.40000,0.07319,0.19497
7844.6984,1,0.40000,0.07589,0.18547,0.40000,0.07400,0.19212
7844.7319,1,0.40000,0.07595,0.18344,0.40000,0.07458,0.18952
7844.7650,1,0.40000,0.07587,0.18110,0.40000,0.07497,0.18699
7844.8006,1,0.40000,0.07701,0.17894,0.40000,0.07558,0.18458
7844.8334,1,0.40000,0.07808,0.17671,0.40000,0.07633,0.18222
7844.8641,1,0.40000,0.07987,0.17437,0.40000,0.07739,0.17986
7844.8993,1,0.40000,0.08123,0.17215,0.40000,0.07854,0.17755
7844.9317,1,0.40000,0.08167,0.16964,0.40000,0.07948,0.17518
7844.9646,1,0.40000,0.08435,0.16804,0.40000,0.08094,0.17304
7845.0024,1,0.40000,0.08581,0.16571,0.40000,0.08240,0.17084
7845.0337,1,0.40000,0.08714,0.16266,0.40000,0.08382,0.16839
7845.0763,1,0.40000,0.08785,0.16022,0.40000,0.08503,0.16593
7845.1081,1,0.40000,0.08862,0.15770,0.40000,0.08611,0.16346
7845.1389,1,0.40000,0.08804,0.15595,0.40000,0.08669,0.16121
7845.1696,1,0.40000,0.09000,0.15355,0.40000,0.08768,0.15891
7845.2004,1,0.40000,0.09215,0.15111,0.40000,0.08902,0.15657
7845.2316,1,0.40000,0.09227,0.14724,0.40000,0.09000,0.15378
7845.2642,1,0.40000,0.09351,0.14504,0.40000,0.09105,0.15115
7845.3030,1,0.40000,0.09498,0.14286,0.40000,0.09223,0.14867
7845.3339,1,0.40000,0.09475,0.14093,0.40000,0.09299,0.14635
7845.3703,1,0.40000,0.09523,0.13874,0.40000,0.09366,0.14406
7845.4051,1,0.40000,0.09662,0.13677,0.40000,0.09455,0.14187
7845.4375,1,0.40000,0.09822,0.13472,0.40000,0.09565,0.13973
7845.4694,1,0.40000,0.09921,0.13268,0.40000,0.09672,0.13761
7845.5116,1,0.40000,0.10011,0.12997,0.40000,0.09774,0.13532
7845.5433,1,0.40000,0.10000,0.12781,0.40000,0.09842,0.13307
7845.5759,1,0.40000,0.09911,0.12552,0.40000,0.09862,0.13080
7845.6071,1,0.40000,0.09961,0.12418,0.40000,0.09892,0.12882
7845.6401,1,0.40000,0.10003,0.12330,0.40000,0.09925,0.12716
7845.6721,1,0.40000,0.09989,0.12232,0.40000,0.09944,0.12571
7845.7092,1,0.40000,0.09958,0.12185,0.40000,0.09948,0.12455
7845.7506,1,0.40000,0.09916,0.12173,0.40000,0.09939,0.12371
7845.7891,1,0.40000,0.09947,0.12081,0.40000,0.09941,0.12284
7845.8193,1,0.40000,0.09907,0.11987,0.40000,0.09931,0.12195
7845.8610,1,0.40000,0.09578,0.12039,0.40000,0.09825,0.12148
7845.8926,1,0.40000,0.09457,0.12185,0.40000,0.09715,0.12159
7845.9244,1,0.40000,0.09224,0.12508,0.40000,0.09567,0.12264
7845.9574,1,0.40000,0.09085,0.12932,0.40000,0.09423,0.12464
7845.9967,1,0.40000,0.09313,0.13449,0.40000,0.09390,0.12759
7846.0306,1,0.40000,0.09393,0.14080,0.40000,0.09391,0.13156
7846.0624,1,0.40000,0.09584,0.14708,0.40000,0.09449,0.13621
7846.0975,1,0.40000,0.09674,0.15229,0.40000,0.09516,0.14104
7846.1314,1,0.40000,0.09615,0.15824,0.40000,0.09546,0.14620
7846.1650,1,0.40000,0.09441,0.16458,0.40000,0.09515,0.15171
7846.1991,1,0.40000,0.09419,0.16975,0.40000,0.09486,0.15712
7846.2328,1,0.40000,0.09469,0.17457,0.40000,0.09481,0.16236
7846.2644,1,0.40000,0.09596,0.17986,0.40000,0.09515,0.16761
7846.3015,1,0.40000,0.09768,0.18519,0.40000,0.09591,0.17288
7846.3348,1,0.39846,0.09864,0.19086,0.39954,0.09673,0.17828
7846.3667,1,0.38849,0.09949,0.19610,0.39622,0.09756,0.18363
7846.4027,1,0.37777,0.10047,0.20093,0.39069,0.09843,0.18882
7846.4334,1,0.36979,0.10146,0.20478,0.38442,0.09934,0.19361
7846.4649,1,0.36374,0.10366,0.20791,0.37821,0.10064,0.19790
7846.5001,1,0.35568,0.10623,0.21124,0.37145,0.10232,0.20190
7846.5320,1,0.35227,0.11010,0.21383,0.36570,0.10465,0.20548
7846.5651,1,0.34604,0.11336,0.21704,0.35980,0.10726,0.20895
7846.5983,1,0.33862,0.11540,0.22007,0.35345,0.10971,0.21228
7846.6315,1,0.33133,0.11737,0.22307,0.34681,0.11200,0.21552
7846.6648,1,0.32691,0.11859,0.22527,0.34084,0.11398,0.21845
7846.6991,1,0.31731,0.11833,0.22798,0.33378,0.11528,0.22131
7846.7316,1,0.31100,0.11689,0.23026,0.32695,0.11577,0.22399
7846.7651,1,0.30423,0.11603,0.23223,0.32013,0.11585,0.22646
7846.8015,1,0.29962,0.11539,0.23363,0.31398,0.11571,0.22861
7846.8440,1,0.29543,0.11517,0.23480,0.30841,0.11555,0.23047
7846.8805,1,0.29124,0.11432,0.23587,0.30326,0.11518,0.23209
7846.9125,1,0.28742,0.11428,0.23747,0.29851,0.11491,0.23370
7846.9435,1,0.28538,0.11356,0.23851,0.29457,0.11450,0.23515
7846.9814,1,0.28459,0.11322,0.23938,0.29157,0.11412,0.23642
7847.0147,1,0.27797,0.11235,0.24046,0.28749,0.11359,0.23763
7847.0567,1,0.27473,0.11165,0.24092,0.28366,0.11301,0.23862
7847.0882,1,0.27004,0.11047,0.24133,0.27958,0.11225,0.23943
7847.1242,1,0.26757,0.11076,0.24112,0.27597,0.11180,0.23994
7847.1545,1,0.26456,0.11050,0.24120,0.27255,0.11141,0.24032
7847.1847,1,0.26144,0.10992,0.24078,0.26922,0.11097,0.24046
7847.2151,1,0.26019,0.11040,0.24040,0.26651,0.11080,0.24044
7847.2490,1,0.25690,0.10981,0.24026,0.26363,0.11050,0.24039
7847.2855,1,0.25223,0.10986,0.24055,0.26021,0.11031,0.24044
7847.3197,1,0.25107,0.11033,0.24000,0.25747,0.11031,0.24030
7847.3513,1,0.25068,0.11097,0.23936,0.25543,0.11051,0.24002
7847.3823,1,0.24831,0.11011,0.23906,0.25329,0.11039,0.23973
7847.4146,1,0.24447,0.10902,0.23890,0.25065,0.10998,0.23948
7847.4492,1,0.24084,0.10765,0.23877,0.24770,0.10928,0.23927
7847.4825,1,0.23830,0.10653,0.23859,0.24488,0.10846,0.23906
7847.5164,1,0.23693,0.10495,0.23835,0.24250,0.10741,0.23885
7847.5501,1,0.23517,0.10364,0.23803,0.24030,0.10628,0.23860
7847.5823,1,0.23256,0.10158,0.23796,0.23798,0.10487,0.23841
7847.6166,1,0.23100,0.10062,0.23803,0.23588,0.10359,0.23830
7847.6497,1,0.22724,0.09841,0.23792,0.23329,0.10204,0.23819
7847.6817,1,0.22554,0.09778,0.23765,0.23097,0.10076,0.23802
7847.7153,1,0.22276,0.09611,0.23734,0.22850,0.09937,0.23782
7847.7516,1,0.22022,0.09500,0.23667,0.22602,0.09805,0.23748
7847.7818,1,0.21857,0.09365,0.23556,0.22378,0.09673,0.23690
7847.8179,1,0.21640,0.09205,0.23444,0.22157,0.09533,0.23616
7847.8521,1,0.21581,0.09100,0.23326,0.21984,0.09403,0.23529
7847.8899,1,0.21390,0.08944,0.23213,0.21806,0.09265,0.23434
7847.9239,1,0.21316,0.08949,0.23100,0.21659,0.09170,0.23334
7847.9567,1,0.21335,0.08892,0.22990,0.21562,0.09087,0.23231
7847.9908,1,0.21089,0.08844,0.22923,0.21420,0.09014,0.23138
7848.0265,1,0.21171,0.08898,0.22793,0.21345,0.08979,0.23035
7848.0570,1,0.21113,0.08897,0.22690,0.21275,0.08955,0.22931
7848.0888,1,0.21171,0.08904,0.22514,0.21244,0.08939,0.22806
7848.1206,1,0.21154,0.08990,0.22350,0.21217,0.08954,0.22669
7848.1543,1,0.21037,0.09078,0.22215,0.21163,0.08992,0.22533
7848.1856,1,0.20968,0.09198,0.22091,0.21105,0.09054,0.22400
7848.2177,1,0.21087,0.09263,0.21940,0.21099,0.09116,0.22262
7848.2506,1,0.21074,0.09397,0.21797,0.21092,0.09200,0.22123
7848.2837,1,0.20954,0.09486,0.21628,0.21050,0.09286,0.21974
7848.3149,1,0.21006,0.09617,0.21439,0.21037,0.09385,0.21814
7848.3491,1,0.20967,0.09724,0.21273,0.21016,0.09487,0.21652
7848.3829,1,0.20903,0.09879,0.21128,0.20982,0.09605,0.21495
7848.4158,1,0.21077,0.09905,0.20960,0.21010,0.09695,0.21334
7848.4507,1,0.20931,0.09947,0.20841,0.20987,0.09770,0.21186
7848.4835,1,0.20941,0.10022,0.20699,0.20973,0.09846,0.21040
7848.5164,1,0.20673,0.10005,0.20596,0.20883,0.09894,0.20907
7848.5504,1,0.20603,0.10041,0.20490,0.20799,0.09938,0.20782
7848.5879,1,0.20614,0.10082,0.20368,0.20743,0.09981,0.20658
7848.6216,1,0.20577,0.10072,0.20304,0.20693,0.10008,0.20552
7848.6542,1,0.20477,0.10063,0.20214,0.20629,0.10025,0.20450
7848.6866,1,0.20334,0.09981,0.20132,0.20540,0.10012,0.20355
7848.7172,1,0.20194,0.09886,0.20044,0.20436,0.09974,0.20262
7848.7481,1,0.20131,0.09829,0.19926,0.20345,0.09931,0.20161
7848.7809,1,0.20189,0.09751,0.19806,0.20298,0.09877,0.20055
7848.8119,1,0.20058,0.09728,0.19724,0.20226,0.09832,0.19955
7848.8432,1,0.19998,0.09764,0.19652,0.20157,0.09812,0.19864
7848.8748,1,0.20040,0.09752,0.19542,0.20122,0.09794,0.19768
7848.9065,1,0.20047,0.09747,0.19451,0.20100,0.09780,0.19673
7848.9391,1,0.20015,0.09690,0.19374,0.20074,0.09753,0.19583
7848.9706,1,0.20037,0.09692,0.19273,0.20063,0.09734,0.19490
7849.0036,1,0.20042,0.09632,0.19171,0.20057,0.09704,0.19394
7849.0347,1,0.20078,0.09639,0.19076,0.20063,0.09684,0.19299
7849.0697,1,0.20065,0.09604,0.18988,0.20064,0.09660,0.19206
7849.1111,1,0.20007,0.09633,0.18877,0.20047,0.09652,0.19107
7849.1423,1,0.20027,0.09667,0.18762,0.20041,0.09657,0.19004
7849.1756,1,0.19829,0.09642,0.18672,0.19977,0.09652,0.18904
7849.2083,1,0.19768,0.09685,0.18565,0.19914,0.09662,0.18802
7849.2400,1,0.19808,0.09666,0.18416,0.19882,0.09663,0.18686
7849.2757,1,0.19829,0.09650,0.18254,0.19866,0.09659,0.18557
7849.3074,1,0.19629,0.09679,0.18124,0.19795,0.09665,0.18427
7849.3417,1,0.19578,0.09703,0.17985,0.19730,0.09676,0.18294
7849.3734,1,0.19488,0.09755,0.17907,0.19657,0.09700,0.18178
7849.4053,1,0.19367,0.09785,0.17834,0.19570,0.09726,0.18075
7849.4413,1,0.19292,0.09861,0.17777,0.19487,0.09766,0.17985
7849.4720,1,0.19315,0.09840,0.17700,0.19435,0.09788,0.17900
7849.5032,1,0.19319,0.09865,0.17613,0.19401,0.09811,0.17814
7849.5403,1,0.19307,0.09796,0.17506,0.19372,0.09807,0.17721
7849.5707,1,0.19341,0.09815,0.17383,0.19363,0.09809,0.17620
7849.6014,1,0.19260,0.09835,0.17278,0.19332,0.09817,0.17517
7849.6355,1,0.19104,0.09781,0.17154,0.19264,0.09806,0.17408
7849.6706,1,0.19152,0.09793,0.17022,0.19230,0.09802,0.17292
7849.7114,1,0.19138,0.09790,0.16910,0.19203,0.09799,0.17178
7849.7445,1,0.18977,0.09768,0.16821,0.19135,0.09789,0.17071
7849.7747,1,0.18981,0.09697,0.16710,0.19089,0.09762,0.16962
7849.8057,1,0.19097,0.09641,0.16582,0.19091,0.09725,0.16848
7849.8368,1,0.19102,0.09736,0.16448,0.19095,0.09728,0.16728
7849.8684,1,0.19069,0.09778,0.16304,0.19087,0.09743,0.16601
7849.8995,1,0.18842,0.09779,0.16202,0.19013,0.09754,0.16481
7849.9328,1,0.18764,0.09761,0.16095,0.18938,0.09756,0.16365
7849.9649,1,0.18632,0.09815,0.16022,0.18847,0.09774,0.16262
7850.0018,1,0.18621,0.09846,0.15924,0.18779,0.09795,0.16161
7850.0374,1,0.18535,0.09809,0.15828,0.18706,0.09800,0.16061
7850.0690,1,0.18634,0.09773,0.15719,0.18684,0.09792,0.15958
7850.1118,1,0.18704,0.09864,0.15625,0.18690,0.09813,0.15858
7850.1434,1,0.18745,0.09823,0.15537,0.18707,0.09816,0.15762
7850.1753,1,0.18674,0.09819,0.15472,0.18697,0.09817,0.15675
7850.2109,1,0.18685,0.09930,0.15368,0.18693,0.09851,0.15583
7850.2420,1,0.18692,0.09999,0.15241,0.18693,0.09895,0.15480
7850.2743,1,0.18721,0.10003,0.15111,0.18701,0.09928,0.15369
7850.3050,1,0.18716,0.10010,0.14927,0.18706,0.09952,0.15237
7850.3371,1,0.18671,0.10003,0.14713,0.18695,0.09968,0.15080
7850.3741,1,0.18652,0.09901,0.14456,0.18682,0.09948,0.14893
7850.4066,1,0.18529,0.09958,0.14211,0.18636,0.09951,0.14688
7850.4387,1,0.18656,0.10055,0.13940,0.18642,0.09982,0.14463
7850.4711,1,0.18692,0.10130,0.13733,0.18657,0.10026,0.14244
7850.5028,1,0.18352,0.09994,0.13632,0.18566,0.10017,0.14061
7850.5392,1,0.18294,0.09992,0.13496,0.18484,0.10009,0.13891
7850.5712,1,0.18225,0.09951,0.13370,0.18406,0.09992,0.13735
7850.6088,1,0.18051,0.09976,0.13292,0.18300,0.09987,0.13602
7850.6401,1,0.18193,0.09951,0.13165,0.18268,0.09976,0.13471
7850.6715,1,0.17986,0.09912,0.13093,0.18183,0.09957,0.13357
7850.7043,1,0.17937,0.09942,0.13033,0.18109,0.09952,0.13260
7850.7364,1,0.18086,0.09938,0.12929,0.18102,0.09948,0.13161
7850.7674,1,0.18068,0.10035,0.12866,0.18092,0.09974,0.13072
7850.7995,1,0.18000,0.10089,0.12797,0.18065,0.10009,0.12990
7850.8325,1,0.18064,0.10172,0.12683,0.18064,0.10058,0.12898
7850.8656,1,0.18004,0.10133,0.12579,0.18046,0.10080,0.12802
7850.9030,1,0.17934,0.10253,0.12442,0.18012,0.10132,0.12694
7850.9388,1,0.17937,0.10221,0.12337,0.17990,0.10159,0.12587
7850.9721,1,0.17985,0.10288,0.12226,0.17988,0.10198,0.12478
7851.0030,1,0.17940,0.10463,0.12193,0.17974,0.10277,0.12393
7851.0340,1,0.17829,0.10422,0.12205,0.17930,0.10321,0.12337
7851.0652,1,0.17867,0.10467,0.12187,0.17911,0.10364,0.12292
7851.1082,1,0.17748,0.10450,0.12194,0.17862,0.10390,0.12262
7851.1443,1,0.17837,0.10334,0.12109,0.17855,0.10373,0.12216
7851.1755,1,0.17772,0.10402,0.12025,0.17830,0.10382,0.12159
7851.2064,1,0.17711,0.10492,0.11930,0.17794,0.10415,0.12090
7851.2394,1,0.17643,0.10501,0.11843,0.17749,0.10441,0.12016
7851.2750,1,0.17280,0.10556,0.11815,0.17609,0.10476,0.11956
7851.3064,1,0.17101,0.10536,0.11732,0.17456,0.10494,0.11889
7851.3391,1,0.17035,0.10480,0.11638,0.17330,0.10490,0.11813
7851.3715,1,0.16940,0.10451,0.11523,0.17213,0.10478,0.11726
7851.4044,1,0.17018,0.10550,0.11364,0.17155,0.10500,0.11617
7851.4352,1,0.16862,0.10644,0.11251,0.17067,0.10543,0.11508
7851.4693,1,0.16619,0.10805,0.11172,0.16932,0.10622,0.11407
7851.5018,1,0.16334,0.10957,0.11133,0.16753,0.10722,0.11325
7851.5343,1,0.16175,0.11082,0.11106,0.16579,0.10830,0.11259
7851.5648,1,0.16131,0.11229,0.11070,0.16445,0.10950,0.11202
7851.5995,1,0.15942,0.11342,0.11096,0.16294,0.11067,0.11170
7851.6330,1,0.16145,0.11470,0.11047,0.16249,0.11188,0.11133
7851.6651,1,0.16247,0.11592,0.10992,0.16249,0.11309,0.11091
7851.6976,1,0.16207,0.11807,0.10961,0.16236,0.11458,0.11052
7851.7334,1,0.16277,0.11916,0.10899,0.16248,0.11596,0.11006
7851.7640,1,0.16246,0.12028,0.10861,0.16248,0.11725,0.10962
7851.7972,1,0.16210,0.12213,0.10822,0.16236,0.11872,0.10920
7851.8349,1,0.16241,0.12260,0.10808,0.16238,0.11988,0.10887
7851.8702,1,0.16024,0.12459,0.10846,0.16174,0.12129,0.10875
7851.9016,1,0.16085,0.12599,0.10846,0.16147,0.12270,0.10866
7851.9343,1,0.16091,0.12665,0.10829,0.16130,0.12389,0.10855
7851.9675,1,0.16209,0.12715,0.10788,0.16154,0.12487,0.10835
7851.9999,1,0.16160,0.12858,0.10796,0.16156,0.12598,0.10823
7852.0318,1,0.16143,0.12995,0.10760,0.16152,0.12717,0.10804
7852.0705,1,0.16171,0.13180,0.10767,0.16158,0.12856,0.10793
7852.1070,1,0.16348,0.13313,0.10737,0.16215,0.12993,0.10776
7852.1453,1,0.16430,0.13492,0.10731,0.16279,0.13143,0.10763
7852.1754,1,0.16293,0.13586,0.10757,0.16284,0.13276,0.10761
7852.2052,1,0.16327,0.13758,0.10752,0.16297,0.13421,0.10758
7852.2363,1,0.16261,0.13877,0.10784,0.16286,0.13557,0.10766
7852.2692,1,0.16393,0.14045,0.10778,0.16318,0.13704,0.10769
7852.3003,1,0.16463,0.14120,0.10761,0.16361,0.13829,0.10767
7852.3314,1,0.16379,0.14279,0.10779,0.16367,0.13964,0.10771
7852.3649,1,0.16480,0.14418,0.10785,0.16401,0.14100,0.10775
7852.4045,1,0.16575,0.14619,0.10772,0.16453,0.14256,0.10774
7852.4361,1,0.16642,0.14764,0.10779,0.16510,0.14408,0.10776
7852.4699,1,0.16533,0.14916,0.10818,0.16517,0.14561,0.10789
7852.5013,1,0.16619,0.14975,0.10806,0.16547,0.14685,0.10794
7852.5329,1,0.16708,0.15052,0.10827,0.16595,0.14795,0.10804
7852.5665,1,0.16612,0.15246,0.10890,0.16600,0.14930,0.10830
7852.5987,1,0.16672,0.15424,0.10890,0.16622,0.15079,0.10848
7852.6362,1,0.16511,0.15627,0.10942,0.16589,0.15243,0.10876
7852.6707,1,0.16437,0.15801,0.10951,0.16543,0.15410,0.10899
7852.7017,1,0.16586,0.15997,0.10978,0.16556,0.15586,0.10922
7852.7385,1,0.16196,0.16283,0.11059,0.16448,0.15795,0.10964
7852.7768,1,0.16011,0.16400,0.11082,0.16317,0.15977,0.10999
7852.8130,1,0.15855,0.16655,0.11130,0.16178,0.16180,0.11038
7852.8443,1,0.15855,0.16834,0.11178,0.16082,0.16376,0.11080
7852.8808,1,0.15807,0.17078,0.11221,0.15999,0.16587,0.11123
7852.9160,1,0.15807,0.17139,0.11242,0.15942,0.16753,0.11158
7852.9480,1,0.15621,0.17466,0.11296,0.15845,0.16967,0.11200
7852.9824,1,0.15441,0.17534,0.11361,0.15724,0.17137,0.11248
7853.0151,1,0.15438,0.17795,0.11390,0.15638,0.17334,0.11291
7853.0486,1,0.15383,0.17899,0.11403,0.15562,0.17504,0.11324
7853.0818,1,0.15367,0.18076,0.11397,0.15503,0.17676,0.11346
7853.1229,1,0.15391,0.18164,0.11407,0.15470,0.17822,0.11364
7853.1539,1,0.15413,0.18345,0.11403,0.15453,0.17979,0.11376
7853.1853,1,0.15300,0.18521,0.11433,0.15407,0.18141,0.11393
7853.2195,1,0.15277,0.18548,0.11432,0.15368,0.18263,0.11405
7853.2513,1,0.15256,0.18733,0.11421,0.15334,0.18404,0.11410
7853.2830,1,0.15387,0.18767,0.11390,0.15350,0.18513,0.11404
7853.3202,1,0.15240,0.18925,0.11380,0.15317,0.18637,0.11397
7853.3511,1,0.15239,0.18953,0.11369,0.15294,0.18732,0.11389
7853.3865,1,0.15120,0.19144,0.11351,0.15242,0.18855,0.11377
7853.4177,1,0.15181,0.19161,0.11319,0.15224,0.18947,0.11360
7853.4496,1,0.15082,0.19254,0.11318,0.15181,0.19039,0.11347
7853.4828,1,0.15128,0.19449,0.11309,0.15165,0.19162,0.11336
7853.5211,1,0.15047,0.19567,0.11312,0.15130,0.19284,0.11329
7853.5560,1,0.14987,0.19711,0.11275,0.15087,0.19412,0.11312
7853.5875,1,0.15019,0.19736,0.11272,0.15067,0.19509,0.11300
7853.6274,1,0.14898,0.19880,0.11279,0.15016,0.19620,0.11294
7853.6583,1,0.14831,0.20021,0.11290,0.14961,0.19740,0.11293
7853.6885,1,0.14854,0.20234,0.11308,0.14929,0.19888,0.11297
7853.7202,1,0.14812,0.20254,0.11309,0.14894,0.19998,0.11301
7853.7512,1,0.14775,0.20308,0.11296,0.14858,0.20091,0.11299
7853.7829,1,0.14712,0.20540,0.11320,0.14814,0.20226,0.11306
7853.8157,1,0.14737,0.20551,0.11303,0.14791,0.20323,0.11305
7853.8507,1,0.14769,0.20646,0.11297,0.14784,0.20420,0.11302
7853.8814,1,0.14700,0.20892,0.11313,0.14759,0.20562,0.11306
7853.9152,1,0.14666,0.20883,0.11313,0.14731,0.20658,0.11308
7853.9508,1,0.14684,0.21057,0.11318,0.14717,0.20778,0.11311
7853.9823,1,0.14513,0.21141,0.11346,0.14656,0.20887,0.11321
7854.0217,1,0.14644,0.21138,0.11321,0.14652,0.20962,0.11321
7854.0534,1,0.14898,0.21305,0.11275,0.14726,0.21065,0.11307
7854.0848,1,0.14586,0.21395,0.11313,0.14684,0.21164,0.11309
7854.1285,1,0.14790,0.21517,0.11264,0.14716,0.21270,0.11296
7854.1615,1,0.14777,0.21618,0.11277,0.14734,0.21374,0.11290
7854.1930,1,0.14719,0.21764,0.11298,0.14729,0.21491,0.11292
7854.2251,1,0.14722,0.21848,0.11280,0.14727,0.21598,0.11289
7854.2574,1,0.14745,0.21894,0.11304,0.14733,0.21687,0.11293
7854.2881,1,0.14883,0.22046,0.11272,0.14778,0.21795,0.11287
7854.3224,1,0.14906,0.22116,0.11262,0.14816,0.21891,0.11279
7854.3542,1,0.14839,0.22271,0.11246,0.14823,0.22005,0.11270
7854.3861,1,0.14872,0.22277,0.11259,0.14838,0.22087,0.11266
7854.4182,1,0.14795,0.22345,0.11267,0.14825,0.22164,0.11266
7854.4510,1,0.14983,0.22419,0.11236,0.14872,0.22240,0.11257
7854.4822,1,0.14838,0.22512,0.11266,0.14862,0.22322,0.11260
7854.5163,1,0.14958,0.22649,0.11209,0.14891,0.22420,0.11245
7854.5483,1,0.14953,0.22723,0.11188,0.14910,0.22511,0.11228
7854.5866,1,0.15096,0.22895,0.11139,0.14965,0.22626,0.11201
7854.6192,1,0.15033,0.23031,0.11120,0.14986,0.22748,0.11177
7854.6513,1,0.15232,0.23159,0.11063,0.15060,0.22871,0.11143
7854.6844,1,0.15194,0.23361,0.11082,0.15100,0.23018,0.11124
7854.7172,1,0.15400,0.23501,0.11053,0.15190,0.23163,0.11103
7854.7522,1,0.15311,0.23615,0.11098,0.15226,0.23299,0.11101
7854.7875,1,0.15370,0.23773,0.11125,0.15269,0.23441,0.11108
7854.8240,1,0.15469,0.23873,0.11153,0.15329,0.23570,0.11122
7854.8550,1,0.15503,0.24044,0.11215,0.15381,0.23712,0.11150
7854.8901,1,0.15384,0.24081,0.11299,0.15382,0.23823,0.11195
7854.9222,1,0.15465,0.24185,0.11344,0.15407,0.23932,0.11240
7854.9657,1,0.15435,0.24224,0.11414,0.15416,0.24019,0.11292
7855.0035,1,0.15374,0.24340,0.11481,0.15403,0.24116,0.11349
7855.0425,1,0.15307,0.24389,0.11528,0.15374,0.24197,0.11403
7855.0748,1,0.15344,0.24511,0.11562,0.15365,0.24292,0.11450
7855.1076,1,0.15416,0.24632,0.11561,0.15380,0.24394,0.11483
7855.1395,1,0.15219,0.24752,0.11613,0.15332,0.24501,0.11522
7855.1716,1,0.15195,0.24941,0.11676,0.15291,0.24633,0.11568
7855.2043,1,0.15301,0.25084,0.11710,0.15294,0.24769,0.11611
7855.2370,1,0.15118,0.25178,0.11780,0.15241,0.24891,0.11662
7855.2692,1,0.15182,0.25254,0.11825,0.15223,0.25000,0.11711
7855.3019,1,0.15400,0.25399,0.11824,0.15276,0.25120,0.11745
7855.3336,1,0.15273,0.25456,0.11862,0.15275,0.25221,0.11780
7855.3655,1,0.15110,0.25576,0.11903,0.15226,0.25327,0.11817
7855.3984,1,0.15180,0.25714,0.11861,0.15212,0.25443,0.11830
7855.4324,1,0.15119,0.25892,0.11862,0.15184,0.25578,0.11840
7855.4650,1,0.14747,0.26060,0.11887,0.15053,0.25723,0.11854
7855.5009,1,0.14865,0.26293,0.11861,0.14997,0.25894,0.11856
7855.5314,1,0.14612,0.26545,0.11916,0.14881,0.26089,0.11874
7855.5654,1,0.14350,0.26669,0.12005,0.14722,0.26263,0.11913
7855.5974,1,0.14580,0.26916,0.11988,0.14679,0.26459,0.11936
7855.6288,1,0.14400,0.27165,0.12076,0.14596,0.26671,0.11978
7855.6611,1,0.14452,0.27413,0.12098,0.14552,0.26893,0.12014
7855.6916,1,0.14545,0.27669,0.12120,0.14550,0.27126,0.12046
7855.7230,1,0.14527,0.27821,0.12133,0.14543,0.27334,0.12072
7855.7557,1,0.14695,0.28024,0.12123,0.14589,0.27541,0.12087
7855.7874,1,0.14475,0.28258,0.12134,0.14555,0.27756,0.12101
7855.8209,1,0.14416,0.28416,0.12118,0.14513,0.27954,0.12106
7855.8527,1,0.14353,0.28657,0.12102,0.14465,0.28165,0.12105
7855.8849,1,0.14155,0.28831,0.12126,0.14372,0.28365,0.12111
7855.9175,1,0.14401,0.29005,0.12082,0.14381,0.28557,0.12103
7855.9502,1,0.14128,0.29105,0.12151,0.14305,0.28721,0.12117
7855.9870,1,0.14183,0.29296,0.12191,0.14268,0.28894,0.12139
7856.0182,1,0.14200,0.29410,0.12242,0.14248,0.29049,0.12170
7856.0505,1,0.14235,0.29502,0.12271,0.14244,0.29185,0.12201
7856.0821,1,0.14305,0.29626,0.12290,0.14262,0.29317,0.12227
7856.1210,1,0.14252,0.29665,0.12327,0.14259,0.29422,0.12257
7856.1516,1,0.14175,0.29700,0.12348,0.14234,0.29505,0.12285
7856.1834,1,0.14149,0.29771,0.12354,0.14209,0.29585,0.12305
7856.2186,1,0.13897,0.29955,0.12413,0.14115,0.29696,0.12338
7856.2512,1,0.13559,0.30047,0.12485,0.13948,0.29801,0.12382
7856.2854,1,0.13850,0.30126,0.12445,0.13919,0.29899,0.12401
7856.3214,1,0.13778,0.30279,0.12434,0.13877,0.30013,0.12411
7856.3540,1,0.13802,0.30425,0.12410,0.13854,0.30137,0.12410
7856.3862,1,0.13635,0.30469,0.12389,0.13788,0.30236,0.12404
7856.4175,1,0.13700,0.30619,0.12317,0.13762,0.30351,0.12378
7856.4564,1,0.13446,0.30720,0.12317,0.13667,0.30462,0.12360
7856.4879,1,0.13432,0.30806,0.12312,0.13597,0.30565,0.12346
7856.5214,1,0.13205,0.30823,0.12349,0.13479,0.30642,0.12347
7856.5546,1,0.12834,0.30960,0.12445,0.13286,0.30738,0.12376
7856.5871,1,0.13065,0.31085,0.12383,0.13220,0.30842,0.12378
7856.6181,1,0.13063,0.31085,0.12341,0.13173,0.30915,0.12367
7856.6496,1,0.12860,0.31105,0.12354,0.13079,0.30972,0.12363
7856.6815,1,0.12981,0.31155,0.12282,0.13049,0.31027,0.12339
7856.7154,1,0.12698,0.31186,0.12274,0.12944,0.31074,0.12319
7856.7491,1,0.12747,0.31333,0.12240,0.12885,0.31152,0.12296
7856.7849,1,0.12706,0.31397,0.12221,0.12831,0.31226,0.12273
7856.8197,1,0.12692,0.31511,0.12219,0.12789,0.31311,0.12257
7856.8516,1,0.12537,0.31699,0.12235,0.12714,0.31428,0.12250
7856.8835,1,0.12358,0.31794,0.12275,0.12607,0.31538,0.12258
7856.9231,1,0.12337,0.31876,0.12289,0.12526,0.31639,0.12267
7856.9574,1,0.12354,0.31804,0.12271,0.12475,0.31689,0.12268
7856.9910,1,0.12631,0.31730,0.12216,0.12522,0.31701,0.12253
7857.0241,1,0.12528,0.31717,0.12186,0.12524,0.31706,0.12233
7857.0547,1,0.12497,0.31799,0.12161,0.12516,0.31734,0.12211
7857.0877,1,0.12603,0.31851,0.12113,0.12542,0.31769,0.12182
7857.1243,1,0.12500,0.31887,0.12085,0.12529,0.31804,0.12153
7857.1555,1,0.12580,0.31875,0.12008,0.12545,0.31826,0.12109
7857.1903,1,0.12377,0.31901,0.12023,0.12494,0.31848,0.12083
7857.2212,1,0.12344,0.31939,0.11977,0.12449,0.31876,0.12052
7857.2524,1,0.12492,0.31810,0.11931,0.12462,0.31856,0.12015
7857.2861,1,0.12301,0.31998,0.11931,0.12414,0.31899,0.11990
7857.3184,1,0.12653,0.32036,0.11856,0.12485,0.31940,0.11950
7857.3500,1,0.12271,0.32148,0.11901,0.12421,0.32002,0.11935
7857.3837,1,0.12170,0.32345,0.11910,0.12346,0.32105,0.11928
7857.4153,1,0.12135,0.32474,0.11863,0.12282,0.32216,0.11908
7857.4495,1,0.12274,0.32719,0.11799,0.12280,0.32367,0.11876
7857.4818,1,0.12411,0.32854,0.11732,0.12319,0.32513,0.11833
7857.5160,1,0.12308,0.32872,0.11707,0.12316,0.32621,0.11795
7857.5498,1,0.12507,0.33156,0.11633,0.12373,0.32781,0.11746
7857.5810,1,0.12312,0.33384,0.11656,0.12355,0.32962,0.11719
7857.6162,1,0.12564,0.33462,0.11569,0.12418,0.33112,0.11674
7857.6481,1,0.12430,0.33691,0.11579,0.12421,0.33286,0.11646
7857.6851,1,0.12499,0.33782,0.11530,0.12445,0.33435,0.11611
7857.7224,1,0.12341,0.33855,0.11568,0.12414,0.33561,0.11598
7857.7531,1,0.12321,0.34018,0.11544,0.12386,0.33698,0.11582
7857.7853,1,0.12017,0.33989,0.11605,0.12275,0.33785,0.11589
7857.8163,1,0.12207,0.34031,0.11584,0.12255,0.33859,0.11587
7857.8502,1,0.12082,0.34191,0.11647,0.12203,0.33959,0.11605
7857.8821,1,0.12213,0.34145,0.11641,0.12206,0.34015,0.11616
7857.9159,1,0.12131,0.34247,0.11704,0.12183,0.34084,0.11642
7857.9502,1,0.12128,0.34131,0.11721,0.12167,0.34098,0.11666
7857.9824,1,0.12026,0.34083,0.11745,0.12125,0.34094,0.11690
7858.0192,1,0.12237,0.34057,0.11717,0.12158,0.34083,0.11698
7858.0514,1,0.12681,0.33889,0.11636,0.12315,0.34025,0.11679
7858.0844,1,0.12747,0.33795,0.11591,0.12445,0.33956,0.11653
7858.1262,1,0.12956,0.33794,0.11556,0.12598,0.33907,0.11624
7858.1621,1,0.13087,0.33796,0.11543,0.12745,0.33874,0.11599
7858.1996,1,0.13024,0.33742,0.11594,0.12828,0.33834,0.11598
7858.2327,1,0.13259,0.33697,0.11604,0.12958,0.33793,0.11600
7858.2663,1,0.13265,0.33664,0.11604,0.13050,0.33754,0.11601
7858.2988,1,0.13280,0.33561,0.11616,0.13119,0.33696,0.11606
7858.3314,1,0.13283,0.33567,0.11572,0.13168,0.33658,0.11596
7858.3653,1,0.13283,0.33638,0.11533,0.13202,0.33652,0.11577
7858.4018,1,0.13395,0.33736,0.11446,0.13260,0.33677,0.11538
7858.4331,1,0.13401,0.33661,0.11368,0.13302,0.33672,0.11487
7858.4651,1,0.13442,0.33654,0.11301,0.13344,0.33667,0.11431
7858.4993,1,0.13083,0.33679,0.11303,0.13266,0.33670,0.11393
7858.5323,1,0.13372,0.33640,0.11194,0.13298,0.33661,0.11333
7858.5727,1,0.13313,0.33657,0.11200,0.13302,0.33660,0.11293
7858.6056,1,0.13491,0.33532,0.11233,0.13359,0.33622,0.11275
7858.6384,1,0.13164,0.33506,0.11418,0.13300,0.33587,0.11318
7858.6727,1,0.13111,0.33515,0.11605,0.13244,0.33565,0.11404
7858.7061,1,0.13113,0.33473,0.11815,0.13204,0.33538,0.11527
7858.7386,1,0.13062,0.33441,0.12025,0.13162,0.33509,0.11677
7858.7705,1,0.13300,0.33370,0.12177,0.13203,0.33467,0.11827
7858.8033,1,0.13276,0.33172,0.12367,0.13225,0.33379,0.11989
7858.8338,1,0.13162,0.33176,0.12510,0.13206,0.33318,0.12145
7858.8676,1,0.13197,0.33147,0.12611,0.13203,0.33267,0.12285
7858.9000,1,0.13233,0.33102,0.12727,0.13212,0.33217,0.12418
7858.9317,1,0.13004,0.33119,0.12885,0.13150,0.33188,0.12558
7858.9652,1,0.13302,0.33054,0.13003,0.13195,0.33148,0.12691
7858.9993,1,0.13407,0.33126,0.13184,0.13259,0.33141,0.12839
7859.0338,1,0.13344,0.33132,0.13377,0.13284,0.33138,0.13001
7859.0702,1,0.13332,0.33090,0.13545,0.13299,0.33124,0.13164
7859.1018,1,0.13235,0.33219,0.13749,0.13280,0.33152,0.13340
7859.1449,1,0.13415,0.33252,0.13892,0.13320,0.33182,0.13505
7859.1783,1,0.13883,0.33214,0.13897,0.13489,0.33192,0.13623
7859.2114,1,0.13464,0.33319,0.14027,0.13482,0.33230,0.13744
7859.2446,1,0.13462,0.33365,0.14041,0.13476,0.33271,0.13833
7859.2763,1,0.13696,0.33359,0.14015,0.13542,0.33297,0.13888
7859.3080,1,0.13844,0.33291,0.14058,0.13632,0.33295,0.13939
7859.3404,1,0.13775,0.33436,0.14153,0.13675,0.33337,0.14003
7859.3714,1,0.13687,0.33396,0.14295,0.13679,0.33355,0.14091
7859.4094,1,0.13680,0.33300,0.14394,0.13679,0.33339,0.14182
7859.4421,1,0.13779,0.33269,0.14491,0.13709,0.33318,0.14275
7859.4730,1,0.14191,0.33305,0.14595,0.13854,0.33314,0.14371
7859.5050,1,0.13978,0.33329,0.14798,0.13891,0.33318,0.14499
7859.5375,1,0.14005,0.33264,0.14969,0.13925,0.33302,0.14640
7859.5693,1,0.14081,0.33259,0.15094,0.13972,0.33289,0.14776
7859.6016,1,0.14274,0.33004,0.15179,0.14063,0.33204,0.14897
7859.6393,1,0.14494,0.32986,0.15250,0.14192,0.33138,0.15003
7859.6735,1,0.14543,0.33041,0.15409,0.14297,0.33109,0.15125
7859.7055,1,0.14887,0.33017,0.15568,0.14474,0.33081,0.15258
7859.7374,1,0.14890,0.33089,0.15781,0.14599,0.33084,0.15415
7859.7706,1,0.14812,0.33075,0.16008,0.14663,0.33081,0.15593
7859.8037,1,0.15097,0.33040,0.16154,0.14793,0.33069,0.15761
7859.8351,1,0.14994,0.33060,0.16318,0.14853,0.33066,0.15928
7859.8726,1,0.15070,0.32974,0.16452,0.14918,0.33038,0.16085
7859.9047,1,0.15443,0.33005,0.16507,0.15076,0.33028,0.16212
7859.9357,1,0.15487,0.33092,0.16648,0.15199,0.33047,0.16343
7859.9683,1,0.15587,0.33157,0.16799,0.15316,0.33080,0.16480
7859.9990,1,0.15586,0.33180,0.16969,0.15397,0.33110,0.16627
7860.0318,1,0.15579,0.33185,0.17151,0.15452,0.33133,0.16784
7860.0644,1,0.15779,0.33128,0.17304,0.15550,0.33131,0.16940
7860.0983,1,0.15836,0.32946,0.17526,0.15636,0.33075,0.17116
7860.1402,1,0.16109,0.32850,0.17660,0.15778,0.33008,0.17279
7860.1721,1,0.16258,0.32975,0.17817,0.15922,0.32998,0.17440
7860.2047,1,0.16372,0.32988,0.17951,0.16057,0.32995,0.17594
7860.2373,1,0.16540,0.33066,0.18076,0.16202,0.33016,0.17738
7860.2713,1,0.16510,0.33063,0.18247,0.16294,0.33030,0.17891
7860.3022,1,0.16695,0.33046,0.18392,0.16415,0.33035,0.18041
7860.3345,1,0.16820,0.33055,0.18540,0.16536,0.33041,0.18191
7860.3701,1,0.16767,0.33033,0.18728,0.16605,0.33039,0.18352
7860.4030,1,0.16880,0.33016,0.18880,0.16688,0.33032,0.18510
7860.4342,1,0.16877,0.33077,0.19052,0.16745,0.33046,0.18673
7860.4661,1,0.16984,0.33069,0.19180,0.16816,0.33053,0.18825
7860.5057,1,0.16950,0.33101,0.19296,0.16857,0.33067,0.18966
7860.5404,1,0.16980,0.33055,0.19390,0.16894,0.33063,0.19093
7860.5736,1,0.16793,0.33186,0.19516,0.16863,0.33100,0.19220
7860.6057,1,0.16746,0.33176,0.19636,0.16828,0.33123,0.19345
7860.6372,1,0.16839,0.33201,0.19772,0.16832,0.33147,0.19473
7860.6692,1,0.16996,0.33247,0.19908,0.16881,0.33177,0.19604
7860.7007,1,0.17298,0.33236,0.20012,0.17006,0.33195,0.19726
7860.7334,1,0.17031,0.33302,0.20138,0.17014,0.33227,0.19850
7860.7657,1,0.17135,0.33335,0.20187,0.17050,0.33259,0.19951
7860.8052,1,0.17027,0.33445,0.20297,0.17043,0.33315,0.20055
7860.8379,1,0.17095,0.33482,0.20405,0.17059,0.33365,0.20160
7860.8703,1,0.17375,0.33507,0.20476,0.17154,0.33408,0.20255
7860.9005,1,0.17437,0.33485,0.20614,0.17239,0.33431,0.20363
7860.9328,1,0.17393,0.33474,0.20760,0.17285,0.33444,0.20482
7860.9686,1,0.17556,0.33600,0.20863,0.17366,0.33491,0.20596
7861.0015,1,0.17265,0.33570,0.21027,0.17336,0.33515,0.20725
7861.0333,1,0.17499,0.33719,0.21082,0.17385,0.33576,0.20832
7861.0684,1,0.17415,0.33866,0.21221,0.17394,0.33663,0.20949
7861.1002,1,0.17490,0.33894,0.21347,0.17423,0.33732,0.21068
7861.1424,1,0.17875,0.34000,0.21453,0.17558,0.33813,0.21184
7861.1737,1,0.17739,0.34042,0.21610,0.17612,0.33881,0.21312
7861.2057,1,0.17539,0.34108,0.21766,0.17590,0.33949,0.21448
7861.2372,1,0.17579,0.34134,0.21874,0.17587,0.34005,0.21576
7861.2692,1,0.17495,0.34163,0.22008,0.17560,0.34052,0.21706
7861.3005,1,0.17530,0.34150,0.22142,0.17551,0.34082,0.21837
7861.3314,1,0.17302,0.34225,0.22311,0.17476,0.34125,0.21979
7861.3648,1,0.17453,0.34250,0.22420,0.17469,0.34162,0.22111
7861.3985,1,0.17562,0.34276,0.22509,0.17497,0.34197,0.22231
7861.4335,1,0.17671,0.34313,0.22629,0.17549,0.34231,0.22350
7861.4649,1,0.17734,0.34358,0.22730,0.17605,0.34270,0.22464
7861.5023,1,0.17682,0.34419,0.22843,0.17628,0.34314,0.22578
7861.5339,1,0.17914,0.34398,0.22929,0.17714,0.34339,0.22683
7861.5665,1,0.17880,0.34478,0.23095,0.17764,0.34381,0.22806
7861.5990,1,0.17995,0.34459,0.23198,0.17833,0.34404,0.22924
7861.6322,1,0.17962,0.34489,0.23379,0.17872,0.34430,0.23061
7861.6661,1,0.18049,0.34480,0.23514,0.17925,0.34445,0.23196
7861.6988,1,0.18176,0.34467,0.23630,0.18000,0.34451,0.23326
7861.7329,1,0.18187,0.34468,0.23724,0.18056,0.34456,0.23446
7861.7648,1,0.18185,0.34429,0.23815,0.18095,0.34448,0.23556
7861.7989,1,0.18094,0.34421,0.23923,0.18095,0.34440,0.23666
7861.8330,1,0.18114,0.34439,0.24012,0.18100,0.34440,0.23770
7861.8639,1,0.18199,0.34362,0.24107,0.18130,0.34416,0.23871
7861.9055,1,0.18070,0.34367,0.24262,0.18112,0.34401,0.23988
7861.9388,1,0.18167,0.34346,0.24378,0.18128,0.34385,0.24105
7861.9708,1,0.18217,0.34231,0.24485,0.18155,0.34339,0.24219
7862.0075,1,0.18251,0.34120,0.24581,0.18184,0.34273,0.24328
7862.0393,1,0.18206,0.34017,0.24660,0.18190,0.34196,0.24427
7862.0711,1,0.18075,0.34123,0.24779,0.18156,0.34174,0.24533
7862.1024,1,0.18025,0.34108,0.24910,0.18117,0.34154,0.24646
7862.1340,1,0.17758,0.34046,0.25087,0.18009,0.34122,0.24778
7862.1706,1,0.17917,0.33906,0.25195,0.17982,0.34057,0.24903
7862.2018,1,0.18074,0.33938,0.25346,0.18009,0.34021,0.25036
7862.2338,1,0.18100,0.33851,0.25441,0.18037,0.33970,0.25157
7862.2663,1,0.18041,0.33763,0.25586,0.18038,0.33908,0.25286
7862.2988,1,0.17974,0.33762,0.25723,0.18019,0.33864,0.25417
7862.3310,1,0.18169,0.33729,0.25829,0.18064,0.33824,0.25540
7862.3611,1,0.17977,0.33709,0.25997,0.18038,0.33789,0.25677
7862.3928,1,0.18254,0.33680,0.26184,0.18103,0.33757,0.25829
7862.4257,1,0.18472,0.33531,0.26354,0.18214,0.33689,0.25987
7862.4586,1,0.18389,0.33294,0.26558,0.18266,0.33570,0.26158
7862.4895,1,0.18472,0.33149,0.26748,0.18328,0.33444,0.26335
7862.5213,1,0.18643,0.33057,0.26854,0.18423,0.33328,0.26491
7862.5541,1,0.18573,0.33028,0.26961,0.18468,0.33238,0.26632
7862.5851,1,0.18683,0.33075,0.27012,0.18532,0.33189,0.26746
7862.6158,1,0.18742,0.33104,0.27085,0.18595,0.33164,0.26847
7862.6492,1,0.18555,0.33046,0.27221,0.18583,0.33128,0.26959
7862.6835,1,0.18951,0.33019,0.27279,0.18694,0.33095,0.27055
7862.7153,1,0.19021,0.32950,0.27425,0.18792,0.33052,0.27166
7862.7496,1,0.18942,0.32902,0.27608,0.18837,0.33007,0.27299
7862.7816,1,0.19032,0.32751,0.27758,0.18895,0.32930,0.27436
7862.8157,1,0.19074,0.32693,0.27982,0.18949,0.32859,0.27600
7862.8492,1,0.18984,0.32615,0.28196,0.18959,0.32786,0.27779
7862.8850,1,0.18928,0.32558,0.28432,0.18950,0.32717,0.27975
7862.9197,1,0.18999,0.32559,0.28643,0.18965,0.32670,0.28175
7862.9540,1,0.19099,0.32522,0.28812,0.19005,0.32626,0.28366
7862.9848,1,0.19130,0.32493,0.28993,0.19042,0.32586,0.28554
7863.0206,1,0.19379,0.32442,0.29160,0.19143,0.32542,0.28736
7863.0531,1,0.19403,0.32272,0.29341,0.19221,0.32461,0.28918
7863.0872,1,0.19440,0.32163,0.29486,0.19287,0.32372,0.29088
7863.1290,1,0.19372,0.32051,0.29659,0.19312,0.32276,0.29259
7863.1620,1,0.19438,0.32127,0.29851,0.19350,0.32231,0.29437
7863.1921,1,0.19178,0.32049,0.30091,0.19298,0.32177,0.29633
7863.2234,1,0.19372,0.32004,0.30276,0.19320,0.32125,0.29826
7863.2558,1,0.19565,0.31994,0.30485,0.19394,0.32085,0.30024
7863.2873,1,0.19557,0.31978,0.30699,0.19443,0.32053,0.30226
7863.3179,1,0.19575,0.31880,0.30895,0.19482,0.32001,0.30427
7863.3488,1,0.19695,0.31844,0.31073,0.19546,0.31954,0.30621
7863.3843,1,0.19707,0.31801,0.31262,0.19594,0.31908,0.30813
7863.4166,1,0.19690,0.31783,0.31425,0.19623,0.31871,0.30997
7863.4511,1,0.19653,0.31835,0.31587,0.19632,0.31860,0.31174
7863.4817,1,0.19662,0.31871,0.31722,0.19641,0.31863,0.31338
7863.5144,1,0.19778,0.31925,0.31840,0.19682,0.31882,0.31489
7863.5482,1,0.19806,0.31976,0.31984,0.19720,0.31910,0.31637
7863.5819,1,0.19958,0.31941,0.32077,0.19791,0.31919,0.31769
7863.6157,1,0.20123,0.31896,0.32160,0.19891,0.31912,0.31886
7863.6479,1,0.20080,0.31910,0.32259,0.19947,0.31912,0.31998
7863.6842,1,0.20232,0.32002,0.32324,0.20033,0.31939,0.32096
7863.7172,1,0.20332,0.32220,0.32405,0.20123,0.32023,0.32189
7863.7495,1,0.20253,0.32370,0.32487,0.20162,0.32127,0.32278
7863.7853,1,0.20560,0.32528,0.32520,0.20281,0.32248,0.32351
7863.8179,1,0.20516,0.32537,0.32588,0.20352,0.32335,0.32422
7863.8488,1,0.20533,0.32420,0.32669,0.20406,0.32360,0.32496
7863.8808,1,0.20550,0.32302,0.32735,0.20449,0.32343,0.32568
7863.9145,1,0.20605,0.32258,0.32859,0.20496,0.32317,0.32655
7863.9494,1,0.20416,0.32267,0.33021,0.20472,0.32302,0.32765
7863.9865,1,0.20206,0.32348,0.33267,0.20392,0.32316,0.32915
7864.0184,1,0.20223,0.32396,0.33452,0.20341,0.32340,0.33077
7864.0514,1,0.20231,0.32387,0.33611,0.20308,0.32354,0.33237
7864.0845,1,0.20226,0.32262,0.33758,0.20283,0.32326,0.33393
7864.1260,1,0.20162,0.32179,0.33890,0.20247,0.32282,0.33542
7864.1568,1,0.20232,0.32182,0.34001,0.20243,0.32252,0.33680
7864.1898,1,0.20078,0.32332,0.34146,0.20193,0.32276,0.33820
7864.2214,1,0.20153,0.32499,0.34292,0.20181,0.32343,0.33962
7864.2543,1,0.20235,0.32626,0.34446,0.20197,0.32428,0.34107
7864.2986,1,0.20464,0.32688,0.34546,0.20277,0.32506,0.34238
7864.3299,1,0.20332,0.32671,0.34645,0.20294,0.32555,0.34360
7864.3627,1,0.20415,0.32621,0.34733,0.20330,0.32575,0.34472
7864.3944,1,0.20406,0.32592,0.34747,0.20353,0.32580,0.34555
7864.4264,1,0.20236,0.32408,0.34811,0.20318,0.32529,0.34631
7864.4576,1,0.20378,0.32448,0.34874,0.20336,0.32505,0.34704
7864.4897,1,0.20589,0.32514,0.34968,0.20412,0.32508,0.34783
7864.5207,1,0.20434,0.32636,0.35160,0.20418,0.32546,0.34896
7864.5523,1,0.20908,0.32665,0.35272,0.20565,0.32582,0.35009
7864.5844,1,0.21153,0.32655,0.35402,0.20742,0.32604,0.35127
7864.6170,1,0.21073,0.32511,0.35574,0.20841,0.32576,0.35261
7864.6485,1,0.20909,0.32332,0.35718,0.20861,0.32503,0.35398
7864.6815,1,0.20771,0.32258,0.35871,0.20834,0.32429,0.35540
7864.7146,1,0.20967,0.32275,0.35999,0.20874,0.32383,0.35678
7864.7486,1,0.21070,0.32329,0.36182,0.20933,0.32367,0.35829
7864.7822,1,0.21106,0.32367,0.36371,0.20985,0.32367,0.35992
7864.8171,1,0.21240,0.32499,0.36546,0.21061,0.32406,0.36158
7864.8526,1,0.21293,0.32597,0.36691,0.21131,0.32464,0.36318
7864.8869,1,0.21226,0.32585,0.36871,0.21159,0.32500,0.36484
7864.9195,1,0.21078,0.32371,0.36997,0.21135,0.32461,0.36638
7864.9507,1,0.21065,0.32306,0.37099,0.21114,0.32415,0.36776
7864.9825,1,0.21025,0.32336,0.37221,0.21087,0.32391,0.36910
7865.0149,1,0.21020,0.32484,0.37350,0.21067,0.32419,0.37042
7865.0478,1,0.21034,0.32600,0.37472,0.21057,0.32473,0.37171
7865.0818,1,0.21346,0.32646,0.37522,0.21144,0.32525,0.37276
7865.1218,1,0.21263,0.32628,0.37627,0.21180,0.32556,0.37381
7865.1537,1,0.21273,0.32635,0.37727,0.21208,0.32580,0.37485
7865.1865,1,0.21220,0.32575,0.37817,0.21211,0.32578,0.37584
7865.2184,1,0.21308,0.32461,0.37921,0.21240,0.32543,0.37685
7865.2494,1,0.21150,0.32414,0.38002,0.21213,0.32505,0.37781
7865.2820,1,0.20963,0.32442,0.38187,0.21138,0.32486,0.37902
7865.3159,1,0.21124,0.32518,0.38275,0.21134,0.32495,0.38014
7865.3497,1,0.21090,0.32570,0.38337,0.21120,0.32518,0.38111
7865.3826,1,0.21220,0.32611,0.38343,0.21150,0.32546,0.38181
7865.4170,1,0.21008,0.32585,0.38338,0.21108,0.32558,0.38228
7865.4478,1,0.21070,0.32695,0.38251,0.21096,0.32599,0.38235
7865.4833,1,0.21084,0.32767,0.38187,0.21093,0.32649,0.38220
7865.5162,1,0.21220,0.32830,0.38132,0.21131,0.32703,0.38194
7865.5500,1,0.20877,0.32769,0.38171,0.21055,0.32723,0.38187
7865.5822,1,0.21140,0.32603,0.38138,0.21080,0.32687,0.38172
7865.6152,1,0.21139,0.32349,0.38129,0.21098,0.32586,0.38159
7865.6481,1,0.21126,0.32068,0.38092,0.21106,0.32431,0.38139
7865.6844,1,0.20968,0.31908,0.38077,0.21065,0.32274,0.38120
7865.7169,1,0.20872,0.31865,0.38057,0.21007,0.32151,0.38102
7865.7479,1,0.20807,0.31811,0.38016,0.20947,0.32049,0.38076
7865.7817,1,0.20919,0.31750,0.37929,0.20938,0.31959,0.38032
7865.8158,1,0.21141,0.31791,0.37833,0.20999,0.31909,0.37972
7865.8489,1,0.21060,0.31772,0.37768,0.21017,0.31868,0.37911
7865.8824,1,0.21128,0.31732,0.37691,0.21050,0.31827,0.37845
7865.9153,1,0.21133,0.31564,0.37629,0.21075,0.31748,0.37780
7865.9488,1,0.21098,0.31424,0.37598,0.21082,0.31651,0.37725
7865.9821,1,0.20974,0.31263,0.37618,0.21050,0.31535,0.37693
7866.0147,1,0.20988,0.31128,0.37631,0.21031,0.31413,0.37674
7866.0497,1,0.20917,0.30957,0.37653,0.20997,0.31276,0.37668
7866.0857,1,0.21031,0.30780,0.37616,0.21007,0.31127,0.37652
7866.1238,1,0.21116,0.30505,0.37599,0.21040,0.30941,0.37636
7866.1551,1,0.21094,0.30238,0.37574,0.21056,0.30730,0.37618
7866.1870,1,0.21181,0.30071,0.37557,0.21094,0.30532,0.37600
7866.2203,1,0.21151,0.29882,0.37584,0.21111,0.30337,0.37595
7866.2519,1,0.21123,0.29740,0.37606,0.21114,0.30158,0.37598
7866.2834,1,0.21097,0.29581,0.37573,0.21109,0.29985,0.37591
7866.3149,1,0.21034,0.29386,0.37572,0.21086,0.29805,0.37585
7866.3476,1,0.20869,0.29153,0.37572,0.21021,0.29610,0.37581
7866.3826,1,0.20778,0.28939,0.37570,0.20948,0.29408,0.37578
7866.4162,1,0.20796,0.28680,0.37542,0.20902,0.29190,0.37567
7866.4477,1,0.21006,0.28397,0.37487,0.20934,0.28952,0.37543
7866.4821,1,0.20993,0.28097,0.37488,0.20951,0.28696,0.37526
7866.5176,1,0.20834,0.27799,0.37566,0.20916,0.28427,0.37538
7866.5507,1,0.20780,0.27483,0.37607,0.20875,0.28144,0.37559
7866.5827,1,0.20831,0.27232,0.37638,0.20862,0.27870,0.37583
7866.6153,1,0.20583,0.26931,0.37707,0.20778,0.27588,0.37620
7866.6481,1,0.20698,0.26685,0.37733,0.20754,0.27318,0.37654
7866.6813,1,0.20751,0.26614,0.37793,0.20753,0.27107,0.37695
7866.7149,1,0.20918,0.26555,0.37813,0.20803,0.26941,0.37731
7866.7488,1,0.21114,0.26431,0.37786,0.20896,0.26788,0.37747
7866.7811,1,0.21064,0.26125,0.37793,0.20946,0.26589,0.37761
7866.8149,1,0.21134,0.25816,0.37766,0.21003,0.26357,0.37763
7866.8481,1,0.21074,0.25427,0.37783,0.21024,0.26078,0.37769
7866.8838,1,0.20841,0.25180,0.37843,0.20969,0.25809,0.37791
7866.9142,1,0.20775,0.25005,0.37858,0.20911,0.25568,0.37811
7866.9489,1,0.21135,0.24744,0.37788,0.20978,0.25320,0.37804
7866.9817,1,0.21206,0.24426,0.37763,0.21046,0.25052,0.37792
7867.0147,1,0.21375,0.24076,0.37718,0.21145,0.24759,0.37770
7867.0515,1,0.21471,0.23729,0.37671,0.21243,0.24450,0.37740
7867.0837,1,0.21473,0.23493,0.37680,0.21312,0.24163,0.37722
7867.1256,1,0.21390,0.23238,0.37678,0.21335,0.23886,0.37709
7867.1567,1,0.21436,0.23083,0.37702,0.21365,0.23645,0.37707
7867.1894,1,0.21520,0.22878,0.37704,0.21412,0.23415,0.37706
7867.2223,1,0.21553,0.22576,0.37707,0.21454,0.23163,0.37706
7867.2553,1,0.21500,0.22307,0.37734,0.21468,0.22906,0.37715
7867.2870,1,0.21353,0.22004,0.37735,0.21433,0.22635,0.37721
7867.3209,1,0.21541,0.21673,0.37713,0.21466,0.22347,0.37719
7867.3513,1,0.21665,0.21448,0.37710,0.21525,0.22077,0.37716
7867.3898,1,0.21370,0.21224,0.37767,0.21479,0.21821,0.37731
7867.4203,1,0.21549,0.20981,0.37758,0.21500,0.21569,0.37739
7867.4520,1,0.21436,0.20759,0.37789,0.21481,0.21326,0.37754
7867.4845,1,0.21563,0.20506,0.37771,0.21505,0.21080,0.37759
7867.5172,1,0.21678,0.20292,0.37730,0.21557,0.20844,0.37750
7867.5472,1,0.21764,0.19993,0.37695,0.21619,0.20588,0.37734
7867.5785,1,0.21802,0.19921,0.37672,0.21674,0.20388,0.37715
7867.6097,1,0.22036,0.19650,0.37639,0.21783,0.20167,0.37692
7867.6421,1,0.22260,0.19556,0.37605,0.21926,0.19984,0.37666
7867.6737,1,0.22219,0.19409,0.37641,0.22014,0.19811,0.37659
7867.7059,1,0.22409,0.19337,0.37638,0.22133,0.19669,0.37652
7867.7366,1,0.22360,0.19068,0.37668,0.22201,0.19489,0.37657
7867.7710,1,0.22390,0.18929,0.37727,0.22257,0.19321,0.37678
7867.8063,1,0.22480,0.18694,0.37744,0.22324,0.19133,0.37698
7867.8391,1,0.22523,0.18530,0.37841,0.22384,0.18952,0.37741
7867.8726,1,0.22534,0.18331,0.37882,0.22429,0.18765,0.37783
7867.9047,1,0.22610,0.18088,0.37905,0.22483,0.18562,0.37820
7867.9377,1,0.22779,0.17849,0.37893,0.22572,0.18348,0.37841
7867.9692,1,0.22839,0.17537,0.37831,0.22652,0.18105,0.37838
7868.0003,1,0.22686,0.17315,0.37836,0.22662,0.17868,0.37838
7868.0335,1,0.22895,0.17042,0.37796,0.22732,0.17620,0.37825
7868.0650,1,0.22880,0.16826,0.37818,0.22776,0.17382,0.37823
7868.1103,1,0.22736,0.16654,0.37865,0.22764,0.17163,0.37836
7868.1432,1,0.22665,0.16427,0.37910,0.22734,0.16942,0.37858
7868.1762,1,0.22840,0.16230,0.37899,0.22766,0.16729,0.37870
7868.2071,1,0.22715,0.15902,0.37916,0.22751,0.16481,0.37884
7868.2384,1,0.22491,0.15661,0.37983,0.22673,0.16235,0.37913
7868.2709,1,0.22438,0.15316,0.38012,0.22602,0.15959,0.37943
7868.3034,1,0.22300,0.15082,0.38067,0.22512,0.15696,0.37980
7868.3355,1,0.22263,0.14812,0.38089,0.22437,0.15431,0.38013
7868.3681,1,0.22415,0.14643,0.38097,0.22430,0.15194,0.38038
7868.4013,1,0.22423,0.14441,0.38076,0.22428,0.14968,0.38049
7868.4398,1,0.22637,0.14177,0.38080,0.22491,0.14731,0.38059
7868.4702,1,0.22566,0.14057,0.38070,0.22513,0.14529,0.38062
7868.5020,1,0.22692,0.13827,0.38031,0.22567,0.14318,0.38053
7868.5414,1,0.22676,0.13626,0.38031,0.22600,0.14110,0.38046
7868.5759,1,0.22683,0.13336,0.38000,0.22625,0.13878,0.38032
7868.6097,1,0.22845,0.13033,0.37908,0.22691,0.13624,0.37995
7868.6420,1,0.23467,0.12650,0.37725,0.22924,0.13332,0.37914
7868.6740,1,0.23407,0.11895,0.37720,0.23068,0.12901,0.37856
7868.7052,1,0.23453,0.10961,0.37654,0.23184,0.12319,0.37795
7868.7402,1,0.23556,0.09979,0.37599,0.23295,0.11617,0.37736
7868.7737,1,0.23366,0.09036,0.37640,0.23317,0.10843,0.37708
7868.8055,1,0.23572,0.07863,0.37599,0.23393,0.09949,0.37675
7868.8370,1,0.22984,0.06705,0.37781,0.23270,0.08976,0.37707
7868.8691,1,0.23226,0.05656,0.37811,0.23257,0.07980,0.37738
7868.9028,1,0.23244,0.04509,0.37810,0.23253,0.06938,0.37760
7868.9364,1,0.23233,0.03299,0.37860,0.23247,0.05847,0.37790
7868.9682,1,0.23668,0.02122,0.37793,0.23374,0.04729,0.37791
7869.0010,1,0.23656,0.00751,0.37768,0.23458,0.03536,0.37784
7869.0333,1,0.23517,-0.00422,0.37783,0.23476,0.02348,0.37784
7869.0647,1,0.23581,-0.01699,0.37782,0.23507,0.01134,0.37783
7869.1081,1,0.23229,-0.02888,0.37850,0.23424,-0.00072,0.37803
7869.1401,1,0.22839,-0.03995,0.37918,0.23248,-0.01249,0.37838
7869.1732,1,0.22848,-0.05029,0.37933,0.23128,-0.02383,0.37866
7869.2058,1,0.23010,-0.06114,0.37938,0.23093,-0.03502,0.37888
7869.2404,1,0.22806,-0.06979,0.37966,0.23007,-0.04545,0.37911
7869.2740,1,0.22701,-0.07871,0.37922,0.22915,-0.05543,0.37915
7869.3067,1,0.22699,-0.08700,0.37905,0.22850,-0.06490,0.37912
7869.3403,1,0.22623,-0.09445,0.37853,0.22782,-0.07377,0.37894
7869.3739,1,0.22569,-0.10224,0.37786,0.22718,-0.08231,0.37862
7869.4069,1,0.22534,-0.10867,0.37731,0.22663,-0.09022,0.37822
7869.4389,1,0.22482,-0.11576,0.37684,0.22609,-0.09788,0.37781
7869.4708,1,0.22333,-0.12226,0.37643,0.22526,-0.10519,0.37739
7869.5024,1,0.22281,-0.12770,0.37602,0.22452,-0.11195,0.37698
7869.5356,1,0.21997,-0.13382,0.37595,0.22316,-0.11851,0.37667
7869.5671,1,0.21825,-0.13990,0.37576,0.22169,-0.12493,0.37640
7869.6011,1,0.21542,-0.14584,0.37596,0.21980,-0.13120,0.37626
7869.6337,1,0.21554,-0.15079,0.37584,0.21853,-0.13708,0.37614
7869.6697,1,0.21507,-0.15620,0.37538,0.21749,-0.14281,0.37591
7869.7028,1,0.21471,-0.16043,0.37515,0.21666,-0.14810,0.37568
7869.7351,1,0.21664,-0.16479,0.37435,0.21665,-0.15311,0.37528
7869.7669,1,0.21418,-0.17106,0.37458,0.21591,-0.15849,0.37507
7869.7973,1,0.21311,-0.17647,0.37434,0.21507,-0.16388,0.37485
7869.8310,1,0.21249,-0.18158,0.37420,0.21430,-0.16919,0.37466
7869.8706,1,0.21374,-0.18624,0.37336,0.21413,-0.17431,0.37427
7869.9026,1,0.21462,-0.18943,0.37197,0.21428,-0.17884,0.37358
7869.9336,1,0.21265,-0.19549,0.37116,0.21379,-0.18384,0.37285
7869.9643,1,0.21013,-0.20130,0.37066,0.21269,-0.18908,0.37219
7870.0070,1,0.21037,-0.20738,0.36957,0.21200,-0.19457,0.37141
7870.0388,1,0.21043,-0.21334,0.36857,0.21153,-0.20020,0.37055
7870.0715,1,0.20946,-0.21904,0.36776,0.21091,-0.20585,0.36972
7870.1061,1,0.20862,-0.22486,0.36676,0.21022,-0.21155,0.36883
7870.1399,1,0.20793,-0.23016,0.36603,0.20953,-0.21713,0.36799
7870.1713,1,0.20786,-0.23474,0.36524,0.20903,-0.22242,0.36716
7870.2025,1,0.20521,-0.23926,0.36482,0.20788,-0.22747,0.36646
7870.2356,1,0.20453,-0.24383,0.36453,0.20688,-0.23238,0.36588
7870.2690,1,0.20381,-0.24787,0.36436,0.20596,-0.23703,0.36542
7870.2997,1,0.20317,-0.25117,0.36438,0.20512,-0.24127,0.36511
7870.3321,1,0.20162,-0.25474,0.36453,0.20407,-0.24531,0.36493
7870.3673,1,0.20159,-0.25746,0.36453,0.20333,-0.24896,0.36481
7870.3990,1,0.19904,-0.26133,0.36490,0.20204,-0.25267,0.36484
7870.4318,1,0.19979,-0.26477,0.36473,0.20136,-0.25630,0.36480
7870.4654,1,0.20003,-0.26756,0.36554,0.20096,-0.25968,0.36503
7870.4980,1,0.19842,-0.26964,0.36619,0.20020,-0.26266,0.36538
7870.5326,1,0.20053,-0.27142,0.36676,0.20030,-0.26529,0.36579
7870.5651,1,0.19834,-0.27400,0.36787,0.19971,-0.26790,0.36642
7870.5978,1,0.19684,-0.27599,0.36840,0.19885,-0.27033,0.36701
7870.6317,1,0.19555,-0.27803,0.36883,0.19786,-0.27264,0.36756
7870.6654,1,0.19413,-0.27887,0.36898,0.19674,-0.27451,0.36798
7870.6995,1,0.19465,-0.28029,0.36817,0.19611,-0.27624,0.36804
7870.7321,1,0.19438,-0.28080,0.36713,0.19559,-0.27761,0.36777
7870.7665,1,0.19587,-0.28054,0.36476,0.19568,-0.27849,0.36687
7870.8020,1,0.19767,-0.27956,0.36158,0.19628,-0.27881,0.36528
7870.8331,1,0.19630,-0.27874,0.35878,0.19628,-0.27879,0.36333
7870.8643,1,0.19306,-0.27778,0.35596,0.19531,-0.27849,0.36112
7870.8994,1,0.19331,-0.27651,0.35213,0.19471,-0.27790,0.35842
7870.9389,1,0.19291,-0.27519,0.34826,0.19417,-0.27708,0.35537
7870.9710,1,0.19225,-0.27355,0.34534,0.19360,-0.27603,0.35236
7871.0019,1,0.18943,-0.27181,0.34247,0.19235,-0.27476,0.34939
7871.0326,1,0.18735,-0.27096,0.33935,0.19085,-0.27362,0.34638
7871.0653,1,0.18638,-0.27006,0.33620,0.18951,-0.27255,0.34332
7871.1080,1,0.18272,-0.26912,0.33306,0.18747,-0.27152,0.34025
7871.1382,1,0.18254,-0.26775,0.32908,0.18599,-0.27039,0.33689
7871.1690,1,0.18192,-0.26644,0.32585,0.18477,-0.26921,0.33358
7871.1998,1,0.18291,-0.26425,0.32218,0.18421,-0.26772,0.33016
7871.2309,1,0.18446,-0.26258,0.31866,0.18429,-0.26618,0.32671
7871.2657,1,0.17890,-0.26133,0.31532,0.18267,-0.26472,0.32329
7871.2984,1,0.17560,-0.26101,0.31180,0.18055,-0.26361,0.31985
7871.3326,1,0.17439,-0.26121,0.30867,0.17870,-0.26289,0.31649
7871.3648,1,0.17495,-0.26099,0.30526,0.17758,-0.26232,0.31312
7871.3987,1,0.17460,-0.26014,0.30199,0.17668,-0.26167,0.30978
7871.4314,1,0.17413,-0.26052,0.29878,0.17592,-0.26132,0.30648
7871.4694,1,0.17253,-0.26172,0.29552,0.17490,-0.26144,0.30319
7871.5016,1,0.16917,-0.26274,0.29170,0.17318,-0.26183,0.29974
7871.5326,1,0.16988,-0.26373,0.28731,0.17219,-0.26240,0.29601
7871.5641,1,0.16885,-0.26454,0.28313,0.17119,-0.26304,0.29215
7871.5986,1,0.16745,-0.26495,0.27857,0.17007,-0.26361,0.28807
7871.6325,1,0.16597,-0.26530,0.27404,0.16884,-0.26412,0.28387
7871.6704,1,0.16484,-0.26716,0.26924,0.16764,-0.26503,0.27948
7871.7015,1,0.16397,-0.26838,0.26427,0.16654,-0.26604,0.27492
7871.7330,1,0.15976,-0.27051,0.25871,0.16450,-0.26738,0.27005
7871.7642,1,0.15780,-0.27179,0.25342,0.16249,-0.26870,0.26506
7871.7951,1,0.15466,-0.27271,0.24855,0.16014,-0.26990,0.26011
7871.8287,1,0.15300,-0.27403,0.24338,0.15800,-0.27114,0.25509
7871.8603,1,0.15279,-0.27403,0.23813,0.15644,-0.27201,0.25000
7871.8939,1,0.15233,-0.27463,0.23350,0.15521,-0.27279,0.24505
7871.9262,1,0.15337,-0.27560,0.22843,0.15466,-0.27363,0.24006
7871.9582,1,0.15050,-0.27407,0.22419,0.15341,-0.27376,0.23530
7871.9894,1,0.14845,-0.27354,0.21955,0.15192,-0.27370,0.23058
7872.0224,1,0.14716,-0.27202,0.21476,0.15049,-0.27319,0.22583
7872.0541,1,0.14851,-0.27051,0.20921,0.14990,-0.27239,0.22085
7872.0861,1,0.14613,-0.26876,0.20435,0.14877,-0.27130,0.21590
7872.1237,1,0.14352,-0.26903,0.19894,0.14719,-0.27062,0.21081
7872.1552,1,0.14273,-0.26896,0.19332,0.14585,-0.27012,0.20556
7872.1877,1,0.13976,-0.26809,0.18812,0.14403,-0.26951,0.20033
7872.2182,1,0.13645,-0.26614,0.18268,0.14176,-0.26850,0.19504
7872.2496,1,0.13582,-0.26559,0.17698,0.13998,-0.26763,0.18962
7872.2810,1,0.13194,-0.26388,0.17181,0.13756,-0.26650,0.18428
7872.3154,1,0.12830,-0.26346,0.16759,0.13479,-0.26559,0.17927
7872.3481,1,0.12773,-0.26154,0.16396,0.13267,-0.26438,0.17468
7872.3844,1,0.12659,-0.26016,0.16106,0.13085,-0.26311,0.17059
7872.4157,1,0.12613,-0.25874,0.15835,0.12943,-0.26180,0.16692
7872.4477,1,0.12562,-0.25635,0.15590,0.12829,-0.26017,0.16361
7872.4824,1,0.12356,-0.25471,0.15356,0.12687,-0.25853,0.16060
7872.5148,1,0.12345,-0.25315,0.15190,0.12584,-0.25691,0.15799
7872.5487,1,0.12304,-0.25203,0.14993,0.12500,-0.25545,0.15557
7872.5831,1,0.12223,-0.25089,0.14832,0.12417,-0.25408,0.15340
7872.6152,1,0.12134,-0.24768,0.14674,0.12332,-0.25216,0.15140
7872.6484,1,0.11957,-0.24531,0.14518,0.12219,-0.25011,0.14953
7872.6811,1,0.11980,-0.24224,0.14396,0.12148,-0.24775,0.14786
7872.7232,1,0.12094,-0.23940,0.14281,0.12132,-0.24524,0.14635
7872.7544,1,0.11962,-0.23618,0.14233,0.12081,-0.24252,0.14514
7872.7889,1,0.11870,-0.23268,0.14160,0.12017,-0.23957,0.14408
7872.8211,1,0.12008,-0.22800,0.14052,0.12015,-0.23610,0.14301
7872.8527,1,0.11828,-0.22341,0.13934,0.11959,-0.23229,0.14191
7872.8846,1,0.11772,-0.21763,0.13772,0.11903,-0.22789,0.14065
7872.9153,1,0.11732,-0.21085,0.13655,0.11852,-0.22278,0.13942
7872.9496,1,0.11630,-0.20498,0.13535,0.11785,-0.21744,0.13820
7872.9819,1,0.11654,-0.19951,0.13444,0.11746,-0.21206,0.13707
7873.0139,1,0.11665,-0.19525,0.13365,0.11722,-0.20702,0.13605
7873.0513,1,0.11481,-0.19098,0.13297,0.11649,-0.20221,0.13512
7873.0888,1,0.11304,-0.18582,0.13325,0.11546,-0.19729,0.13456
7873.1209,1,0.11223,-0.18005,0.13354,0.11449,-0.19212,0.13425
7873.1527,1,0.11156,-0.17366,0.13359,0.11361,-0.18658,0.13405
7873.1853,1,0.11263,-0.16459,0.13381,0.11332,-0.17998,0.13398
7873.2177,1,0.11309,-0.15857,0.13278,0.11325,-0.17356,0.13362
7873.2508,1,0.11150,-0.15067,0.13300,0.11272,-0.16669,0.13343
7873.2822,1,0.10936,-0.14492,0.13254,0.11171,-0.16016,0.13317
7873.3162,1,0.11051,-0.13757,0.13337,0.11135,-0.15338,0.13323
7873.3476,1,0.10991,-0.13042,0.13415,0.11092,-0.14649,0.13350
7873.3816,1,0.11187,-0.12307,0.13438,0.11120,-0.13947,0.13377
7873.4209,1,0.10952,-0.11668,0.13535,0.11070,-0.13263,0.13424
7873.4526,1,0.11043,-0.10974,0.13590,0.11062,-0.12576,0.13474
7873.4831,1,0.11404,-0.10289,0.13628,0.11164,-0.11890,0.13520
7873.5151,1,0.11414,-0.09550,0.13664,0.11239,-0.11188,0.13563
7873.5509,1,0.11389,-0.08809,0.13713,0.11284,-0.10474,0.13608
7873.5840,1,0.11440,-0.08224,0.13688,0.11331,-0.09799,0.13632
7873.6167,1,0.11551,-0.07503,0.13705,0.11397,-0.09110,0.13654
7873.6500,1,0.11467,-0.06835,0.13687,0.11418,-0.08428,0.13664
7873.6827,1,0.11332,-0.06253,0.13623,0.11392,-0.07775,0.13652
7873.7145,1,0.11204,-0.05617,0.13671,0.11336,-0.07128,0.13657
7873.7497,1,0.10720,-0.05164,0.13661,0.11151,-0.06539,0.13659
7873.7857,1,0.10613,-0.04648,0.13609,0.10990,-0.05971,0.13644
7873.8183,1,0.10199,-0.04121,0.13536,0.10752,-0.05416,0.13611
7873.8554,1,0.10107,-0.03518,0.13471,0.10559,-0.04847,0.13569
7873.8918,1,0.10477,-0.02850,0.13318,0.10534,-0.04248,0.13494
7873.9249,1,0.10192,-0.02173,0.13233,0.10431,-0.03626,0.13416
7873.9586,1,0.09613,-0.01421,0.13235,0.10186,-0.02964,0.13361
7873.9933,1,0.09572,-0.00613,0.13168,0.10002,-0.02259,0.13303
7874.0283,1,0.09269,0.00225,0.13169,0.09782,-0.01514,0.13263
7874.0600,1,0.09323,0.01018,0.13094,0.09644,-0.00754,0.13212
7874.0921,1,0.09347,0.01951,0.13046,0.09555,0.00057,0.13162
7874.1258,1,0.08892,0.02567,0.13057,0.09356,0.00810,0.13131
7874.1589,1,0.08779,0.03290,0.12987,0.09183,0.01554,0.13088
7874.1988,1,0.08174,0.04066,0.12983,0.08880,0.02308,0.13056
7874.2307,1,0.07691,0.04680,0.12935,0.08524,0.03019,0.13020
7874.2661,1,0.07479,0.05282,0.12910,0.08210,0.03698,0.12987
7874.2976,1,0.07353,0.05849,0.12907,0.07953,0.04343,0.12963
7874.3326,1,0.06845,0.06471,0.13012,0.07621,0.04982,0.12978
7874.3666,1,0.06599,0.07203,0.13112,0.07314,0.05648,0.13018
7874.4006,1,0.06937,0.07818,0.13099,0.07201,0.06299,0.13042
7874.4331,1,0.07735,0.08484,0.13101,0.07361,0.06955,0.13060
7874.4792,1,0.07797,0.08968,0.13267,0.07492,0.07559,0.13122
7874.5212,1,0.08319,0.09416,0.13336,0.07740,0.08116,0.13186
7874.5643,1,0.07532,0.09922,0.13655,0.07678,0.08658,0.13327
7874.5958,1,0.07149,0.10430,0.13881,0.07519,0.09189,0.13493
7874.6389,1,0.07235,0.10784,0.14043,0.07434,0.09668,0.13658
7874.6820,1,0.07120,0.11219,0.14161,0.07340,0.10133,0.13809
7874.7237,1,0.07190,0.11517,0.14253,0.07295,0.10548,0.13942
7874.7664,1,0.07143,0.11822,0.14344,0.07249,0.10930,0.14063
7874.8084,1,0.06979,0.12231,0.14459,0.07168,0.11321,0.14181
7874.8392,1,0.06779,0.12668,0.14584,0.07052,0.11725,0.14302
7874.8708,1,0.06759,0.13087,0.14668,0.06964,0.12133,0.14412
7874.9019,1,0.06502,0.13479,0.14807,0.06825,0.12537,0.14531
7874.9371,1,0.06762,0.14156,0.15050,0.06806,0.13023,0.14686
7874.9696,1,0.06893,0.14357,0.15106,0.06832,0.13423,0.14812
7875.0033,1,0.06933,0.14634,0.15201,0.06863,0.13786,0.14929
7875.0371,1,0.06750,0.14788,0.15314,0.06829,0.14087,0.15044
7875.0698,1,0.06323,0.14979,0.15473,0.06677,0.14355,0.15173
7875.1005,1,0.06171,0.15309,0.15599,0.06525,0.14641,0.15301
7875.1337,1,0.05730,0.15510,0.15762,0.06287,0.14902,0.15439
7875.1751,1,0.05517,0.15791,0.15924,0.06056,0.15168,0.15585
7875.2068,1,0.05665,0.16091,0.16004,0.05939,0.15445,0.15711
7875.2395,1,0.05512,0.16252,0.16135,0.05811,0.15687,0.15838
7875.2711,1,0.05917,0.16670,0.16160,0.05842,0.15982,0.15935
7875.3031,1,0.06215,0.16927,0.16208,0.05954,0.16265,0.16017
7875.3369,1,0.06159,0.17194,0.16307,0.06016,0.16544,0.16104
7875.3746,1,0.06263,0.17566,0.16400,0.06090,0.16851,0.16193
7875.4096,1,0.06255,0.17989,0.16472,0.06140,0.17192,0.16276
7875.4420,1,0.06375,0.18277,0.16521,0.06210,0.17518,0.16350
7875.4749,1,0.05939,0.18622,0.16625,0.06129,0.17849,0.16432
7875.5065,1,0.05138,0.19072,0.16701,0.05832,0.18216,0.16513
7875.5375,1,0.05000,0.19401,0.16708,0.05582,0.18571,0.16572
7875.5743,1,0.05000,0.19757,0.16687,0.05407,0.18927,0.16606
7875.6066,1,0.05000,0.20295,0.16693,0.05285,0.19337,0.16632
7875.6397,1,0.05000,0.20779,0.16613,0.05200,0.19770,0.16626
7875.6713,1,0.05000,0.21220,0.16656,0.05140,0.20205,0.16635
7875.7033,1,0.05000,0.21491,0.16496,0.05098,0.20591,0.16593
7875.7342,1,0.05000,0.22149,0.16495,0.05068,0.21058,0.16564
7875.7668,1,0.05000,0.22607,0.16375,0.05048,0.21523,0.16507
7875.7996,1,0.05000,0.23200,0.16340,0.05034,0.22026,0.16457
7875.8312,1,0.05000,0.23772,0.16287,0.05023,0.22550,0.16406
7875.8654,1,0.05000,0.24237,0.16163,0.05016,0.23056,0.16333
7875.9072,1,0.05000,0.24659,0.15997,0.05012,0.23537,0.16232
7875.9382,1,0.05000,0.25065,0.15883,0.05008,0.23995,0.16128
7875.9701,1,0.05000,0.25174,0.15896,0.05006,0.24349,0.16058
7876.0010,1,0.05000,0.25405,0.15903,0.05004,0.24666,0.16012
7876.0328,1,0.05189,0.25617,0.15786,0.05059,0.24951,0.15944
7876.0685,1,0.05802,0.25862,0.15689,0.05282,0.25225,0.15868
7876.0996,1,0.06246,0.26051,0.15662,0.05571,0.25473,0.15806
7876.1318,1,0.06521,0.26159,0.15646,0.05856,0.25679,0.15758
7876.1725,1,0.06733,0.26278,0.15614,0.06119,0.25858,0.15715
7876.2062,1,0.06739,0.26190,0.15581,0.06305,0.25958,0.15674
7876.2403,1,0.06914,0.26125,0.15494,0.06488,0.26008,0.15620
7876.2726,1,0.07004,0.26051,0.15429,0.06643,0.26021,0.15563
7876.3063,1,0.07194,0.25923,0.15357,0.06808,0.25992,0.15501
7876.3476,1,0.07091,0.26030,0.15276,0.06893,0.26003,0.15434
7876.3812,1,0.07185,0.26133,0.15124,0.06980,0.26042,0.15341
7876.4226,1,0.06737,0.26319,0.15062,0.06907,0.26125,0.15257
7876.4552,1,0.06654,0.26451,0.14971,0.06831,0.26223,0.15171
7876.4895,1,0.07045,0.26670,0.14807,0.06895,0.26357,0.15062
7876.5219,1,0.07095,0.26784,0.14754,0.06955,0.26485,0.14969
7876.5576,1,0.07285,0.26968,0.14673,0.07054,0.26630,0.14881
7876.5894,1,0.07394,0.27025,0.14644,0.07156,0.26748,0.14809
7876.6225,1,0.07406,0.27310,0.14623,0.07231,0.26917,0.14753
7876.6541,1,0.07540,0.27577,0.14561,0.07324,0.27115,0.14696
7876.6931,1,0.07612,0.27742,0.14493,0.07410,0.27303,0.14635
7876.7240,1,0.07971,0.28080,0.14309,0.07578,0.27536,0.14537
7876.7557,1,0.07407,0.28383,0.14295,0.07527,0.27790,0.14465
7876.7898,1,0.07247,0.28663,0.14219,0.07443,0.28052,0.14391
7876.8218,1,0.07438,0.28856,0.14168,0.07441,0.28293,0.14324
7876.8526,1,0.07247,0.29079,0.14152,0.07383,0.28529,0.14272
7876.8833,1,0.07369,0.29261,0.14111,0.07379,0.28749,0.14224
7876.9140,1,0.07110,0.29533,0.14126,0.07298,0.28984,0.14195
7876.9486,1,0.07350,0.29752,0.14039,0.07314,0.29215,0.14148
7876.9861,1,0.07219,0.29850,0.14016,0.07285,0.29405,0.14108
7877.0252,1,0.07135,0.30051,0.13998,0.07240,0.29599,0.14075
7877.0612,1,0.07192,0.30040,0.14011,0.07226,0.29731,0.14056
7877.0994,1,0.06991,0.30146,0.14170,0.07155,0.29856,0.14090
7877.1407,1,0.07321,0.30036,0.14388,0.07205,0.29910,0.14179
7877.1719,1,0.07412,0.29869,0.14798,0.07267,0.29897,0.14365
7877.2084,1,0.07538,0.29824,0.15256,0.07348,0.29875,0.14632
7877.2401,1,0.08837,0.29905,0.16074,0.07795,0.29884,0.15065
7877.2721,1,0.07826,0.30146,0.16897,0.07804,0.29963,0.15615
7877.3084,1,0.07859,0.30067,0.17509,0.07821,0.29994,0.16183
7877.3401,1,0.08326,0.30099,0.18084,0.07972,0.30025,0.16753
7877.3711,1,0.08075,0.30399,0.18675,0.08003,0.30137,0.17330
7877.4035,1,0.08319,0.30525,0.19186,0.08098,0.30254,0.17887
7877.4375,1,0.08212,0.30627,0.19776,0.08132,0.30366,0.18454
7877.4696,1,0.08475,0.30740,0.20321,0.08235,0.30478,0.19014
7877.5013,1,0.08817,0.30986,0.20853,0.08409,0.30630,0.19566
7877.5343,1,0.08870,0.30947,0.21435,0.08548,0.30725,0.20126
7877.5670,1,0.09168,0.31231,0.21966,0.08734,0.30877,0.20678
7877.6023,1,0.09214,0.31170,0.22488,0.08878,0.30965,0.21221
7877.6332,1,0.09539,0.31333,0.22966,0.09076,0.31075,0.21744
7877.6646,1,0.09712,0.31339,0.23439,0.09267,0.31154,0.22253
7877.7001,1,0.09480,0.31300,0.23948,0.09331,0.31198,0.22761
7877.7348,1,0.09853,0.31372,0.24334,0.09488,0.31250,0.23233
7877.7693,1,0.09940,0.31429,0.24733,0.09623,0.31304,0.23683
7877.8026,1,0.09868,0.31422,0.25145,0.09697,0.31339,0.24122
7877.8348,1,0.09770,0.31518,0.25559,0.09719,0.31393,0.24553
7877.8684,1,0.10177,0.31548,0.25821,0.09856,0.31439,0.24933
7877.8997,1,0.10361,0.31562,0.26142,0.10008,0.31476,0.25296
7877.9318,1,0.10652,0.31510,0.26411,0.10201,0.31486,0.25630
7877.9664,1,0.09987,0.31600,0.26827,0.10137,0.31521,0.25989
7877.9996,1,0.10660,0.31480,0.27083,0.10294,0.31508,0.26318
7878.0305,1,0.10748,0.31516,0.27408,0.10430,0.31511,0.26645
7878.0656,1,0.10687,0.31503,0.27734,0.10507,0.31509,0.26971
7878.1047,1,0.10852,0.31493,0.28029,0.10611,0.31504,0.27289
7878.1447,1,0.10819,0.31521,0.28371,0.10673,0.31509,0.27613
7878.1788,1,0.11087,0.31518,0.28642,0.10797,0.31512,0.27922
7878.2107,1,0.11375,0.31431,0.28868,0.10971,0.31488,0.28206
7878.2428,1,0.11713,0.31476,0.29037,0.11193,0.31484,0.28455
7878.2807,1,0.11995,0.31363,0.29132,0.11434,0.31448,0.28658
7878.3119,1,0.12091,0.31225,0.29244,0.11631,0.31381,0.28834
7878.3481,1,0.12296,0.31107,0.29313,0.11830,0.31299,0.28978
7878.3818,1,0.12430,0.31019,0.29352,0.12010,0.31215,0.29090
7878.4217,1,0.12773,0.30882,0.29350,0.12239,0.31115,0.29168
7878.4537,1,0.13058,0.30660,0.29335,0.12485,0.30978,0.29218
7878.4853,1,0.13318,0.30461,0.29305,0.12735,0.30823,0.29244
7878.5173,1,0.13567,0.30332,0.29271,0.12984,0.30676,0.29252
7878.5485,1,0.13727,0.30201,0.29240,0.13207,0.30533,0.29248
7878.5924,1,0.13614,0.30164,0.29259,0.13329,0.30423,0.29252
7878.6247,1,0.14182,0.30002,0.29115,0.13585,0.30296,0.29211
7878.6597,1,0.14600,0.29914,0.28983,0.13889,0.30182,0.29142
7878.6925,1,0.14568,0.29844,0.28933,0.14093,0.30080,0.29080
7878.7247,1,0.15076,0.29721,0.28783,0.14388,0.29973,0.28991
7878.7578,1,0.15494,0.29604,0.28642,0.14720,0.29862,0.28886
7878.7906,1,0.15656,0.29563,0.28549,0.15001,0.29772,0.28785
7878.8244,1,0.15976,0.29453,0.28443,0.15293,0.29676,0.28682
7878.8629,1,0.16215,0.29373,0.28336,0.15570,0.29585,0.28579
7878.8973,1,0.16486,0.29270,0.28254,0.15845,0.29491,0.28481
7878.9318,1,0.16714,0.29175,0.28157,0.16105,0.29396,0.28384
7878.9669,1,0.17054,0.29113,0.28071,0.16390,0.29311,0.28290
7879.0002,1,0.17353,0.29054,0.27975,0.16679,0.29234,0.28196
7879.0350,1,0.17972,0.28945,0.27796,0.17067,0.29147,0.28076
7879.0664,1,0.18416,0.28876,0.27655,0.17472,0.29066,0.27949
7879.1114,1,0.18950,0.28724,0.27547,0.17915,0.28963,0.27829
7879.1446,1,0.19042,0.28685,0.27517,0.18253,0.28880,0.27735
7879.1760,1,0.19459,0.28607,0.27415,0.18615,0.28798,0.27639
7879.2076,1,0.19933,0.28557,0.27315,0.19010,0.28726,0.27542
7879.2454,1,0.20350,0.28527,0.27221,0.19412,0.28666,0.27446
7879.2771,1,0.20769,0.28512,0.27128,0.19819,0.28620,0.27350
7879.3096,1,0.21070,0.28524,0.27033,0.20195,0.28591,0.27255
7879.3414,1,0.21624,0.28531,0.26883,0.20623,0.28573,0.27143
7879.3722,1,0.22183,0.28565,0.26722,0.21091,0.28571,0.27017
7879.4035,1,0.22655,0.28755,0.26572,0.21560,0.28626,0.26883
7879.4380,1,0.23113,0.28809,0.26400,0.22026,0.28681,0.26738
7879.4815,1,0.23552,0.29063,0.26272,0.22484,0.28795,0.26598
7879.5134,1,0.23970,0.29287,0.26122,0.22930,0.28943,0.26456
7879.5535,1,0.24558,0.29480,0.25976,0.23418,0.29104,0.26312
7879.5871,1,0.25027,0.29772,0.25820,0.23901,0.29305,0.26164
7879.6206,1,0.25587,0.30009,0.25694,0.24407,0.29516,0.26023
7879.6521,1,0.26009,0.30395,0.25562,0.24887,0.29779,0.25885
7879.6846,1,0.26388,0.30662,0.25386,0.25338,0.30044,0.25735
7879.7187,1,0.27117,0.31002,0.25203,0.25871,0.30332,0.25576
7879.7494,1,0.27824,0.31304,0.24988,0.26457,0.30624,0.25399
7879.7821,1,0.28344,0.31658,0.24792,0.27023,0.30934,0.25217
7879.8156,1,0.28875,0.31983,0.24615,0.27579,0.31249,0.25037
7879.8484,1,0.29304,0.32184,0.24465,0.28096,0.31529,0.24865
7879.8869,1,0.30009,0.32547,0.24302,0.28670,0.31835,0.24696
7879.9178,1,0.30574,0.32784,0.24133,0.29241,0.32119,0.24527
7879.9492,1,0.30864,0.33106,0.24042,0.29728,0.32415,0.24382
7879.9827,1,0.31561,0.33287,0.23903,0.30278,0.32677,0.24238
7880.0168,1,0.31977,0.33778,0.23763,0.30788,0.33007,0.24095
7880.0485,1,0.32461,0.34009,0.23686,0.31290,0.33308,0.23972
7880.0814,1,0.33034,0.34355,0.23566,0.31813,0.33622,0.23851
7880.1147,1,0.33486,0.34931,0.23330,0.32315,0.34015,0.23694
7880.1477,1,0.33813,0.35180,0.23100,0.32764,0.34364,0.23516
7880.1822,1,0.33746,0.35552,0.22882,0.33059,0.34721,0.23326
7880.2165,1,0.34116,0.35733,0.22732,0.33376,0.35024,0.23148
7880.2577,1,0.34602,0.36297,0.22486,0.33744,0.35406,0.22949
7880.2882,1,0.35203,0.36249,0.22252,0.34182,0.35659,0.22740
7880.3219,1,0.35527,0.36243,0.22164,0.34585,0.35834,0.22567
7880.3531,1,0.36894,0.36225,0.21917,0.35278,0.35952,0.22372
7880.3882,1,0.37682,0.36077,0.21761,0.35999,0.35989,0.22189
7880.4195,1,0.38181,0.35589,0.21710,0.36653,0.35869,0.22045
7880.4531,1,0.38952,0.35501,0.21751,0.37343,0.35759,0.21957
7880.4843,1,0.39779,0.34719,0.21660,0.38074,0.35447,0.21868
7880.5167,1,0.40000,0.33957,0.21442,0.38652,0.35000,0.21740
7880.5479,1,0.40000,0.33142,0.21351,0.39056,0.34442,0.21623
7880.5807,1,0.40000,0.32276,0.21261,0.39339,0.33793,0.21514
7880.6180,1,0.40000,0.31506,0.21304,0.39537,0.33107,0.21451
7880.6536,1,0.40000,0.30662,0.21376,0.39676,0.32373,0.21429
7880.6838,1,0.40000,0.29371,0.21297,0.39773,0.31473,0.21389
7880.7152,1,0.40000,0.27908,0.21345,0.39841,0.30403,0.21376
7880.7474,1,0.40000,0.26681,0.21380,0.39889,0.29286,0.21377
7880.7805,1,0.40000,0.25848,0.21502,0.39922,0.28255,0.21414
7880.8141,1,0.40000,0.24887,0.21777,0.39946,0.27245,0.21523
7880.8473,1,0.40000,0.23966,0.21895,0.39962,0.26261,0.21635
7880.8826,1,0.40000,0.23071,0.21936,0.39973,0.25304,0.21725
7880.9144,1,0.40000,0.22272,0.22000,0.39981,0.24394,0.21808
7880.9470,1,0.40000,0.21653,0.22063,0.39987,0.23572,0.21884
7880.9810,1,0.40000,0.20962,0.22134,0.39991,0.22789,0.21959
7881.0178,1,0.40000,0.20372,0.22080,0.39994,0.22064,0.21995
7881.0581,1,0.40000,0.19836,0.22025,0.39996,0.21395,0.22004
7881.0922,1,0.40000,0.19183,0.21987,0.39997,0.20732,0.21999
7881.1243,1,0.40000,0.18488,0.21880,0.39998,0.20059,0.21963
7881.1563,1,0.40000,0.17923,0.21737,0.39998,0.19418,0.21895
7881.1885,1,0.40000,0.17379,0.21500,0.39999,0.18806,0.21777
7881.2233,1,0.40000,0.16958,0.21333,0.39999,0.18252,0.21644
7881.2569,1,0.40000,0.16509,0.21188,0.39999,0.17729,0.21507
7881.2949,1,0.40000,0.15783,0.21111,0.40000,0.17145,0.21388
7881.3307,1,0.40000,0.15033,0.21123,0.40000,0.16512,0.21309
7881.3663,1,0.40000,0.14494,0.21178,0.40000,0.15906,0.21269
7881.3992,1,0.40000,0.13741,0.21276,0.40000,0.15257,0.21271
7881.4333,1,0.40000,0.12972,0.21459,0.40000,0.14571,0.21328
7881.4664,1,0.40000,0.11499,0.22018,0.40000,0.13650,0.21535
7881.5013,1,0.40000,0.11018,0.22131,0.40000,0.12860,0.21714
7881.5336,1,0.40000,0.10197,0.22457,0.40000,0.12061,0.21937
7881.5665,1,0.40000,0.09631,0.22749,0.40000,0.11332,0.22180
7881.5985,1,0.40000,0.09104,0.23057,0.40000,0.10664,0.22443
7881.6315,1,0.40000,0.08643,0.23268,0.40000,0.10057,0.22691
7881.6660,1,0.40000,0.08095,0.23394,0.40000,0.09469,0.22902
7881.6996,1,0.40000,0.07611,0.23649,0.40000,0.08911,0.23126
7881.7327,1,0.40000,0.07265,0.23874,0.40000,0.08418,0.23350
7881.7695,1,0.40000,0.06919,0.24133,0.40000,0.07968,0.23585
7881.8015,1,0.40000,0.06456,0.24374,0.40000,0.07514,0.23822
7881.8358,1,0.40000,0.06334,0.24493,0.40000,0.07160,0.24023
7881.8681,1,0.40000,0.05979,0.24715,0.40000,0.06806,0.24231
7881.8995,1,0.40000,0.05681,0.24801,0.40000,0.06468,0.24402
7881.9358,1,0.40000,0.05326,0.24934,0.40000,0.06126,0.24561
7881.9673,1,0.40000,0.04894,0.25046,0.40000,0.05756,0.24707
7881.9980,1,0.39380,0.04467,0.25216,0.39814,0.05369,0.24860
7882.0307,1,0.38534,0.04138,0.25338,0.39430,0.05000,0.25003
7882.0642,1,0.37859,0.03734,0.25467,0.38959,0.04620,0.25142
7882.0976,1,0.36446,0.03245,0.25738,0.38205,0.04208,0.25321
7882.1318,1,0.35334,0.02919,0.25914,0.37344,0.03821,0.25499
7882.1650,1,0.34394,0.02663,0.26046,0.36459,0.03474,0.25663
7882.1996,1,0.33625,0.02507,0.26260,0.35609,0.03183,0.25842
7882.2344,1,0.33139,0.02322,0.26343,0.34868,0.02925,0.25992
7882.2741,1,0.32354,0.02199,0.26400,0.34114,0.02707,0.26115
7882.3071,1,0.31510,0.02136,0.26408,0.33333,0.02536,0.26203
7882.3383,1,0.30251,0.02026,0.26558,0.32408,0.02383,0.26309
7882.3720,1,0.29675,0.01861,0.26613,0.31588,0.02227,0.26401
7882.4035,1,0.29020,0.01769,0.26714,0.30818,0.02089,0.26495
7882.4419,1,0.28445,0.01902,0.26838,0.30106,0.02033,0.26598
7882.4751,1,0.27734,0.01857,0.26966,0.29394,0.01980,0.26708
7882.5060,1,0.27268,0.01889,0.27083,0.28756,0.01953,0.26821
7882.5411,1,0.26422,0.01865,0.27236,0.28056,0.01926,0.26945
7882.5724,1,0.25610,0.01928,0.27414,0.27322,0.01927,0.27086
7882.6069,1,0.24933,0.01992,0.27593,0.26605,0.01947,0.27238
7882.6396,1,0.24242,0.01992,0.27758,0.25897,0.01960,0.27394
7882.6712,1,0.23502,0.02135,0.27921,0.25178,0.02013,0.27552
7882.7038,1,0.23118,0.02095,0.28038,0.24560,0.02038,0.27698
7882.7362,1,0.22533,0.02155,0.28186,0.23952,0.02073,0.27845
7882.7675,1,0.21839,0.02045,0.28308,0.23318,0.02064,0.27983
7882.7989,1,0.21421,0.02048,0.28388,0.22749,0.02060,0.28105
7882.8319,1,0.20604,0.02013,0.28521,0.22105,0.02046,0.28230
7882.8712,1,0.20108,0.02062,0.28649,0.21506,0.02051,0.28355
7882.9036,1,0.19738,0.02003,0.28758,0.20976,0.02036,0.28476
7882.9413,1,0.19265,0.01999,0.28914,0.20463,0.02025,0.28608
7882.9831,1,0.18974,0.01866,0.29053,0.20016,0.01977,0.28741
7883.0205,1,0.18468,0.01896,0.29210,0.19552,0.01953,0.28882
7883.0537,1,0.18183,0.01805,0.29357,0.19141,0.01909,0.29024
7883.0849,1,0.17898,0.01770,0.29500,0.18768,0.01867,0.29167
7883.1199,1,0.17469,0.01752,0.29669,0.18378,0.01833,0.29318
7883.1565,1,0.16886,0.01704,0.29870,0.17931,0.01794,0.29483
7883.1892,1,0.16526,0.01612,0.30023,0.17509,0.01739,0.29645
7883.2210,1,0.16145,0.01541,0.30176,0.17100,0.01680,0.29805
7883.2530,1,0.15871,0.01480,0.30310,0.16731,0.01620,0.29956
7883.2837,1,0.15556,0.01490,0.30441,0.16379,0.01581,0.30102
7883.3219,1,0.15084,0.01407,0.30583,0.15990,0.01529,0.30246
7883.3526,1,0.14701,0.01376,0.30708,0.15603,0.01483,0.30385
7883.3867,1,0.14356,0.01345,0.30808,0.15229,0.01442,0.30512
7883.4192,1,0.14105,0.01341,0.30903,0.14892,0.01411,0.30629
7883.4528,1,0.13894,0.01302,0.30979,0.14593,0.01378,0.30734
7883.4851,1,0.13618,0.01288,0.31063,0.14300,0.01351,0.30833
7883.5177,1,0.13540,0.01262,0.31116,0.14072,0.01324,0.30918
7883.5513,1,0.13240,0.01253,0.31205,0.13823,0.01303,0.31004
7883.5842,1,0.12949,0.01235,0.31261,0.13561,0.01283,0.31081
7883.6173,1,0.12809,0.01200,0.31311,0.13335,0.01258,0.31150
7883.6499,1,0.12521,0.01153,0.31374,0.13091,0.01226,0.31217
7883.6821,1,0.12175,0.01124,0.31449,0.12816,0.01196,0.31287
7883.7164,1,0.11886,0.01125,0.31523,0.12537,0.01174,0.31358
7883.7490,1,0.11633,0.01156,0.31594,0.12266,0.01169,0.31428
7883.7813,1,0.11411,0.01160,0.31665,0.12009,0.01166,0.31500
7883.8279,1,0.11317,0.01249,0.31722,0.11802,0.01191,0.31566
7883.8567,1,0.11164,0.01248,0.31783,0.11610,0.01208,0.31631
7883.8862,1,0.10950,0.01308,0.31852,0.11412,0.01238,0.31697
7883.9181,1,0.10820,0.01313,0.31903,0.11234,0.01261,0.31759
7883.9509,1,0.10650,0.01330,0.31946,0.11059,0.01281,0.31815
7883.9809,1,0.10663,0.01389,0.31976,0.10940,0.01314,0.31863
7884.0176,1,0.10568,0.01414,0.32004,0.10829,0.01344,0.31906
7884.0505,1,0.10297,0.01521,0.32072,0.10669,0.01397,0.31956
7884.0833,1,0.10263,0.01570,0.32086,0.10547,0.01449,0.31995
7884.1236,1,0.10104,0.01607,0.32107,0.10414,0.01497,0.32029
7884.1523,1,0.09917,0.01616,0.32129,0.10265,0.01532,0.32059
7884.1802,1,0.09987,0.01570,0.32139,0.10182,0.01544,0.32083
7884.2124,1,0.09877,0.01619,0.32163,0.10090,0.01566,0.32107
7884.2423,1,0.09898,0.01666,0.32184,0.10033,0.01596,0.32130
7884.2744,1,0.09852,0.01635,0.32192,0.09979,0.01608,0.32149
7884.3021,1,0.09667,0.01563,0.32220,0.09885,0.01594,0.32170
7884.3309,1,0.09579,0.01626,0.32245,0.09793,0.01604,0.32193
7884.3707,1,0.09491,0.01612,0.32277,0.09702,0.01606,0.32218
7884.3997,1,0.09513,0.01633,0.32306,0.09646,0.01614,0.32244
7884.4292,1,0.09508,0.01610,0.32320,0.09604,0.01613,0.32267
7884.4584,1,0.09636,0.01575,0.32301,0.09614,0.01602,0.32277
7884.4885,1,0.09499,0.01571,0.32315,0.09579,0.01592,0.32289
7884.5174,1,0.09543,0.01510,0.32288,0.09568,0.01568,0.32288
7884.5479,1,0.09625,0.01472,0.32250,0.09585,0.01539,0.32277
7884.5787,1,0.09594,0.01421,0.32232,0.09588,0.01504,0.32263
7884.6082,1,0.09659,0.01322,0.32174,0.09609,0.01449,0.32237
7884.6381,1,0.09664,0.01263,0.32146,0.09626,0.01394,0.32209
7884.6681,1,0.09652,0.01158,0.32133,0.09634,0.01323,0.32186
7884.6977,1,0.09846,0.01048,0.32031,0.09697,0.01240,0.32140
7884.7280,1,0.09904,0.00870,0.31955,0.09759,0.01129,0.32084
7884.7576,1,0.10032,0.00721,0.31834,0.09841,0.01007,0.32009
7884.7871,1,0.10091,0.00414,0.31715,0.09916,0.00829,0.31921
7884.8225,1,0.10290,0.00178,0.31573,0.10028,0.00634,0.31817
7884.8512,1,0.10471,-0.00009,0.31427,0.10161,0.00441,0.31700
7884.8809,1,0.10635,-0.00270,0.31279,0.10303,0.00228,0.31574
7884.9120,1,0.10783,-0.00475,0.31099,0.10447,0.00017,0.31431
7884.9407,1,0.10916,-0.00796,0.30860,0.10588,-0.00227,0.31260
7884.9702,1,0.10995,-0.01049,0.30605,0.10710,-0.00474,0.31064
7885.0009,1,0.11376,-0.01312,0.30282,0.10910,-0.00725,0.30829
7885.0301,1,0.11742,-0.01541,0.29940,0.11159,-0.00970,0.30562
7885.0626,1,0.12171,-0.01787,0.29560,0.11463,-0.01215,0.30262
7885.0935,1,0.12589,-0.02147,0.29203,0.11801,-0.01495,0.29944
7885.1294,1,0.12792,-0.02466,0.28908,0.12098,-0.01786,0.29633
7885.1640,1,0.12978,-0.02779,0.28615,0.12362,-0.02084,0.29328
7885.2026,1,0.13183,-0.03051,0.28361,0.12608,-0.02374,0.29038
7885.2327,1,0.13338,-0.03374,0.28123,0.12827,-0.02674,0.28763
7885.2745,1,0.13471,-0.03598,0.27889,0.13020,-0.02951,0.28501
7885.3035,1,0.13617,-0.03978,0.27719,0.13199,-0.03259,0.28266
7885.3336,1,0.13732,-0.04344,0.27567,0.13359,-0.03585,0.28057
7885.3614,1,0.13885,-0.04574,0.27420,0.13517,-0.03881,0.27865
7885.3906,1,0.14031,-0.04936,0.27304,0.13671,-0.04198,0.27697
7885.4195,1,0.14256,-0.05261,0.27230,0.13847,-0.04517,0.27557
7885.4526,1,0.14598,-0.05552,0.27171,0.14072,-0.04827,0.27441
7885.4955,1,0.14933,-0.05793,0.27137,0.14330,-0.05117,0.27350
7885.5297,1,0.15223,-0.05985,0.27127,0.14598,-0.05377,0.27283
7885.5728,1,0.15645,-0.06215,0.27100,0.14912,-0.05629,0.27228
7885.6037,1,0.15897,-0.06426,0.27107,0.15207,-0.05868,0.27192
7885.6352,1,0.16318,-0.06625,0.27112,0.15541,-0.06095,0.27168
7885.6679,1,0.16693,-0.06733,0.27143,0.15886,-0.06287,0.27160
7885.6996,1,0.17155,-0.06745,0.27212,0.16267,-0.06424,0.27176
7885.7314,1,0.17597,-0.06803,0.27267,0.16666,-0.06538,0.27203
7885.7683,1,0.17866,-0.06948,0.27318,0.17026,-0.06661,0.27238
7885.8034,1,0.18125,-0.07327,0.27420,0.17355,-0.06861,0.27292
7885.8343,1,0.18644,-0.07206,0.27589,0.17742,-0.06964,0.27381
7885.8666,1,0.19349,-0.07260,0.27783,0.18224,-0.07053,0.27502
7885.8970,1,0.19641,-0.07460,0.27998,0.18649,-0.07175,0.27650
7885.9316,1,0.19776,-0.07576,0.28225,0.18987,-0.07295,0.27823
7885.9670,1,0.20046,-0.07650,0.28460,0.19305,-0.07402,0.28014
7885.9987,1,0.20361,-0.07903,0.28670,0.19622,-0.07552,0.28211
7886.0335,1,0.20874,-0.07980,0.28781,0.19998,-0.07680,0.28382
7886.0652,1,0.21310,-0.08072,0.28840,0.20391,-0.07798,0.28519
7886.0976,1,0.21694,-0.08128,0.28820,0.20782,-0.07897,0.28609
7886.1321,1,0.21863,-0.08275,0.28819,0.21106,-0.08010,0.28672
7886.1656,1,0.22208,-0.08415,0.28775,0.21437,-0.08132,0.28703
7886.2073,1,0.22405,-0.08649,0.28742,0.21727,-0.08287,0.28715
7886.2398,1,0.22827,-0.08919,0.28624,0.22057,-0.08477,0.28688
7886.2731,1,0.23192,-0.09144,0.28493,0.22397,-0.08677,0.28629
7886.3062,1,0.23563,-0.09324,0.28285,0.22747,-0.08871,0.28526
7886.3379,1,0.23880,-0.09594,0.28044,0.23087,-0.09088,0.28382
7886.3691,1,0.24579,-0.09738,0.27688,0.23535,-0.09283,0.28173
7886.4007,1,0.25049,-0.09882,0.27385,0.23989,-0.09463,0.27937
7886.4313,1,0.25500,-0.10026,0.27074,0.24442,-0.09632,0.27678
7886.4708,1,0.26133,-0.10175,0.26729,0.24949,-0.09795,0.27393
7886.5027,1,0.26937,-0.10266,0.26288,0.25546,-0.09936,0.27062
7886.5371,1,0.27414,-0.10365,0.25908,0.26106,-0.10065,0.26716
7886.5675,1,0.27968,-0.10416,0.25555,0.26665,-0.10170,0.26367
7886.5981,1,0.28491,-0.10627,0.25253,0.27212,-0.10307,0.26033
7886.6316,1,0.29094,-0.10709,0.24965,0.27777,-0.10428,0.25713
7886.6664,1,0.29755,-0.10811,0.24671,0.28370,-0.10543,0.25400
7886.7001,1,0.30345,-0.11042,0.24371,0.28963,-0.10693,0.25091
7886.7311,1,0.31188,-0.11122,0.24043,0.29630,-0.10821,0.24777
7886.7669,1,0.31501,-0.11230,0.23747,0.30191,-0.10944,0.24468
7886.8026,1,0.32181,-0.11271,0.23339,0.30788,-0.11042,0.24129
7886.8359,1,0.33139,-0.11261,0.22889,0.31494,-0.11108,0.23757
7886.8671,1,0.33831,-0.11295,0.22430,0.32195,-0.11164,0.23359
7886.9026,1,0.34779,-0.11135,0.21895,0.32970,-0.11155,0.22920
7886.9369,1,0.35333,-0.11208,0.21431,0.33679,-0.11171,0.22473
7886.9677,1,0.36072,-0.11245,0.20954,0.34397,-0.11193,0.22017
7887.0002,1,0.36972,-0.11092,0.20514,0.35169,-0.11163,0.21566
7887.0347,1,0.37632,-0.11056,0.20197,0.35908,-0.11131,0.21156
7887.0664,1,0.38178,-0.11145,0.19940,0.36589,-0.11135,0.20791
7887.1002,1,0.39054,-0.11152,0.19680,0.37328,-0.11140,0.20458
7887.1328,1,0.39950,-0.11049,0.19454,0.38115,-0.11113,0.20157
7887.1649,1,0.40000,-0.11025,0.19179,0.38680,-0.11086,0.19863
7887.2067,1,0.40000,-0.11126,0.18945,0.39076,-0.11098,0.19588
7887.2387,1,0.40000,-0.11062,0.18642,0.39353,-0.11087,0.19304
7887.2698,1,0.40000,-0.11110,0.18440,0.39547,-0.11094,0.19045
7887.3039,1,0.40000,-0.11198,0.18178,0.39683,-0.11125,0.18785
7887.3357,1,0.40000,-0.11469,0.17981,0.39778,-0.11228,0.18544
7887.3679,1,0.40000,-0.11529,0.17863,0.39845,-0.11319,0.18340
7887.4032,1,0.40000,-0.11552,0.17648,0.39891,-0.11389,0.18132
7887.4363,1,0.40000,-0.11715,0.17616,0.39924,-0.11486,0.17977
7887.4688,1,0.40000,-0.11857,0.17490,0.39947,-0.11598,0.17831
7887.5035,1,0.40000,-0.11915,0.17390,0.39963,-0.11693,0.17699
7887.5400,1,0.40000,-0.11972,0.17266,0.39974,-0.11777,0.17569
7887.5716,1,0.40000,-0.12331,0.17170,0.39982,-0.11943,0.17449
7887.6042,1,0.40000,-0.12346,0.17016,0.39987,-0.12064,0.17319
7887.6431,1,0.40000,-0.12613,0.16830,0.39991,-0.12229,0.17173
7887.6754,1,0.40000,-0.12828,0.16609,0.39994,-0.12409,0.17004
7887.7081,1,0.40000,-0.12914,0.16341,0.39996,-0.12560,0.16805
7887.7465,1,0.40000,-0.13225,0.16121,0.39997,-0.12760,0.16600
7887.7779,1,0.40000,-0.13437,0.15872,0.39998,-0.12963,0.16381
7887.8099,1,0.40000,-0.13606,0.15665,0.39998,-0.13156,0.16166
7887.8421,1,0.40000,-0.13698,0.15427,0.39999,-0.13319,0.15945
7887.8740,1,0.40000,-0.13807,0.15229,0.39999,-0.13465,0.15730
7887.9072,1,0.40000,-0.13750,0.15160,0.39999,-0.13551,0.15559
7887.9397,1,0.40000,-0.13779,0.15088,0.40000,-0.13619,0.15418
7887.9718,1,0.40000,-0.13642,0.15146,0.40000,-0.13626,0.15336
7888.0043,1,0.40000,-0.13729,0.15143,0.40000,-0.13657,0.15278
7888.0378,1,0.40000,-0.13745,0.15224,0.40000,-0.13683,0.15262
7888.0740,1,0.40000,-0.13539,0.15317,0.40000,-0.13640,0.15279
7888.1118,1,0.40000,-0.13372,0.15422,0.40000,-0.13560,0.15322
7888.1464,1,0.40000,-0.13076,0.15711,0.40000,-0.13414,0.15438
7888.1773,1,0.40000,-0.12690,0.16039,0.40000,-0.13197,0.15619
7888.2081,1,0.40000,-0.12473,0.16338,0.40000,-0.12980,0.15835
7888.2392,1,0.40000,-0.11927,0.16709,0.40000,-0.12664,0.16097
7888.2737,1,0.40000,-0.11307,0.16993,0.40000,-0.12257,0.16366
7888.3062,1,0.40000,-0.10782,0.17223,0.40000,-0.11814,0.16623
7888.3426,1,0.40000,-0.10086,0.17544,0.40000,-0.11296,0.16899
7888.3761,1,0.40000,-0.09574,0.17801,0.40000,-0.10779,0.17170
7888.4086,1,0.40000,-0.09205,0.18099,0.40000,-0.10307,0.17449
7888.4488,1,0.40000,-0.08754,0.18457,0.40000,-0.09841,0.17751
7888.4822,1,0.40000,-0.08301,0.18711,0.40000,-0.09379,0.18039
7888.5157,1,0.40000,-0.07712,0.18977,0.40000,-0.08879,0.18320
7888.5499,1,0.40000,-0.07325,0.19257,0.40000,-0.08413,0.18601
7888.5863,1,0.40000,-0.06820,0.19579,0.40000,-0.07935,0.18895
7888.6183,1,0.40000,-0.06359,0.19985,0.40000,-0.07462,0.19222
7888.6498,1,0.38939,-0.05950,0.20409,0.39682,-0.07009,0.19578
7888.6834,1,0.37216,-0.05620,0.20914,0.38942,-0.06592,0.19979
7888.7232,1,0.35383,-0.05413,0.21447,0.37874,-0.06238,0.20419
7888.7556,1,0.33760,-0.05151,0.21965,0.36640,-0.05912,0.20883
7888.7880,1,0.32157,-0.05025,0.22515,0.35295,-0.05646,0.21373
7888.8223,1,0.30869,-0.04732,0.23087,0.33967,-0.05372,0.21887
7888.8534,1,0.29592,-0.04521,0.23615,0.32655,-0.05117,0.22405
7888.8847,1,0.28709,-0.04391,0.24083,0.31471,-0.04899,0.22909
7888.9178,1,0.27655,-0.04297,0.24571,0.30326,-0.04718,0.23407
7888.9506,1,0.26615,-0.04138,0.24996,0.29213,-0.04544,0.23884
7888.9896,1,0.25518,-0.04106,0.25392,0.28104,-0.04413,0.24336
7889.0227,1,0.24782,-0.04085,0.25743,0.27108,-0.04315,0.24758
7889.0580,1,0.23815,-0.03967,0.26053,0.26120,-0.04210,0.25147
7889.0940,1,0.23110,-0.03909,0.26391,0.25217,-0.04120,0.25520
7889.1251,1,0.22273,-0.03838,0.26703,0.24334,-0.04035,0.25875
7889.1565,1,0.21691,-0.03885,0.26968,0.23541,-0.03990,0.26203
7889.1878,1,0.21075,-0.03788,0.27194,0.22801,-0.03929,0.26500
7889.2196,1,0.20508,-0.03731,0.27421,0.22113,-0.03870,0.26776
7889.2536,1,0.19981,-0.03662,0.27621,0.21474,-0.03807,0.27030
7889.2851,1,0.19507,-0.03695,0.27806,0.20884,-0.03774,0.27262
7889.3164,1,0.19166,-0.03594,0.27985,0.20368,-0.03720,0.27479
7889.3478,1,0.18874,-0.03537,0.28153,0.19920,-0.03665,0.27681
7889.3821,1,0.18493,-0.03480,0.28325,0.19492,-0.03609,0.27874
7889.4151,1,0.18098,-0.03492,0.28493,0.19074,-0.03574,0.28060
7889.4496,1,0.17656,-0.03452,0.28637,0.18648,-0.03538,0.28233
7889.4830,1,0.17234,-0.03297,0.28817,0.18224,-0.03466,0.28408
7889.5169,1,0.16835,-0.03147,0.28924,0.17807,-0.03370,0.28563
7889.5511,1,0.16474,-0.03029,0.29026,0.17407,-0.03268,0.28702
7889.5839,1,0.16277,-0.02676,0.29094,0.17068,-0.03090,0.28820
7889.6171,1,0.16341,-0.02258,0.29178,0.16850,-0.02841,0.28927
7889.6491,1,0.16403,-0.01768,0.29207,0.16716,-0.02519,0.29011
7889.6809,1,0.16269,-0.01073,0.29178,0.16582,-0.02085,0.29061
7889.7154,1,0.15869,-0.00321,0.29247,0.16368,-0.01556,0.29117
7889.7479,1,0.15684,0.00356,0.29289,0.16163,-0.00982,0.29169
7889.7826,1,0.15489,0.01059,0.29301,0.15961,-0.00370,0.29209
7889.8159,1,0.15262,0.01847,0.29269,0.15751,0.00295,0.29227
7889.8494,1,0.15132,0.02660,0.29305,0.15565,0.01005,0.29250
7889.8857,1,0.15167,0.03562,0.29328,0.15446,0.01772,0.29274
7889.9185,1,0.15144,0.04573,0.29302,0.15355,0.02612,0.29282
7889.9514,1,0.14932,0.05532,0.29301,0.15229,0.03488,0.29288
7889.9830,1,0.14982,0.06552,0.29320,0.15155,0.04407,0.29297
7890.0145,1,0.14724,0.07665,0.29318,0.15025,0.05384,0.29303
7890.0526,1,0.15098,0.08738,0.29289,0.15047,0.06391,0.29299
7890.0839,1,0.14975,0.09785,0.29263,0.15026,0.07409,0.29288
7890.1169,1,0.15072,0.10876,0.29231,0.15040,0.08449,0.29271
7890.1485,1,0.14837,0.11974,0.29216,0.14979,0.09506,0.29254
7890.1821,1,0.14636,0.12990,0.29171,0.14876,0.10552,0.29229
7890.2230,1,0.14892,0.14100,0.29041,0.14881,0.11616,0.29173
7890.2538,1,0.15136,0.15116,0.28923,0.14957,0.12666,0.29098
7890.2858,1,0.14751,0.16094,0.28880,0.14895,0.13694,0.29033
7890.3190,1,0.14544,0.16974,0.28822,0.14790,0.14678,0.28969
7890.3499,1,0.14366,0.17909,0.28756,0.14663,0.15647,0.28905
7890.3856,1,0.14541,0.18765,0.28595,0.14626,0.16583,0.28812
7890.4175,1,0.14536,0.19646,0.28498,0.14599,0.17502,0.28718
7890.4485,1,0.14596,0.20344,0.28364,0.14598,0.18354,0.28612
7890.4823,1,0.14268,0.20961,0.28320,0.14499,0.19136,0.28524
7890.5218,1,0.14030,0.21540,0.28276,0.14358,0.19858,0.28450
7890.5545,1,0.13922,0.22096,0.28217,0.14227,0.20529,0.28380
7890.5867,1,0.13866,0.22653,0.28144,0.14119,0.21166,0.28309
7890.6180,1,0.14035,0.23244,0.28111,0.14094,0.21790,0.28250
7890.6533,1,0.13871,0.23797,0.28056,0.14027,0.22392,0.28192
7890.6861,1,0.14064,0.24389,0.27933,0.14038,0.22991,0.28114
7890.7190,1,0.13760,0.24894,0.27906,0.13955,0.23562,0.28051
7890.7523,1,0.13802,0.25588,0.27839,0.13909,0.24169,0.27988
7890.7845,1,0.13799,0.26194,0.27797,0.13876,0.24777,0.27931
7890.8174,1,0.13599,0.26884,0.27761,0.13793,0.25409,0.27880
7890.8503,1,0.13354,0.27444,0.27693,0.13661,0.26019,0.27824
7890.8834,1,0.13383,0.27913,0.27599,0.13578,0.26587,0.27756
7890.9154,1,0.13535,0.28234,0.27549,0.13565,0.27081,0.27694
7890.9533,1,0.13657,0.28424,0.27466,0.13592,0.27484,0.27626
7890.9845,1,0.13848,0.28707,0.27391,0.13669,0.27851,0.27555
7891.0171,1,0.13883,0.28840,0.27370,0.13733,0.28148,0.27499
7891.0482,1,0.13837,0.29023,0.27327,0.13764,0.28410,0.27448
7891.0820,1,0.14022,0.29191,0.27234,0.13842,0.28645,0.27384
7891.1153,1,0.14000,0.29482,0.27176,0.13889,0.28896,0.27321
7891.1484,1,0.14195,0.29664,0.27113,0.13981,0.29126,0.27259
7891.1870,1,0.14092,0.29854,0.27081,0.14014,0.29345,0.27205
7891.2219,1,0.14032,0.29999,0.27045,0.14019,0.29541,0.27157
7891.2531,1,0.13981,0.30191,0.27021,0.14008,0.29736,0.27116
7891.2869,1,0.14044,0.30247,0.26985,0.14019,0.29889,0.27077
7891.3178,1,0.13946,0.30296,0.26993,0.13997,0.30011,0.27052
7891.3482,1,0.13958,0.30234,0.26997,0.13985,0.30078,0.27035
7891.3810,1,0.13973,0.30195,0.26981,0.13981,0.30113,0.27019
7891.4139,1,0.14105,0.30076,0.26944,0.14018,0.30102,0.26997
7891.4471,1,0.14227,0.29855,0.26876,0.14081,0.30028,0.26961
7891.4866,1,0.14181,0.29570,0.26808,0.14111,0.29891,0.26915
7891.5188,1,0.14146,0.29365,0.26812,0.14121,0.29733,0.26884
7891.5501,1,0.14190,0.29093,0.26804,0.14142,0.29541,0.26860
7891.5839,1,0.14122,0.28846,0.26805,0.14136,0.29333,0.26843
7891.6160,1,0.14064,0.28590,0.26861,0.14115,0.29110,0.26849
7891.6488,1,0.14070,0.28321,0.26886,0.14101,0.28873,0.26860
7891.6835,1,0.13979,0.28014,0.26884,0.14064,0.28615,0.26867
7891.7157,1,0.14081,0.27635,0.26835,0.14069,0.28321,0.26858
7891.7482,1,0.14502,0.27054,0.26746,0.14199,0.27941,0.26824
7891.7806,1,0.14731,0.26524,0.26720,0.14359,0.27516,0.26793
7891.8222,1,0.14676,0.26150,0.26770,0.14454,0.27106,0.26786
7891.8532,1,0.14592,0.25626,0.26822,0.14495,0.26662,0.26797
7891.8829,1,0.14463,0.25019,0.26834,0.14486,0.26169,0.26808
7891.9149,1,0.14590,0.24505,0.26838,0.14517,0.25670,0.26817
7891.9486,1,0.14652,0.23889,0.26838,0.14557,0.25135,0.26823
7891.9808,1,0.14539,0.23338,0.26883,0.14552,0.24596,0.26841
7892.0142,1,0.14622,0.22810,0.26858,0.14573,0.24060,0.26846
7892.0500,1,0.14889,0.22205,0.26829,0.14668,0.23504,0.26841
7892.0810,1,0.15367,0.21552,0.26783,0.14878,0.22918,0.26824
7892.1200,1,0.15384,0.20965,0.26845,0.15029,0.22332,0.26830
7892.1510,1,0.15187,0.20338,0.26936,0.15077,0.21734,0.26862
7892.1821,1,0.15303,0.19724,0.26986,0.15145,0.21131,0.26899
7892.2253,1,0.15053,0.19049,0.27048,0.15117,0.20506,0.26944
7892.2562,1,0.15402,0.18597,0.27104,0.15202,0.19934,0.26992
7892.3002,1,0.15552,0.18050,0.27143,0.15307,0.19369,0.27037
7892.3308,1,0.15446,0.17489,0.27206,0.15349,0.18805,0.27088
7892.3623,1,0.15548,0.16916,0.27309,0.15409,0.18238,0.27154
7892.4006,1,0.15726,0.16321,0.27367,0.15504,0.17663,0.27218
7892.4367,1,0.16121,0.15881,0.27367,0.15689,0.17128,0.27263
7892.4693,1,0.15999,0.15162,0.27447,0.15782,0.16539,0.27318
7892.5023,1,0.15912,0.14435,0.27481,0.15821,0.15908,0.27367
7892.5369,1,0.16019,0.13642,0.27471,0.15881,0.15228,0.27398
7892.5683,1,0.15998,0.12980,0.27517,0.15916,0.14554,0.27434
7892.6016,1,0.16241,0.12373,0.27543,0.16013,0.13900,0.27467
7892.6414,1,0.16153,0.11655,0.27585,0.16055,0.13226,0.27502
7892.6728,1,0.16184,0.10895,0.27643,0.16094,0.12527,0.27545
7892.7056,1,0.16257,0.10187,0.27685,0.16143,0.11825,0.27587
7892.7385,1,0.16400,0.09446,0.27699,0.16220,0.11111,0.27621
7892.7722,1,0.16478,0.08727,0.27710,0.16297,0.10396,0.27647
7892.8065,1,0.16408,0.08068,0.27745,0.16330,0.09697,0.27677
7892.8443,1,0.16136,0.07407,0.27804,0.16272,0.09010,0.27715
7892.8776,1,0.16276,0.06809,0.27807,0.16273,0.08350,0.27742
7892.9112,1,0.16460,0.06144,0.27799,0.16329,0.07688,0.27759
7892.9463,1,0.16333,0.05533,0.27851,0.16331,0.07042,0.27787
7892.9778,1,0.16311,0.05006,0.27881,0.16325,0.06431,0.27815
7893.0112,1,0.16218,0.04475,0.27916,0.16293,0.05844,0.27845
7893.0444,1,0.16593,0.03934,0.27915,0.16383,0.05271,0.27866
7893.0779,1,0.16423,0.03460,0.27928,0.16395,0.04728,0.27885
7893.1099,1,0.16212,0.02734,0.27984,0.16340,0.04130,0.27915
7893.1420,1,0.15939,0.02271,0.28049,0.16220,0.03572,0.27955
7893.1728,1,0.15992,0.01696,0.28068,0.16152,0.03009,0.27989
7893.2101,1,0.15958,0.01165,0.28079,0.16093,0.02456,0.28016
7893.2415,1,0.16222,0.00646,0.28036,0.16132,0.01913,0.28022
7893.2726,1,0.16333,0.00144,0.28045,0.16192,0.01382,0.28029
7893.3039,1,0.16360,-0.00324,0.28061,0.16243,0.00870,0.28038
7893.3354,1,0.16414,-0.00776,0.28062,0.16294,0.00377,0.28046
7893.3655,1,0.16305,-0.01186,0.28134,0.16297,-0.00092,0.28072
7893.4006,1,0.16523,-0.01611,0.28118,0.16365,-0.00548,0.28086
7893.4345,1,0.16440,-0.02044,0.28133,0.16387,-0.00997,0.28100
7893.4696,1,0.16286,-0.02383,0.28178,0.16357,-0.01413,0.28124
7893.5027,1,0.16383,-0.02727,0.28223,0.16365,-0.01807,0.28153
7893.5353,1,0.16902,-0.03204,0.28249,0.16526,-0.02226,0.28182
7893.5697,1,0.16934,-0.03706,0.28275,0.16648,-0.02670,0.28210
7893.6002,1,0.16786,-0.04241,0.28338,0.16690,-0.03141,0.28248
7893.6345,1,0.16768,-0.04705,0.28387,0.16713,-0.03610,0.28290
7893.6669,1,0.16712,-0.05297,0.28445,0.16713,-0.04116,0.28336
7893.6992,1,0.16723,-0.05798,0.28499,0.16716,-0.04621,0.28385
7893.7332,1,0.16784,-0.06262,0.28537,0.16736,-0.05113,0.28431
7893.7736,1,0.16711,-0.06754,0.28623,0.16729,-0.05605,0.28488
7893.8165,1,0.16679,-0.07150,0.28667,0.16714,-0.06069,0.28542
7893.8488,1,0.16609,-0.07533,0.28751,0.16682,-0.06508,0.28605
7893.8906,1,0.16428,-0.07928,0.28819,0.16606,-0.06934,0.28669
7893.9225,1,0.16520,-0.08392,0.28858,0.16580,-0.07371,0.28726
7893.9571,1,0.16606,-0.08843,0.28863,0.16588,-0.07813,0.28767
7893.9889,1,0.16703,-0.09121,0.28874,0.16623,-0.08205,0.28799
7894.0201,1,0.16731,-0.09513,0.28894,0.16655,-0.08597,0.28828
7894.0522,1,0.16683,-0.09950,0.28954,0.16664,-0.09003,0.28865
7894.0839,1,0.16601,-0.10219,0.29047,0.16645,-0.09368,0.28920
7894.1166,1,0.16584,-0.10534,0.29112,0.16627,-0.09718,0.28977
7894.1485,1,0.16604,-0.10896,0.29158,0.16620,-0.10071,0.29032
7894.1807,1,0.16524,-0.11249,0.29201,0.16591,-0.10424,0.29083
7894.2160,1,0.16472,-0.11668,0.29212,0.16555,-0.10797,0.29121
7894.2567,1,0.16445,-0.12015,0.29200,0.16522,-0.11163,0.29145
7894.2874,1,0.16460,-0.12325,0.29197,0.16503,-0.11512,0.29161
7894.3193,1,0.16509,-0.12728,0.29186,0.16505,-0.11876,0.29168
7894.3532,1,0.16566,-0.12996,0.29159,0.16523,-0.12212,0.29166
7894.3872,1,0.16624,-0.13313,0.29146,0.16554,-0.12542,0.29160
7894.4237,1,0.16577,-0.13629,0.29146,0.16560,-0.12868,0.29156
7894.4553,1,0.16522,-0.14084,0.29176,0.16549,-0.13233,0.29162
7894.4889,1,0.16418,-0.14594,0.29192,0.16510,-0.13642,0.29171
7894.5201,1,0.16360,-0.14877,0.29183,0.16465,-0.14012,0.29174
7894.5524,1,0.16470,-0.15227,0.29150,0.16466,-0.14377,0.29167
7894.5838,1,0.16393,-0.15433,0.29176,0.16444,-0.14693,0.29170
7894.6203,1,0.16484,-0.15741,0.29189,0.16456,-0.15008,0.29175
7894.6528,1,0.16654,-0.16064,0.29181,0.16515,-0.15325,0.29177
7894.6841,1,0.16815,-0.16451,0.29199,0.16605,-0.15662,0.29184
7894.7222,1,0.16912,-0.16885,0.29222,0.16697,-0.16029,0.29195
7894.7541,1,0.16904,-0.17400,0.29276,0.16760,-0.16440,0.29219
7894.7846,1,0.16955,-0.17954,0.29340,0.16818,-0.16894,0.29256
7894.8151,1,0.16808,-0.18499,0.29461,0.16815,-0.17376,0.29317
7894.8465,1,0.16989,-0.19048,0.29572,0.16867,-0.17878,0.29394
7894.8768,1,0.17084,-0.19656,0.29703,0.16932,-0.18411,0.29487
7894.9076,1,0.17273,-0.20133,0.29819,0.17034,-0.18928,0.29586
7894.9405,1,0.17389,-0.20547,0.29940,0.17141,-0.19414,0.29692
7894.9714,1,0.17274,-0.21059,0.30098,0.17181,-0.19907,0.29814
7895.0017,1,0.17426,-0.21507,0.30173,0.17254,-0.20387,0.29922
7895.0353,1,0.17707,-0.22027,0.30218,0.17390,-0.20879,0.30011
7895.0693,1,0.17656,-0.22509,0.30314,0.17470,-0.21368,0.30102
7895.1031,1,0.17667,-0.23088,0.30412,0.17529,-0.21884,0.30195
7895.1347,1,0.17804,-0.23605,0.30445,0.17612,-0.22400,0.30270
7895.1662,1,0.17865,-0.24079,0.30462,0.17688,-0.22904,0.30327
7895.1976,1,0.17773,-0.24616,0.30566,0.17713,-0.23418,0.30399
7895.2433,1,0.17898,-0.25081,0.30563,0.17769,-0.23917,0.30448
7895.2779,1,0.18174,-0.25408,0.30541,0.17890,-0.24364,0.30476
7895.3090,1,0.18305,-0.25854,0.30534,0.18015,-0.24811,0.30493
7895.3403,1,0.18122,-0.26301,0.30518,0.18047,-0.25258,0.30501
7895.3740,1,0.17963,-0.26627,0.30544,0.18022,-0.25669,0.30514
7895.4059,1,0.18242,-0.26905,0.30511,0.18088,-0.26040,0.30513
7895.4374,1,0.18146,-0.27174,0.30526,0.18105,-0.26380,0.30517
7895.4687,1,0.18076,-0.27454,0.30545,0.18096,-0.26702,0.30525
7895.4990,1,0.18218,-0.27734,0.30537,0.18133,-0.27012,0.30529
7895.5304,1,0.18353,-0.27915,0.30536,0.18199,-0.27283,0.30531
7895.5637,1,0.18236,-0.28183,0.30528,0.18210,-0.27553,0.30530
7895.5968,1,0.18114,-0.28152,0.30565,0.18181,-0.27732,0.30541
7895.6317,1,0.18135,-0.28170,0.30557,0.18167,-0.27864,0.30546
7895.6639,1,0.18178,-0.28080,0.30549,0.18171,-0.27928,0.30547
7895.6980,1,0.18292,-0.27866,0.30543,0.18207,-0.27910,0.30545
7895.7305,1,0.18381,-0.27406,0.30543,0.18259,-0.27759,0.30545
7895.7645,1,0.18289,-0.26939,0.30545,0.18268,-0.27513,0.30545
7895.7987,1,0.18301,-0.26217,0.30562,0.18278,-0.27124,0.30550
7895.8307,1,0.18290,-0.25529,0.30558,0.18282,-0.26645,0.30552
7895.8642,1,0.18080,-0.24697,0.30589,0.18221,-0.26061,0.30563
7895.8968,1,0.18198,-0.23769,0.30573,0.18214,-0.25373,0.30566
7895.9299,1,0.18245,-0.22932,0.30533,0.18224,-0.24641,0.30556
7895.9619,1,0.18459,-0.22003,0.30464,0.18294,-0.23849,0.30528
7895.9943,1,0.18468,-0.21170,0.30423,0.18346,-0.23046,0.30497
7896.0274,1,0.18634,-0.20221,0.30379,0.18433,-0.22198,0.30462
7896.0581,1,0.18739,-0.19130,0.30309,0.18524,-0.21278,0.30416
7896.0897,1,0.18866,-0.17978,0.30204,0.18627,-0.20288,0.30352
7896.1214,1,0.18804,-0.17088,0.30080,0.18680,-0.19328,0.30271
7896.1529,1,0.18729,-0.16224,0.29988,0.18695,-0.18396,0.30186
7896.1876,1,0.18639,-0.15423,0.29939,0.18678,-0.17504,0.30112
7896.2258,1,0.18769,-0.14549,0.29902,0.18705,-0.16618,0.30049
7896.2567,1,0.18589,-0.13628,0.29926,0.18670,-0.15721,0.30012
7896.2894,1,0.18726,-0.12696,0.29972,0.18687,-0.14813,0.30000
7896.3213,1,0.18582,-0.11890,0.30037,0.18656,-0.13937,0.30011
7896.3536,1,0.18377,-0.11130,0.30106,0.18572,-0.13095,0.30040
7896.3843,1,0.18391,-0.10417,0.30108,0.18518,-0.12291,0.30060
7896.4151,1,0.18484,-0.09758,0.30084,0.18508,-0.11532,0.30067
7896.4494,1,0.18377,-0.09122,0.30119,0.18468,-0.10809,0.30083
7896.4824,1,0.18336,-0.08371,0.30145,0.18429,-0.10077,0.30101
7896.5150,1,0.18101,-0.08035,0.30153,0.18330,-0.09465,0.30117
7896.5484,1,0.18291,-0.07434,0.30072,0.18318,-0.08855,0.30103
7896.5805,1,0.18381,-0.06816,0.30001,0.18337,-0.08244,0.30073
7896.6137,1,0.18188,-0.06145,0.29998,0.18292,-0.07614,0.30050
7896.6476,1,0.17998,-0.05659,0.30031,0.18204,-0.07027,0.30045
7896.6802,1,0.17889,-0.05185,0.30020,0.18110,-0.06475,0.30037
7896.7162,1,0.17845,-0.04705,0.30022,0.18030,-0.05944,0.30033
7896.7511,1,0.17876,-0.04074,0.30036,0.17984,-0.05383,0.30034
7896.7891,1,0.17741,-0.03681,0.30058,0.17911,-0.04872,0.30041
7896.8198,1,0.17657,-0.03030,0.30085,0.17835,-0.04319,0.30054
7896.8513,1,0.18028,-0.02288,0.30023,0.17893,-0.03710,0.30045
7896.8836,1,0.18323,-0.01689,0.29944,0.18022,-0.03104,0.30015
7896.9160,1,0.18236,-0.01255,0.29944,0.18086,-0.02549,0.29993
7896.9481,1,0.18147,-0.00748,0.29987,0.18104,-0.02009,0.29992
7896.9815,1,0.18122,-0.00382,0.29980,0.18110,-0.01521,0.29988
7897.0161,1,0.17982,0.00065,0.29974,0.18071,-0.01045,0.29984
7897.0492,1,0.17923,0.00559,0.29968,0.18027,-0.00564,0.29979
7897.0826,1,0.17689,0.01023,0.29987,0.17925,-0.00088,0.29981
7897.1208,1,0.17407,0.01498,0.30020,0.17770,0.00388,0.29993
7897.1522,1,0.17190,0.01997,0.30030,0.17596,0.00871,0.30004
7897.1851,1,0.17155,0.02505,0.30030,0.17464,0.01361,0.30012
7897.2240,1,0.17464,0.03208,0.29983,0.17464,0.01915,0.30003
7897.2551,1,0.17696,0.03765,0.29950,0.17533,0.02470,0.29987
7897.2871,1,0.17592,0.04339,0.29936,0.17551,0.03031,0.29972
7897.3186,1,0.17288,0.04940,0.29943,0.17472,0.03604,0.29963
7897.3549,1,0.17613,0.05520,0.29881,0.17514,0.04178,0.29938
7897.3863,1,0.17391,0.06111,0.29913,0.17477,0.04758,0.29931
7897.4214,1,0.17354,0.06710,0.29951,0.17440,0.05344,0.29937
7897.4531,1,0.17514,0.07348,0.29955,0.17463,0.05945,0.29943
7897.4903,1,0.17906,0.07985,0.29896,0.17596,0.06557,0.29929
7897.5214,1,0.17999,0.08471,0.29874,0.17717,0.07131,0.29912
7897.5528,1,0.17686,0.08976,0.29914,0.17707,0.07684,0.29913
7897.5907,1,0.17658,0.09479,0.29892,0.17693,0.08223,0.29907
7897.6219,1,0.17548,0.10031,0.29941,0.17649,0.08765,0.29917
7897.6542,1,0.17599,0.10480,0.29917,0.17634,0.09280,0.29917
7897.6879,1,0.17478,0.11014,0.29976,0.17587,0.09800,0.29935
7897.7190,1,0.17310,0.11526,0.30019,0.17504,0.10318,0.29960
7897.7495,1,0.17109,0.12133,0.30115,0.17386,0.10862,0.30006
7897.7829,1,0.17279,0.12755,0.30147,0.17354,0.11430,0.30049
7897.8166,1,0.17397,0.13323,0.30148,0.17367,0.11998,0.30078
7897.8475,1,0.17275,0.13905,0.30209,0.17339,0.12570,0.30118
7897.8808,1,0.17114,0.14525,0.30221,0.17272,0.13157,0.30149
7897.9179,1,0.17222,0.15162,0.30180,0.17257,0.13758,0.30158
7897.9500,1,0.17205,0.15772,0.30191,0.17241,0.14362,0.30168
7897.9808,1,0.17087,0.16326,0.30201,0.17195,0.14951,0.30178
7898.0142,1,0.16936,0.16902,0.30258,0.17117,0.15537,0.30202
7898.0480,1,0.16678,0.17520,0.30286,0.16985,0.16132,0.30227
7898.0819,1,0.16601,0.18139,0.30309,0.16870,0.16734,0.30252
7898.1142,1,0.16790,0.18766,0.30336,0.16846,0.17343,0.30277
7898.1494,1,0.16856,0.19389,0.30356,0.16849,0.17957,0.30301
7898.1814,1,0.16736,0.19978,0.30400,0.16815,0.18563,0.30330
7898.2227,1,0.16788,0.20644,0.30426,0.16807,0.19188,0.30359
7898.2548,1,0.16710,0.21416,0.30460,0.16778,0.19856,0.30389
7898.2918,1,0.16679,0.22098,0.30508,0.16748,0.20529,0.30425
7898.3242,1,0.16436,0.22927,0.30562,0.16655,0.21248,0.30466
7898.3554,1,0.16706,0.23656,0.30498,0.16670,0.21970,0.30476
7898.3868,1,0.16442,0.24287,0.30559,0.16601,0.22665,0.30501
7898.4184,1,0.16550,0.24871,0.30536,0.16586,0.23327,0.30511
7898.4491,1,0.16504,0.25443,0.30526,0.16561,0.23962,0.30516
7898.4805,1,0.16295,0.26008,0.30559,0.16482,0.24576,0.30529
7898.5160,1,0.16547,0.26569,0.30506,0.16501,0.25174,0.30522
7898.5473,1,0.16628,0.27062,0.30477,0.16539,0.25740,0.30508
7898.5825,1,0.16486,0.27508,0.30523,0.16523,0.26271,0.30513
7898.6136,1,0.16466,0.27969,0.30538,0.16506,0.26780,0.30520
7898.6475,1,0.16463,0.28366,0.30576,0.16493,0.27256,0.30537
7898.6826,1,0.16491,0.28916,0.30613,0.16493,0.27754,0.30560
7898.7142,1,0.16488,0.29431,0.30611,0.16491,0.28257,0.30575
7898.7473,1,0.16209,0.29887,0.30645,0.16407,0.28746,0.30596
7898.7826,1,0.16159,0.30386,0.30649,0.16332,0.29238,0.30612
7898.8143,1,0.16177,0.30751,0.30648,0.16286,0.29692,0.30623
7898.8480,1,0.16275,0.31085,0.30638,0.16283,0.30110,0.30627
7898.8810,1,0.16231,0.31402,0.30673,0.16267,0.30497,0.30641
7898.9148,1,0.16049,0.31845,0.30745,0.16202,0.30902,0.30672
7898.9518,1,0.15893,0.32217,0.30813,0.16109,0.31296,0.30714
7898.9844,1,0.15915,0.32535,0.30861,0.16051,0.31668,0.30758
7899.0173,1,0.16008,0.32873,0.30922,0.16038,0.32029,0.30807
7899.0488,1,0.16114,0.33175,0.30945,0.16061,0.32373,0.30848
7899.0831,1,0.16100,0.33384,0.30959,0.16072,0.32676,0.30882
7899.1154,1,0.16024,0.33552,0.30964,0.16058,0.32939,0.30906
7899.1537,1,0.16065,0.33728,0.30961,0.16060,0.33176,0.30923
7899.1880,1,0.16049,0.33974,0.30971,0.16057,0.33415,0.30937
7899.2216,1,0.16096,0.34326,0.30983,0.16068,0.33689,0.30951
7899.2544,1,0.15914,0.34610,0.30977,0.16022,0.33965,0.30959
7899.2857,1,0.16249,0.34932,0.30862,0.16090,0.34255,0.30930
7899.3169,1,0.16380,0.35221,0.30796,0.16177,0.34545,0.30890
7899.3516,1,0.16608,0.35435,0.30668,0.16306,0.34812,0.30823
7899.3833,1,0.16408,0.35621,0.30588,0.16337,0.35055,0.30753
7899.4151,1,0.16256,0.35688,0.30546,0.16312,0.35245,0.30691
7899.4484,1,0.16278,0.35679,0.30480,0.16302,0.35375,0.30627
7899.4828,1,0.16230,0.35744,0.30416,0.16281,0.35486,0.30564
7899.5172,1,0.16369,0.35638,0.30364,0.16307,0.35532,0.30504
7899.5512,1,0.16526,0.35599,0.30276,0.16373,0.35552,0.30436
7899.5821,1,0.16632,0.35439,0.30164,0.16450,0.35518,0.30354
7899.6143,1,0.16873,0.35218,0.30024,0.16577,0.35428,0.30255
7899.6494,1,0.16842,0.34957,0.29911,0.16657,0.35287,0.30152
7899.6807,1,0.16719,0.34600,0.29844,0.16675,0.35081,0.30059
7899.7144,1,0.16844,0.34284,0.29755,0.16726,0.34842,0.29968
7899.7491,1,0.16652,0.33996,0.29682,0.16704,0.34588,0.29882
7899.7795,1,0.16761,0.33634,0.29512,0.16721,0.34302,0.29771
7899.8108,1,0.16737,0.33121,0.29283,0.16726,0.33947,0.29625
7899.8541,1,0.16834,0.32724,0.28975,0.16758,0.33580,0.29430
7899.8847,1,0.16706,0.32351,0.28651,0.16743,0.33212,0.29196
7899.9164,1,0.16688,0.31994,0.28265,0.16726,0.32846,0.28917
7899.9486,1,0.16954,0.31505,0.27812,0.16794,0.32444,0.28585
7899.9813,1,0.16869,0.31100,0.27438,0.16817,0.32041,0.28241
7900.0141,1,0.16548,0.30494,0.27063,0.16736,0.31577,0.27888
7900.0486,1,0.16802,0.30071,0.26651,0.16756,0.31125,0.27517
7900.0802,1,0.17067,0.29538,0.26247,0.16849,0.30649,0.27136
7900.1148,1,0.16768,0.29140,0.25937,0.16825,0.30196,0.26776
7900.1479,1,0.16398,0.28879,0.25585,0.16697,0.29801,0.26419
7900.1826,1,0.16266,0.28699,0.25198,0.16567,0.29470,0.26053
7900.2214,1,0.16176,0.28634,0.24786,0.16450,0.29220,0.25673
7900.2526,1,0.16538,0.28566,0.24257,0.16476,0.29023,0.25248
7900.2848,1,0.16669,0.28330,0.23717,0.16534,0.28815,0.24789
7900.3172,1,0.16114,0.28161,0.23330,0.16408,0.28619,0.24351
7900.3494,1,0.16029,0.27867,0.22929,0.16294,0.28394,0.23925
7900.3823,1,0.15807,0.27552,0.22621,0.16148,0.28141,0.23533
7900.4145,1,0.15628,0.27293,0.22314,0.15992,0.27887,0.23168
7900.4476,1,0.15615,0.27138,0.22016,0.15879,0.27662,0.22822
7900.4823,1,0.15389,0.27085,0.21758,0.15732,0.27489,0.22503
7900.5148,1,0.15513,0.27130,0.21457,0.15666,0.27381,0.22189
7900.5480,1,0.15017,0.27285,0.21231,0.15471,0.27352,0.21902
7900.5818,1,0.15048,0.27354,0.20889,0.15344,0.27353,0.21598
7900.6194,1,0.15221,0.27421,0.20490,0.15307,0.27373,0.21266
7900.6510,1,0.14955,0.27570,0.20158,0.15202,0.27432,0.20933
7900.6829,1,0.14882,0.27558,0.19812,0.15106,0.27470,0.20597
7900.7138,1,0.14909,0.27701,0.19435,0.15047,0.27539,0.20248
7900.7474,1,0.14719,0.27796,0.19121,0.14948,0.27616,0.19910
7900.7834,1,0.14646,0.27924,0.18786,0.14858,0.27709,0.19573
7900.8137,1,0.14508,0.28030,0.18480,0.14753,0.27805,0.19245
7900.8466,1,0.13971,0.28145,0.18243,0.14518,0.27907,0.18944
7900.8769,1,0.14046,0.28202,0.17886,0.14377,0.27995,0.18627
7900.9099,1,0.13658,0.28377,0.17658,0.14161,0.28110,0.18336
7900.9407,1,0.13513,0.28514,0.17392,0.13967,0.28231,0.18053
7900.9716,1,0.13408,0.28645,0.17113,0.13799,0.28355,0.17771
7901.0043,1,0.13411,0.28672,0.16849,0.13683,0.28450,0.17494
7901.0371,1,0.12958,0.28865,0.16637,0.13465,0.28575,0.17237
7901.0676,1,0.12838,0.29030,0.16392,0.13277,0.28711,0.16983
7901.0979,1,0.12874,0.29172,0.16119,0.13156,0.28850,0.16724
7901.1312,1,0.13118,0.29316,0.15797,0.13145,0.28989,0.16446
7901.1657,1,0.12796,0.29501,0.15593,0.13040,0.29143,0.16190
7901.2059,1,0.12785,0.29598,0.15349,0.12964,0.29279,0.15937
7901.2366,1,0.12080,0.29628,0.15274,0.12698,0.29384,0.15738
7901.2679,1,0.12397,0.29817,0.15007,0.12608,0.29514,0.15519
7901.3006,1,0.12101,0.30056,0.14884,0.12456,0.29677,0.15329
7901.3322,1,0.12048,0.30141,0.14699,0.12334,0.29816,0.15140
7901.3635,1,0.12121,0.30380,0.14493,0.12270,0.29985,0.14946
7901.4006,1,0.11708,0.30442,0.14411,0.12101,0.30122,0.14785
7901.4323,1,0.11951,0.30611,0.14221,0.12056,0.30269,0.14616
7901.4637,1,0.11752,0.30752,0.14115,0.11965,0.30414,0.14466
7901.4984,1,0.11695,0.30752,0.13931,0.11884,0.30515,0.14305
7901.5322,1,0.11833,0.30692,0.13673,0.11869,0.30568,0.14115
7901.5653,1,0.11202,0.30640,0.13545,0.11669,0.30590,0.13944
7901.5961,1,0.11223,0.30524,0.13370,0.11535,0.30570,0.13772
7901.6266,1,0.10855,0.30355,0.13311,0.11331,0.30506,0.13634
7901.6570,1,0.11136,0.29982,0.13162,0.11272,0.30348,0.13492
7901.6876,1,0.11245,0.29835,0.13062,0.11264,0.30194,0.13363
7901.7198,1,0.10973,0.29615,0.13077,0.11177,0.30021,0.13277
7901.7509,1,0.10688,0.29413,0.13112,0.11030,0.29838,0.13228
7901.7836,1,0.10855,0.29310,0.13096,0.10978,0.29680,0.13188
7901.8166,1,0.10497,0.29030,0.13200,0.10833,0.29485,0.13192
7901.8473,1,0.10461,0.28646,0.13208,0.10722,0.29233,0.13197
7901.8812,1,0.10426,0.28049,0.13114,0.10633,0.28878,0.13172
7901.9158,1,0.09948,0.27477,0.13064,0.10428,0.28458,0.13139
7901.9576,1,0.09966,0.26863,0.12983,0.10289,0.27979,0.13092
7901.9914,1,0.09914,0.26225,0.12969,0.10177,0.27453,0.13055
7902.0228,1,0.09762,0.25650,0.13035,0.10052,0.26912,0.13049
7902.0555,1,0.09900,0.24944,0.13101,0.10006,0.26322,0.13065
7902.0867,1,0.09905,0.24277,0.13227,0.09976,0.25708,0.13114
7902.1179,1,0.10001,0.23562,0.13326,0.09984,0.25064,0.13177
7902.1492,1,0.10412,0.22887,0.13328,0.10112,0.24411,0.13222
7902.1916,1,0.11062,0.22121,0.13247,0.10397,0.23724,0.13230
7902.2236,1,0.11609,0.21361,0.13175,0.10761,0.23015,0.13213
7902.2578,1,0.12012,0.20487,0.13039,0.11136,0.22257,0.13161
7902.2899,1,0.12180,0.19588,0.12968,0.11449,0.21456,0.13103
7902.3219,1,0.11654,0.18635,0.13052,0.11511,0.20610,0.13088
7902.3554,1,0.11508,0.17584,0.13046,0.11510,0.19702,0.13075
7902.3861,1,0.11672,0.16512,0.12983,0.11559,0.18745,0.13048
7902.4180,1,0.11613,0.15558,0.12952,0.11575,0.17789,0.13019
7902.4491,1,0.11162,0.14837,0.13001,0.11451,0.16903,0.13013
7902.4827,1,0.11398,0.13779,0.12922,0.11435,0.15966,0.12986
7902.5176,1,0.11629,0.12740,0.12869,0.11493,0.14998,0.12951
7902.5480,1,0.11408,0.11533,0.12880,0.11468,0.13959,0.12930
7902.5804,1,0.11834,0.10482,0.12759,0.11578,0.12916,0.12879
7902.6157,1,0.12036,0.09055,0.12636,0.11715,0.11757,0.12806
7902.6522,1,0.11841,0.07730,0.12596,0.11753,0.10549,0.12743
7902.6865,1,0.11704,0.06647,0.12580,0.11738,0.09379,0.12694
7902.7199,1,0.11703,0.05506,0.12516,0.11728,0.08217,0.12640
7902.7500,1,0.11571,0.04210,0.12488,0.11681,0.07015,0.12595
7902.7807,1,0.11666,0.02954,0.12428,0.11676,0.05796,0.12545
7902.8167,1,0.11495,0.01746,0.12398,0.11622,0.04581,0.12501
7902.8468,1,0.10783,0.00575,0.12409,0.11370,0.03379,0.12473
7902.8809,1,0.11309,-0.00726,0.12193,0.11352,0.02148,0.12389
7902.9149,1,0.11097,-0.01762,0.12152,0.11275,0.00975,0.12318
7902.9472,1,0.10656,-0.02907,0.12104,0.11090,-0.00190,0.12254
7902.9793,1,0.10259,-0.04025,0.12063,0.10841,-0.01340,0.12197
7903.0192,1,0.10600,-0.05223,0.11919,0.10768,-0.02505,0.12113
7903.0493,1,0.11194,-0.06054,0.11731,0.10896,-0.03570,0.11999
7903.0851,1,0.11428,-0.07045,0.11647,0.11056,-0.04612,0.11893
7903.1227,1,0.11038,-0.07901,0.11683,0.11051,-0.05599,0.11830
7903.1546,1,0.10727,-0.08470,0.11718,0.10954,-0.06460,0.11797
7903.1863,1,0.10671,-0.09398,0.11636,0.10869,-0.07341,0.11749
7903.2221,1,0.10775,-0.10254,0.11539,0.10841,-0.08215,0.11686
7903.2525,1,0.11169,-0.11121,0.11336,0.10939,-0.09087,0.11581
7903.2831,1,0.10987,-0.11774,0.11164,0.10954,-0.09893,0.11456
7903.3167,1,0.10687,-0.12398,0.11007,0.10874,-0.10645,0.11321
7903.3490,1,0.10411,-0.12933,0.10878,0.10735,-0.11331,0.11188
7903.3805,1,0.10556,-0.13507,0.10709,0.10681,-0.11984,0.11044
7903.4170,1,0.10760,-0.14006,0.10562,0.10705,-0.12591,0.10900
7903.4480,1,0.10723,-0.14826,0.10359,0.10710,-0.13261,0.10738
7903.4808,1,0.10935,-0.15279,0.10135,0.10778,-0.13866,0.10557
7903.5156,1,0.09274,-0.15508,0.10275,0.10327,-0.14359,0.10472
7903.5479,1,0.09031,-0.16293,0.10197,0.09938,-0.14939,0.10390
7903.5813,1,0.09158,-0.16873,0.09979,0.09704,-0.15519,0.10267
7903.6216,1,0.09253,-0.17185,0.09872,0.09569,-0.16019,0.10148
7903.6542,1,0.09005,-0.17833,0.09814,0.09400,-0.16563,0.10048
7903.6849,1,0.08682,-0.18217,0.09775,0.09185,-0.17059,0.09966
7903.7159,1,0.08165,-0.18868,0.09752,0.08879,-0.17602,0.09902
7903.7478,1,0.07486,-0.19200,0.09769,0.08461,-0.18082,0.09862
7903.7810,1,0.06801,-0.19667,0.09832,0.07963,-0.18557,0.09853
7903.8140,1,0.07088,-0.19978,0.09746,0.07700,-0.18983,0.09821
7903.8487,1,0.07387,-0.20234,0.09695,0.07606,-0.19359,0.09783
7903.8826,1,0.07125,-0.20776,0.09734,0.07462,-0.19784,0.09768
7903.9139,1,0.07374,-0.21164,0.09728,0.07435,-0.20198,0.09756
7903.9483,1,0.07269,-0.21371,0.09804,0.07386,-0.20550,0.09771
7903.9826,1,0.08152,-0.21804,0.09877,0.07616,-0.20926,0.09803
7904.0188,1,0.07975,-0.22029,0.10177,0.07723,-0.21257,0.09915
7904.0495,1,0.08512,-0.22124,0.10361,0.07960,-0.21517,0.10049
7904.0808,1,0.08841,-0.22511,0.10544,0.08224,-0.21815,0.10197
7904.1162,1,0.09191,-0.23093,0.10678,0.08514,-0.22199,0.10342
7904.1532,1,0.09276,-0.23234,0.10891,0.08743,-0.22509,0.10507
7904.1912,1,0.09278,-0.23363,0.11059,0.08903,-0.22765,0.10672
7904.2220,1,0.09392,-0.23729,0.11206,0.09050,-0.23054,0.10832
7904.2522,1,0.09464,-0.24002,0.11231,0.09174,-0.23339,0.10952
7904.2853,1,0.09539,-0.24179,0.11237,0.09284,-0.23591,0.11038
7904.3160,1,0.09890,-0.24567,0.11182,0.09466,-0.23884,0.11081
7904.3465,1,0.09905,-0.24878,0.11216,0.09598,-0.24182,0.11121
7904.3819,1,0.09904,-0.25113,0.11273,0.09690,-0.24461,0.11167
7904.4156,1,0.10036,-0.25444,0.11273,0.09794,-0.24756,0.11199
7904.4481,1,0.09857,-0.25813,0.11304,0.09813,-0.25073,0.11230
7904.4813,1,0.09968,-0.26017,0.11292,0.09859,-0.25356,0.11249
7904.5180,1,0.09791,-0.26319,0.11279,0.09839,-0.25645,0.11258
7904.5500,1,0.09578,-0.26606,0.11306,0.09760,-0.25933,0.11272
7904.5863,1,0.09497,-0.26846,0.11314,0.09682,-0.26207,0.11285
7904.6207,1,0.09452,-0.27085,0.11339,0.09613,-0.26471,0.11301
7904.6528,1,0.09469,-0.27389,0.11328,0.09570,-0.26746,0.11309
7904.6848,1,0.09605,-0.27626,0.11393,0.09580,-0.27010,0.11334
7904.7167,1,0.09725,-0.27838,0.11392,0.09624,-0.27258,0.11352
7904.7487,1,0.09735,-0.27874,0.11406,0.09657,-0.27443,0.11368
7904.7816,1,0.09724,-0.27998,0.11432,0.09677,-0.27610,0.11387
7904.8142,1,0.09564,-0.27950,0.11470,0.09643,-0.27712,0.11412
7904.8508,1,0.09420,-0.27687,0.11616,0.09576,-0.27704,0.11473
7904.8831,1,0.09610,-0.27456,0.11775,0.09587,-0.27630,0.11564
7904.9155,1,0.09588,-0.27124,0.12020,0.09587,-0.27478,0.11700
7904.9578,1,0.09663,-0.26827,0.12331,0.09610,-0.27283,0.11890
7904.9894,1,0.10335,-0.26332,0.12716,0.09828,-0.26998,0.12138
7905.0207,1,0.10976,-0.25999,0.13175,0.10172,-0.26698,0.12449
7905.0532,1,0.11463,-0.25571,0.13776,0.10559,-0.26360,0.12847
7905.0845,1,0.11996,-0.25203,0.14293,0.10990,-0.26013,0.13281
7905.1169,1,0.12334,-0.24817,0.14754,0.11393,-0.25654,0.13723
7905.1503,1,0.12495,-0.24327,0.15198,0.11724,-0.25256,0.14165
7905.1949,1,0.12851,-0.23921,0.15588,0.12062,-0.24856,0.14592
7905.2267,1,0.13034,-0.23531,0.15997,0.12354,-0.24458,0.15014
7905.2572,1,0.13128,-0.23121,0.16443,0.12586,-0.24057,0.15442
7905.2902,1,0.13315,-0.22959,0.16897,0.12805,-0.23728,0.15879
7905.3218,1,0.13418,-0.22786,0.17384,0.12989,-0.23445,0.16330
7905.3522,1,0.13688,-0.22590,0.17886,0.13199,-0.23189,0.16797
7905.3851,1,0.13832,-0.22302,0.18458,0.13389,-0.22923,0.17295
7905.4179,1,0.13975,-0.22188,0.18991,0.13564,-0.22702,0.17804
7905.4532,1,0.14004,-0.21901,0.19507,0.13696,-0.22462,0.18315
7905.4848,1,0.14218,-0.21670,0.19956,0.13853,-0.22224,0.18807
7905.5161,1,0.14199,-0.21469,0.20379,0.13957,-0.21998,0.19279
7905.5529,1,0.14091,-0.21187,0.20792,0.13997,-0.21754,0.19733
7905.5856,1,0.13978,-0.21101,0.21179,0.13991,-0.21558,0.20167
7905.6214,1,0.13960,-0.20917,0.21609,0.13982,-0.21366,0.20599
7905.6554,1,0.14213,-0.20817,0.21996,0.14051,-0.21201,0.21018
7905.6891,1,0.14417,-0.20682,0.22383,0.14161,-0.21046,0.21428
7905.7235,1,0.14429,-0.20575,0.22790,0.14241,-0.20904,0.21836
7905.7601,1,0.14365,-0.20548,0.23303,0.14278,-0.20797,0.22276
7905.8010,1,0.14525,-0.20324,0.23778,0.14352,-0.20655,0.22727
7905.8361,1,0.14704,-0.20173,0.24273,0.14458,-0.20511,0.23191
7905.8708,1,0.14621,-0.19835,0.24800,0.14507,-0.20308,0.23673
7905.9124,1,0.14621,-0.19534,0.25337,0.14541,-0.20076,0.24172
7905.9518,1,0.14823,-0.19421,0.25822,0.14626,-0.19879,0.24667
7905.9876,1,0.14731,-0.19244,0.26284,0.14657,-0.19689,0.25152
7906.0192,1,0.14946,-0.19193,0.26700,0.14744,-0.19540,0.25617
7906.0516,1,0.15026,-0.18941,0.27146,0.14829,-0.19360,0.26075
7906.0831,1,0.15464,-0.18901,0.27549,0.15019,-0.19223,0.26517
7906.1162,1,0.15368,-0.18730,0.28002,0.15124,-0.19075,0.26963
7906.1499,1,0.15683,-0.18611,0.28382,0.15292,-0.18936,0.27389
7906.1828,1,0.16219,-0.18529,0.28692,0.15570,-0.18814,0.27780
7906.2237,1,0.16367,-0.18354,0.29004,0.15809,-0.18676,0.28147
7906.2543,1,0.16632,-0.18189,0.29273,0.16056,-0.18530,0.28485
7906.2854,1,0.16804,-0.18131,0.29533,0.16280,-0.18410,0.28799
7906.3173,1,0.16808,-0.17967,0.29791,0.16439,-0.18277,0.29097
7906.3523,1,0.17005,-0.17905,0.29996,0.16608,-0.18166,0.29366
7906.3839,1,0.17158,-0.17848,0.30189,0.16773,-0.18070,0.29613
7906.4174,1,0.17258,-0.17787,0.30363,0.16919,-0.17985,0.29838
7906.4505,1,0.17506,-0.17685,0.30548,0.17095,-0.17895,0.30051
7906.4828,1,0.17792,-0.17516,0.30814,0.17304,-0.17781,0.30280
7906.5144,1,0.18105,-0.17392,0.31165,0.17544,-0.17665,0.30546
7906.5472,1,0.18155,-0.17468,0.31513,0.17728,-0.17606,0.30836
7906.5819,1,0.17948,-0.17451,0.31931,0.17794,-0.17559,0.31164
7906.6145,1,0.17981,-0.17544,0.32286,0.17850,-0.17555,0.31501
7906.6495,1,0.18128,-0.17555,0.32627,0.17933,-0.17555,0.31839
7906.6807,1,0.18586,-0.17473,0.32916,0.18129,-0.17530,0.32162
7906.7139,1,0.18398,-0.17440,0.33307,0.18210,-0.17503,0.32505
7906.7478,1,0.18401,-0.17425,0.33657,0.18267,-0.17480,0.32851
7906.7836,1,0.18338,-0.17374,0.33969,0.18288,-0.17448,0.33186
7906.8149,1,0.18310,-0.17286,0.34262,0.18295,-0.17399,0.33509
7906.8523,1,0.18431,-0.17285,0.34524,0.18336,-0.17365,0.33813
7906.8832,1,0.18516,-0.17283,0.34803,0.18390,-0.17340,0.34110
7906.9186,1,0.18738,-0.17352,0.35082,0.18494,-0.17344,0.34402
7906.9545,1,0.19010,-0.17383,0.35363,0.18649,-0.17356,0.34690
7906.9863,1,0.19125,-0.17469,0.35656,0.18792,-0.17390,0.34980
7907.0184,1,0.19059,-0.17552,0.35937,0.18872,-0.17438,0.35267
7907.0494,1,0.18835,-0.17683,0.36171,0.18861,-0.17512,0.35538
7907.0811,1,0.18889,-0.17891,0.36328,0.18869,-0.17625,0.35775
7907.1141,1,0.18789,-0.18080,0.36507,0.18845,-0.17762,0.35995
7907.1496,1,0.18704,-0.18275,0.36666,0.18803,-0.17916,0.36196
7907.1818,1,0.18836,-0.18572,0.36755,0.18813,-0.18113,0.36364
7907.2230,1,0.18988,-0.18881,0.36777,0.18865,-0.18343,0.36488
7907.2533,1,0.19057,-0.19239,0.36790,0.18923,-0.18612,0.36578
7907.2862,1,0.18963,-0.19609,0.36824,0.18935,-0.18911,0.36652
7907.3168,1,0.19061,-0.19974,0.36859,0.18973,-0.19230,0.36714
7907.3491,1,0.19218,-0.20307,0.36898,0.19046,-0.19553,0.36769
7907.3807,1,0.19245,-0.20688,0.36955,0.19106,-0.19894,0.36825
7907.4159,1,0.19446,-0.21119,0.36995,0.19208,-0.20261,0.36876
7907.4485,1,0.19666,-0.21683,0.37030,0.19345,-0.20688,0.36922
7907.4811,1,0.19754,-0.22302,0.37015,0.19468,-0.21172,0.36950
7907.5154,1,0.19932,-0.22895,0.37018,0.19607,-0.21689,0.36970
7907.5485,1,0.20004,-0.23523,0.37028,0.19726,-0.22239,0.36988
7907.5853,1,0.20430,-0.24113,0.37035,0.19937,-0.22801,0.37002
7907.6165,1,0.20496,-0.24617,0.37103,0.20105,-0.23346,0.37032
7907.6517,1,0.20634,-0.25076,0.37214,0.20263,-0.23865,0.37087
7907.6885,1,0.20819,-0.25492,0.37293,0.20430,-0.24353,0.37149
7907.7218,1,0.21200,-0.25833,0.37269,0.20661,-0.24797,0.37185
7907.7537,1,0.21446,-0.25822,0.37164,0.20897,-0.25105,0.37179
7907.7846,1,0.21804,-0.25633,0.36988,0.21169,-0.25263,0.37121
7907.8155,1,0.22149,-0.25212,0.36744,0.21463,-0.25248,0.37008
7907.8483,1,0.22284,-0.24678,0.36470,0.21709,-0.25077,0.36847
7907.8827,1,0.22629,-0.24087,0.36153,0.21985,-0.24780,0.36639
7907.9143,1,0.22766,-0.23439,0.35869,0.22219,-0.24378,0.36408
7907.9547,1,0.22811,-0.22760,0.35647,0.22397,-0.23892,0.36180
7907.9878,1,0.22798,-0.21970,0.35492,0.22517,-0.23315,0.35973
7908.0201,1,0.22661,-0.21347,0.35361,0.22560,-0.22725,0.35790
7908.0520,1,0.22620,-0.20595,0.35329,0.22578,-0.22086,0.35652
7908.0841,1,0.22625,-0.19857,0.35326,0.22592,-0.21417,0.35554
7908.1151,1,0.22893,-0.19129,0.35272,0.22682,-0.20731,0.35469
7908.1478,1,0.23125,-0.18317,0.35211,0.22815,-0.20007,0.35392
7908.1812,1,0.23366,-0.17595,0.35153,0.22980,-0.19283,0.35320
7908.2234,1,0.23581,-0.16760,0.35082,0.23160,-0.18526,0.35249
7908.2562,1,0.23283,-0.15977,0.35037,0.23197,-0.17761,0.35185
7908.2878,1,0.23519,-0.15193,0.34907,0.23294,-0.16991,0.35102
7908.3198,1,0.23143,-0.14537,0.34885,0.23248,-0.16255,0.35037
7908.3508,1,0.23202,-0.13956,0.34743,0.23234,-0.15565,0.34949
7908.3830,1,0.23260,-0.13328,0.34621,0.23242,-0.14894,0.34850
7908.4161,1,0.23282,-0.12666,0.34504,0.23254,-0.14225,0.34746
7908.4474,1,0.23223,-0.12043,0.34453,0.23245,-0.13571,0.34658
7908.4838,1,0.23195,-0.11441,0.34410,0.23230,-0.12932,0.34584
7908.5211,1,0.23372,-0.10739,0.34343,0.23273,-0.12274,0.34511
7908.5536,1,0.23533,-0.10139,0.34264,0.23351,-0.11634,0.34437
7908.5878,1,0.23612,-0.09534,0.34196,0.23429,-0.11004,0.34365
7908.6207,1,0.23737,-0.08972,0.34062,0.23521,-0.10394,0.34274
7908.6547,1,0.23912,-0.08419,0.33947,0.23639,-0.09802,0.34176
7908.6876,1,0.23985,-0.07766,0.33854,0.23743,-0.09191,0.34079
7908.7198,1,0.24020,-0.07216,0.33789,0.23826,-0.08598,0.33992
7908.7535,1,0.24174,-0.06641,0.33686,0.23930,-0.08011,0.33900
7908.7871,1,0.24286,-0.06101,0.33615,0.24037,-0.07438,0.33815
7908.8238,1,0.24229,-0.05634,0.33548,0.24094,-0.06897,0.33735
7908.8562,1,0.24320,-0.05147,0.33505,0.24162,-0.06372,0.33666
7908.8882,1,0.24280,-0.04714,0.33458,0.24198,-0.05874,0.33603
7908.9194,1,0.24336,-0.04209,0.33378,0.24239,-0.05375,0.33536
7908.9577,1,0.24484,-0.03672,0.33294,0.24313,-0.04864,0.33463
7908.9888,1,0.24418,-0.03183,0.33248,0.24344,-0.04360,0.33398
7909.0204,1,0.24507,-0.02632,0.33210,0.24393,-0.03841,0.33342
7909.0531,1,0.24602,-0.02139,0.33165,0.24456,-0.03331,0.33289
7909.0904,1,0.24703,-0.01619,0.33106,0.24530,-0.02817,0.33234
7909.1257,1,0.24959,-0.01143,0.33030,0.24658,-0.02315,0.33173
7909.1594,1,0.25122,-0.00586,0.32932,0.24798,-0.01796,0.33101
7909.1932,1,0.24941,-0.00190,0.32883,0.24840,-0.01314,0.33035
7909.2280,1,0.25261,0.00225,0.32751,0.24967,-0.00853,0.32950
7909.2588,1,0.25370,0.00717,0.32659,0.25088,-0.00382,0.32863
7909.2904,1,0.25468,0.01053,0.32606,0.25202,0.00049,0.32786
7909.3222,1,0.25652,0.01448,0.32573,0.25337,0.00468,0.32722
7909.3539,1,0.25686,0.01782,0.32593,0.25441,0.00863,0.32683
7909.3889,1,0.25624,0.02113,0.32621,0.25496,0.01238,0.32665
7909.4204,1,0.25629,0.02556,0.32636,0.25536,0.01633,0.32656
7909.4523,1,0.25691,0.03039,0.32658,0.25582,0.02055,0.32657
7909.4862,1,0.25785,0.03535,0.32654,0.25643,0.02499,0.32656
7909.5191,1,0.26037,0.04090,0.32572,0.25761,0.02976,0.32631
7909.5493,1,0.26228,0.04600,0.32529,0.25901,0.03463,0.32600
7909.5806,1,0.26282,0.05136,0.32446,0.26015,0.03965,0.32554
7909.6165,1,0.26182,0.05581,0.32389,0.26066,0.04450,0.32505
7909.6505,1,0.26035,0.06165,0.32332,0.26056,0.04965,0.32453
7909.6833,1,0.26042,0.06735,0.32216,0.26052,0.05496,0.32382
7909.7138,1,0.26240,0.07249,0.32128,0.26108,0.06022,0.32306
7909.7474,1,0.26415,0.07748,0.32003,0.26201,0.06540,0.32215
7909.7834,1,0.26278,0.08071,0.31933,0.26224,0.06999,0.32130
7909.8159,1,0.26677,0.08487,0.31749,0.26360,0.07446,0.32016
7909.8481,1,0.26809,0.08891,0.31663,0.26495,0.07879,0.31910
7909.8823,1,0.26988,0.09227,0.31541,0.26643,0.08283,0.31799
7909.9166,1,0.26914,0.09787,0.31454,0.26724,0.08735,0.31696
7909.9487,1,0.26830,0.10278,0.31408,0.26756,0.09198,0.31609
7909.9807,1,0.26551,0.10811,0.31317,0.26694,0.09682,0.31522
7910.0144,1,0.26910,0.11142,0.31207,0.26759,0.10120,0.31427
7910.0484,1,0.26919,0.11485,0.31069,0.26807,0.10529,0.31320
7910.0805,1,0.26912,0.11679,0.30956,0.26838,0.10874,0.31211
7910.1137,1,0.26931,0.11725,0.30768,0.26866,0.11129,0.31078
7910.1477,1,0.27075,0.11834,0.30598,0.26929,0.11341,0.30934
7910.1837,1,0.27204,0.11943,0.30393,0.27011,0.11521,0.30772
7910.2243,1,0.27290,0.12088,0.30203,0.27095,0.11692,0.30601
7910.2576,1,0.27384,0.12184,0.29980,0.27182,0.11839,0.30415
7910.2892,1,0.27434,0.12320,0.29736,0.27257,0.11984,0.30211
7910.3202,1,0.27556,0.12521,0.29467,0.27347,0.12145,0.29988
7910.3535,1,0.27624,0.12655,0.29227,0.27430,0.12298,0.29760
7910.3874,1,0.27537,0.12797,0.29005,0.27462,0.12448,0.29533
7910.4209,1,0.27726,0.12956,0.28730,0.27541,0.12600,0.29292
7910.4524,1,0.27623,0.13056,0.28481,0.27566,0.12737,0.29049
7910.4840,1,0.27514,0.13124,0.28213,0.27551,0.12853,0.28798
7910.5162,1,0.27769,0.13216,0.27912,0.27616,0.12962,0.28532
7910.5489,1,0.27450,0.13281,0.27670,0.27566,0.13058,0.28273
7910.5798,1,0.27563,0.13334,0.27392,0.27565,0.13140,0.28009
7910.6145,1,0.27641,0.13360,0.27129,0.27588,0.13206,0.27745
7910.6518,1,0.27480,0.13472,0.26882,0.27556,0.13286,0.27486
7910.6826,1,0.27328,0.13553,0.26655,0.27487,0.13366,0.27237
7910.7194,1,0.27085,0.13639,0.26435,0.27366,0.13448,0.26996
7910.7517,1,0.26974,0.13720,0.26247,0.27249,0.13530,0.26772
7910.7962,1,0.27193,0.13777,0.26005,0.27232,0.13604,0.26541
7910.8331,1,0.27157,0.13853,0.25786,0.27209,0.13679,0.26315
7910.8693,1,0.27458,0.14012,0.25469,0.27284,0.13779,0.26061
7910.9029,1,0.27737,0.14221,0.25129,0.27420,0.13912,0.25781
7910.9349,1,0.28158,0.14295,0.24711,0.27642,0.14027,0.25460
7910.9668,1,0.28357,0.14420,0.24314,0.27856,0.14145,0.25117
7910.9988,1,0.28560,0.14612,0.23989,0.28067,0.14285,0.24778
7911.0366,1,0.28129,0.14890,0.23733,0.28086,0.14466,0.24465
7911.0729,1,0.28327,0.15133,0.23377,0.28158,0.14666,0.24138
7911.1047,1,0.28535,0.15341,0.23004,0.28271,0.14869,0.23798
7911.1397,1,0.28872,0.15571,0.22637,0.28452,0.15079,0.23450
7911.1752,1,0.28796,0.15779,0.22267,0.28555,0.15289,0.23095
7911.2112,1,0.28814,0.16000,0.21892,0.28633,0.15503,0.22734
7911.2431,1,0.29269,0.16089,0.21470,0.28824,0.15678,0.22355
7911.2744,1,0.29089,0.16213,0.21169,0.28903,0.15839,0.21999
7911.3055,1,0.29203,0.16330,0.20798,0.28993,0.15986,0.21639
7911.3373,1,0.29335,0.16458,0.20454,0.29096,0.16128,0.21284
7911.3693,1,0.29046,0.16521,0.20190,0.29081,0.16246,0.20955
7911.4026,1,0.29278,0.16532,0.19814,0.29140,0.16332,0.20613
7911.4364,1,0.29231,0.16593,0.19457,0.29167,0.16410,0.20266
7911.4695,1,0.29130,0.16684,0.19093,0.29156,0.16492,0.19914
7911.5021,1,0.29053,0.16736,0.18784,0.29125,0.16565,0.19575
7911.5345,1,0.28823,0.16831,0.18459,0.29035,0.16645,0.19240
7911.5670,1,0.28738,0.16897,0.18092,0.28946,0.16721,0.18896
7911.5990,1,0.28500,0.16958,0.17715,0.28812,0.16792,0.18542
7911.6317,1,0.28420,0.17089,0.17351,0.28694,0.16881,0.18184
7911.6654,1,0.28319,0.17220,0.17015,0.28582,0.16983,0.17834
7911.6979,1,0.28101,0.17439,0.16722,0.28438,0.17120,0.17500
7911.7318,1,0.28237,0.17679,0.16373,0.28377,0.17288,0.17162
7911.7664,1,0.28595,0.17944,0.16005,0.28443,0.17484,0.16815
7911.8020,1,0.28626,0.18221,0.15657,0.28498,0.17705,0.16468
7911.8355,1,0.28552,0.18446,0.15301,0.28514,0.17928,0.16118
7911.8671,1,0.28820,0.18668,0.14874,0.28606,0.18150,0.15745
7911.8988,1,0.28687,0.18996,0.14485,0.28630,0.18404,0.15367
7911.9303,1,0.28790,0.19407,0.14063,0.28678,0.18705,0.14976
7911.9636,1,0.28746,0.19736,0.13654,0.28699,0.19014,0.14579
7911.9974,1,0.28733,0.19953,0.13264,0.28709,0.19296,0.14185
7912.0314,1,0.28656,0.20232,0.12904,0.28693,0.19577,0.13800
7912.0640,1,0.28418,0.20321,0.12593,0.28611,0.19800,0.13438
7912.0979,1,0.28323,0.20326,0.12295,0.28524,0.19958,0.13095
7912.1370,1,0.28239,0.20350,0.12056,0.28439,0.20076,0.12784
7912.1685,1,0.28162,0.20350,0.11854,0.28356,0.20158,0.12505
7912.2022,1,0.27853,0.20375,0.11658,0.28205,0.20223,0.12251
7912.2434,1,0.27513,0.20269,0.11510,0.27997,0.20237,0.12028
7912.2753,1,0.27178,0.20356,0.11330,0.27751,0.20273,0.11819
7912.3078,1,0.27001,0.20413,0.11181,0.27526,0.20315,0.11628
7912.3412,1,0.26776,0.20492,0.11128,0.27301,0.20368,0.11478
7912.3744,1,0.26332,0.20514,0.11195,0.27010,0.20412,0.11393
7912.4088,1,0.26816,0.20591,0.11230,0.26952,0.20465,0.11344
7912.4402,1,0.27170,0.20586,0.11344,0.27018,0.20502,0.11344
7912.4740,1,0.27337,0.20437,0.11513,0.27113,0.20482,0.11395
7912.5061,1,0.27175,0.20116,0.11746,0.27132,0.20372,0.11500
7912.5378,1,0.27434,0.19740,0.11825,0.27223,0.20183,0.11598
7912.5703,1,0.27336,0.19264,0.12005,0.27257,0.19907,0.11720
7912.6018,1,0.27281,0.18659,0.12165,0.27264,0.19533,0.11853
7912.6334,1,0.27430,0.18133,0.12302,0.27314,0.19113,0.11988
7912.6657,1,0.27198,0.17590,0.12518,0.27279,0.18656,0.12147
7912.6990,1,0.27063,0.17134,0.12682,0.27214,0.18200,0.12307
7912.7323,1,0.27066,0.16582,0.12851,0.27170,0.17714,0.12470
7912.7665,1,0.27003,0.15966,0.12983,0.27120,0.17190,0.12624
7912.8029,1,0.27088,0.15326,0.13121,0.27110,0.16631,0.12773
7912.8407,1,0.27170,0.14679,0.13249,0.27128,0.16045,0.12916
7912.8720,1,0.27055,0.13954,0.13395,0.27106,0.15418,0.13059
7912.9035,1,0.26844,0.13208,0.13511,0.27028,0.14755,0.13195
7912.9361,1,0.27291,0.12533,0.13546,0.27107,0.14088,0.13300
7912.9680,1,0.27320,0.11742,0.13643,0.27171,0.13384,0.13403
7913.0017,1,0.27142,0.10982,0.13704,0.27162,0.12664,0.13493
7913.0337,1,0.26900,0.10148,0.13751,0.27083,0.11909,0.13571
7913.0645,1,0.26689,0.09283,0.13875,0.26965,0.11121,0.13662
7913.0991,1,0.26598,0.08580,0.13984,0.26855,0.10359,0.13759
7913.1322,1,0.26421,0.07841,0.14102,0.26725,0.09603,0.13862
7913.1639,1,0.26300,0.07090,0.14193,0.26598,0.08849,0.13961
7913.1971,1,0.26085,0.06395,0.14287,0.26444,0.08113,0.14059
7913.2402,1,0.26504,0.05729,0.14285,0.26462,0.07398,0.14127
7913.2711,1,0.26519,0.04866,0.14324,0.26479,0.06638,0.14186
7913.3052,1,0.26594,0.04090,0.14378,0.26513,0.05874,0.14244
7913.3366,1,0.26383,0.03212,0.14451,0.26474,0.05075,0.14306
7913.3702,1,0.26057,0.02440,0.14533,0.26349,0.04285,0.14374
7913.4043,1,0.25940,0.01556,0.14631,0.26226,0.03466,0.14451
7913.4365,1,0.25958,0.00767,0.14700,0.26146,0.02656,0.14526
7913.4694,1,0.26056,0.00049,0.14799,0.26119,0.01874,0.14608
7913.5013,1,0.26210,-0.00725,0.14914,0.26146,0.01094,0.14700
7913.5371,1,0.26208,-0.01567,0.15064,0.26165,0.00296,0.14809
7913.5710,1,0.26080,-0.02305,0.15154,0.26140,-0.00484,0.14912
7913.6020,1,0.26035,-0.02930,0.15199,0.26108,-0.01218,0.14998
7913.6339,1,0.25971,-0.03610,0.15267,0.26067,-0.01936,0.15079
7913.6656,1,0.25755,-0.04248,0.15368,0.25973,-0.02629,0.15166
7913.6966,1,0.25666,-0.04869,0.15387,0.25881,-0.03301,0.15232
7913.7306,1,0.25397,-0.05553,0.15380,0.25736,-0.03977,0.15276
7913.7635,1,0.25135,-0.06398,0.15404,0.25556,-0.04703,0.15315
7913.7963,1,0.25116,-0.07039,0.15377,0.25424,-0.05404,0.15334
7913.8275,1,0.24918,-0.07630,0.15403,0.25272,-0.06072,0.15354
7913.8606,1,0.24880,-0.07884,0.15433,0.25154,-0.06615,0.15378
7913.8930,1,0.25033,-0.08271,0.15457,0.25118,-0.07112,0.15402
7913.9246,1,0.24934,-0.08582,0.15524,0.25063,-0.07553,0.15438
7913.9612,1,0.24782,-0.09053,0.15577,0.24978,-0.08003,0.15480
7913.9923,1,0.24554,-0.09475,0.15650,0.24851,-0.08445,0.15531
7914.0247,1,0.24670,-0.09976,0.15689,0.24797,-0.08904,0.15578
7914.0562,1,0.24245,-0.10399,0.15751,0.24631,-0.09353,0.15630
7914.0888,1,0.23845,-0.10897,0.15838,0.24396,-0.09816,0.15692
7914.1205,1,0.23501,-0.11326,0.15864,0.24127,-0.10269,0.15744
7914.1579,1,0.23305,-0.11729,0.15871,0.23881,-0.10707,0.15782
7914.1897,1,0.23111,-0.12135,0.15899,0.23650,-0.11135,0.15817
7914.2215,1,0.22465,-0.12646,0.16018,0.23295,-0.11589,0.15877
7914.2561,1,0.22520,-0.13141,0.16042,0.23062,-0.12054,0.15927
7914.2888,1,0.22207,-0.13713,0.16176,0.22806,-0.12552,0.16002
7914.3214,1,0.22110,-0.14094,0.16295,0.22597,-0.13014,0.16089
7914.3526,1,0.22051,-0.14446,0.16430,0.22433,-0.13444,0.16192
7914.3836,1,0.22033,-0.14768,0.16532,0.22313,-0.13841,0.16294
7914.4150,1,0.22084,-0.14937,0.16620,0.22244,-0.14170,0.16392
7914.4467,1,0.22182,-0.14852,0.16753,0.22226,-0.14375,0.16500
7914.4812,1,0.22089,-0.14848,0.16884,0.22185,-0.14516,0.16615
7914.5144,1,0.22213,-0.14553,0.16949,0.22193,-0.14527,0.16715
7914.5487,1,0.22352,-0.14222,0.16959,0.22241,-0.14436,0.16788
7914.5839,1,0.22436,-0.13966,0.16960,0.22299,-0.14295,0.16840
7914.6191,1,0.22612,-0.13581,0.16944,0.22393,-0.14081,0.16871
7914.6532,1,0.22703,-0.13213,0.16942,0.22486,-0.13820,0.16892
7914.6842,1,0.22615,-0.12806,0.16971,0.22525,-0.13516,0.16916
7914.7148,1,0.22679,-0.12269,0.16996,0.22571,-0.13142,0.16940
7914.7477,1,0.22624,-0.11710,0.17026,0.22587,-0.12712,0.16966
7914.7846,1,0.22829,-0.11098,0.16999,0.22660,-0.12228,0.16976
7914.8161,1,0.23035,-0.10458,0.16999,0.22772,-0.11697,0.16983
7914.8493,1,0.23168,-0.09662,0.16981,0.22891,-0.11086,0.16982
7914.8798,1,0.23117,-0.09018,0.16966,0.22959,-0.10466,0.16977
7914.9166,1,0.23302,-0.08257,0.16939,0.23062,-0.09803,0.16966
7914.9493,1,0.23630,-0.07580,0.16836,0.23232,-0.09136,0.16927
7914.9826,1,0.23581,-0.06955,0.16852,0.23337,-0.08482,0.16904
7915.0135,1,0.23809,-0.06289,0.16829,0.23479,-0.07824,0.16882
7915.0554,1,0.24061,-0.05598,0.16861,0.23653,-0.07156,0.16876
7915.0883,1,0.24290,-0.04964,0.16834,0.23844,-0.06499,0.16863
7915.1221,1,0.24390,-0.04521,0.16754,0.24008,-0.05905,0.16830
7915.1542,1,0.24785,-0.04010,0.16584,0.24241,-0.05337,0.16756
7915.1855,1,0.24860,-0.03745,0.16433,0.24427,-0.04859,0.16660
7915.2173,1,0.24941,-0.03462,0.16270,0.24581,-0.04440,0.16543
7915.2531,1,0.25071,-0.03223,0.16054,0.24728,-0.04075,0.16396
7915.2854,1,0.25302,-0.03011,0.15845,0.24900,-0.03756,0.16231
7915.3232,1,0.25548,-0.02778,0.15661,0.25094,-0.03463,0.16060
7915.3575,1,0.25969,-0.02473,0.15429,0.25357,-0.03166,0.15870
7915.3934,1,0.26284,-0.02245,0.15201,0.25635,-0.02889,0.15670
7915.4261,1,0.26417,-0.02098,0.15032,0.25869,-0.02652,0.15478
7915.4627,1,0.26597,-0.01848,0.14855,0.26088,-0.02411,0.15291
7915.4963,1,0.26670,-0.01636,0.14718,0.26262,-0.02178,0.15120
7915.5328,1,0.26620,-0.01397,0.14657,0.26369,-0.01944,0.14981
7915.5640,1,0.26687,-0.01247,0.14597,0.26465,-0.01735,0.14866
7915.5998,1,0.26893,-0.01094,0.14523,0.26593,-0.01543,0.14763
7915.6308,1,0.27006,-0.00930,0.14437,0.26717,-0.01359,0.14665
7915.6654,1,0.27159,-0.00866,0.14357,0.26850,-0.01211,0.14573
7915.6971,1,0.27166,-0.00845,0.14281,0.26945,-0.01101,0.14485
7915.7317,1,0.27222,-0.00851,0.14271,0.27028,-0.01026,0.14421
7915.7658,1,0.27409,-0.00889,0.14230,0.27142,-0.00985,0.14364
7915.8003,1,0.27687,-0.01168,0.14073,0.27306,-0.01040,0.14276
7915.8376,1,0.27565,-0.01403,0.13960,0.27383,-0.01149,0.14182
7915.8701,1,0.27568,-0.01597,0.13851,0.27439,-0.01283,0.14083
7915.9013,1,0.27824,-0.01609,0.13767,0.27554,-0.01381,0.13988
7915.9322,1,0.28380,-0.01575,0.13746,0.27802,-0.01439,0.13915
7915.9651,1,0.28584,-0.01637,0.13738,0.28037,-0.01498,0.13862
7916.0039,1,0.28744,-0.01610,0.13731,0.28249,-0.01532,0.13823
7916.0388,1,0.29001,-0.01797,0.13734,0.28475,-0.01612,0.13796
7916.0729,1,0.29153,-0.01901,0.13829,0.28678,-0.01698,0.13806
7916.1059,1,0.29757,-0.01866,0.13912,0.29002,-0.01749,0.13838
7916.1374,1,0.30178,-0.01866,0.14036,0.29355,-0.01784,0.13897
7916.1695,1,0.30451,-0.01933,0.14188,0.29684,-0.01829,0.13984
7916.2024,1,0.30823,-0.01894,0.14331,0.30025,-0.01848,0.14089
7916.2371,1,0.31271,-0.01801,0.14508,0.30399,-0.01834,0.14214
7916.2685,1,0.31342,-0.01658,0.14714,0.30682,-0.01781,0.14364
7916.3006,1,0.31761,-0.01583,0.14847,0.31005,-0.01722,0.14509
7916.3398,1,0.31813,-0.01526,0.14971,0.31248,-0.01663,0.14648
7916.3719,1,0.32317,-0.01459,0.14995,0.31569,-0.01602,0.14752
7916.4036,1,0.32359,-0.01430,0.15015,0.31806,-0.01550,0.14831
7916.4387,1,0.32808,-0.01470,0.15047,0.32106,-0.01526,0.14896
7916.4717,1,0.32896,-0.01441,0.15139,0.32343,-0.01501,0.14969
7916.5105,1,0.32935,-0.01356,0.15359,0.32521,-0.01457,0.15086
7916.5435,1,0.33127,-0.01408,0.15589,0.32703,-0.01442,0.15237
7916.5763,1,0.33433,-0.01374,0.15834,0.32922,-0.01422,0.15416
7916.6083,1,0.33620,-0.01523,0.16111,0.33131,-0.01452,0.15625
7916.6430,1,0.34145,-0.01465,0.16274,0.33435,-0.01456,0.15820
7916.6764,1,0.34370,-0.01470,0.16425,0.33716,-0.01460,0.16001
7916.7084,1,0.34742,-0.01429,0.16475,0.34024,-0.01451,0.16144
7916.7397,1,0.35013,-0.01570,0.16552,0.34321,-0.01486,0.16266
7916.7702,1,0.35496,-0.01566,0.16519,0.34673,-0.01510,0.16342
7916.8018,1,0.36060,-0.01582,0.16487,0.35089,-0.01532,0.16385
7916.8350,1,0.36539,-0.01574,0.16477,0.35524,-0.01544,0.16413
7916.8683,1,0.36924,-0.01495,0.16515,0.35944,-0.01529,0.16444
7916.9005,1,0.37311,-0.01571,0.16553,0.36354,-0.01542,0.16476
7916.9337,1,0.37653,-0.01670,0.16613,0.36744,-0.01581,0.16517
7916.9680,1,0.37948,-0.01747,0.16676,0.37105,-0.01630,0.16565
7917.0011,1,0.38346,-0.01975,0.16736,0.37477,-0.01734,0.16616
7917.0388,1,0.38640,-0.02201,0.16908,0.37826,-0.01874,0.16704
7917.0716,1,0.38793,-0.02177,0.17085,0.38116,-0.01965,0.16818
7917.1033,1,0.39541,-0.02212,0.17300,0.38544,-0.02039,0.16963
7917.1343,1,0.40000,-0.02224,0.17419,0.38980,-0.02095,0.17100
7917.1665,1,0.40000,-0.02458,0.17580,0.39286,-0.02204,0.17244
7917.2046,1,0.40000,-0.02603,0.17659,0.39500,-0.02323,0.17369
7917.2402,1,0.40000,-0.02758,0.17676,0.39650,-0.02454,0.17461
7917.2724,1,0.40000,-0.02917,0.17758,0.39755,-0.02593,0.17550
7917.3038,1,0.40000,-0.02931,0.17824,0.39829,-0.02694,0.17632
7917.3371,1,0.40000,-0.02951,0.17933,0.39880,-0.02771,0.17723
7917.3683,1,0.40000,-0.02989,0.17867,0.39916,-0.02837,0.17766
7917.4008,1,0.40000,-0.03118,0.17884,0.39941,-0.02921,0.17801
7917.4348,1,0.40000,-0.03219,0.17953,0.39959,-0.03011,0.17847
7917.4765,1,0.40000,-0.03303,0.18046,0.39971,-0.03098,0.17907
7917.5131,1,0.40000,-0.03265,0.18166,0.39980,-0.03148,0.17984
7917.5446,1,0.40000,-0.03248,0.18252,0.39986,-0.03178,0.18065
7917.5794,1,0.40000,-0.03320,0.18215,0.39990,-0.03221,0.18110
7917.6128,1,0.40000,-0.03344,0.18183,0.39993,-0.03258,0.18132
7917.6460,1,0.40000,-0.03460,0.18147,0.39995,-0.03318,0.18136
7917.6820,1,0.40000,-0.03528,0.18002,0.39997,-0.03381,0.18096
7917.7135,1,0.40000,-0.03319,0.17847,0.39998,-0.03363,0.18021
7917.7476,1,0.40000,-0.03366,0.17804,0.39998,-0.03364,0.17956
7917.7818,1,0.40000,-0.03155,0.17764,0.39999,-0.03301,0.17899
7917.8150,1,0.40000,-0.02990,0.17783,0.39999,-0.03208,0.17864
7917.8470,1,0.40000,-0.02736,0.17834,0.39999,-0.03066,0.17855
7917.8805,1,0.40000,-0.02598,0.17952,0.40000,-0.02926,0.17884
7917.9204,1,0.40000,-0.02325,0.17990,0.40000,-0.02746,0.17916
7917.9516,1,0.40000,-0.02201,0.18109,0.40000,-0.02582,0.17974
7917.9895,1,0.40000,-0.02018,0.18090,0.40000,-0.02413,0.18009
7918.0225,1,0.40000,-0.01649,0.18125,0.40000,-0.02184,0.18043
7918.0548,1,0.40000,-0.01383,0.18144,0.40000,-0.01944,0.18074
7918.0912,1,0.40000,-0.01278,0.18187,0.40000,-0.01744,0.18108
7918.1229,1,0.40000,-0.00870,0.18237,0.40000,-0.01482,0.18146
7918.1556,1,0.40000,-0.00689,0.18376,0.40000,-0.01244,0.18215
7918.1891,1,0.40000,-0.00313,0.18419,0.40000,-0.00965,0.18276
7918.2236,1,0.40000,-0.00091,0.18506,0.40000,-0.00703,0.18345
7918.2572,1,0.40000,0.00373,0.18481,0.40000,-0.00380,0.18386
7918.2900,1,0.40000,0.00873,0.18357,0.40000,-0.00004,0.18377
7918.3226,1,0.40000,0.01481,0.18217,0.40000,0.00441,0.18329
7918.3537,1,0.40000,0.02069,0.18172,0.40000,0.00930,0.18282
7918.3868,1,0.40000,0.02593,0.18063,0.40000,0.01429,0.18216
7918.4191,1,0.40000,0.03047,0.18072,0.40000,0.01914,0.18173
7918.4495,1,0.40000,0.03417,0.17893,0.40000,0.02365,0.18089
7918.4803,1,0.40000,0.03667,0.17844,0.40000,0.02756,0.18016
7918.5185,1,0.40000,0.03874,0.17780,0.40000,0.03091,0.17945
7918.5511,1,0.40000,0.04041,0.17692,0.40000,0.03376,0.17869
7918.5867,1,0.40000,0.04211,0.17583,0.40000,0.03627,0.17783
7918.6196,1,0.40000,0.04389,0.17463,0.40000,0.03855,0.17687
7918.6521,1,0.40000,0.04692,0.17217,0.40000,0.04106,0.17546
7918.6852,1,0.40000,0.04740,0.17015,0.40000,0.04296,0.17387
7918.7171,1,0.40000,0.04743,0.16924,0.40000,0.04430,0.17248
7918.7506,1,0.40000,0.04611,0.16799,0.40000,0.04484,0.17113
7918.7815,1,0.40000,0.04433,0.16631,0.40000,0.04469,0.16969
7918.8153,1,0.40000,0.03895,0.16445,0.40000,0.04297,0.16812
7918.8485,1,0.40000,0.03540,0.16332,0.40000,0.04070,0.16668
7918.8845,1,0.40000,0.03223,0.16218,0.40000,0.03816,0.16533
7918.9193,1,0.40000,0.02999,0.16127,0.40000,0.03571,0.16411
7918.9505,1,0.40000,0.02671,0.16066,0.40000,0.03301,0.16308
7918.9871,1,0.40000,0.02287,0.16008,0.40000,0.02997,0.16218
7919.0217,1,0.40000,0.01887,0.15873,0.40000,0.02664,0.16114
7919.0648,1,0.40000,0.01338,0.15592,0.40000,0.02266,0.15958
7919.0972,1,0.40000,0.00785,0.15362,0.40000,0.01822,0.15779
7919.1328,1,0.40000,0.00226,0.15144,0.40000,0.01343,0.15589
7919.1712,1,0.40000,-0.00371,0.14887,0.40000,0.00829,0.15378
7919.2043,1,0.40000,-0.01150,0.14708,0.40000,0.00235,0.15177
7919.2354,1,0.40000,-0.01623,0.14511,0.40000,-0.00322,0.14977
7919.2724,1,0.40000,-0.02434,0.14347,0.40000,-0.00956,0.14788
7919.3044,1,0.40000,-0.03012,0.14102,0.40000,-0.01573,0.14582
7919.3365,1,0.40000,-0.03382,0.13712,0.40000,-0.02115,0.14321
7919.3676,1,0.40000,-0.04467,0.13163,0.40000,-0.02821,0.13974
7919.3987,1,0.40000,-0.05135,0.12682,0.40000,-0.03515,0.13586
7919.4303,1,0.40000,-0.06104,0.12118,0.40000,-0.04292,0.13146
7919.4641,1,0.40000,-0.06690,0.11650,0.40000,-0.05011,0.12697
7919.4973,1,0.40000,-0.08007,0.10969,0.40000,-0.05910,0.12179
7919.5315,1,0.40000,-0.09058,0.10404,0.40000,-0.06854,0.11646
7919.5635,1,0.40000,-0.09474,0.09702,0.40000,-0.07640,0.11063
7919.6025,1,0.40000,-0.09900,0.09481,0.40000,-0.08318,0.10588
7919.6371,1,0.40000,-0.10484,0.09371,0.40000,-0.08968,0.10223
7919.6695,1,0.40000,-0.10534,0.09390,0.40000,-0.09438,0.09973
7919.7016,1,0.40000,-0.11184,0.09662,0.40000,-0.09962,0.09880
7919.7339,1,0.40000,-0.11341,0.09907,0.40000,-0.10375,0.09888
7919.7654,1,0.40000,-0.10943,0.10341,0.40000,-0.10546,0.10024
7919.7975,1,0.40000,-0.10560,0.10572,0.40000,-0.10550,0.10188
7919.8346,1,0.40000,-0.10401,0.10854,0.40000,-0.10505,0.10388
7919.8662,1,0.40000,-0.09902,0.11112,0.40000,-0.10324,0.10605
7919.8977,1,0.40000,-0.09836,0.11394,0.40000,-0.10178,0.10842
7919.9322,1,0.40000,-0.09355,0.11669,0.40000,-0.09931,0.11090
7919.9652,1,0.40000,-0.09229,0.11957,0.40000,-0.09720,0.11350
7919.9985,1,0.40000,-0.09006,0.12313,0.40000,-0.09506,0.11639
7920.0369,1,0.40000,-0.09098,0.12864,0.40000,-0.09384,0.12007
7920.0684,1,0.40000,-0.08770,0.13268,0.40000,-0.09200,0.12385
7920.1016,1,0.40000,-0.08026,0.13599,0.40000,-0.08848,0.12749
7920.1325,1,0.40000,-0.07593,0.13901,0.40000,-0.08471,0.13095
7920.1730,1,0.40000,-0.07487,0.14106,0.40000,-0.08176,0.13398
7920.2042,1,0.40000,-0.07107,0.14256,0.40000,-0.07855,0.13655
7920.2447,1,0.40000,-0.06805,0.14627,0.40000,-0.07540,0.13947
7920.2790,1,0.40000,-0.06958,0.14900,0.40000,-0.07365,0.14233
7920.3140,1,0.40000,-0.06890,0.15123,0.40000,-0.07223,0.14500
7920.3490,1,0.40000,-0.06902,0.15406,0.40000,-0.07126,0.14772
7920.3833,1,0.40000,-0.06921,0.15715,0.40000,-0.07065,0.15055
7920.4171,1,0.40000,-0.06803,0.15983,0.40000,-0.06986,0.15333
7920.4488,1,0.40000,-0.07005,0.16236,0.40000,-0.06992,0.15604
7920.4802,1,0.40000,-0.07085,0.16694,0.40000,-0.07020,0.15931
7920.5151,1,0.40000,-0.07121,0.16988,0.40000,-0.07050,0.16248
7920.5493,1,0.40000,-0.07079,0.17185,0.40000,-0.07059,0.16529
7920.5821,1,0.40000,-0.06908,0.17306,0.40000,-0.07013,0.16762
7920.6144,1,0.40000,-0.06875,0.17388,0.40000,-0.06972,0.16950
7920.6480,1,0.40000,-0.06845,0.17451,0.40000,-0.06934,0.17100
7920.6806,1,0.40000,-0.06774,0.17497,0.40000,-0.06886,0.17219
7920.7155,1,0.40000,-0.06825,0.17577,0.40000,-0.06868,0.17327
7920.7485,1,0.40000,-0.06716,0.17682,0.40000,-0.06822,0.17433
7920.7840,1,0.40000,-0.06661,0.17964,0.40000,-0.06774,0.17592
7920.8163,1,0.40000,-0.06379,0.18197,0.40000,-0.06655,0.17774
7920.8545,1,0.40000,-0.06354,0.18502,0.40000,-0.06565,0.17992
7920.8867,1,0.40000,-0.06141,0.18760,0.40000,-0.06438,0.18223
7920.9212,1,0.40000,-0.06095,0.18974,0.40000,-0.06335,0.18448
7920.9527,1,0.40000,-0.06045,0.19089,0.40000,-0.06248,0.18640
7920.9849,1,0.40000,-0.06049,0.19311,0.40000,-0.06188,0.18841
7921.0174,1,0.40000,-0.06080,0.19487,0.40000,-0.06156,0.19035
7921.0503,1,0.40000,-0.06102,0.19762,0.40000,-0.06140,0.19253
7921.0811,1,0.40000,-0.05884,0.19983,0.40000,-0.06063,0.19472
7921.1136,1,0.40000,-0.05802,0.20372,0.40000,-0.05985,0.19742
7921.1484,1,0.40000,-0.05708,0.20688,0.40000,-0.05902,0.20026
7921.1818,1,0.40000,-0.05463,0.20990,0.40000,-0.05770,0.20315
7921.2223,1,0.40000,-0.05370,0.21260,0.40000,-0.05650,0.20599
7921.2548,1,0.40000,-0.05328,0.21449,0.40000,-0.05553,0.20854
7921.2874,1,0.40000,-0.05348,0.21570,0.40000,-0.05492,0.21069
7921.3222,1,0.40000,-0.05342,0.21663,0.40000,-0.05447,0.21247
7921.3599,1,0.40000,-0.05133,0.21763,0.40000,-0.05353,0.21402
7921.3940,1,0.40000,-0.04915,0.21921,0.40000,-0.05221,0.21558
7921.4253,1,0.40000,-0.04603,0.22095,0.40000,-0.05036,0.21719
7921.4575,1,0.40000,-0.04418,0.22345,0.40000,-0.04851,0.21906
7921.4890,1,0.40000,-0.04235,0.22505,0.40000,-0.04666,0.22086
7921.5215,1,0.40000,-0.04242,0.22714,0.40000,-0.04539,0.22274
7921.5542,1,0.40000,-0.04128,0.22936,0.40000,-0.04415,0.22473
7921.5889,1,0.40000,-0.04017,0.23025,0.40000,-0.04296,0.22638
7921.6206,1,0.39948,-0.04016,0.23084,0.39984,-0.04212,0.22772
7921.6516,1,0.39403,-0.03990,0.23213,0.39810,-0.04146,0.22904
7921.6841,1,0.38346,-0.03820,0.23474,0.39371,-0.04048,0.23075
7921.7165,1,0.38011,-0.03762,0.23613,0.38963,-0.03962,0.23237
7921.7496,1,0.37648,-0.03658,0.23808,0.38568,-0.03871,0.23408
7921.7855,1,0.36947,-0.03596,0.24058,0.38082,-0.03789,0.23603
7921.8163,1,0.36391,-0.03745,0.24235,0.37575,-0.03775,0.23793
7921.8483,1,0.35784,-0.03737,0.24458,0.37038,-0.03764,0.23992
7921.8823,1,0.35009,-0.03656,0.24694,0.36429,-0.03732,0.24203
7921.9139,1,0.34561,-0.03439,0.24917,0.35869,-0.03644,0.24417
7921.9493,1,0.34295,-0.03168,0.25115,0.35397,-0.03501,0.24626
7921.9812,1,0.33633,-0.02896,0.25341,0.34867,-0.03320,0.24841
7922.0169,1,0.33266,-0.02851,0.25455,0.34387,-0.03179,0.25025
7922.0475,1,0.32638,-0.02750,0.25638,0.33862,-0.03051,0.25209
7922.0801,1,0.32365,-0.02767,0.25719,0.33413,-0.02965,0.25362
7922.1195,1,0.31753,-0.02710,0.25869,0.32915,-0.02889,0.25514
7922.1499,1,0.31494,-0.02660,0.25967,0.32489,-0.02820,0.25650
7922.1876,1,0.31130,-0.02653,0.26107,0.32081,-0.02770,0.25787
7922.2196,1,0.30700,-0.02498,0.26281,0.31667,-0.02689,0.25935
7922.2521,1,0.30396,-0.02437,0.26424,0.31286,-0.02613,0.26082
7922.2838,1,0.29497,-0.02360,0.26654,0.30749,-0.02537,0.26253
7922.3212,1,0.29013,-0.02356,0.26797,0.30228,-0.02483,0.26416
7922.3575,1,0.28546,-0.02395,0.26875,0.29723,-0.02456,0.26554
7922.3900,1,0.28084,-0.02298,0.26955,0.29231,-0.02409,0.26674
7922.4207,1,0.27690,-0.02362,0.27017,0.28769,-0.02395,0.26777
7922.4524,1,0.27112,-0.02224,0.27114,0.28272,-0.02344,0.26878
7922.4839,1,0.26771,-0.02203,0.27170,0.27822,-0.02301,0.26966
7922.5146,1,0.26378,-0.02133,0.27241,0.27389,-0.02251,0.27048
7922.5477,1,0.25685,-0.02161,0.27365,0.26878,-0.02224,0.27143
7922.5815,1,0.25262,-0.02150,0.27449,0.26393,-0.02202,0.27235
7922.6151,1,0.24898,-0.02075,0.27540,0.25944,-0.02164,0.27326
7922.6542,1,0.24430,-0.02078,0.27623,0.25490,-0.02138,0.27415
7922.6852,1,0.23923,-0.02112,0.27722,0.25020,-0.02130,0.27508
7922.7157,1,0.23610,-0.02115,0.27817,0.24597,-0.02126,0.27600
7922.7591,1,0.23126,-0.02106,0.27913,0.24156,-0.02120,0.27694
7922.7895,1,0.22927,-0.02130,0.27969,0.23787,-0.02123,0.27777
7922.8219,1,0.22609,-0.02113,0.28032,0.23434,-0.02120,0.27853
7922.8529,1,0.22433,-0.02144,0.28090,0.23134,-0.02127,0.27924
7922.8839,1,0.22150,-0.02182,0.28160,0.22838,-0.02144,0.27995
7922.9185,1,0.21817,-0.02186,0.28252,0.22532,-0.02156,0.28072
7922.9526,1,0.21634,-0.02222,0.28346,0.22263,-0.02176,0.28154
7922.9842,1,0.21425,-0.02289,0.28408,0.22011,-0.02210,0.28230
7923.0161,1,0.21221,-0.02315,0.28542,0.21774,-0.02241,0.28324
7923.0485,1,0.20831,-0.02475,0.28680,0.21491,-0.02311,0.28431
7923.0818,1,0.20648,-0.02459,0.28830,0.21238,-0.02356,0.28551
7923.1172,1,0.20220,-0.02459,0.28990,0.20933,-0.02387,0.28682
7923.1514,1,0.20110,-0.02411,0.29092,0.20686,-0.02394,0.28805
7923.1878,1,0.19850,-0.02547,0.29206,0.20435,-0.02440,0.28926
7923.2187,1,0.19530,-0.02526,0.29327,0.20163,-0.02466,0.29046
7923.2503,1,0.19071,-0.02579,0.29509,0.19836,-0.02500,0.29185
7923.2924,1,0.18878,-0.02630,0.29587,0.19548,-0.02539,0.29305
7923.3240,1,0.18423,-0.02755,0.29711,0.19211,-0.02604,0.29427
7923.3539,1,0.18100,-0.02814,0.29812,0.18878,-0.02667,0.29542
7923.3858,1,0.17783,-0.03001,0.29900,0.18549,-0.02767,0.29650
7923.4187,1,0.17609,-0.03099,0.29958,0.18267,-0.02866,0.29742
7923.4490,1,0.17397,-0.03043,0.30056,0.18006,-0.02919,0.29836
7923.4801,1,0.16957,-0.03164,0.30149,0.17691,-0.02993,0.29930
7923.5140,1,0.16710,-0.03185,0.30230,0.17397,-0.03050,0.30020
7923.5468,1,0.16444,-0.03186,0.30307,0.17111,-0.03091,0.30106
7923.5807,1,0.16122,-0.03230,0.30393,0.16814,-0.03133,0.30192
7923.6150,1,0.15922,-0.03259,0.30451,0.16547,-0.03171,0.30270
7923.6551,1,0.15599,-0.03264,0.30529,0.16262,-0.03199,0.30348
7923.6865,1,0.15410,-0.03309,0.30598,0.16007,-0.03232,0.30423
7923.7192,1,0.15235,-0.03245,0.30663,0.15775,-0.03236,0.30495
7923.7526,1,0.15043,-0.03272,0.30735,0.15556,-0.03247,0.30567
7923.7852,1,0.14849,-0.03295,0.30803,0.15344,-0.03261,0.30638
7923.8164,1,0.14686,-0.03229,0.30857,0.15146,-0.03252,0.30704
7923.8491,1,0.14626,-0.03231,0.30908,0.14990,-0.03245,0.30765
7923.8821,1,0.14567,-0.03172,0.30945,0.14863,-0.03223,0.30819
7923.9143,1,0.14373,-0.03147,0.31034,0.14716,-0.03200,0.30883
7923.9481,1,0.14268,-0.03156,0.31087,0.14582,-0.03187,0.30945
7923.9823,1,0.14137,-0.03133,0.31156,0.14448,-0.03171,0.31008
7924.0157,1,0.14009,-0.03174,0.31210,0.14317,-0.03172,0.31068
7924.0483,1,0.13926,-0.03210,0.31257,0.14199,-0.03183,0.31125
7924.0813,1,0.13889,-0.03253,0.31317,0.14106,-0.03204,0.31183
7924.1193,1,0.13616,-0.03374,0.31392,0.13959,-0.03255,0.31245
7924.1516,1,0.13602,-0.03266,0.31456,0.13852,-0.03258,0.31308
7924.1844,1,0.13459,-0.03324,0.31546,0.13734,-0.03278,0.31380
7924.2164,1,0.13274,-0.03268,0.31636,0.13596,-0.03275,0.31457
7924.2483,1,0.13047,-0.03268,0.31713,0.13431,-0.03273,0.31534
7924.2914,1,0.13017,-0.03229,0.31751,0.13307,-0.03260,0.31599
7924.3229,1,0.12957,-0.03193,0.31801,0.13202,-0.03240,0.31660
7924.3558,1,0.12960,-0.03129,0.31821,0.13129,-0.03206,0.31708
7924.3876,1,0.12772,-0.03109,0.31891,0.13022,-0.03177,0.31763
7924.4203,1,0.12562,-0.03053,0.31959,0.12884,-0.03140,0.31822
7924.4514,1,0.12443,-0.03084,0.32030,0.12752,-0.03123,0.31884
7924.4840,1,0.12205,-0.03027,0.32131,0.12588,-0.03094,0.31958
7924.5174,1,0.12026,-0.02980,0.32219,0.12419,-0.03060,0.32037
7924.5525,1,0.11938,-0.02917,0.32289,0.12275,-0.03017,0.32112
7924.5852,1,0.11777,-0.02876,0.32359,0.12125,-0.02975,0.32186
7924.6182,1,0.11653,-0.02829,0.32428,0.11984,-0.02931,0.32259
7924.6534,1,0.11578,-0.02834,0.32502,0.11862,-0.02902,0.32332
7924.6871,1,0.11384,-0.02894,0.32566,0.11719,-0.02900,0.32402
7924.7200,1,0.11242,-0.02831,0.32653,0.11576,-0.02879,0.32477
7924.7510,1,0.11136,-0.02774,0.32709,0.11444,-0.02848,0.32547
7924.7894,1,0.11123,-0.02729,0.32765,0.11348,-0.02812,0.32612
7924.8256,1,0.11034,-0.02638,0.32817,0.11254,-0.02760,0.32673
7924.8594,1,0.10909,-0.02568,0.32856,0.11150,-0.02702,0.32728
7924.8925,1,0.10936,-0.02497,0.32862,0.11086,-0.02641,0.32768
7924.9248,1,0.10755,-0.02431,0.32895,0.10987,-0.02578,0.32806
7924.9582,1,0.10704,-0.02313,0.32896,0.10902,-0.02498,0.32833
7924.9973,1,0.10684,-0.02280,0.32886,0.10837,-0.02433,0.32849
7925.0281,1,0.10568,-0.02046,0.32932,0.10756,-0.02317,0.32874
7925.0677,1,0.10513,-0.01896,0.32934,0.10683,-0.02190,0.32892
7925.0994,1,0.10311,-0.01781,0.32966,0.10572,-0.02067,0.32914
7925.1445,1,0.10231,-0.01568,0.32977,0.10469,-0.01918,0.32933
7925.1875,1,0.10213,-0.01418,0.32981,0.10392,-0.01768,0.32947
7925.2307,1,0.10002,-0.01284,0.33027,0.10275,-0.01623,0.32971
7925.2752,1,0.09964,-0.01197,0.33019,0.10182,-0.01495,0.32986
7925.3180,1,0.09973,-0.01101,0.33012,0.10119,-0.01377,0.32993
7925.3665,1,0.09847,-0.00931,0.33024,0.10038,-0.01243,0.33003
7925.4097,1,0.09838,-0.00724,0.32995,0.09978,-0.01087,0.33001
7925.4515,1,0.09795,-0.00627,0.32988,0.09923,-0.00949,0.32997
7925.4941,1,0.09838,-0.00585,0.32948,0.09898,-0.00840,0.32982
7925.5402,1,0.09908,-0.00474,0.32856,0.09901,-0.00730,0.32944
7925.5830,1,0.09973,-0.00415,0.32789,0.09922,-0.00636,0.32898
7925.6298,1,0.10029,-0.00374,0.32724,0.09954,-0.00557,0.32846
7925.6777,1,0.10180,-0.00268,0.32612,0.10022,-0.00470,0.32775
7925.7267,1,0.10167,-0.00171,0.32559,0.10066,-0.00381,0.32711
7925.7685,1,0.10309,-0.00147,0.32488,0.10139,-0.00311,0.32644
7925.8123,1,0.10598,-0.00078,0.32315,0.10276,-0.00241,0.32545
7925.8587,1,0.10592,-0.00010,0.32225,0.10371,-0.00172,0.32449
7925.8994,1,0.10742,0.00006,0.32127,0.10482,-0.00118,0.32353
7925.9314,1,0.10844,0.00078,0.31986,0.10591,-0.00059,0.32243
7925.9694,1,0.11030,0.00158,0.31868,0.10722,0.00006,0.32130
7926.0008,1,0.11289,0.00137,0.31716,0.10892,0.00045,0.32006
7926.0335,1,0.11583,0.00206,0.31480,0.11100,0.00093,0.31848
7926.0648,1,0.11791,0.00311,0.31361,0.11307,0.00158,0.31702
7926.0985,1,0.11798,0.00388,0.31282,0.11454,0.00227,0.31576
7926.1291,1,0.11857,0.00371,0.31202,0.11575,0.00270,0.31464
7926.1612,1,0.11897,0.00368,0.31098,0.11672,0.00300,0.31354
7926.1933,1,0.12042,0.00413,0.30991,0.11783,0.00334,0.31245
7926.2266,1,0.12136,0.00484,0.30880,0.11889,0.00379,0.31136
7926.2582,1,0.12225,0.00480,0.30782,0.11990,0.00409,0.31030
7926.2904,1,0.12206,0.00538,0.30740,0.12054,0.00448,0.30943
7926.3215,1,0.12311,0.00560,0.30700,0.12131,0.00482,0.30870
7926.3542,1,0.12357,0.00574,0.30650,0.12199,0.00509,0.30804
7926.3863,1,0.12452,0.00617,0.30597,0.12275,0.00542,0.30742
7926.4171,1,0.12525,0.00721,0.30537,0.12350,0.00595,0.30680
7926.4497,1,0.12622,0.00774,0.30493,0.12432,0.00649,0.30624
7926.4901,1,0.12761,0.00790,0.30436,0.12530,0.00691,0.30568
7926.5274,1,0.12663,0.00868,0.30454,0.12570,0.00744,0.30534
7926.5630,1,0.12755,0.00924,0.30430,0.12626,0.00798,0.30503
7926.5974,1,0.12919,0.00959,0.30399,0.12714,0.00846,0.30472
7926.6303,1,0.12937,0.01013,0.30408,0.12781,0.00896,0.30453
7926.6667,1,0.12988,0.01046,0.30395,0.12843,0.00941,0.30435
7926.7023,1,0.13169,0.01079,0.30385,0.12941,0.00983,0.30420
7926.7336,1,0.13178,0.01080,0.30372,0.13012,0.01012,0.30406
7926.7655,1,0.13202,0.01146,0.30364,0.13069,0.01052,0.30393
7926.7969,1,0.13303,0.01184,0.30331,0.13139,0.01092,0.30375
7926.8367,1,0.13394,0.01245,0.30289,0.13216,0.01138,0.30349
7926.8694,1,0.13418,0.01227,0.30247,0.13276,0.01164,0.30318
7926.9022,1,0.13379,0.01255,0.30235,0.13307,0.01191,0.30293
7926.9341,1,0.13404,0.01250,0.30217,0.13336,0.01209,0.30271
7926.9666,1,0.13465,0.01288,0.30202,0.13375,0.01233,0.30250
7926.9971,1,0.13601,0.01248,0.30196,0.13443,0.01237,0.30234
7927.0302,1,0.13792,0.01279,0.30161,0.13547,0.01250,0.30212
7927.0635,1,0.13785,0.01368,0.30146,0.13619,0.01285,0.30192
7927.0974,1,0.13745,0.01375,0.30127,0.13657,0.01312,0.30173
7927.1320,1,0.13787,0.01395,0.30069,0.13696,0.01337,0.30142
7927.1686,1,0.13873,0.01452,0.30031,0.13749,0.01371,0.30108
7927.2026,1,0.13923,0.01505,0.29996,0.13801,0.01412,0.30075
7927.2351,1,0.14089,0.01560,0.29959,0.13887,0.01456,0.30040
7927.2683,1,0.14113,0.01570,0.29950,0.13955,0.01490,0.30013
7927.3015,1,0.14118,0.01618,0.29940,0.14004,0.01529,0.29991
7927.3339,1,0.14155,0.01661,0.29902,0.14049,0.01568,0.29964
7927.3658,1,0.14242,0.01652,0.29864,0.14107,0.01593,0.29934
7927.3975,1,0.14372,0.01659,0.29840,0.14187,0.01613,0.29906
7927.4302,1,0.14329,0.01686,0.29838,0.14229,0.01635,0.29886
7927.4631,1,0.14414,0.01704,0.29825,0.14285,0.01655,0.29867
7927.5060,1,0.14367,0.01709,0.29833,0.14309,0.01672,0.29857
7927.5383,1,0.14500,0.01736,0.29804,0.14367,0.01691,0.29841
7927.5698,1,0.14626,0.01793,0.29786,0.14444,0.01721,0.29825
7927.6010,1,0.14749,0.01802,0.29758,0.14536,0.01745,0.29805
7927.6324,1,0.14743,0.01835,0.29725,0.14598,0.01772,0.29781
7927.6652,1,0.14849,0.01806,0.29684,0.14673,0.01782,0.29752
7927.6977,1,0.14849,0.01875,0.29637,0.14726,0.01810,0.29717
7927.7312,1,0.14956,0.01860,0.29583,0.14795,0.01825,0.29677
7927.7664,1,0.15158,0.01880,0.29522,0.14904,0.01842,0.29631
7927.7987,1,0.15139,0.01873,0.29484,0.14974,0.01851,0.29587
7927.8300,1,0.15253,0.01881,0.29439,0.15058,0.01860,0.29542
7927.8680,1,0.15260,0.01930,0.29409,0.15119,0.01881,0.29502
7927.8997,1,0.15346,0.01897,0.29352,0.15187,0.01886,0.29457
7927.9363,1,0.15414,0.01916,0.29327,0.15255,0.01895,0.29418
7927.9680,1,0.15464,0.01896,0.29292,0.15318,0.01895,0.29380
7928.0027,1,0.15540,0.01908,0.29267,0.15384,0.01899,0.29346
7928.0349,1,0.15612,0.01904,0.29202,0.15453,0.01901,0.29303
7928.0701,1,0.15760,0.01869,0.29146,0.15545,0.01891,0.29256
7928.1019,1,0.15809,0.01847,0.29090,0.15624,0.01878,0.29206
7928.1430,1,0.15820,0.01884,0.29061,0.15683,0.01880,0.29162
7928.1772,1,0.15940,0.01872,0.29001,0.15760,0.01877,0.29114
7928.2098,1,0.15991,0.01850,0.28964,0.15829,0.01869,0.29069
7928.2411,1,0.16056,0.01890,0.28949,0.15897,0.01875,0.29033
7928.2792,1,0.16143,0.01916,0.28906,0.15971,0.01888,0.28995
7928.3113,1,0.16237,0.01889,0.28872,0.16051,0.01888,0.28958
7928.3464,1,0.16320,0.01938,0.28846,0.16132,0.01903,0.28924
7928.3806,1,0.16495,0.01951,0.28796,0.16241,0.01917,0.28886
7928.4140,1,0.16599,0.01907,0.28748,0.16348,0.01914,0.28845
7928.4467,1,0.16684,0.01921,0.28700,0.16449,0.01916,0.28801
7928.4861,1,0.16726,0.01894,0.28643,0.16532,0.01910,0.28754
7928.5221,1,0.16792,0.01868,0.28554,0.16610,0.01897,0.28694
7928.5546,1,0.17053,0.01896,0.28496,0.16743,0.01897,0.28634
7928.5870,1,0.17065,0.01862,0.28472,0.16840,0.01886,0.28586
7928.6196,1,0.17138,0.01899,0.28427,0.16929,0.01890,0.28538
7928.6523,1,0.17222,0.01902,0.28355,0.17017,0.01894,0.28483
7928.6837,1,0.17311,0.01850,0.28270,0.17105,0.01880,0.28419
7928.7150,1,0.17295,0.01854,0.28234,0.17162,0.01873,0.28364
7928.7466,1,0.17293,0.01778,0.28201,0.17201,0.01844,0.28315
7928.7809,1,0.17219,0.01715,0.28207,0.17207,0.01805,0.28283
7928.8146,1,0.17429,0.01716,0.28228,0.17273,0.01779,0.28266
7928.8497,1,0.17647,0.01641,0.28210,0.17385,0.01737,0.28249
7928.8805,1,0.17705,0.01621,0.28186,0.17481,0.01702,0.28230
7928.9148,1,0.17610,0.01557,0.28160,0.17520,0.01659,0.28209
7928.9474,1,0.17679,0.01502,0.28105,0.17567,0.01612,0.28178
7928.9811,1,0.17776,0.01466,0.28069,0.17630,0.01568,0.28145
7929.0143,1,0.17906,0.01400,0.28033,0.17713,0.01518,0.28111
7929.0485,1,0.17880,0.01439,0.28014,0.17763,0.01494,0.28082
7929.0800,1,0.18095,0.01427,0.27964,0.17863,0.01474,0.28047
7929.1142,1,0.18032,0.01324,0.27965,0.17913,0.01429,0.28022
7929.1482,1,0.18114,0.01284,0.27918,0.17974,0.01385,0.27991
7929.1801,1,0.18307,0.01291,0.27901,0.18074,0.01357,0.27964
7929.2142,1,0.18371,0.01209,0.27880,0.18163,0.01313,0.27939
7929.2472,1,0.18479,0.01170,0.27845,0.18258,0.01270,0.27911
7929.2849,1,0.18496,0.01107,0.27820,0.18329,0.01221,0.27883
7929.3174,1,0.18601,0.01084,0.27767,0.18411,0.01180,0.27849
7929.3609,1,0.18791,0.01014,0.27677,0.18525,0.01130,0.27797
7929.3933,1,0.18903,0.01014,0.27619,0.18638,0.01095,0.27744
7929.4265,1,0.19128,0.00992,0.27549,0.18785,0.01064,0.27685
7929.4594,1,0.19194,0.00995,0.27485,0.18908,0.01044,0.27625
7929.4932,1,0.19223,0.00896,0.27438,0.19002,0.00999,0.27569
7929.5245,1,0.19398,0.00834,0.27373,0.19121,0.00950,0.27510
7929.5559,1,0.19381,0.00800,0.27338,0.19199,0.00905,0.27459
7929.5902,1,0.19659,0.00785,0.27245,0.19337,0.00869,0.27394
7929.6231,1,0.19698,0.00749,0.27180,0.19445,0.00833,0.27330
7929.6557,1,0.19950,0.00735,0.27100,0.19597,0.00803,0.27261
7929.6894,1,0.20013,0.00706,0.27038,0.19721,0.00774,0.27194
7929.7227,1,0.20089,0.00699,0.26976,0.19832,0.00751,0.27129
7929.7536,1,0.20259,0.00709,0.26913,0.19960,0.00739,0.27064
7929.7928,1,0.20211,0.00650,0.26871,0.20035,0.00712,0.27006
7929.8267,1,0.20303,0.00733,0.26821,0.20115,0.00718,0.26950
7929.8599,1,0.20456,0.00709,0.26765,0.20217,0.00716,0.26895
7929.8961,1,0.20491,0.00750,0.26726,0.20300,0.00726,0.26844
7929.9278,1,0.20725,0.00831,0.26677,0.20427,0.00757,0.26794
7929.9647,1,0.20937,0.00831,0.26628,0.20580,0.00780,0.26744
7929.9972,1,0.20979,0.00803,0.26592,0.20700,0.00787,0.26699
7930.0363,1,0.21105,0.00727,0.26544,0.20821,0.00769,0.26652
7930.0717,1,0.21272,0.00739,0.26478,0.20957,0.00760,0.26600
7930.1045,1,0.21321,0.00741,0.26371,0.21066,0.00754,0.26531
7930.1368,1,0.21606,0.00716,0.26176,0.21228,0.00743,0.26425
7930.1737,1,0.21897,0.00737,0.25940,0.21429,0.00741,0.26279
7930.2146,1,0.22125,0.00782,0.25744,0.21637,0.00753,0.26119
7930.2466,1,0.22419,0.00794,0.25592,0.21872,0.00766,0.25961
7930.2886,1,0.22568,0.00846,0.25519,0.22081,0.00790,0.25828
7930.3202,1,0.22813,0.00849,0.25528,0.22300,0.00808,0.25738
7930.3568,1,0.22917,0.00949,0.25591,0.22485,0.00850,0.25694
7930.3888,1,0.23478,0.01221,0.25579,0.22783,0.00961,0.25659
7930.4278,1,0.23924,0.01383,0.25437,0.23125,0.01088,0.25593
7930.4591,1,0.23967,0.01436,0.25303,0.23378,0.01192,0.25506
7930.5021,1,0.24076,0.01549,0.25160,0.23587,0.01299,0.25402
7930.5392,1,0.24334,0.01623,0.25033,0.23811,0.01396,0.25291
7930.5832,1,0.24471,0.01732,0.24911,0.24009,0.01497,0.25177
7930.6163,1,0.24623,0.01977,0.24807,0.24193,0.01641,0.25066
7930.6498,1,0.24875,0.02206,0.24702,0.24398,0.01811,0.24957
7930.6937,1,0.25117,0.02416,0.24613,0.24614,0.01992,0.24854
7930.7371,1,0.25555,0.02610,0.24523,0.24896,0.02177,0.24754
7930.7699,1,0.25871,0.02932,0.24323,0.25189,0.02404,0.24625
7930.8017,1,0.26277,0.03070,0.24159,0.25515,0.02604,0.24485
7930.8328,1,0.26302,0.03173,0.24060,0.25751,0.02774,0.24358
7930.8643,1,0.26554,0.03296,0.23934,0.25992,0.02931,0.24230
7930.8973,1,0.26927,0.03292,0.23785,0.26272,0.03039,0.24097
7930.9311,1,0.27112,0.03286,0.23665,0.26524,0.03113,0.23967
7930.9668,1,0.27393,0.03367,0.23542,0.26785,0.03189,0.23840
7930.9990,1,0.27683,0.03363,0.23387,0.27054,0.03241,0.23704
7931.0303,1,0.27985,0.03344,0.23244,0.27333,0.03272,0.23566
7931.0648,1,0.28402,0.03412,0.23076,0.27654,0.03314,0.23419
7931.0983,1,0.28742,0.03455,0.22906,0.27980,0.03356,0.23265
7931.1317,1,0.29130,0.03543,0.22713,0.28325,0.03412,0.23099
7931.1641,1,0.29565,0.03524,0.22568,0.28697,0.03446,0.22940
7931.2026,1,0.29847,0.03512,0.22382,0.29042,0.03465,0.22773
7931.2348,1,0.30263,0.03497,0.22231,0.29408,0.03475,0.22610
7931.2665,1,0.30517,0.03489,0.22069,0.29741,0.03479,0.22448
7931.2973,1,0.30951,0.03505,0.21851,0.30104,0.03487,0.22269
7931.3299,1,0.31267,0.03558,0.21651,0.30453,0.03508,0.22083
7931.3634,1,0.31696,0.03572,0.21444,0.30826,0.03527,0.21892
7931.3987,1,0.32077,0.03528,0.21262,0.31201,0.03527,0.21703
7931.4300,1,0.32500,0.03595,0.21085,0.31591,0.03548,0.21517
7931.4704,1,0.32742,0.03430,0.20922,0.31936,0.03512,0.21339
7931.5034,1,0.33253,0.03453,0.20752,0.32331,0.03494,0.21163
7931.5366,1,0.33689,0.03390,0.20578,0.32739,0.03463,0.20987
7931.5693,1,0.33952,0.03339,0.20441,0.33103,0.03426,0.20824
7931.6013,1,0.34375,0.03304,0.20302,0.33484,0.03389,0.20667
7931.6358,1,0.34683,0.03193,0.20193,0.33844,0.03330,0.20525
7931.6666,1,0.35089,0.03093,0.20084,0.34217,0.03259,0.20393
7931.6993,1,0.35650,0.02992,0.19974,0.34647,0.03179,0.20267
7931.7306,1,0.36034,0.02851,0.19868,0.35063,0.03081,0.20147
7931.7674,1,0.36456,0.02732,0.19715,0.35481,0.02976,0.20017
7931.7996,1,0.36827,0.02673,0.19595,0.35885,0.02885,0.19891
7931.8318,1,0.37386,0.02575,0.19497,0.36335,0.02792,0.19772
7931.8651,1,0.37747,0.02473,0.19431,0.36759,0.02697,0.19670
7931.8986,1,0.38115,0.02386,0.19337,0.37166,0.02603,0.19570
7931.9312,1,0.38373,0.02276,0.19264,0.37528,0.02505,0.19478
7931.9635,1,0.38451,0.02234,0.19179,0.37805,0.02424,0.19389
7931.9965,1,0.38972,0.02214,0.19041,0.38155,0.02361,0.19284
7932.0312,1,0.39264,0.02158,0.18895,0.38488,0.02300,0.19168
7932.0638,1,0.39357,0.02056,0.18744,0.38748,0.02227,0.19041
7932.0974,1,0.39840,0.02018,0.18537,0.39076,0.02164,0.18889
7932.1307,1,0.40000,0.01899,0.18326,0.39353,0.02084,0.18720
7932.1702,1,0.40000,0.01923,0.18186,0.39547,0.02036,0.18560
7932.2031,1,0.40000,0.02053,0.17997,0.39683,0.02041,0.18391
7932.2354,1,0.40000,0.02207,0.17803,0.39778,0.02091,0.18215
7932.2674,1,0.40000,0.02265,0.17573,0.39845,0.02143,0.18022
7932.2985,1,0.40000,0.02457,0.17324,0.39891,0.02237,0.17813
7932.3308,1,0.40000,0.02560,0.17125,0.39924,0.02334,0.17607
7932.3702,1,0.40000,0.02428,0.16999,0.39947,0.02362,0.17424
7932.4025,1,0.40000,0.02407,0.16870,0.39963,0.02376,0.17258
7932.4341,1,0.40000,0.02367,0.16786,0.39974,0.02373,0.17116
7932.4663,1,0.40000,0.02386,0.16712,0.39982,0.02377,0.16995
7932.4978,1,0.40000,0.02330,0.16611,0.39987,0.02363,0.16880
7932.5302,1,0.40000,0.02374,0.16583,0.39991,0.02366,0.16791
7932.5697,1,0.40000,0.02403,0.16522,0.39994,0.02377,0.16710
7932.6059,1,0.40000,0.02503,0.16420,0.39996,0.02415,0.16623
7932.6375,1,0.40000,0.02649,0.16388,0.39997,0.02485,0.16552
7932.6689,1,0.40000,0.02689,0.16334,0.39998,0.02546,0.16487
7932.7014,1,0.40000,0.02706,0.16262,0.39998,0.02594,0.16419
7932.7345,1,0.40000,0.02545,0.16227,0.39999,0.02579,0.16362
7932.7694,1,0.40000,0.02351,0.16159,0.39999,0.02511,0.16301
7932.8020,1,0.40000,0.02141,0.16123,0.39999,0.02400,0.16247
7932.8383,1,0.40000,0.01876,0.16131,0.40000,0.02243,0.16212
7932.8716,1,0.40000,0.01785,0.16116,0.40000,0.02105,0.16183
7932.9099,1,0.40000,0.01695,0.16098,0.40000,0.01982,0.16158
7932.9418,1,0.40000,0.01771,0.16003,0.40000,0.01919,0.16111
7932.9735,1,0.40000,0.01716,0.15977,0.40000,0.01858,0.16071
7933.0068,1,0.40000,0.01761,0.15879,0.40000,0.01829,0.16013
7933.0413,1,0.40000,0.01863,0.15800,0.40000,0.01839,0.15949
7933.0729,1,0.40000,0.01968,0.15702,0.40000,0.01878,0.15875
7933.1036,1,0.40000,0.02036,0.15548,0.40000,0.01925,0.15777
7933.1345,1,0.40000,0.02010,0.15404,0.40000,0.01951,0.15665
7933.1676,1,0.40000,0.01988,0.15246,0.40000,0.01962,0.15539
7933.2007,1,0.40000,0.02050,0.15065,0.40000,0.01988,0.15397
7933.2341,1,0.40000,0.02028,0.14978,0.40000,0.02000,0.15271
7933.2658,1,0.40000,0.02052,0.14854,0.40000,0.02016,0.15146
7933.2986,1,0.40000,0.02126,0.14734,0.40000,0.02049,0.15022
7933.3321,1,0.40000,0.02173,0.14600,0.40000,0.02086,0.14896
7933.3655,1,0.40000,0.02245,0.14490,0.40000,0.02134,0.14774
7933.3988,1,0.40000,0.02311,0.14284,0.40000,0.02187,0.14627
7933.4351,1,0.40000,0.02499,0.14122,0.40000,0.02280,0.14476
7933.4710,1,0.40000,0.02447,0.13902,0.40000,0.02330,0.14303
7933.5043,1,0.40000,0.02518,0.13734,0.40000,0.02387,0.14132
7933.5379,1,0.40000,0.02665,0.13493,0.40000,0.02470,0.13941
7933.5751,1,0.40000,0.02625,0.13357,0.40000,0.02517,0.13766
7933.6072,1,0.40000,0.02653,0.13253,0.40000,0.02557,0.13612
7933.6386,1,0.40000,0.02753,0.13113,0.40000,0.02616,0.13462
7933.6721,1,0.40000,0.02632,0.12975,0.40000,0.02621,0.13316
7933.7038,1,0.40000,0.02672,0.12885,0.40000,0.02636,0.13187
7933.7362,1,0.40000,0.02601,0.12801,0.40000,0.02626,0.13071
7933.7689,1,0.40000,0.02717,0.12685,0.40000,0.02653,0.12955
7933.8017,1,0.39771,0.02601,0.12553,0.39931,0.02638,0.12835
7933.8347,1,0.39739,0.02656,0.12347,0.39874,0.02643,0.12688
7933.8730,1,0.39404,0.02627,0.12231,0.39733,0.02638,0.12551
7933.9054,1,0.39516,0.02623,0.12063,0.39668,0.02634,0.12405
7933.9379,1,0.39458,0.02616,0.11942,0.39605,0.02628,0.12266
7933.9705,1,0.39124,0.02737,0.11905,0.39460,0.02661,0.12158
7934.0016,1,0.38986,0.02737,0.11898,0.39318,0.02684,0.12080
7934.0337,1,0.38845,0.03039,0.11975,0.39176,0.02790,0.12048
7934.0660,1,0.38847,0.03371,0.12061,0.39077,0.02964,0.12052
7934.0999,1,0.38829,0.03721,0.12136,0.39003,0.03191,0.12077
7934.1312,1,0.38591,0.03966,0.12274,0.38879,0.03424,0.12136
7934.1637,1,0.38601,0.04299,0.12292,0.38796,0.03686,0.12183
7934.2021,1,0.38605,0.04525,0.12267,0.38739,0.03938,0.12208
7934.2360,1,0.38650,0.04819,0.12262,0.38712,0.04202,0.12224
7934.2730,1,0.38461,0.05157,0.12261,0.38637,0.04489,0.12235
7934.3089,1,0.38050,0.05329,0.12307,0.38461,0.04741,0.12257
7934.3415,1,0.37742,0.05676,0.12298,0.38245,0.05021,0.12269
7934.3744,1,0.37839,0.06076,0.12226,0.38123,0.05338,0.12256
7934.4174,1,0.37528,0.06350,0.12166,0.37945,0.05642,0.12229
7934.4560,1,0.37653,0.06627,0.12113,0.37857,0.05937,0.12194
7934.4901,1,0.37699,0.07083,0.12058,0.37810,0.06281,0.12153
7934.5219,1,0.37609,0.07371,0.12025,0.37749,0.06608,0.12115
7934.5538,1,0.37630,0.07621,0.11986,0.37714,0.06912,0.12076
7934.5850,1,0.37890,0.08606,0.11837,0.37766,0.07420,0.12005
7934.6207,1,0.37134,0.08721,0.11908,0.37577,0.07810,0.11976
7934.6523,1,0.37270,0.09153,0.11849,0.37485,0.08213,0.11938
7934.6846,1,0.37166,0.09608,0.11849,0.37389,0.08632,0.11911
7934.7176,1,0.37189,0.10256,0.11879,0.37329,0.09119,0.11901
7934.7512,1,0.37194,0.10805,0.11912,0.37289,0.09625,0.11905
7934.7843,1,0.36991,0.11183,0.11950,0.37199,0.10092,0.11918
7934.8155,1,0.37073,0.11556,0.11900,0.37161,0.10531,0.11913
7934.8523,1,0.37162,0.11994,0.11871,0.37161,0.10970,0.11900
7934.8893,1,0.37073,0.12512,0.11845,0.37135,0.11433,0.11884
7934.9241,1,0.37075,0.12990,0.11765,0.37117,0.11900,0.11848
7934.9563,1,0.36921,0.13455,0.11725,0.37058,0.12366,0.11811
7934.9887,1,0.36710,0.13853,0.11709,0.36954,0.12812,0.11780
7935.0212,1,0.36662,0.14417,0.11678,0.36866,0.13294,0.11750
7935.0532,1,0.36669,0.14963,0.11623,0.36807,0.13795,0.11712
7935.0857,1,0.36771,0.15460,0.11565,0.36796,0.14294,0.11668
7935.1280,1,0.36465,0.15927,0.11593,0.36697,0.14784,0.11645
7935.1597,1,0.36210,0.16211,0.11565,0.36551,0.15212,0.11621
7935.1911,1,0.36179,0.16689,0.11549,0.36439,0.15655,0.11600
7935.2238,1,0.36144,0.16949,0.11520,0.36351,0.16043,0.11576
7935.2558,1,0.36123,0.17369,0.11495,0.36283,0.16441,0.11552
7935.2890,1,0.36007,0.17724,0.11522,0.36200,0.16826,0.11543
7935.3211,1,0.35739,0.18055,0.11558,0.36062,0.17195,0.11547
7935.3521,1,0.35679,0.18468,0.11602,0.35947,0.17577,0.11564
7935.3830,1,0.35658,0.18912,0.11639,0.35860,0.17977,0.11586
7935.4204,1,0.35707,0.19353,0.11659,0.35814,0.18390,0.11608
7935.4516,1,0.35612,0.19885,0.11749,0.35753,0.18839,0.11650
7935.4842,1,0.35768,0.20412,0.11776,0.35758,0.19311,0.11688
7935.5149,1,0.35530,0.20712,0.11862,0.35689,0.19731,0.11740
7935.5485,1,0.35499,0.21146,0.11871,0.35632,0.20155,0.11780
7935.5873,1,0.35425,0.21600,0.11875,0.35570,0.20589,0.11808
7935.6243,1,0.35681,0.21968,0.11836,0.35603,0.21003,0.11817
7935.6588,1,0.35277,0.22358,0.11842,0.35505,0.21409,0.11824
7935.6917,1,0.35302,0.22765,0.11804,0.35444,0.21816,0.11818
7935.7252,1,0.34732,0.23198,0.11860,0.35231,0.22231,0.11831
7935.7588,1,0.34868,0.23617,0.11810,0.35122,0.22646,0.11824
7935.7913,1,0.34887,0.24146,0.11751,0.35051,0.23096,0.11802
7935.8277,1,0.34677,0.24619,0.11639,0.34939,0.23553,0.11754
7935.8605,1,0.34627,0.25057,0.11525,0.34845,0.24004,0.11685
7935.8934,1,0.34427,0.25555,0.11428,0.34720,0.24470,0.11608
7935.9309,1,0.34481,0.26118,0.11340,0.34648,0.24964,0.11528
7935.9622,1,0.34154,0.26653,0.11312,0.34500,0.25471,0.11463
7935.9933,1,0.33915,0.26933,0.11251,0.34325,0.25910,0.11399
7936.0294,1,0.33671,0.27311,0.11211,0.34129,0.26330,0.11343
7936.0670,1,0.33413,0.27701,0.11179,0.33914,0.26741,0.11294
7936.0981,1,0.33395,0.28078,0.11183,0.33758,0.27142,0.11261
7936.1299,1,0.33165,0.28474,0.11159,0.33580,0.27542,0.11230
7936.1618,1,0.33102,0.28884,0.11105,0.33437,0.27944,0.11193
7936.1943,1,0.32793,0.29266,0.11076,0.33244,0.28341,0.11158
7936.2256,1,0.32606,0.29731,0.11051,0.33052,0.28758,0.11126
7936.2631,1,0.32520,0.30088,0.11049,0.32893,0.29157,0.11103
7936.2957,1,0.32455,0.30388,0.11047,0.32761,0.29527,0.11086
7936.3285,1,0.32545,0.30783,0.11008,0.32696,0.29903,0.11063
7936.3645,1,0.32336,0.31101,0.11050,0.32588,0.30263,0.11059
7936.3987,1,0.32374,0.31361,0.11030,0.32524,0.30592,0.11050
7936.4325,1,0.32390,0.31570,0.11048,0.32484,0.30886,0.11049
7936.4666,1,0.32150,0.31781,0.11081,0.32384,0.31154,0.11059
7936.4987,1,0.32384,0.31828,0.11027,0.32384,0.31356,0.11049
7936.5333,1,0.32553,0.31816,0.11047,0.32434,0.31494,0.11048
7936.5664,1,0.32476,0.31945,0.11131,0.32447,0.31630,0.11073
7936.5989,1,0.32420,0.31909,0.11290,0.32439,0.31713,0.11138
7936.6427,1,0.32443,0.31813,0.11456,0.32440,0.31743,0.11234
7936.6751,1,0.32684,0.31768,0.11680,0.32513,0.31751,0.11368
7936.7066,1,0.32815,0.31734,0.11908,0.32604,0.31745,0.11530
7936.7378,1,0.32846,0.31701,0.12132,0.32676,0.31732,0.11710
7936.7701,1,0.32799,0.31660,0.12379,0.32713,0.31710,0.11911
7936.8014,1,0.33061,0.31691,0.12563,0.32818,0.31704,0.12107
7936.8342,1,0.32991,0.31573,0.12806,0.32870,0.31665,0.12316
7936.8683,1,0.32970,0.31444,0.13014,0.32900,0.31599,0.12526
7936.9002,1,0.32997,0.31350,0.13257,0.32929,0.31524,0.12745
7936.9340,1,0.33176,0.31251,0.13442,0.33003,0.31442,0.12954
7936.9676,1,0.33371,0.31300,0.13633,0.33114,0.31400,0.13158
7937.0019,1,0.33323,0.31240,0.13829,0.33176,0.31352,0.13359
7937.0340,1,0.33678,0.31153,0.14014,0.33327,0.31292,0.13556
7937.0655,1,0.33811,0.31141,0.14157,0.33472,0.31247,0.13736
7937.0971,1,0.33920,0.30940,0.14391,0.33606,0.31155,0.13933
7937.1363,1,0.34102,0.30805,0.14632,0.33755,0.31050,0.14142
7937.1692,1,0.34081,0.30621,0.14917,0.33853,0.30921,0.14375
7937.2068,1,0.34075,0.30357,0.15198,0.33920,0.30752,0.14622
7937.2392,1,0.34116,0.30280,0.15468,0.33979,0.30610,0.14876
7937.2725,1,0.34027,0.30294,0.15785,0.33993,0.30516,0.15148
7937.3103,1,0.34013,0.30015,0.16094,0.33999,0.30365,0.15432
7937.3422,1,0.34320,0.29830,0.16333,0.34096,0.30205,0.15702
7937.3732,1,0.34668,0.29788,0.16544,0.34267,0.30080,0.15955
7937.4160,1,0.35146,0.29796,0.16751,0.34531,0.29995,0.16194
7937.4487,1,0.35152,0.29660,0.16961,0.34717,0.29894,0.16424
7937.4811,1,0.35434,0.29596,0.17135,0.34932,0.29805,0.16637
7937.5133,1,0.35291,0.29472,0.17375,0.35040,0.29705,0.16859
7937.5476,1,0.35223,0.29284,0.17645,0.35095,0.29579,0.17094
7937.5803,1,0.35220,0.29017,0.18151,0.35133,0.29410,0.17411
7937.6161,1,0.35298,0.28806,0.18395,0.35182,0.29229,0.17707
7937.6558,1,0.35328,0.28641,0.18659,0.35226,0.29052,0.17992
7937.6889,1,0.35227,0.28736,0.18949,0.35226,0.28958,0.18280
7937.7211,1,0.35415,0.28620,0.19117,0.35283,0.28856,0.18531
7937.7545,1,0.35416,0.28621,0.19348,0.35323,0.28786,0.18776
7937.7884,1,0.35317,0.28518,0.19567,0.35321,0.28706,0.19013
7937.8206,1,0.35284,0.28519,0.19782,0.35310,0.28650,0.19244
7937.8535,1,0.35372,0.28380,0.19962,0.35329,0.28569,0.19459
7937.8853,1,0.35219,0.28120,0.20173,0.35296,0.28434,0.19674
7937.9157,1,0.35137,0.27851,0.20379,0.35248,0.28259,0.19885
7937.9476,1,0.34926,0.27726,0.20602,0.35151,0.28099,0.20100
7937.9835,1,0.35191,0.27727,0.20728,0.35163,0.27987,0.20289
7938.0151,1,0.35167,0.27622,0.20961,0.35164,0.27878,0.20490
7938.0481,1,0.34961,0.27389,0.21211,0.35103,0.27731,0.20706
7938.0812,1,0.35279,0.27192,0.21389,0.35156,0.27569,0.20911
7938.1148,1,0.35382,0.27007,0.21612,0.35224,0.27401,0.21122
7938.1489,1,0.35558,0.26788,0.21837,0.35324,0.27217,0.21336
7938.1810,1,0.35657,0.26426,0.22108,0.35424,0.26980,0.21568
7938.2220,1,0.36080,0.26211,0.22310,0.35621,0.26749,0.21790
7938.2530,1,0.36533,0.26041,0.22477,0.35894,0.26537,0.21996
7938.2848,1,0.36862,0.25781,0.22693,0.36185,0.26310,0.22205
7938.3157,1,0.37111,0.25692,0.22877,0.36463,0.26124,0.22407
7938.3477,1,0.36936,0.25486,0.23161,0.36605,0.25933,0.22633
7938.3849,1,0.37461,0.25480,0.23359,0.36862,0.25797,0.22851
7938.4166,1,0.37444,0.25515,0.23648,0.37036,0.25712,0.23090
7938.4520,1,0.37994,0.25548,0.23852,0.37324,0.25663,0.23319
7938.4831,1,0.38388,0.25488,0.24043,0.37643,0.25610,0.23536
7938.5155,1,0.38474,0.25451,0.24321,0.37892,0.25563,0.23771
7938.5464,1,0.38418,0.25467,0.24620,0.38050,0.25534,0.24026
7938.5886,1,0.38511,0.25596,0.24894,0.38188,0.25553,0.24286
7938.6204,1,0.38666,0.25533,0.25181,0.38332,0.25547,0.24555
7938.6536,1,0.38779,0.25525,0.25410,0.38466,0.25540,0.24811
7938.6879,1,0.38692,0.25583,0.25733,0.38533,0.25553,0.25088
7938.7217,1,0.38778,0.25475,0.25958,0.38607,0.25530,0.25349
7938.7563,1,0.38970,0.25432,0.26154,0.38716,0.25500,0.25590
7938.7884,1,0.38996,0.25431,0.26356,0.38800,0.25479,0.25820
7938.8204,1,0.39260,0.25448,0.26491,0.38938,0.25470,0.26021
7938.8588,1,0.39167,0.25417,0.26676,0.39007,0.25454,0.26218
7938.8904,1,0.39026,0.25417,0.26888,0.39013,0.25443,0.26419
7938.9220,1,0.39344,0.25599,0.27026,0.39112,0.25490,0.26601
7938.9526,1,0.39371,0.25788,0.27232,0.39190,0.25579,0.26790
7938.9859,1,0.39360,0.25939,0.27421,0.39241,0.25687,0.26979
7939.0186,1,0.39557,0.26134,0.27598,0.39336,0.25821,0.27165
7939.0509,1,0.39685,0.26286,0.27797,0.39441,0.25961,0.27354
7939.0831,1,0.40000,0.26374,0.27908,0.39608,0.26085,0.27521
7939.1140,1,0.40000,0.26409,0.28159,0.39726,0.26182,0.27712
7939.1530,1,0.40000,0.26377,0.28456,0.39808,0.26240,0.27935
7939.1863,1,0.40000,0.26297,0.28816,0.39866,0.26257,0.28199
7939.2180,1,0.40000,0.26609,0.29034,0.39906,0.26363,0.28450
7939.2496,1,0.40000,0.26858,0.29395,0.39934,0.26511,0.28733
7939.2818,1,0.40000,0.27134,0.29630,0.39954,0.26698,0.29002
7939.3133,1,0.40000,0.27388,0.29811,0.39968,0.26905,0.29245
7939.3478,1,0.40000,0.27603,0.30016,0.39977,0.27115,0.29476
7939.3822,1,0.40000,0.27785,0.30130,0.39984,0.27316,0.29672
7939.4153,1,0.40000,0.27783,0.30260,0.39989,0.27456,0.29849
7939.4472,1,0.40000,0.27854,0.30335,0.39992,0.27575,0.29995
7939.4807,1,0.40000,0.27549,0.30231,0.39995,0.27567,0.30066
7939.5141,1,0.40000,0.26976,0.30095,0.39996,0.27390,0.30075
7939.5522,1,0.40000,0.26268,0.29952,0.39997,0.27053,0.30038
7939.5893,1,0.40000,0.25703,0.29817,0.39998,0.26648,0.29971
7939.6252,1,0.40000,0.25244,0.29595,0.39999,0.26227,0.29858
7939.6579,1,0.40000,0.24718,0.29542,0.39999,0.25774,0.29763
7939.6924,1,0.40000,0.24263,0.29569,0.39999,0.25321,0.29705
7939.7244,1,0.40000,0.23738,0.29553,0.40000,0.24846,0.29660
7939.7575,1,0.40000,0.23371,0.29539,0.40000,0.24404,0.29624
7939.7891,1,0.40000,0.22862,0.29579,0.40000,0.23941,0.29610
7939.8251,1,0.40000,0.22342,0.29458,0.40000,0.23461,0.29565
7939.8563,1,0.40000,0.21826,0.29308,0.40000,0.22971,0.29488
7939.8881,1,0.40000,0.21472,0.29168,0.40000,0.22521,0.29392
7939.9193,1,0.40000,0.20746,0.29064,0.40000,0.21989,0.29293
7939.9530,1,0.40000,0.20150,0.28972,0.40000,0.21437,0.29197
7939.9837,1,0.40000,0.19653,0.28977,0.40000,0.20902,0.29131
7940.0164,1,0.40000,0.18940,0.29016,0.40000,0.20313,0.29096
7940.0548,1,0.40000,0.18399,0.29032,0.40000,0.19739,0.29077
7940.0926,1,0.40000,0.17702,0.29041,0.40000,0.19128,0.29066
7940.1236,1,0.40000,0.17021,0.29075,0.40000,0.18496,0.29069
7940.1613,1,0.40000,0.16532,0.29007,0.40000,0.17907,0.29050
7940.1926,1,0.40000,0.15972,0.29055,0.40000,0.17326,0.29052
7940.2252,1,0.40000,0.15507,0.29060,0.40000,0.16781,0.29054
7940.2566,1,0.40000,0.15169,0.28975,0.40000,0.16297,0.29030
7940.2889,1,0.40000,0.14847,0.29028,0.40000,0.15862,0.29030
7940.3250,1,0.40000,0.14497,0.29100,0.40000,0.15453,0.29051
7940.3563,1,0.40000,0.14183,0.29132,0.40000,0.15072,0.29075
7940.3877,1,0.40000,0.13910,0.29156,0.40000,0.14723,0.29099
7940.4236,1,0.40000,0.13571,0.29202,0.40000,0.14377,0.29130
7940.4560,1,0.40000,0.13360,0.29238,0.40000,0.14072,0.29163
7940.4939,1,0.40000,0.12954,0.29330,0.40000,0.13737,0.29213
7940.5259,1,0.40000,0.12564,0.29412,0.40000,0.13385,0.29273
7940.5601,1,0.40000,0.12209,0.29426,0.40000,0.13032,0.29319
7940.5921,1,0.40000,0.11981,0.29468,0.40000,0.12717,0.29364
7940.6233,1,0.40000,0.11619,0.29448,0.40000,0.12387,0.29389
7940.6561,1,0.40000,0.11243,0.29462,0.40000,0.12044,0.29411
7940.6891,1,0.40000,0.10866,0.29533,0.40000,0.11691,0.29447
7940.7276,1,0.40000,0.10747,0.29515,0.40000,0.11408,0.29468
7940.7597,1,0.40000,0.10297,0.29538,0.40000,0.11074,0.29489
7940.7944,1,0.40000,0.10072,0.29625,0.40000,0.10774,0.29530
7940.8274,1,0.40000,0.09846,0.29542,0.40000,0.10496,0.29533
7940.8582,1,0.40000,0.09675,0.29438,0.40000,0.10249,0.29505
7940.8906,1,0.40000,0.09416,0.29421,0.40000,0.09999,0.29480
7940.9216,1,0.40000,0.09183,0.29363,0.40000,0.09755,0.29445
7940.9527,1,0.40000,0.08868,0.29362,0.40000,0.09489,0.29420
7940.9845,1,0.40000,0.08637,0.29341,0.40000,0.09233,0.29396
7941.0159,1,0.40000,0.08389,0.29359,0.40000,0.08980,0.29385
7941.0500,1,0.40000,0.08056,0.29378,0.40000,0.08703,0.29383
7941.0849,1,0.40000,0.07733,0.29395,0.40000,0.08412,0.29386
7941.1179,1,0.40000,0.07411,0.29397,0.40000,0.08112,0.29390
7941.1504,1,0.40000,0.07054,0.29317,0.40000,0.07794,0.29368
7941.1810,1,0.40000,0.06646,0.29292,0.40000,0.07450,0.29345
7941.2127,1,0.40000,0.06191,0.29261,0.40000,0.07072,0.29320
7941.2465,1,0.40000,0.05998,0.29164,0.40000,0.06750,0.29273
7941.2858,1,0.40000,0.05589,0.29036,0.40000,0.06402,0.29202
7941.3179,1,0.40000,0.05185,0.29047,0.40000,0.06037,0.29155
7941.3495,1,0.40000,0.04796,0.29037,0.40000,0.05664,0.29120
7941.3818,1,0.40000,0.04518,0.29015,0.40000,0.05321,0.29088
7941.4151,1,0.40000,0.04326,0.28980,0.40000,0.05022,0.29056
7941.4478,1,0.40000,0.04014,0.28979,0.40000,0.04720,0.29033
7941.4836,1,0.40000,0.03854,0.28946,0.40000,0.04460,0.29007
7941.5162,1,0.40000,0.03679,0.28947,0.40000,0.04226,0.28989
7941.5544,1,0.40000,0.03461,0.28936,0.40000,0.03996,0.28973
7941.5921,1,0.40000,0.03369,0.28858,0.40000,0.03808,0.28939
7941.6240,1,0.40000,0.03181,0.28767,0.40000,0.03620,0.28887
7941.6555,1,0.40000,0.03048,0.28767,0.40000,0.03448,0.28851
7941.6884,1,0.40000,0.02814,0.28754,0.40000,0.03258,0.28822
7941.7241,1,0.40000,0.02500,0.28759,0.40000,0.03031,0.28803
7941.7616,1,0.40000,0.02293,0.28702,0.40000,0.02809,0.28773
7941.7940,1,0.40000,0.01977,0.28720,0.40000,0.02560,0.28757
7941.8248,1,0.40000,0.01817,0.28658,0.40000,0.02337,0.28727
7941.8578,1,0.40000,0.01568,0.28614,0.40000,0.02106,0.28693
7941.8913,1,0.40000,0.01402,0.28632,0.40000,0.01895,0.28675
7941.9299,1,0.40000,0.01240,0.28591,0.40000,0.01698,0.28650
7941.9621,1,0.40000,0.01137,0.28594,0.40000,0.01530,0.28633
7941.9998,1,0.40000,0.00997,0.28583,0.40000,0.01370,0.28618
7942.0310,1,0.40000,0.00712,0.28561,0.40000,0.01173,0.28601
7942.0683,1,0.40000,0.00559,0.28487,0.40000,0.00989,0.28567
7942.1006,1,0.40000,0.00315,0.28406,0.40000,0.00787,0.28518
7942.1311,1,0.40000,0.00066,0.28438,0.40000,0.00571,0.28494
7942.1634,1,0.40000,-0.00284,0.28323,0.40000,0.00314,0.28443
7942.2012,1,0.40000,-0.00511,0.28318,0.40000,0.00066,0.28405
7942.2342,1,0.40000,-0.00886,0.28324,0.40000,-0.00219,0.28381
7942.2664,1,0.40000,-0.01394,0.28309,0.40000,-0.00572,0.28359
7942.2993,1,0.40000,-0.01685,0.28333,0.40000,-0.00906,0.28352
7942.3320,1,0.40000,-0.02122,0.28420,0.40000,-0.01270,0.28372
7942.3651,1,0.40000,-0.02598,0.28516,0.40000,-0.01669,0.28415
7942.3985,1,0.40000,-0.03033,0.28663,0.40000,-0.02078,0.28490
7942.4317,1,0.40000,-0.03501,0.28657,0.40000,-0.02505,0.28540
7942.4657,1,0.40000,-0.03824,0.28813,0.40000,-0.02900,0.28622
7942.4990,1,0.40000,-0.04173,0.28880,0.40000,-0.03282,0.28699
7942.5298,1,0.40000,-0.04697,0.28893,0.40000,-0.03707,0.28757
7942.5656,1,0.40000,-0.05138,0.28905,0.40000,-0.04136,0.28802
7942.6002,1,0.40000,-0.05562,0.28992,0.40000,-0.04564,0.28859
7942.6316,1,0.40000,-0.05857,0.29111,0.40000,-0.04952,0.28935
7942.6749,1,0.40000,-0.06128,0.29185,0.40000,-0.05305,0.29010
7942.7061,1,0.40000,-0.06254,0.29140,0.40000,-0.05589,0.29049
7942.7380,1,0.40000,-0.06316,0.29110,0.40000,-0.05807,0.29067
7942.7694,1,0.40000,-0.06551,0.29126,0.40000,-0.06030,0.29085
7942.8013,1,0.40000,-0.06683,0.29078,0.40000,-0.06226,0.29083
7942.8336,1,0.40000,-0.06762,0.29058,0.40000,-0.06387,0.29075
7942.8669,1,0.40000,-0.06906,0.29042,0.40000,-0.06543,0.29065
7942.9023,1,0.40000,-0.07105,0.29070,0.40000,-0.06711,0.29067
7942.9351,1,0.40000,-0.07252,0.29081,0.40000,-0.06874,0.29071
7942.9662,1,0.40000,-0.07369,0.29057,0.40000,-0.07022,0.29067
7942.9986,1,0.40000,-0.07512,0.29030,0.40000,-0.07169,0.29056
7943.0297,1,0.40000,-0.07582,0.29028,0.40000,-0.07293,0.29048
7943.0634,1,0.40000,-0.07652,0.29090,0.40000,-0.07401,0.29060
7943.0968,1,0.40000,-0.07838,0.29075,0.40000,-0.07532,0.29065
7943.1292,1,0.40000,-0.07974,0.29054,0.40000,-0.07665,0.29061
7943.1630,1,0.40000,-0.08061,0.29005,0.40000,-0.07784,0.29044
7943.1965,1,0.40000,-0.08335,0.28953,0.40000,-0.07949,0.29017
7943.2297,1,0.40000,-0.08607,0.28816,0.40000,-0.08146,0.28957
7943.2634,1,0.40000,-0.08864,0.28732,0.40000,-0.08362,0.28889
7943.2971,1,0.40000,-0.09073,0.28731,0.40000,-0.08575,0.28842
7943.3335,1,0.40000,-0.09322,0.28727,0.40000,-0.08799,0.28807
7943.3649,1,0.40000,-0.09665,0.28756,0.40000,-0.09059,0.28792
7943.4045,1,0.40000,-0.09837,0.28797,0.40000,-0.09292,0.28793
7943.4404,1,0.40000,-0.10066,0.28776,0.40000,-0.09524,0.28788
7943.4732,1,0.40000,-0.10204,0.28743,0.40000,-0.09728,0.28775
7943.5087,1,0.40000,-0.10382,0.28684,0.40000,-0.09924,0.28747
7943.5405,1,0.40000,-0.10625,0.28574,0.40000,-0.10134,0.28695
7943.5721,1,0.40000,-0.10818,0.28517,0.40000,-0.10340,0.28642
7943.6115,1,0.40000,-0.11036,0.28508,0.40000,-0.10549,0.28602
7943.6443,1,0.40000,-0.11125,0.28472,0.40000,-0.10721,0.28563
7943.6771,1,0.40000,-0.11461,0.28578,0.40000,-0.10943,0.28567
7943.7094,1,0.40000,-0.11616,0.28534,0.40000,-0.11145,0.28557
7943.7401,1,0.40000,-0.11919,0.28623,0.40000,-0.11377,0.28577
7943.7720,1,0.40000,-0.12124,0.28583,0.40000,-0.11601,0.28579
7943.8047,1,0.40000,-0.12582,0.28565,0.40000,-0.11896,0.28575
7943.8363,1,0.40000,-0.12902,0.28587,0.40000,-0.12197,0.28578
7943.8671,1,0.40000,-0.13388,0.28611,0.40000,-0.12555,0.28588
7943.8989,1,0.40000,-0.13923,0.28640,0.40000,-0.12965,0.28604
7943.9313,1,0.40000,-0.14418,0.28676,0.40000,-0.13401,0.28625
7943.9663,1,0.40000,-0.14978,0.28686,0.40000,-0.13874,0.28644
7943.9980,1,0.40000,-0.15353,0.28754,0.40000,-0.14318,0.28677
7944.0370,1,0.40000,-0.15872,0.28561,0.40000,-0.14784,0.28642
7944.0692,1,0.40000,-0.16414,0.28642,0.40000,-0.15273,0.28642
7944.1014,1,0.40000,-0.16884,0.28579,0.40000,-0.15756,0.28623
7944.1333,1,0.40000,-0.17284,0.28591,0.40000,-0.16215,0.28613
7944.1645,1,0.40000,-0.17709,0.28530,0.40000,-0.16663,0.28588
7944.1961,1,0.40000,-0.18111,0.28510,0.40000,-0.17097,0.28565
7944.2306,1,0.40000,-0.18389,0.28395,0.40000,-0.17485,0.28514
7944.2651,1,0.40000,-0.18773,0.28420,0.40000,-0.17871,0.28486
7944.2971,1,0.40000,-0.19117,0.28398,0.40000,-0.18245,0.28459
7944.3320,1,0.40000,-0.19392,0.28349,0.40000,-0.18589,0.28426
7944.3638,1,0.40000,-0.19795,0.28388,0.40000,-0.18951,0.28415
7944.3973,1,0.40000,-0.20105,0.28417,0.40000,-0.19297,0.28415
7944.4304,1,0.40000,-0.20383,0.28397,0.40000,-0.19623,0.28410
7944.4646,1,0.40000,-0.20894,0.28438,0.40000,-0.20004,0.28418
7944.5008,1,0.40000,-0.21071,0.28413,0.40000,-0.20324,0.28417
7944.5375,1,0.40000,-0.21627,0.28451,0.40000,-0.20715,0.28427
7944.5686,1,0.40000,-0.22266,0.28517,0.40000,-0.21180,0.28454
7944.6014,1,0.40000,-0.22509,0.28559,0.40000,-0.21579,0.28485
7944.6371,1,0.40000,-0.22807,0.28557,0.40000,-0.21947,0.28507
7944.6729,1,0.40000,-0.22950,0.28600,0.40000,-0.22248,0.28535
7944.7071,1,0.40000,-0.23086,0.28547,0.40000,-0.22500,0.28538
7944.7390,1,0.40000,-0.23365,0.28524,0.40000,-0.22759,0.28534
7944.7738,1,0.40000,-0.23589,0.28526,0.40000,-0.23008,0.28532
7944.8126,1,0.40000,-0.23777,0.28554,0.40000,-0.23239,0.28539
7944.8436,1,0.40000,-0.23723,0.28624,0.40000,-0.23384,0.28564
7944.8765,1,0.40000,-0.23590,0.28671,0.40000,-0.23446,0.28596
7944.9079,1,0.40000,-0.23415,0.28650,0.40000,-0.23437,0.28612
7944.9436,1,0.40000,-0.23206,0.28576,0.40000,-0.23367,0.28601
7944.9748,1,0.40000,-0.22973,0.28404,0.40000,-0.23249,0.28542
7945.0068,1,0.40000,-0.23103,0.28159,0.40000,-0.23205,0.28427
7945.0377,1,0.40000,-0.22881,0.27935,0.40000,-0.23108,0.28279
7945.0709,1,0.40000,-0.22857,0.27533,0.40000,-0.23033,0.28055
7945.1041,1,0.40000,-0.22781,0.27378,0.40000,-0.22957,0.27852
7945.1404,1,0.40000,-0.22693,0.27115,0.40000,-0.22878,0.27631
7945.1719,1,0.40000,-0.22394,0.26919,0.40000,-0.22733,0.27417
7945.2032,1,0.40000,-0.22126,0.26762,0.40000,-0.22551,0.27221
7945.2359,1,0.40000,-0.21822,0.26490,0.40000,-0.22332,0.27001
7945.2740,1,0.40000,-0.21361,0.26297,0.40000,-0.22041,0.26790
7945.3107,1,0.40000,-0.20952,0.26108,0.40000,-0.21714,0.26585
7945.3421,1,0.40000,-0.20970,0.26028,0.40000,-0.21491,0.26418
7945.3743,1,0.40000,-0.20543,0.25769,0.40000,-0.21207,0.26223
7945.4079,1,0.40000,-0.20354,0.25561,0.40000,-0.20951,0.26025
7945.4395,1,0.40000,-0.20114,0.25266,0.40000,-0.20700,0.25797
7945.4727,1,0.40000,-0.19965,0.24960,0.40000,-0.20480,0.25546
7945.5054,1,0.40000,-0.19835,0.24858,0.40000,-0.20286,0.25340
7945.5402,1,0.40000,-0.19832,0.24637,0.40000,-0.20150,0.25129
7945.5729,1,0.40000,-0.19606,0.24471,0.40000,-0.19987,0.24932
7945.6060,1,0.40000,-0.19474,0.24323,0.40000,-0.19833,0.24749
7945.6385,1,0.40000,-0.19233,0.24215,0.40000,-0.19653,0.24589
7945.6722,1,0.40000,-0.19363,0.24227,0.40000,-0.19566,0.24480
7945.7051,1,0.40000,-0.19090,0.24120,0.40000,-0.19423,0.24372
7945.7376,1,0.40000,-0.18973,0.24050,0.40000,-0.19288,0.24276
7945.7696,1,0.40000,-0.18692,0.23958,0.40000,-0.19109,0.24180
7945.8024,1,0.40000,-0.18560,0.23860,0.40000,-0.18944,0.24084
7945.8372,1,0.40000,-0.18269,0.23728,0.40000,-0.18742,0.23978
7945.8739,1,0.40000,-0.18176,0.23561,0.40000,-0.18572,0.23853
7945.9066,1,0.40000,-0.17900,0.23372,0.40000,-0.18370,0.23708
7945.9384,1,0.40000,-0.17779,0.23226,0.40000,-0.18193,0.23564
7945.9726,1,0.40000,-0.17586,0.23089,0.40000,-0.18011,0.23421
7946.0101,1,0.40000,-0.17535,0.22958,0.40000,-0.17868,0.23282
7946.0454,1,0.40000,-0.17483,0.22888,0.40000,-0.17753,0.23164
7946.0792,1,0.40000,-0.17336,0.22794,0.40000,-0.17627,0.23053
7946.1153,1,0.40000,-0.17228,0.22695,0.40000,-0.17508,0.22946
7946.1483,1,0.40000,-0.17050,0.22606,0.40000,-0.17371,0.22844
7946.1817,1,0.40000,-0.17095,0.22467,0.40000,-0.17288,0.22731
7946.2179,1,0.40000,-0.16992,0.22358,0.40000,-0.17199,0.22619
7946.2498,1,0.40000,-0.17148,0.22179,0.40000,-0.17184,0.22487
7946.2816,1,0.40000,-0.17378,0.21959,0.40000,-0.17242,0.22329
7946.3135,1,0.40000,-0.17663,0.21720,0.40000,-0.17368,0.22146
7946.3470,1,0.40000,-0.17642,0.21506,0.40000,-0.17450,0.21954
7946.3806,1,0.40000,-0.17644,0.21343,0.40000,-0.17508,0.21771
7946.4226,1,0.40000,-0.17775,0.21166,0.40000,-0.17588,0.21589
7946.4553,1,0.40000,-0.17951,0.20972,0.40000,-0.17697,0.21404
7946.4864,1,0.40000,-0.18134,0.20779,0.40000,-0.17828,0.21217
7946.5173,1,0.39726,-0.18287,0.20633,0.39918,-0.17966,0.21042
7946.5508,1,0.39317,-0.18407,0.20496,0.39737,-0.18098,0.20878
7946.5825,1,0.39399,-0.18470,0.20357,0.39636,-0.18210,0.20722
7946.6154,1,0.39278,-0.18580,0.20254,0.39528,-0.18321,0.20581
7946.6485,1,0.39235,-0.18771,0.20096,0.39440,-0.18456,0.20436
7946.6896,1,0.39282,-0.18767,0.19937,0.39393,-0.18549,0.20286
7946.7267,1,0.39183,-0.18832,0.19741,0.39330,-0.18634,0.20123
7946.7583,1,0.39033,-0.18863,0.19545,0.39241,-0.18703,0.19949
7946.7909,1,0.38661,-0.19089,0.19372,0.39067,-0.18819,0.19776
7946.8222,1,0.38480,-0.19128,0.19158,0.38891,-0.18912,0.19591
7946.8534,1,0.38132,-0.19162,0.19030,0.38663,-0.18987,0.19423
7946.8877,1,0.37917,-0.19201,0.18882,0.38439,-0.19051,0.19261
7946.9193,1,0.38204,-0.19184,0.18657,0.38369,-0.19091,0.19080
7946.9511,1,0.38162,-0.19140,0.18393,0.38307,-0.19106,0.18874
7946.9843,1,0.37953,-0.19091,0.18135,0.38201,-0.19101,0.18652
7947.0171,1,0.37733,-0.19274,0.17798,0.38060,-0.19153,0.18396
7947.0500,1,0.37315,-0.19422,0.17497,0.37837,-0.19234,0.18126
7947.0842,1,0.37155,-0.19604,0.17205,0.37632,-0.19345,0.17850
7947.1214,1,0.36834,-0.19719,0.16931,0.37393,-0.19457,0.17574
7947.1550,1,0.36597,-0.19905,0.16653,0.37154,-0.19591,0.17298
7947.1890,1,0.36620,-0.20044,0.16393,0.36994,-0.19727,0.17026
7947.2204,1,0.36658,-0.20148,0.16081,0.36893,-0.19853,0.16743
7947.2530,1,0.36892,-0.20262,0.15783,0.36893,-0.19976,0.16455
7947.2849,1,0.37121,-0.20412,0.15462,0.36961,-0.20107,0.16157
7947.3240,1,0.37086,-0.20575,0.15194,0.36999,-0.20247,0.15868
7947.3592,1,0.37101,-0.20764,0.14930,0.37029,-0.20402,0.15587
7947.3931,1,0.37000,-0.20979,0.14672,0.37021,-0.20575,0.15312
7947.4284,1,0.36751,-0.21211,0.14429,0.36940,-0.20766,0.15047
7947.4623,1,0.36839,-0.21220,0.14149,0.36909,-0.20902,0.14778
7947.4950,1,0.36572,-0.21422,0.14004,0.36808,-0.21058,0.14546
7947.5282,1,0.36711,-0.21453,0.13821,0.36779,-0.21177,0.14328
7947.5596,1,0.36571,-0.21563,0.13660,0.36717,-0.21293,0.14128
7947.5924,1,0.36784,-0.21581,0.13497,0.36737,-0.21379,0.13938
7947.6262,1,0.36526,-0.21618,0.13401,0.36674,-0.21451,0.13777
7947.6582,1,0.36446,-0.21768,0.13299,0.36605,-0.21546,0.13634
7947.6924,1,0.36458,-0.21785,0.13190,0.36561,-0.21618,0.13501
7947.7265,1,0.36352,-0.21820,0.13109,0.36499,-0.21678,0.13383
7947.7609,1,0.36355,-0.21763,0.13022,0.36455,-0.21704,0.13275
7947.7926,1,0.36034,-0.21781,0.12957,0.36329,-0.21727,0.13179
7947.8253,1,0.35858,-0.21688,0.12876,0.36187,-0.21715,0.13088
7947.8571,1,0.35774,-0.21799,0.12757,0.36064,-0.21740,0.12989
7947.8899,1,0.35736,-0.21636,0.12609,0.35965,-0.21709,0.12875
7947.9230,1,0.35738,-0.21494,0.12402,0.35897,-0.21644,0.12733
7947.9555,1,0.35313,-0.21349,0.12295,0.35722,-0.21556,0.12602
7947.9866,1,0.35140,-0.21181,0.12176,0.35547,-0.21443,0.12474
7948.0178,1,0.35090,-0.20869,0.12061,0.35410,-0.21271,0.12350
7948.0522,1,0.35079,-0.20661,0.11940,0.35311,-0.21088,0.12227
7948.0885,1,0.34966,-0.20390,0.11840,0.35207,-0.20879,0.12111
7948.1237,1,0.34914,-0.20132,0.11733,0.35120,-0.20655,0.11998
7948.1573,1,0.34626,-0.19739,0.11673,0.34972,-0.20380,0.11900
7948.1886,1,0.34560,-0.19404,0.11572,0.34848,-0.20087,0.11802
7948.2217,1,0.34542,-0.18950,0.11466,0.34756,-0.19746,0.11701
7948.2531,1,0.34299,-0.18665,0.11434,0.34619,-0.19422,0.11621
7948.2856,1,0.34337,-0.18273,0.11375,0.34534,-0.19077,0.11547
7948.3189,1,0.34217,-0.17739,0.11384,0.34439,-0.18676,0.11498
7948.3526,1,0.34212,-0.17338,0.11367,0.34371,-0.18275,0.11459
7948.3868,1,0.34088,-0.16878,0.11436,0.34286,-0.17856,0.11452
7948.4185,1,0.34029,-0.16365,0.11540,0.34209,-0.17408,0.11479
7948.4501,1,0.33879,-0.15884,0.11638,0.34110,-0.16951,0.11526
7948.4836,1,0.33851,-0.15232,0.11740,0.34032,-0.16436,0.11590
7948.5241,1,0.34043,-0.14582,0.11837,0.34035,-0.15880,0.11664
7948.5562,1,0.33986,-0.14036,0.11941,0.34021,-0.15327,0.11747
7948.5875,1,0.33953,-0.13372,0.12057,0.34000,-0.14740,0.11840
7948.6236,1,0.33835,-0.12891,0.12159,0.33951,-0.14185,0.11936
7948.6587,1,0.33847,-0.12360,0.12247,0.33920,-0.13638,0.12029
7948.6917,1,0.33795,-0.11841,0.12328,0.33882,-0.13099,0.12119
7948.7236,1,0.33792,-0.11475,0.12423,0.33855,-0.12612,0.12210
7948.7558,1,0.33893,-0.11196,0.12444,0.33867,-0.12187,0.12280
7948.7901,1,0.33758,-0.10818,0.12527,0.33834,-0.11776,0.12354
7948.8217,1,0.33794,-0.10475,0.12560,0.33822,-0.11386,0.12416
7948.8532,1,0.33758,-0.10001,0.12613,0.33803,-0.10970,0.12475
7948.8859,1,0.33613,-0.09588,0.12696,0.33746,-0.10555,0.12541
7948.9182,1,0.33431,-0.09244,0.12725,0.33651,-0.10162,0.12596
7948.9501,1,0.33175,-0.08952,0.12772,0.33508,-0.09799,0.12649
7948.9814,1,0.33027,-0.08501,0.12821,0.33364,-0.09410,0.12701
7949.0134,1,0.33027,-0.07995,0.12854,0.33263,-0.08985,0.12747
7949.0459,1,0.32839,-0.07637,0.12905,0.33136,-0.08581,0.12794
7949.0802,1,0.32583,-0.07191,0.12987,0.32970,-0.08164,0.12852
7949.1147,1,0.32644,-0.06572,0.13071,0.32872,-0.07686,0.12918
7949.1559,1,0.32314,-0.06071,0.13215,0.32705,-0.07202,0.13007
7949.1937,1,0.32392,-0.05600,0.13288,0.32611,-0.06721,0.13091
7949.2256,1,0.32448,-0.05033,0.13327,0.32562,-0.06215,0.13162
7949.2600,1,0.32143,-0.04463,0.13416,0.32436,-0.05689,0.13238
7949.2972,1,0.32068,-0.04062,0.13472,0.32326,-0.05201,0.13308
7949.3355,1,0.32211,-0.03607,0.13520,0.32291,-0.04723,0.13372
7949.3684,1,0.32324,-0.03260,0.13583,0.32301,-0.04284,0.13435
7949.4005,1,0.32258,-0.02789,0.13624,0.32288,-0.03835,0.13492
7949.4334,1,0.32183,-0.02350,0.13646,0.32257,-0.03390,0.13538
7949.4659,1,0.32329,-0.01833,0.13640,0.32278,-0.02923,0.13568
7949.4982,1,0.32298,-0.01446,0.13650,0.32284,-0.02480,0.13593
7949.5305,1,0.32103,-0.01080,0.13699,0.32230,-0.02060,0.13625
7949.5713,1,0.32088,-0.00660,0.13698,0.32187,-0.01640,0.13647
7949.6022,1,0.32094,-0.00230,0.13737,0.32159,-0.01217,0.13674
7949.6342,1,0.31888,0.00185,0.13806,0.32078,-0.00796,0.13713
7949.6657,1,0.31550,0.00683,0.13920,0.31920,-0.00352,0.13775
7949.7082,1,0.31282,0.01169,0.14070,0.31728,0.00104,0.13864
7949.7415,1,0.31328,0.01830,0.14166,0.31608,0.00622,0.13954
7949.7728,1,0.31272,0.02313,0.14286,0.31507,0.01129,0.14054
7949.8046,1,0.31181,0.02749,0.14466,0.31409,0.01615,0.14177
7949.8382,1,0.30887,0.03572,0.14727,0.31253,0.02202,0.14342
7949.8717,1,0.31199,0.04052,0.14834,0.31237,0.02757,0.14490
7949.9040,1,0.31481,0.04380,0.14938,0.31310,0.03244,0.14624
7949.9370,1,0.31481,0.05016,0.15079,0.31361,0.03776,0.14761
7949.9704,1,0.31331,0.05740,0.15277,0.31352,0.04365,0.14915
7950.0017,1,0.31497,0.06554,0.15502,0.31396,0.05022,0.15092
7950.0364,1,0.31829,0.07352,0.15725,0.31526,0.05721,0.15282
7950.0712,1,0.32082,0.08337,0.15974,0.31693,0.06506,0.15489
7950.1078,1,0.31679,0.09154,0.16270,0.31688,0.07300,0.15724
7950.1397,1,0.31545,0.09369,0.16519,0.31645,0.07921,0.15962
7950.1715,1,0.31483,0.08563,0.16720,0.31597,0.08114,0.16189
7950.2022,1,0.31329,0.06690,0.16955,0.31516,0.07687,0.16419
7950.2334,1,0.31519,0.03956,0.16878,0.31517,0.06567,0.16557
7950.2664,1,0.32832,0.00791,0.16831,0.31912,0.04835,0.16639
7950.3037,1,0.32268,-0.02436,0.16966,0.32019,0.02653,0.16737
7950.3353,1,0.31433,-0.05225,0.17351,0.31843,0.00290,0.16921
7950.3670,1,0.30151,-0.07340,0.17824,0.31335,-0.01999,0.17192
7950.4062,1,0.30330,-0.08509,0.18294,0.31034,-0.03952,0.17523
7950.4377,1,0.30423,-0.08800,0.18813,0.30850,-0.05406,0.17910
7950.4702,1,0.30789,-0.08420,0.19318,0.30832,-0.06310,0.18332
7950.5035,1,0.30620,-0.07560,0.19776,0.30768,-0.06685,0.18765
7950.5369,1,0.30244,-0.06090,0.20282,0.30611,-0.06507,0.19220
7950.5683,1,0.29734,-0.04574,0.20829,0.30348,-0.05927,0.19703
7950.6014,1,0.29483,-0.02949,0.21252,0.30089,-0.05034,0.20168
7950.6328,1,0.28203,-0.01006,0.21677,0.29523,-0.03825,0.20621
7950.6647,1,0.27811,0.00738,0.22016,0.29009,-0.02456,0.21039
7950.7126,1,0.27719,0.02827,0.22148,0.28622,-0.00871,0.21372
7950.7452,1,0.26994,0.04481,0.22432,0.28134,0.00734,0.21690
7950.7778,1,0.26550,0.06187,0.22675,0.27659,0.02370,0.21985
7950.8098,1,0.26246,0.07751,0.23035,0.27235,0.03984,0.22300
7950.8411,1,0.25963,0.08965,0.23448,0.26853,0.05478,0.22645
7950.8715,1,0.25214,0.09801,0.23902,0.26361,0.06775,0.23022
7950.9031,1,0.25036,0.10381,0.24308,0.25964,0.07857,0.23408
7950.9373,1,0.24515,0.10719,0.24685,0.25529,0.08716,0.23791
7950.9742,1,0.24028,0.10884,0.25056,0.25079,0.09366,0.24170
7951.0108,1,0.23234,0.10929,0.25434,0.24526,0.09835,0.24550
7951.0465,1,0.22770,0.11044,0.25728,0.23999,0.10198,0.24903
7951.0820,1,0.22536,0.11088,0.25925,0.23560,0.10465,0.25210
7951.1140,1,0.22134,0.11333,0.26116,0.23132,0.10725,0.25482
7951.1480,1,0.21444,0.11517,0.26326,0.22626,0.10963,0.25735
7951.1816,1,0.21004,0.11604,0.26508,0.22139,0.11155,0.25967
7951.2128,1,0.20522,0.11758,0.26689,0.21654,0.11336,0.26184
7951.2494,1,0.20092,0.11922,0.26876,0.21186,0.11512,0.26391
7951.2815,1,0.19783,0.11987,0.27055,0.20765,0.11654,0.26591
7951.3234,1,0.19534,0.12259,0.27208,0.20396,0.11836,0.26776
7951.3544,1,0.19182,0.12610,0.27399,0.20031,0.12068,0.26963
7951.3873,1,0.18981,0.13186,0.27468,0.19716,0.12404,0.27114
7951.4218,1,0.18760,0.13800,0.27357,0.19429,0.12823,0.27187
7951.4600,1,0.18810,0.14286,0.26970,0.19244,0.13262,0.27122
7951.4956,1,0.19276,0.14834,0.26297,0.19254,0.13733,0.26874
7951.5279,1,0.18670,0.15198,0.25252,0.19078,0.14173,0.26388
7951.5621,1,0.18252,0.15416,0.24064,0.18830,0.14546,0.25691
7951.5946,1,0.18179,0.15458,0.22750,0.18635,0.14819,0.24809
7951.6269,1,0.17916,0.15336,0.21475,0.18419,0.14974,0.23809
7951.6586,1,0.17403,0.15213,0.20340,0.18115,0.15046,0.22768
7951.6904,1,0.16910,0.15162,0.19433,0.17753,0.15081,0.21768
7951.7271,1,0.16231,0.15220,0.18978,0.17296,0.15122,0.20931
7951.7595,1,0.15301,0.15451,0.18914,0.16698,0.15221,0.20326
7951.7908,1,0.14871,0.15779,0.19403,0.16150,0.15389,0.20049
7951.8271,1,0.15132,0.16277,0.20250,0.15844,0.15655,0.20109
7951.8585,1,0.16406,0.16504,0.21258,0.16013,0.15910,0.20454
7951.8904,1,0.17709,0.16932,0.22433,0.16522,0.16216,0.21047
7951.9218,1,0.18562,0.17430,0.23834,0.17134,0.16580,0.21883
7951.9531,1,0.18951,0.17693,0.25330,0.17679,0.16914,0.22918
7951.9894,1,0.19069,0.17900,0.26796,0.18096,0.17210,0.24081
7952.0205,1,0.17898,0.18255,0.28241,0.18037,0.17523,0.25329
7952.0522,1,0.16778,0.18566,0.29235,0.17659,0.17836,0.26501
7952.0860,1,0.16645,0.18884,0.29596,0.17355,0.18151,0.27430
7952.1194,1,0.16935,0.19106,0.29407,0.17229,0.18437,0.28023
7952.1525,1,0.16679,0.19455,0.28804,0.17064,0.18742,0.28257
7952.1862,1,0.16630,0.19380,0.27718,0.16934,0.18934,0.28095
7952.2252,1,0.16016,0.19248,0.26465,0.16658,0.19028,0.27606
7952.2559,1,0.15461,0.19210,0.25031,0.16299,0.19082,0.26834
7952.2879,1,0.15008,0.19196,0.23582,0.15912,0.19116,0.25858
7952.3211,1,0.14554,0.19204,0.22269,0.15504,0.19143,0.24782
7952.3562,1,0.14886,0.19218,0.21107,0.15319,0.19165,0.23679
7952.3898,1,0.15029,0.19128,0.20188,0.15232,0.19154,0.22632
7952.4213,1,0.15136,0.19125,0.19667,0.15203,0.19145,0.21742
7952.4560,1,0.15024,0.19160,0.19327,0.15149,0.19150,0.21018
7952.4890,1,0.14758,0.19366,0.19187,0.15032,0.19215,0.20469
7952.5198,1,0.14889,0.19305,0.19047,0.14989,0.19242,0.20042
7952.5545,1,0.14987,0.19234,0.18949,0.14989,0.19240,0.19714
7952.5882,1,0.14926,0.18905,0.18883,0.14970,0.19139,0.19465
7952.6275,1,0.14880,0.18291,0.18702,0.14943,0.18885,0.19236
7952.6667,1,0.15104,0.17294,0.18386,0.14991,0.18407,0.18981
7952.7021,1,0.14866,0.15689,0.17871,0.14954,0.17592,0.18648
7952.7487,1,0.14437,0.14210,0.17296,0.14799,0.16578,0.18242
7952.7837,1,0.15148,0.12762,0.16814,0.14904,0.15433,0.17814
7952.8162,1,0.14337,0.10988,0.16807,0.14734,0.14099,0.17512
7952.8490,1,0.14826,0.09381,0.16886,0.14761,0.12684,0.17324
7952.8903,1,0.17156,0.07031,0.17531,0.15480,0.10988,0.17386
7952.9080,1,0.17463,0.05826,0.18369,0.16075,0.09439,0.17681
7952.9399,1,0.17779,0.04890,0.19273,0.16586,0.08074,0.18159
7952.9715,1,0.18241,0.04139,0.20212,0.17082,0.06894,0.18775
7953.0036,1,0.18608,0.03597,0.21295,0.17540,0.05905,0.19531
7953.0353,1,0.18945,0.03449,0.22480,0.17961,0.05168,0.20415
7953.0687,1,0.19414,0.03575,0.23738,0.18397,0.04690,0.21412
7953.1006,1,0.19134,0.03760,0.25051,0.18618,0.04411,0.22504
7953.1327,1,0.19151,0.04090,0.26327,0.18778,0.04315,0.23651
7953.1644,1,0.19595,0.04891,0.27395,0.19023,0.04488,0.24774
7953.1981,1,0.19556,0.06110,0.28333,0.19183,0.04975,0.25842
7953.2367,1,0.20226,0.07395,0.28981,0.19496,0.05701,0.26784
7953.2694,1,0.20152,0.08692,0.29626,0.19693,0.06598,0.27636
7953.3022,1,0.19911,0.10214,0.29998,0.19758,0.07683,0.28345
7953.3344,1,0.19942,0.11900,0.30023,0.19813,0.08948,0.28848
7953.3675,1,0.19932,0.13307,0.29800,0.19849,0.10256,0.29134
7953.3992,1,0.19704,0.14582,0.29369,0.19806,0.11554,0.29204
7953.4431,1,0.19396,0.15844,0.28666,0.19683,0.12841,0.29043
7953.4794,1,0.18817,0.16491,0.27761,0.19423,0.13936,0.28658
7953.5112,1,0.18514,0.16997,0.26772,0.19150,0.14854,0.28092
7953.5418,1,0.18064,0.17182,0.25708,0.18825,0.15553,0.27377
7953.5734,1,0.17564,0.16971,0.24711,0.18446,0.15978,0.26577
7953.6042,1,0.17018,0.16065,0.23711,0.18018,0.16004,0.25717
7953.6356,1,0.16890,0.15055,0.22852,0.17679,0.15719,0.24858
7953.6673,1,0.16434,0.13636,0.22230,0.17306,0.15094,0.24070
7953.6996,1,0.16357,0.12205,0.21763,0.17021,0.14228,0.23377
7953.7452,1,0.16173,0.10814,0.21523,0.16767,0.13204,0.22821
7953.7776,1,0.15685,0.09301,0.21487,0.16442,0.12033,0.22421
7953.8117,1,0.15440,0.07945,0.21531,0.16142,0.10807,0.22154
7953.8450,1,0.15563,0.06624,0.21559,0.15968,0.09552,0.21975
7953.8770,1,0.15568,0.05445,0.21702,0.15848,0.08320,0.21893
7953.9095,1,0.15442,0.04249,0.21926,0.15726,0.07098,0.21903
7953.9434,1,0.15507,0.03100,0.22180,0.15660,0.05899,0.21986
7953.9774,1,0.15422,0.01994,0.22525,0.15589,0.04727,0.22148
7954.0115,1,0.15202,0.00962,0.22944,0.15473,0.03598,0.22387
7954.0440,1,0.15463,-0.00063,0.23299,0.15470,0.02500,0.22661
7954.0773,1,0.15639,-0.00993,0.23674,0.15521,0.01452,0.22965
7954.1204,1,0.15890,-0.01594,0.24072,0.15631,0.00538,0.23297
7954.1539,1,0.15948,-0.02144,0.24636,0.15726,-0.00267,0.23699
7954.1919,1,0.15877,-0.02725,0.25374,0.15772,-0.01004,0.24201
7954.2274,1,0.16337,-0.03301,0.26178,0.15941,-0.01693,0.24794
7954.2607,1,0.17013,-0.03875,0.26993,0.16263,-0.02348,0.25454
7954.2934,1,0.17477,-0.04465,0.27921,0.16627,-0.02983,0.26194
7954.3236,1,0.17910,-0.05290,0.28864,0.17012,-0.03675,0.26995
7954.3554,1,0.17589,-0.06005,0.29693,0.17185,-0.04374,0.27804
7954.3886,1,0.17984,-0.06672,0.30418,0.17425,-0.05063,0.28589
7954.4215,1,0.18125,-0.07358,0.30980,0.17635,-0.05752,0.29306
7954.4542,1,0.18405,-0.07920,0.31204,0.17866,-0.06402,0.29875
7954.4867,1,0.18569,-0.08440,0.31136,0.18077,-0.07014,0.30254
7954.5176,1,0.18451,-0.08906,0.30628,0.18189,-0.07581,0.30366
7954.5482,1,0.18678,-0.09327,0.29711,0.18335,-0.08105,0.30169
7954.5827,1,0.17971,-0.09592,0.28684,0.18226,-0.08551,0.29724
7954.6155,1,0.17499,-0.10122,0.27471,0.18008,-0.09022,0.29048
7954.6489,1,0.17366,-0.10402,0.26226,0.17815,-0.09436,0.28201
7954.6829,1,0.16696,-0.10227,0.24919,0.17480,-0.09673,0.27217
7954.7179,1,0.15998,-0.10114,0.23654,0.17035,-0.09806,0.26148
7954.7574,1,0.15492,-0.09797,0.22610,0.16572,-0.09803,0.25087
7954.7911,1,0.15036,-0.09590,0.21995,0.16111,-0.09739,0.24159
7954.8240,1,0.14352,-0.09617,0.21865,0.15584,-0.09702,0.23471
7954.8564,1,0.14150,-0.09984,0.22161,0.15153,-0.09787,0.23078
7954.8978,1,0.14364,-0.10373,0.22797,0.14917,-0.09963,0.22994
7954.9293,1,0.15203,-0.10667,0.23671,0.15003,-0.10174,0.23197
7954.9650,1,0.16120,-0.11149,0.24651,0.15338,-0.10466,0.23633
7955.0006,1,0.17157,-0.11971,0.25648,0.15884,-0.10918,0.24237
7955.0335,1,0.18107,-0.12710,0.26763,0.16551,-0.11455,0.24995
7955.0673,1,0.18557,-0.13594,0.27989,0.17153,-0.12097,0.25893
7955.0998,1,0.18176,-0.14376,0.29294,0.17460,-0.12781,0.26914
7955.1325,1,0.18019,-0.15157,0.30441,0.17628,-0.13494,0.27972
7955.1675,1,0.17426,-0.15823,0.31361,0.17567,-0.14193,0.28989
7955.1995,1,0.17667,-0.16325,0.31787,0.17597,-0.14832,0.29828
7955.2361,1,0.17628,-0.16532,0.31865,0.17606,-0.15342,0.30439
7955.2685,1,0.17652,-0.16677,0.31390,0.17620,-0.15743,0.30724
7955.2997,1,0.17641,-0.16930,0.30416,0.17626,-0.16099,0.30632
7955.3338,1,0.17191,-0.17222,0.29287,0.17496,-0.16436,0.30228
7955.3664,1,0.16644,-0.17477,0.28049,0.17240,-0.16748,0.29575
7955.4058,1,0.16088,-0.17540,0.26743,0.16895,-0.16986,0.28725
7955.4424,1,0.15496,-0.17447,0.25448,0.16475,-0.17124,0.27742
7955.4789,1,0.14676,-0.17288,0.24332,0.15935,-0.17173,0.26719
7955.5138,1,0.14302,-0.17228,0.23299,0.15445,-0.17190,0.25693
7955.5476,1,0.14014,-0.17109,0.22517,0.15016,-0.17165,0.24740
7955.5816,1,0.13538,-0.16891,0.21821,0.14573,-0.17083,0.23865
7955.6164,1,0.12510,-0.16280,0.20504,0.13954,-0.16842,0.22856
7955.6485,1,0.12612,-0.15161,0.19717,0.13551,-0.16338,0.21915
7955.6796,1,0.12621,-0.13812,0.19207,0.13272,-0.15580,0.21102
7955.7130,1,0.13107,-0.12232,0.18739,0.13223,-0.14576,0.20393
7955.7506,1,0.14051,-0.10244,0.18140,0.13471,-0.13276,0.19717
7955.7912,1,0.14273,-0.07803,0.17555,0.13712,-0.11634,0.19069
7955.8235,1,0.14962,-0.05099,0.16782,0.14087,-0.09674,0.18383
7955.8550,1,0.15115,-0.02043,0.15965,0.14395,-0.07385,0.17657
7955.8865,1,0.15101,0.00707,0.15237,0.14607,-0.04957,0.16931
7955.9175,1,0.14726,0.03146,0.14672,0.14643,-0.02526,0.16253
7955.9505,1,0.14822,0.04972,0.14238,0.14696,-0.00277,0.15649
7955.9828,1,0.15348,0.06677,0.13717,0.14892,0.01809,0.15069
7956.0148,1,0.15329,0.07718,0.13140,0.15023,0.03582,0.14491
7956.0468,1,0.15291,0.08434,0.12570,0.15103,0.05037,0.13915
7956.0808,1,0.15135,0.08896,0.12096,0.15113,0.06195,0.13369
7956.1145,1,0.15327,0.09361,0.11659,0.15177,0.07145,0.12856
7956.1471,1,0.15776,0.09782,0.11294,0.15357,0.07936,0.12387
7956.1804,1,0.16067,0.10473,0.11105,0.15570,0.08697,0.12003
7956.2122,1,0.17477,0.11154,0.11138,0.16142,0.09434,0.11743
7956.2448,1,0.17713,0.12085,0.11644,0.16613,0.10229,0.11714
7956.2827,1,0.19012,0.12856,0.12375,0.17333,0.11017,0.11912
7956.3162,1,0.20241,0.13737,0.13287,0.18205,0.11833,0.12325
7956.3569,1,0.21292,0.14887,0.14404,0.19131,0.12749,0.12948
7956.3880,1,0.21536,0.15738,0.15432,0.19853,0.13646,0.13693
7956.4189,1,0.22492,0.16453,0.16601,0.20645,0.14488,0.14566
7956.4507,1,0.23283,0.17357,0.17751,0.21436,0.15349,0.15521
7956.4847,1,0.24531,0.18010,0.18742,0.22365,0.16147,0.16487
7956.5164,1,0.25421,0.18632,0.19643,0.23281,0.16893,0.17434
7956.5467,1,0.26252,0.19212,0.20415,0.24173,0.17588,0.18328
7956.5857,1,0.27344,0.19870,0.20992,0.25124,0.18273,0.19127
7956.6223,1,0.27873,0.20231,0.21564,0.25949,0.18860,0.19858
7956.6547,1,0.27872,0.20723,0.22037,0.26526,0.19419,0.20512
7956.6852,1,0.28355,0.21058,0.22344,0.27074,0.19911,0.21062
7956.7182,1,0.28824,0.21460,0.22597,0.27599,0.20376,0.21522
7956.7494,1,0.28949,0.21930,0.22782,0.28004,0.20842,0.21900
7956.7919,1,0.29031,0.22441,0.22882,0.28312,0.21322,0.22195
7956.8230,1,0.29488,0.22890,0.22898,0.28665,0.21792,0.22406
7956.8588,1,0.29734,0.23385,0.22933,0.28986,0.22270,0.22564
7956.8898,1,0.30264,0.23580,0.23051,0.29369,0.22663,0.22710
7956.9205,1,0.30734,0.23700,0.23337,0.29779,0.22974,0.22898
7956.9526,1,0.31303,0.23307,0.23890,0.30236,0.23074,0.23196
7956.9845,1,0.31689,0.22546,0.24565,0.30672,0.22916,0.23606
7957.0169,1,0.31958,0.20759,0.25434,0.31058,0.22269,0.24155
7957.0484,1,0.32709,0.18283,0.26175,0.31553,0.21073,0.24761
7957.0817,1,0.33198,0.15464,0.26857,0.32046,0.19390,0.25390
7957.1134,1,0.33951,0.12309,0.27636,0.32618,0.17266,0.26064
7957.1470,1,0.33441,0.09407,0.28558,0.32865,0.14908,0.26812
7957.1796,1,0.33061,0.06039,0.29552,0.32924,0.12247,0.27634
7957.2194,1,0.33838,0.02845,0.30296,0.33198,0.09427,0.28433
7957.2516,1,0.34379,0.00691,0.30783,0.33552,0.06806,0.29138
7957.2843,1,0.34121,-0.01958,0.31192,0.33723,0.04177,0.29754
7957.3157,1,0.34281,-0.03525,0.31349,0.33891,0.01866,0.30233
7957.3471,1,0.34028,-0.04308,0.31473,0.33932,0.00014,0.30605
7957.3807,1,0.34015,-0.04715,0.31518,0.33957,-0.01405,0.30878
7957.4151,1,0.33925,-0.04534,0.31811,0.33947,-0.02344,0.31158
7957.4465,1,0.33794,-0.03715,0.32141,0.33901,-0.02755,0.31453
7957.4805,1,0.33991,-0.02490,0.32558,0.33928,-0.02675,0.31785
7957.5185,1,0.34354,-0.01029,0.33006,0.34056,-0.02181,0.32151
7957.5511,1,0.34623,0.00519,0.33496,0.34226,-0.01371,0.32555
7957.5836,1,0.34776,0.02414,0.34248,0.34391,-0.00236,0.33063
7957.6258,1,0.35035,0.03905,0.34677,0.34584,0.01006,0.33547
7957.6584,1,0.35715,0.04924,0.34893,0.34923,0.02181,0.33951
7957.6967,1,0.35385,0.05290,0.35160,0.35062,0.03114,0.34313
7957.7277,1,0.35351,0.05198,0.35115,0.35149,0.03739,0.34554
7957.7592,1,0.35913,0.04582,0.34949,0.35378,0.03992,0.34672
7957.7901,1,0.35741,0.03735,0.34890,0.35487,0.03915,0.34738
7957.8228,1,0.36031,0.02805,0.34566,0.35650,0.03582,0.34686
7957.8590,1,0.36023,0.01628,0.34321,0.35762,0.02996,0.34577
7957.8900,1,0.35523,0.00180,0.34167,0.35690,0.02151,0.34454
7957.9211,1,0.35778,-0.01569,0.33808,0.35717,0.01035,0.34260
7957.9542,1,0.35504,-0.03272,0.33526,0.35653,-0.00257,0.34040
7957.9865,1,0.35459,-0.05282,0.33086,0.35595,-0.01765,0.33754
7958.0193,1,0.36030,-0.07108,0.32550,0.35725,-0.03368,0.33393
7958.0518,1,0.36046,-0.08563,0.32192,0.35822,-0.04926,0.33032
7958.0826,1,0.35982,-0.10226,0.31992,0.35870,-0.06516,0.32720
7958.1152,1,0.35771,-0.11595,0.31906,0.35840,-0.08040,0.32476
7958.1487,1,0.35693,-0.12868,0.31912,0.35796,-0.09488,0.32307
7958.1816,1,0.35766,-0.13959,0.31913,0.35787,-0.10830,0.32189
7958.2182,1,0.35755,-0.15052,0.32092,0.35777,-0.12096,0.32160
7958.2526,1,0.36266,-0.15895,0.32234,0.35924,-0.13236,0.32182
7958.2851,1,0.36342,-0.16902,0.32340,0.36049,-0.14336,0.32229
7958.3193,1,0.36712,-0.17738,0.32321,0.36248,-0.15356,0.32257
7958.3593,1,0.36712,-0.18367,0.32044,0.36387,-0.16260,0.32193
7958.3977,1,0.36904,-0.18832,0.31606,0.36542,-0.17031,0.32017
7958.4289,1,0.37419,-0.18960,0.31040,0.36805,-0.17610,0.31724
7958.4615,1,0.37663,-0.18929,0.30543,0.37063,-0.18006,0.31369
7958.4925,1,0.38112,-0.18624,0.29987,0.37377,-0.18191,0.30955
7958.5254,1,0.38179,-0.18541,0.29537,0.37618,-0.18296,0.30529
7958.5563,1,0.38905,-0.18062,0.28977,0.38004,-0.18226,0.30064
7958.5881,1,0.38867,-0.17700,0.28532,0.38263,-0.18068,0.29604
7958.6196,1,0.39135,-0.17210,0.28128,0.38525,-0.17811,0.29161
7958.6516,1,0.39110,-0.16716,0.27836,0.38700,-0.17482,0.28764
7958.6835,1,0.39360,-0.16189,0.27381,0.38898,-0.17094,0.28349
7958.7162,1,0.39641,-0.15762,0.26847,0.39121,-0.16695,0.27898
7958.7518,1,0.39442,-0.15166,0.26137,0.39217,-0.16236,0.27370
7958.7888,1,0.38896,-0.14663,0.25423,0.39121,-0.15764,0.26786
7958.8194,1,0.38772,-0.14214,0.24766,0.39016,-0.15299,0.26180
7958.8513,1,0.38186,-0.13857,0.24179,0.38767,-0.14867,0.25580
7958.8853,1,0.37593,-0.13601,0.23539,0.38415,-0.14487,0.24967
7958.9158,1,0.37540,-0.13373,0.22843,0.38152,-0.14153,0.24330
7958.9473,1,0.37723,-0.13393,0.21969,0.38024,-0.13925,0.23622
7958.9843,1,0.37719,-0.13185,0.20942,0.37932,-0.13703,0.22818
7959.0167,1,0.38132,-0.12965,0.19806,0.37992,-0.13481,0.21914
7959.0488,1,0.37789,-0.13060,0.18656,0.37931,-0.13355,0.20937
7959.0812,1,0.37996,-0.12991,0.17219,0.37951,-0.13246,0.19821
7959.1138,1,0.38664,-0.13632,0.15688,0.38165,-0.13362,0.18581
7959.1472,1,0.39580,-0.13455,0.14510,0.38589,-0.13390,0.17360
7959.1813,1,0.38973,-0.13990,0.14041,0.38705,-0.13570,0.16364
7959.2268,1,0.38776,-0.14440,0.13558,0.38726,-0.13831,0.15522
7959.2550,1,0.38623,-0.14450,0.13077,0.38695,-0.14017,0.14789
7959.2731,1,0.38904,-0.14166,0.12770,0.38758,-0.14061,0.14183
7959.3037,1,0.38955,-0.13684,0.12479,0.38817,-0.13948,0.13672
7959.3364,1,0.38466,-0.13194,0.12489,0.38711,-0.13722,0.13317
7959.3710,1,0.38452,-0.12578,0.12524,0.38634,-0.13379,0.13079
7959.4049,1,0.38448,-0.12258,0.12566,0.38578,-0.13042,0.12925
7959.4374,1,0.38364,-0.11878,0.12606,0.38514,-0.12693,0.12829
7959.4710,1,0.38316,-0.11364,0.12338,0.38455,-0.12294,0.12682
7959.5036,1,0.38414,-0.10748,0.11875,0.38443,-0.11830,0.12440
7959.5417,1,0.38546,-0.09999,0.11190,0.38474,-0.11281,0.12065
7959.5728,1,0.38688,-0.09599,0.10116,0.38538,-0.10776,0.11480
7959.6041,1,0.37972,-0.09916,0.09821,0.38368,-0.10518,0.10983
7959.6411,1,0.37649,-0.09433,0.09996,0.38152,-0.10193,0.10686
7959.6724,1,0.37475,-0.08976,0.10012,0.37949,-0.09828,0.10484
7959.7060,1,0.37773,-0.08398,0.10127,0.37897,-0.09399,0.10377
7959.7460,1,0.38360,-0.07604,0.10156,0.38036,-0.08860,0.10311
7959.7859,1,0.38369,-0.07027,0.10294,0.38136,-0.08310,0.10306
7959.8190,1,0.38579,-0.06515,0.10338,0.38269,-0.07772,0.10315
7959.8532,1,0.38975,-0.06031,0.10346,0.38480,-0.07249,0.10325
7959.8846,1,0.38927,-0.05432,0.10349,0.38614,-0.06704,0.10332
7959.9173,1,0.38461,-0.05026,0.10353,0.38568,-0.06201,0.10338
7959.9485,1,0.38361,-0.04669,0.10261,0.38506,-0.05741,0.10315
7959.9810,1,0.38234,-0.04338,0.10191,0.38425,-0.05320,0.10278
7960.0158,1,0.37827,-0.04133,0.10226,0.38245,-0.04964,0.10262
7960.0480,1,0.38150,-0.03891,0.10095,0.38217,-0.04642,0.10212
7960.0824,1,0.38546,-0.03556,0.10022,0.38316,-0.04316,0.10155
7960.1149,1,0.38647,-0.03277,0.09915,0.38415,-0.04004,0.10083
7960.1478,1,0.38983,-0.03140,0.09758,0.38585,-0.03745,0.09986
7960.1811,1,0.38900,-0.03115,0.09713,0.38680,-0.03556,0.09904
7960.2138,1,0.38690,-0.02944,0.09597,0.38683,-0.03373,0.09812
7960.2474,1,0.38738,-0.02839,0.09488,0.38699,-0.03213,0.09715
7960.2856,1,0.38904,-0.02508,0.09349,0.38761,-0.03001,0.09605
7960.3191,1,0.39118,-0.02160,0.09242,0.38868,-0.02749,0.09496
7960.3533,1,0.39472,-0.01949,0.09102,0.39049,-0.02509,0.09378
7960.3842,1,0.39706,-0.01748,0.09059,0.39246,-0.02281,0.09282
7960.4176,1,0.39904,-0.01652,0.08956,0.39443,-0.02092,0.09184
7960.4514,1,0.39730,-0.01344,0.08974,0.39529,-0.01868,0.09121
7960.4848,1,0.40000,-0.01151,0.08933,0.39671,-0.01653,0.09065
7960.5165,1,0.39229,-0.00863,0.09135,0.39538,-0.01416,0.09086
7960.5485,1,0.39556,-0.00637,0.09117,0.39544,-0.01182,0.09095
7960.5798,1,0.39732,-0.00736,0.09212,0.39600,-0.01048,0.09130
7960.6137,1,0.39867,-0.00343,0.09326,0.39680,-0.00837,0.09189
7960.6490,1,0.39593,-0.00262,0.09561,0.39654,-0.00664,0.09301
7960.6823,1,0.39762,0.00168,0.09687,0.39686,-0.00415,0.09416
7960.7181,1,0.40000,0.00418,0.09754,0.39781,-0.00165,0.09518
7960.7505,1,0.39954,0.00677,0.09886,0.39833,0.00088,0.09628
7960.7920,1,0.39998,0.00752,0.09965,0.39882,0.00287,0.09729
7960.8230,1,0.40000,0.01011,0.10072,0.39917,0.00504,0.09832
7960.8558,1,0.40000,0.01198,0.10196,0.39942,0.00712,0.09941
7960.8872,1,0.39939,0.01338,0.10354,0.39941,0.00900,0.10065
7960.9201,1,0.40000,0.01495,0.10467,0.39959,0.01079,0.10186
7960.9516,1,0.39919,0.01534,0.10545,0.39947,0.01215,0.10293
7960.9835,1,0.39786,0.01454,0.10630,0.39899,0.01287,0.10394
7961.0140,1,0.39467,0.01354,0.10691,0.39769,0.01307,0.10483
7961.0464,1,0.39458,0.01225,0.10727,0.39676,0.01282,0.10556
7961.0803,1,0.39502,0.01123,0.10773,0.39624,0.01234,0.10621
7961.1133,1,0.39455,0.01080,0.10810,0.39573,0.01188,0.10678
7961.1463,1,0.39453,0.01022,0.10841,0.39537,0.01138,0.10727
7961.1868,1,0.39490,0.00950,0.10865,0.39523,0.01082,0.10768
7961.2186,1,0.39314,0.00870,0.10896,0.39460,0.01018,0.10807
7961.2519,1,0.39425,0.00770,0.10880,0.39450,0.00944,0.10828
7961.2849,1,0.39329,0.00683,0.10892,0.39413,0.00866,0.10847
7961.3158,1,0.39357,0.00587,0.10890,0.39396,0.00782,0.10860
7961.3479,1,0.39430,0.00565,0.10858,0.39406,0.00717,0.10860
7961.3805,1,0.39392,0.00575,0.10884,0.39402,0.00674,0.10867
7961.4140,1,0.39377,0.00593,0.10918,0.39395,0.00650,0.10882
7961.4475,1,0.39291,0.00610,0.10954,0.39364,0.00638,0.10904
7961.4799,1,0.39280,0.00646,0.10949,0.39338,0.00640,0.10917
7961.5145,1,0.39352,0.00708,0.10947,0.39342,0.00660,0.10926
7961.5491,1,0.39367,0.00793,0.10943,0.39350,0.00700,0.10931
7961.5808,1,0.39260,0.00811,0.10971,0.39323,0.00733,0.10943
7961.6170,1,0.39144,0.00839,0.10999,0.39269,0.00765,0.10960
7961.6500,1,0.39139,0.00897,0.11014,0.39230,0.00805,0.10976
7961.6844,1,0.39151,0.00955,0.11042,0.39207,0.00850,0.10996
7961.7168,1,0.39267,0.00952,0.11045,0.39225,0.00880,0.11011
7961.7496,1,0.39168,0.00938,0.11083,0.39208,0.00898,0.11032
7961.7904,1,0.39143,0.01044,0.11114,0.39188,0.00942,0.11057
7961.8213,1,0.38949,0.01072,0.11180,0.39117,0.00981,0.11094
7961.8574,1,0.38868,0.01202,0.11233,0.39042,0.01047,0.11135
7961.8950,1,0.38838,0.01301,0.11255,0.38981,0.01123,0.11171
7961.9264,1,0.38664,0.01374,0.11315,0.38886,0.01199,0.11214
7961.9580,1,0.38742,0.01529,0.11318,0.38843,0.01298,0.11245
7961.9913,1,0.38649,0.01562,0.11363,0.38784,0.01377,0.11281
7962.0294,1,0.38581,0.01653,0.11388,0.38723,0.01460,0.11313
7962.0620,1,0.38574,0.01745,0.11429,0.38679,0.01545,0.11347
7962.0970,1,0.38591,0.01924,0.11451,0.38652,0.01659,0.11379
7962.1317,1,0.38582,0.02063,0.11494,0.38631,0.01780,0.11413
7962.1659,1,0.38590,0.02244,0.11503,0.38619,0.01919,0.11440
7962.1978,1,0.38705,0.02353,0.11497,0.38645,0.02049,0.11457
7962.2298,1,0.38516,0.02431,0.11557,0.38606,0.02164,0.11487
7962.2673,1,0.38581,0.02476,0.11584,0.38598,0.02258,0.11516
7962.3026,1,0.38595,0.02482,0.11623,0.38597,0.02325,0.11548
7962.3342,1,0.38548,0.02561,0.11670,0.38583,0.02396,0.11585
7962.3669,1,0.38486,0.02519,0.11712,0.38554,0.02433,0.11623
7962.3998,1,0.38416,0.02551,0.11726,0.38512,0.02468,0.11654
7962.4330,1,0.38474,0.02586,0.11719,0.38501,0.02504,0.11673
7962.4642,1,0.38346,0.02607,0.11741,0.38455,0.02535,0.11694
7962.4974,1,0.38339,0.02600,0.11762,0.38420,0.02554,0.11714
7962.5343,1,0.38303,0.02641,0.11783,0.38385,0.02580,0.11735
7962.5726,1,0.38363,0.02584,0.11796,0.38378,0.02581,0.11753
7962.6055,1,0.38337,0.02703,0.11797,0.38366,0.02618,0.11766
7962.6406,1,0.38272,0.02594,0.11833,0.38338,0.02611,0.11786
7962.6736,1,0.38337,0.02738,0.11832,0.38338,0.02649,0.11800
7962.7067,1,0.38159,0.02695,0.11874,0.38284,0.02663,0.11822
7962.7396,1,0.38402,0.02853,0.11821,0.38319,0.02720,0.11822
7962.7730,1,0.38368,0.02785,0.11848,0.38334,0.02740,0.11830
7962.8052,1,0.38323,0.02819,0.11860,0.38331,0.02763,0.11839
7962.8382,1,0.38268,0.02838,0.11900,0.38312,0.02786,0.11857
7962.8785,1,0.38057,0.02879,0.11946,0.38235,0.02814,0.11884
7962.9129,1,0.38076,0.02916,0.11977,0.38188,0.02844,0.11912
7962.9453,1,0.38033,0.03034,0.11979,0.38141,0.02901,0.11932
7962.9756,1,0.37946,0.02931,0.12000,0.38083,0.02910,0.11952
7963.0060,1,0.37962,0.03012,0.11992,0.38047,0.02941,0.11964
7963.0363,1,0.37876,0.03010,0.11979,0.37995,0.02962,0.11969
7963.0674,1,0.37803,0.02930,0.12017,0.37938,0.02952,0.11983
7963.1008,1,0.37842,0.02977,0.12011,0.37909,0.02960,0.11991
7963.1353,1,0.37870,0.02945,0.11999,0.37897,0.02955,0.11994
7963.1671,1,0.37892,0.02894,0.12009,0.37896,0.02937,0.11998
7963.1988,1,0.37984,0.02877,0.12003,0.37922,0.02919,0.12000
7963.2292,1,0.38080,0.02919,0.11969,0.37970,0.02919,0.11990
7963.2718,1,0.38010,0.02899,0.11976,0.37982,0.02913,0.11986
7963.3044,1,0.37956,0.02902,0.11986,0.37974,0.02910,0.11986
7963.3373,1,0.37846,0.02884,0.12011,0.37936,0.02902,0.11993
7963.3685,1,0.37957,0.02911,0.11995,0.37942,0.02905,0.11994
7963.4013,1,0.37929,0.02852,0.12000,0.37938,0.02889,0.11996
7963.4324,1,0.38053,0.02865,0.11992,0.37973,0.02882,0.11995
7963.4642,1,0.37982,0.02815,0.12014,0.37975,0.02862,0.12000
7963.5046,1,0.37986,0.02787,0.12016,0.37979,0.02839,0.12005
7963.5377,1,0.37931,0.02786,0.12011,0.37964,0.02823,0.12007
7963.5691,1,0.38003,0.02758,0.11991,0.37976,0.02804,0.12002
7963.6001,1,0.37988,0.02807,0.11987,0.37980,0.02805,0.11998
7963.6396,1,0.37875,0.02812,0.11998,0.37948,0.02807,0.11998
7963.6701,1,0.37888,0.02830,0.12013,0.37930,0.02814,0.12002
7963.7011,1,0.37773,0.02801,0.12037,0.37883,0.02810,0.12013
7963.7327,1,0.37797,0.02800,0.12043,0.37857,0.02807,0.12022
7963.7647,1,0.37884,0.02853,0.12019,0.37865,0.02821,0.12021
7963.8108,1,0.37846,0.02836,0.12033,0.37859,0.02825,0.12025
7963.8417,1,0.37776,0.02820,0.12050,0.37834,0.02824,0.12032
7963.8744,1,0.37726,0.02844,0.12045,0.37802,0.02830,0.12036
7963.9050,1,0.37798,0.02802,0.12029,0.37801,0.02822,0.12034
7963.9366,1,0.37768,0.02828,0.12040,0.37791,0.02824,0.12036
7963.9696,1,0.37760,0.02786,0.12037,0.37782,0.02812,0.12036
7964.0007,1,0.37811,0.02824,0.12033,0.37791,0.02816,0.12035
7964.0326,1,0.37822,0.02802,0.12018,0.37800,0.02812,0.12030
7964.0641,1,0.37775,0.02732,0.12038,0.37793,0.02788,0.12033
7964.0959,1,0.37855,0.02819,0.12011,0.37811,0.02797,0.12026
7964.1295,1,0.37753,0.02703,0.12009,0.37794,0.02769,0.12021
7964.1646,1,0.37772,0.02771,0.12008,0.37787,0.02770,0.12017
7964.1992,1,0.37871,0.02730,0.11982,0.37812,0.02758,0.12007
7964.2308,1,0.37893,0.02712,0.11992,0.37836,0.02744,0.12002
7964.2631,1,0.37877,0.02683,0.11989,0.37849,0.02726,0.11998
7964.2960,1,0.37909,0.02764,0.11974,0.37867,0.02737,0.11991
7964.3374,1,0.37810,0.02740,0.12009,0.37850,0.02738,0.11996
7964.3693,1,0.37869,0.02815,0.12012,0.37856,0.02761,0.12001
7964.4003,1,0.37791,0.02785,0.12017,0.37836,0.02768,0.12006
7964.4413,1,0.37852,0.02845,0.12000,0.37841,0.02791,0.12004
7964.4721,1,0.37854,0.02825,0.11999,0.37845,0.02801,0.12003
7964.5041,1,0.37875,0.02818,0.11995,0.37854,0.02806,0.12000
7964.5379,1,0.37822,0.02844,0.12004,0.37844,0.02818,0.12001
7964.5723,1,0.37825,0.02822,0.12010,0.37839,0.02819,0.12004
7964.6045,1,0.37799,0.02896,0.12024,0.37827,0.02842,0.12010
7964.6356,1,0.37860,0.02923,0.12027,0.37837,0.02866,0.12015
7964.6670,1,0.37939,0.02987,0.12002,0.37867,0.02903,0.12011
7964.6980,1,0.37858,0.02955,0.12008,0.37864,0.02918,0.12010
7964.7302,1,0.37943,0.02983,0.11991,0.37888,0.02938,0.12005
7964.7629,1,0.37846,0.02923,0.11996,0.37875,0.02933,0.12002
7964.8068,1,0.37777,0.02961,0.12012,0.37846,0.02941,0.12005
7964.8375,1,0.37704,0.02967,0.12039,0.37803,0.02949,0.12015
7964.8694,1,0.37711,0.03006,0.12041,0.37776,0.02966,0.12023
7964.9009,1,0.37781,0.03011,0.12045,0.37777,0.02980,0.12030
7964.9319,1,0.37613,0.02872,0.12125,0.37728,0.02947,0.12058
7964.9635,1,0.37609,0.02981,0.12144,0.37692,0.02958,0.12084
7964.9961,1,0.37595,0.03064,0.12251,0.37663,0.02989,0.12134
7965.0297,1,0.37329,0.02972,0.12550,0.37563,0.02984,0.12259
7965.0704,1,0.37200,0.03091,0.12863,0.37454,0.03016,0.12440
7965.1035,1,0.36983,0.03058,0.13293,0.37313,0.03029,0.12696
7965.1357,1,0.37031,0.03082,0.13812,0.37228,0.03045,0.13031
7965.1661,1,0.37254,0.03099,0.14305,0.37236,0.03061,0.13413
7965.2002,1,0.37226,0.03118,0.14859,0.37233,0.03078,0.13847
7965.2355,1,0.37059,0.03003,0.15404,0.37181,0.03056,0.14314
7965.2660,1,0.36655,0.02823,0.15963,0.37023,0.02986,0.14809
7965.3014,1,0.36546,0.02637,0.16471,0.36880,0.02881,0.15307
7965.3368,1,0.36013,0.02382,0.17087,0.36620,0.02732,0.15841
7965.3672,1,0.35806,0.02193,0.17663,0.36376,0.02570,0.16388
7965.3995,1,0.35417,0.01993,0.18244,0.36088,0.02397,0.16945
7965.4318,1,0.35358,0.02049,0.18691,0.35869,0.02292,0.17469
7965.4628,1,0.35251,0.02355,0.19001,0.35684,0.02311,0.17928
7965.5009,1,0.35444,0.02850,0.18963,0.35612,0.02473,0.18239
7965.5388,1,0.35755,0.03651,0.18836,0.35655,0.02826,0.18418
7965.5701,1,0.36060,0.04559,0.18691,0.35776,0.03346,0.18500
7965.6023,1,0.36307,0.05334,0.18656,0.35936,0.03942,0.18547
7965.6350,1,0.36576,0.05930,0.18809,0.36128,0.04539,0.18625
7965.6673,1,0.36598,0.06499,0.18994,0.36269,0.05127,0.18736
7965.7012,1,0.36921,0.06945,0.19046,0.36464,0.05672,0.18829
7965.7371,1,0.36950,0.07390,0.19083,0.36610,0.06188,0.18905
7965.7694,1,0.36942,0.08031,0.19094,0.36710,0.06740,0.18962
7965.8087,1,0.37027,0.08830,0.19015,0.36805,0.07367,0.18978
7965.8392,1,0.37428,0.09394,0.18978,0.36992,0.07975,0.18978
7965.8719,1,0.37695,0.10079,0.18921,0.37203,0.08606,0.18961
7965.9047,1,0.38279,0.10863,0.18924,0.37526,0.09283,0.18950
7965.9380,1,0.38407,0.11356,0.18978,0.37790,0.09905,0.18958
7965.9688,1,0.39374,0.11985,0.18819,0.38265,0.10529,0.18917
7966.0019,1,0.39335,0.12648,0.18886,0.38586,0.11165,0.18907
7966.0350,1,0.39530,0.13411,0.18911,0.38869,0.11839,0.18908
7966.0679,1,0.39820,0.13967,0.18859,0.39155,0.12477,0.18894
7966.1002,1,0.40000,0.14459,0.18773,0.39408,0.13072,0.18857
7966.1328,1,0.40000,0.14878,0.18685,0.39586,0.13614,0.18806
7966.1648,1,0.40000,0.15175,0.18570,0.39710,0.14082,0.18735
7966.1968,1,0.40000,0.15418,0.18531,0.39797,0.14483,0.18674
7966.2289,1,0.39869,0.15557,0.18502,0.39818,0.14805,0.18622
7966.2641,1,0.39816,0.15681,0.18484,0.39818,0.15068,0.18581
7966.2975,1,0.39654,0.15673,0.18547,0.39769,0.15250,0.18571
7966.3299,1,0.39416,0.15635,0.18611,0.39663,0.15365,0.18583
7966.3664,1,0.39448,0.15506,0.18643,0.39598,0.15407,0.18601
7966.4050,1,0.39400,0.15397,0.18641,0.39539,0.15404,0.18613
7966.4389,1,0.39541,0.15300,0.18578,0.39540,0.15373,0.18602
7966.4695,1,0.39315,0.15258,0.18605,0.39472,0.15339,0.18603
7966.5017,1,0.39453,0.15341,0.18588,0.39466,0.15339,0.18599
7966.5332,1,0.39651,0.15401,0.18556,0.39522,0.15358,0.18586
7966.5653,1,0.39870,0.15579,0.18500,0.39626,0.15424,0.18560
7966.5960,1,0.39756,0.15720,0.18489,0.39665,0.15513,0.18539
7966.6300,1,0.39752,0.15757,0.18493,0.39691,0.15586,0.18525
7966.6637,1,0.39806,0.15862,0.18449,0.39726,0.15669,0.18502
7966.6978,1,0.39796,0.15876,0.18472,0.39747,0.15731,0.18493
7966.7311,1,0.39753,0.15939,0.18475,0.39749,0.15794,0.18488
7966.7635,1,0.39802,0.15921,0.18497,0.39765,0.15832,0.18491
7966.8076,1,0.39762,0.15903,0.18523,0.39764,0.15853,0.18500
7966.8405,1,0.39599,0.15828,0.18579,0.39715,0.15846,0.18524
7966.8782,1,0.39713,0.15780,0.18569,0.39714,0.15826,0.18537
7966.9137,1,0.39624,0.15749,0.18555,0.39687,0.15803,0.18543
7966.9508,1,0.39448,0.15710,0.18571,0.39615,0.15775,0.18551
7966.9814,1,0.39776,0.15805,0.18515,0.39663,0.15784,0.18540
7967.0149,1,0.39760,0.15846,0.18508,0.39692,0.15802,0.18531
7967.0513,1,0.39759,0.15951,0.18501,0.39712,0.15847,0.18522
7967.0832,1,0.39625,0.16006,0.18557,0.39686,0.15895,0.18532
7967.1153,1,0.39513,0.16055,0.18573,0.39634,0.15943,0.18544
7967.1463,1,0.39541,0.16073,0.18559,0.39606,0.15982,0.18549
7967.1793,1,0.39728,0.16049,0.18504,0.39643,0.16002,0.18535
7967.2134,1,0.39630,0.15917,0.18510,0.39639,0.15977,0.18528
7967.2480,1,0.39868,0.15896,0.18456,0.39708,0.15952,0.18506
7967.2911,1,0.39755,0.15874,0.18451,0.39722,0.15929,0.18490
7967.3227,1,0.39771,0.15831,0.18461,0.39737,0.15899,0.18481
7967.3549,1,0.39667,0.15803,0.18490,0.39716,0.15871,0.18483
7967.3861,1,0.39728,0.15767,0.18500,0.39719,0.15840,0.18489
7967.4181,1,0.39718,0.15760,0.18512,0.39719,0.15816,0.18496
7967.4513,1,0.39763,0.15761,0.18512,0.39732,0.15799,0.18500
7967.4825,1,0.39698,0.15751,0.18509,0.39722,0.15785,0.18503
7967.5137,1,0.39517,0.15724,0.18505,0.39661,0.15766,0.18503
7967.5478,1,0.39648,0.15688,0.18461,0.39657,0.15743,0.18491
7967.5805,1,0.39561,0.15690,0.18450,0.39628,0.15727,0.18479
7967.6134,1,0.39466,0.15641,0.18494,0.39579,0.15701,0.18483
7967.6486,1,0.39690,0.15799,0.18454,0.39613,0.15731,0.18475
7967.6795,1,0.39759,0.15760,0.18468,0.39656,0.15739,0.18473
7967.7136,1,0.39821,0.15785,0.18473,0.39706,0.15753,0.18473
7967.7455,1,0.39787,0.15769,0.18478,0.39730,0.15758,0.18474
7967.7808,1,0.39706,0.15755,0.18472,0.39723,0.15757,0.18474
7967.8249,1,0.39582,0.15745,0.18475,0.39681,0.15754,0.18474
7967.8574,1,0.39505,0.15693,0.18455,0.39628,0.15736,0.18468
7967.8931,1,0.39772,0.15636,0.18405,0.39671,0.15706,0.18450
7967.9361,1,0.39800,0.15603,0.18401,0.39710,0.15675,0.18435
7967.9666,1,0.39718,0.15567,0.18446,0.39712,0.15642,0.18438
7968.0056,1,0.39821,0.15575,0.18416,0.39745,0.15622,0.18431
7968.0372,1,0.39729,0.15565,0.18438,0.39740,0.15605,0.18433
7968.0695,1,0.39800,0.15576,0.18401,0.39758,0.15596,0.18424
7968.1006,1,0.39798,0.15497,0.18392,0.39770,0.15567,0.18414
7968.1353,1,0.39778,0.15478,0.18410,0.39772,0.15540,0.18413
7968.1665,1,0.39858,0.15508,0.18401,0.39798,0.15530,0.18409
7968.1981,1,0.39821,0.15511,0.18405,0.39805,0.15525,0.18408
7968.2369,1,0.39854,0.15485,0.18405,0.39820,0.15513,0.18407
7968.2695,1,0.39912,0.15469,0.18403,0.39847,0.15500,0.18406
7968.3090,1,0.39913,0.15477,0.18392,0.39867,0.15493,0.18402
7968.3402,1,0.39916,0.15397,0.18386,0.39882,0.15464,0.18397
7968.3782,1,0.39928,0.15404,0.18364,0.39896,0.15446,0.18387
7968.4090,1,0.39922,0.15400,0.18348,0.39904,0.15432,0.18375
7968.4403,1,0.39926,0.15379,0.18350,0.39910,0.15416,0.18368
7968.4712,1,0.40000,0.15332,0.18336,0.39937,0.15391,0.18358
7968.5025,1,0.39961,0.15300,0.18353,0.39945,0.15363,0.18357
7968.5335,1,0.39970,0.15319,0.18354,0.39952,0.15350,0.18356
7968.5656,1,0.39996,0.15321,0.18352,0.39965,0.15341,0.18355
7968.5967,1,0.40000,0.15329,0.18352,0.39976,0.15338,0.18354
7968.6289,1,0.39904,0.15258,0.18371,0.39954,0.15314,0.18359
7968.6674,1,0.39836,0.15229,0.18376,0.39919,0.15288,0.18364
7968.7024,1,0.39806,0.15220,0.18374,0.39885,0.15268,0.18367
7968.7348,1,0.39865,0.15205,0.18373,0.39879,0.15249,0.18369
7968.7675,1,0.39944,0.15217,0.18346,0.39899,0.15239,0.18362
7968.8026,1,0.39977,0.15199,0.18340,0.39922,0.15227,0.18355
7968.8476,1,0.39965,0.15233,0.18359,0.39935,0.15229,0.18357
7968.8790,1,0.39873,0.15245,0.18380,0.39917,0.15234,0.18364
7968.9141,1,0.39855,0.15248,0.18395,0.39898,0.15238,0.18373
7968.9496,1,0.39857,0.15243,0.18389,0.39886,0.15239,0.18378
7968.9830,1,0.39894,0.15271,0.18369,0.39888,0.15249,0.18375
7969.0257,1,0.40000,0.15320,0.18316,0.39922,0.15270,0.18357
7969.0583,1,0.40000,0.15322,0.18311,0.39945,0.15286,0.18344
7969.0893,1,0.40000,0.15313,0.18332,0.39962,0.15294,0.18340
7969.1212,1,0.39951,0.15336,0.18337,0.39959,0.15307,0.18339
7969.1519,1,0.39982,0.15335,0.18338,0.39966,0.15315,0.18339
7969.1848,1,0.39860,0.15340,0.18369,0.39934,0.15323,0.18348
7969.2211,1,0.39703,0.15326,0.18390,0.39865,0.15324,0.18360
7969.2534,1,0.39777,0.15386,0.18366,0.39838,0.15342,0.18362
7969.2857,1,0.39802,0.15379,0.18359,0.39827,0.15353,0.18361
7969.3194,1,0.39769,0.15356,0.18362,0.39810,0.15354,0.18361
7969.3520,1,0.39856,0.15367,0.18345,0.39824,0.15358,0.18356
7969.3849,1,0.39760,0.15363,0.18351,0.39805,0.15359,0.18355
7969.4181,1,0.39705,0.15388,0.18361,0.39775,0.15368,0.18357
7969.4506,1,0.39740,0.15358,0.18365,0.39764,0.15365,0.18359
7969.4833,1,0.39769,0.15410,0.18345,0.39766,0.15379,0.18355
7969.5211,1,0.39814,0.15394,0.18345,0.39780,0.15383,0.18352
7969.5525,1,0.39862,0.15391,0.18325,0.39805,0.15386,0.18344
7969.5828,1,0.39775,0.15359,0.18339,0.39796,0.15378,0.18343
7969.6134,1,0.39844,0.15361,0.18333,0.39810,0.15373,0.18340
7969.6460,1,0.39826,0.15371,0.18322,0.39815,0.15372,0.18334
7969.6789,1,0.39810,0.15367,0.18338,0.39813,0.15371,0.18335
7969.7131,1,0.39738,0.15386,0.18353,0.39791,0.15375,0.18341
7969.7463,1,0.39707,0.15376,0.18371,0.39766,0.15375,0.18350
7969.7792,1,0.39746,0.15448,0.18357,0.39760,0.15397,0.18352
7969.8122,1,0.39692,0.15397,0.18371,0.39739,0.15397,0.18358
7969.8590,1,0.39757,0.15429,0.18367,0.39745,0.15406,0.18360
7969.8916,1,0.39714,0.15444,0.18360,0.39736,0.15418,0.18360
7969.9225,1,0.39732,0.15408,0.18365,0.39734,0.15415,0.18362
7969.9536,1,0.39793,0.15406,0.18360,0.39752,0.15412,0.18361
7969.9853,1,0.39637,0.15417,0.18374,0.39717,0.15413,0.18365
7970.0165,1,0.39679,0.15385,0.18384,0.39706,0.15405,0.18371
7970.0533,1,0.39763,0.15392,0.18358,0.39723,0.15401,0.18367
7970.0847,1,0.39604,0.15374,0.18387,0.39687,0.15393,0.18373
7970.1174,1,0.39792,0.15388,0.18355,0.39719,0.15391,0.18368
7970.1503,1,0.39779,0.15420,0.18327,0.39737,0.15400,0.18355
7970.1817,1,0.39747,0.15396,0.18354,0.39740,0.15399,0.18355
7970.2131,1,0.39671,0.15407,0.18372,0.39719,0.15401,0.18360
7970.2467,1,0.39804,0.15408,0.18337,0.39745,0.15403,0.18353
7970.2800,1,0.39713,0.15354,0.18372,0.39735,0.15389,0.18359
7970.3132,1,0.39860,0.15270,0.18345,0.39772,0.15353,0.18355
7970.3479,1,0.39707,0.15089,0.18379,0.39753,0.15274,0.18362
7970.3793,1,0.39742,0.14847,0.18388,0.39750,0.15146,0.18370
7970.4132,1,0.39944,0.14547,0.18299,0.39808,0.14966,0.18349
7970.4483,1,0.40000,0.14002,0.18166,0.39866,0.14677,0.18294
7970.4790,1,0.40000,0.13496,0.18077,0.39906,0.14323,0.18229
7970.5136,1,0.40000,0.12756,0.18012,0.39934,0.13853,0.18164
7970.5478,1,0.40000,0.11926,0.17941,0.39954,0.13275,0.18097
7970.5810,1,0.40000,0.11097,0.17895,0.39968,0.12621,0.18036
7970.6148,1,0.40000,0.10206,0.17699,0.39977,0.11897,0.17935
7970.6538,1,0.40000,0.09240,0.17500,0.39984,0.11100,0.17805
7970.6848,1,0.40000,0.08214,0.17387,0.39989,0.10234,0.17679
7970.7163,1,0.40000,0.07063,0.17255,0.39992,0.09283,0.17552
7970.7547,1,0.40000,0.05921,0.17028,0.39995,0.08274,0.17395
7970.7894,1,0.40000,0.04766,0.16820,0.39996,0.07222,0.17223
7970.8213,1,0.40000,0.03633,0.16584,0.39997,0.06145,0.17031
7970.8551,1,0.40000,0.02495,0.16220,0.39998,0.05050,0.16788
7970.8965,1,0.40000,0.01259,0.16007,0.39999,0.03913,0.16554
7970.9313,1,0.40000,0.00269,0.15676,0.39999,0.02820,0.16290
7970.9664,1,0.40000,-0.00736,0.15284,0.39999,0.01753,0.15989
7971.0037,1,0.40000,-0.01468,0.15011,0.40000,0.00787,0.15695
7971.0364,1,0.40000,-0.02157,0.14560,0.40000,-0.00097,0.15355
7971.0678,1,0.40000,-0.02977,0.14214,0.40000,-0.00961,0.15013
7971.0993,1,0.40000,-0.03266,0.14015,0.40000,-0.01652,0.14713
7971.1319,1,0.40000,-0.03821,0.13802,0.40000,-0.02303,0.14440
7971.1621,1,0.40000,-0.04109,0.13308,0.40000,-0.02845,0.14100
7971.1979,1,0.40000,-0.04270,0.13179,0.40000,-0.03272,0.13824
7971.2294,1,0.40000,-0.04070,0.13062,0.40000,-0.03511,0.13595
7971.2646,1,0.40000,-0.04048,0.13011,0.40000,-0.03672,0.13420
7971.2964,1,0.40000,-0.03956,0.12988,0.40000,-0.03757,0.13290
7971.3319,1,0.40000,-0.03878,0.12979,0.40000,-0.03794,0.13197
7971.3660,1,0.40000,-0.03836,0.12982,0.40000,-0.03806,0.13132
7971.3978,1,0.40000,-0.03799,0.13029,0.40000,-0.03804,0.13101
7971.4298,1,0.40000,-0.03853,0.13089,0.40000,-0.03819,0.13098
7971.4627,1,0.40000,-0.03764,0.13194,0.40000,-0.03802,0.13127
7971.5000,1,0.40000,-0.03770,0.13241,0.40000,-0.03793,0.13161
7971.5359,1,0.40000,-0.03623,0.13332,0.40000,-0.03742,0.13212
7971.5718,1,0.40000,-0.03687,0.13351,0.40000,-0.03725,0.13254
7971.6031,1,0.40000,-0.03617,0.13382,0.40000,-0.03693,0.13292
7971.6387,1,0.40000,-0.03806,0.13398,0.40000,-0.03727,0.13324
7971.6703,1,0.40000,-0.03753,0.13401,0.40000,-0.03735,0.13347
7971.7025,1,0.40000,-0.03885,0.13357,0.40000,-0.03780,0.13350
7971.7350,1,0.40000,-0.03910,0.13315,0.40000,-0.03819,0.13340
7971.7667,1,0.40000,-0.03908,0.13254,0.40000,-0.03846,0.13314
7971.7981,1,0.40000,-0.03962,0.13230,0.40000,-0.03881,0.13289
7971.8295,1,0.40000,-0.03779,0.13188,0.40000,-0.03850,0.13259
7971.8766,1,0.40000,-0.03796,0.13178,0.40000,-0.03834,0.13235
7971.9104,1,0.40000,-0.03759,0.13143,0.40000,-0.03811,0.13207
7971.9414,1,0.40000,-0.03732,0.13161,0.40000,-0.03787,0.13193
7971.9735,1,0.40000,-0.03689,0.13170,0.40000,-0.03758,0.13186
7972.0135,1,0.40000,-0.03750,0.13177,0.40000,-0.03756,0.13183
7972.0445,1,0.40000,-0.03690,0.13183,0.40000,-0.03736,0.13183
7972.0760,1,0.40000,-0.03745,0.13204,0.40000,-0.03739,0.13189
7972.1073,1,0.40000,-0.03833,0.13192,0.40000,-0.03767,0.13190
7972.1409,1,0.40000,-0.03875,0.13187,0.40000,-0.03800,0.13189
7972.1733,1,0.40000,-0.03904,0.13165,0.40000,-0.03831,0.13182
7972.2110,1,0.40000,-0.03907,0.13193,0.40000,-0.03854,0.13185
7972.2481,1,0.40000,-0.03962,0.13191,0.40000,-0.03886,0.13187
7972.2794,1,0.40000,-0.03935,0.13167,0.40000,-0.03901,0.13181
7972.3127,1,0.40000,-0.03959,0.13169,0.40000,-0.03918,0.13177
7972.3490,1,0.40000,-0.03969,0.13156,0.40000,-0.03933,0.13171
7972.3805,1,0.40000,-0.03933,0.13168,0.40000,-0.03933,0.13170
7972.4126,1,0.40000,-0.03859,0.13160,0.40000,-0.03911,0.13167
7972.4556,1,0.40000,-0.03896,0.13182,0.40000,-0.03907,0.13172
7972.4888,1,0.40000,-0.03795,0.13167,0.40000,-0.03873,0.13170
7972.5305,1,0.40000,-0.03867,0.13196,0.40000,-0.03871,0.13178
7972.5630,1,0.40000,-0.03752,0.13197,0.40000,-0.03835,0.13184
7972.5974,1,0.40000,-0.03851,0.13189,0.40000,-0.03840,0.13185
7972.6290,1,0.40000,-0.03730,0.13206,0.40000,-0.03807,0.13191
7972.6641,1,0.40000,-0.03894,0.13191,0.40000,-0.03833,0.13191
7972.6967,1,0.40000,-0.03768,0.13221,0.40000,-0.03813,0.13200
7972.7316,1,0.40000,-0.03830,0.13228,0.40000,-0.03818,0.13209
7972.7625,1,0.40000,-0.03600,0.13285,0.40000,-0.03753,0.13232
7972.7960,1,0.40000,-0.03280,0.13425,0.40000,-0.03611,0.13290
7972.8296,1,0.40000,-0.02793,0.13698,0.40000,-0.03366,0.13412
7972.8633,1,0.40000,-0.01974,0.14038,0.40000,-0.02948,0.13600
7972.9070,1,0.39873,-0.01086,0.14458,0.39962,-0.02390,0.13857
7972.9434,1,0.38570,0.00127,0.15124,0.39544,-0.01635,0.14237
7972.9768,1,0.38176,0.01438,0.15617,0.39134,-0.00713,0.14651
7973.0089,1,0.37517,0.02981,0.16067,0.38649,0.00395,0.15076
7973.0431,1,0.36235,0.06484,0.16566,0.37925,0.02222,0.15523
7973.0753,1,0.35215,0.08311,0.16668,0.37112,0.04049,0.15867
7973.1075,1,0.34520,0.10076,0.16467,0.36334,0.05857,0.16047
7973.1462,1,0.33247,0.11892,0.16074,0.35408,0.07668,0.16055
7973.1788,1,0.31896,0.13574,0.15599,0.34354,0.09440,0.15918
7973.2135,1,0.30286,0.15191,0.15172,0.33134,0.11165,0.15694
7973.2473,1,0.29176,0.16337,0.14604,0.31946,0.12717,0.15367
7973.2807,1,0.28212,0.17533,0.14065,0.30826,0.14162,0.14977
7973.3141,1,0.26445,0.18334,0.13697,0.29512,0.15413,0.14593
7973.3474,1,0.24882,0.19215,0.13378,0.28123,0.16554,0.14228
7973.3846,1,0.23222,0.20010,0.13106,0.26653,0.17591,0.13892
7973.4153,1,0.21888,0.20553,0.12975,0.25223,0.18479,0.13617
7973.4565,1,0.20538,0.21194,0.12913,0.23817,0.19294,0.13406
7973.4910,1,0.19317,0.21780,0.12980,0.22467,0.20040,0.13278
7973.5236,1,0.17954,0.22397,0.13182,0.21114,0.20747,0.13249
7973.5548,1,0.16729,0.22858,0.13489,0.19798,0.21380,0.13321
7973.5865,1,0.15923,0.23214,0.13731,0.18636,0.21930,0.13444
7973.6204,1,0.15301,0.23305,0.13776,0.17635,0.22343,0.13543
7973.6527,1,0.14623,0.23059,0.13783,0.16731,0.22558,0.13615
7973.6866,1,0.14064,0.22652,0.13783,0.15931,0.22586,0.13666
7973.7179,1,0.13528,0.22082,0.13883,0.15210,0.22435,0.13731
7973.7500,1,0.13353,0.21489,0.14031,0.14653,0.22151,0.13821
7973.7836,1,0.12911,0.20918,0.14333,0.14130,0.21781,0.13974
7973.8158,1,0.12705,0.20463,0.14584,0.13703,0.21386,0.14157
7973.8476,1,0.12486,0.20013,0.14866,0.13338,0.20974,0.14370
7973.8808,1,0.12427,0.19572,0.15183,0.13065,0.20553,0.14614
7973.9257,1,0.12202,0.19299,0.15515,0.12806,0.20177,0.14884
7973.9580,1,0.11938,0.19185,0.15775,0.12545,0.19879,0.15152
7973.9954,1,0.11684,0.19081,0.15979,0.12287,0.19640,0.15400
7974.0315,1,0.11543,0.19070,0.16114,0.12064,0.19469,0.15614
7974.0666,1,0.11270,0.19072,0.16184,0.11826,0.19350,0.15785
7974.0978,1,0.10937,0.19048,0.16259,0.11559,0.19259,0.15927
7974.1281,1,0.10633,0.19107,0.16274,0.11281,0.19213,0.16031
7974.1595,1,0.10273,0.19221,0.16210,0.10979,0.19216,0.16085
7974.1945,1,0.09976,0.19375,0.16124,0.10678,0.19263,0.16097
7974.2291,1,0.09614,0.19756,0.15874,0.10359,0.19411,0.16030
7974.2685,1,0.09234,0.20030,0.15700,0.10021,0.19597,0.15931
7974.2990,1,0.08949,0.20245,0.15588,0.09700,0.19791,0.15828
7974.3314,1,0.08741,0.20416,0.15440,0.09412,0.19979,0.15712
7974.3644,1,0.08648,0.20474,0.15315,0.09183,0.20127,0.15593
7974.4006,1,0.08603,0.20490,0.15186,0.09009,0.20236,0.15471
7974.4327,1,0.08540,0.20500,0.15074,0.08868,0.20315,0.15352
7974.4692,1,0.08454,0.20503,0.15005,0.08744,0.20372,0.15248
7974.5013,1,0.08265,0.20493,0.15001,0.08600,0.20408,0.15174
7974.5329,1,0.08137,0.20416,0.15000,0.08461,0.20410,0.15122
7974.5698,1,0.07895,0.20321,0.15021,0.08292,0.20383,0.15091
7974.6021,1,0.07655,0.20179,0.15054,0.08101,0.20322,0.15080
7974.6338,1,0.07621,0.19987,0.15090,0.07957,0.20222,0.15083
7974.6654,1,0.07504,0.19876,0.15109,0.07821,0.20118,0.15091
7974.6966,1,0.07380,0.19750,0.15139,0.07689,0.20008,0.15105
7974.7306,1,0.07459,0.19591,0.15199,0.07620,0.19883,0.15133
7974.7615,1,0.07476,0.19468,0.15231,0.07576,0.19758,0.15163
7974.7927,1,0.07496,0.19399,0.15212,0.07552,0.19650,0.15177
7974.8285,1,0.07461,0.19415,0.15123,0.07525,0.19580,0.15161
7974.8605,1,0.07473,0.19398,0.15047,0.07509,0.19525,0.15127
7974.8940,1,0.07380,0.19382,0.15026,0.07471,0.19482,0.15097
7974.9313,1,0.07390,0.19361,0.14983,0.07446,0.19446,0.15063
7974.9647,1,0.07386,0.19355,0.14945,0.07428,0.19419,0.15027
7974.9955,1,0.07439,0.19359,0.14924,0.07432,0.19401,0.14996
7975.0298,1,0.07368,0.19396,0.14915,0.07413,0.19399,0.14972
7975.0624,1,0.07286,0.19462,0.14898,0.07375,0.19418,0.14950
7975.0994,1,0.07341,0.19528,0.14889,0.07365,0.19451,0.14931
7975.1308,1,0.07348,0.19592,0.14869,0.07360,0.19493,0.14913
7975.1633,1,0.07329,0.19681,0.14829,0.07350,0.19550,0.14888
7975.1974,1,0.07232,0.19743,0.14818,0.07315,0.19608,0.14867
7975.2318,1,0.07184,0.19822,0.14799,0.07275,0.19672,0.14846
7975.2637,1,0.07169,0.19849,0.14774,0.07243,0.19725,0.14825
7975.2988,1,0.07089,0.19920,0.14764,0.07197,0.19784,0.14807
7975.3294,1,0.07159,0.19904,0.14727,0.07186,0.19820,0.14783
7975.3634,1,0.07100,0.19924,0.14692,0.07160,0.19851,0.14756
7975.3957,1,0.07072,0.19912,0.14690,0.07134,0.19869,0.14736
7975.4307,1,0.07021,0.19924,0.14666,0.07100,0.19886,0.14715
7975.4665,1,0.06984,0.19951,0.14615,0.07065,0.19905,0.14685
7975.4974,1,0.07050,0.19934,0.14610,0.07060,0.19914,0.14663
7975.5305,1,0.07109,0.19943,0.14563,0.07075,0.19923,0.14633
7975.5715,1,0.07197,0.19936,0.14533,0.07111,0.19927,0.14603
7975.6071,1,0.07171,0.19948,0.14475,0.07129,0.19933,0.14564
7975.6386,1,0.07181,0.19965,0.14456,0.07145,0.19943,0.14532
7975.6699,1,0.07218,0.19965,0.14439,0.07167,0.19950,0.14504
7975.7027,1,0.07273,0.19966,0.14417,0.07199,0.19955,0.14478
7975.7363,1,0.07235,0.19962,0.14423,0.07210,0.19957,0.14462
7975.7748,1,0.07197,0.19968,0.14447,0.07206,0.19960,0.14457
7975.8098,1,0.07134,0.19983,0.14463,0.07184,0.19967,0.14459
7975.8416,1,0.07085,0.20008,0.14500,0.07154,0.19979,0.14471
7975.8729,1,0.07167,0.19997,0.14503,0.07158,0.19985,0.14481
7975.9063,1,0.07162,0.19968,0.14534,0.07159,0.19980,0.14497
7975.9399,1,0.07214,0.19966,0.14510,0.07176,0.19975,0.14501
7975.9729,1,0.07184,0.19978,0.14493,0.07178,0.19976,0.14499
7976.0067,1,0.07059,0.20018,0.14489,0.07142,0.19989,0.14496
7976.0380,1,0.07125,0.20024,0.14488,0.07137,0.20000,0.14493
7976.0696,1,0.07147,0.19998,0.14472,0.07140,0.19999,0.14487
7976.1058,1,0.07122,0.20020,0.14455,0.07135,0.20005,0.14477
7976.1373,1,0.07133,0.20030,0.14437,0.07134,0.20013,0.14465
7976.1698,1,0.07193,0.20015,0.14449,0.07152,0.20013,0.14460
7976.2023,1,0.07178,0.20009,0.14451,0.07160,0.20012,0.14458
7976.2343,1,0.07201,0.20006,0.14462,0.07172,0.20010,0.14459
7976.2669,1,0.07135,0.20026,0.14449,0.07161,0.20015,0.14456
7976.3054,1,0.07104,0.20036,0.14450,0.07144,0.20021,0.14454
7976.3372,1,0.07052,0.20035,0.14465,0.07117,0.20026,0.14457
7976.3689,1,0.07130,0.20039,0.14442,0.07121,0.20029,0.14453
7976.4007,1,0.07083,0.20051,0.14432,0.07109,0.20036,0.14447
7976.4330,1,0.07138,0.20047,0.14437,0.07118,0.20039,0.14444
7976.4652,1,0.07109,0.20057,0.14402,0.07115,0.20045,0.14431
7976.4960,1,0.07123,0.20066,0.14417,0.07118,0.20051,0.14427
7976.5305,1,0.07144,0.20039,0.14427,0.07125,0.20048,0.14427
7976.5639,1,0.07225,0.20026,0.14416,0.07155,0.20041,0.14424
7976.5977,1,0.07160,0.20040,0.14444,0.07157,0.20041,0.14430
7976.6297,1,0.07149,0.20057,0.14418,0.07154,0.20046,0.14426
7976.6624,1,0.07122,0.20039,0.14445,0.07145,0.20044,0.14432
7976.6987,1,0.07126,0.20035,0.14448,0.07139,0.20041,0.14437
7976.7289,1,0.07099,0.20036,0.14466,0.07127,0.20040,0.14446
7976.7702,1,0.07084,0.20056,0.14445,0.07114,0.20045,0.14445
7976.8009,1,0.07125,0.20052,0.14438,0.07117,0.20047,0.14443
7976.8331,1,0.07125,0.20043,0.14446,0.07120,0.20045,0.14444
7976.8640,1,0.07167,0.20059,0.14421,0.07134,0.20049,0.14437
7976.9000,1,0.07081,0.20087,0.14428,0.07118,0.20061,0.14434
7976.9416,1,0.07179,0.20055,0.14404,0.07136,0.20059,0.14425
7976.9738,1,0.07189,0.20071,0.14386,0.07152,0.20063,0.14414
7977.0129,1,0.07119,0.20096,0.14403,0.07142,0.20073,0.14410
7977.0446,1,0.07127,0.20074,0.14388,0.07138,0.20073,0.14404
7977.0812,1,0.07182,0.20064,0.14390,0.07151,0.20070,0.14400
7977.1117,1,0.07141,0.20060,0.14394,0.07148,0.20067,0.14398
7977.1529,1,0.07088,0.20071,0.14400,0.07130,0.20068,0.14399
7977.1877,1,0.07091,0.20076,0.14409,0.07118,0.20071,0.14402
7977.2195,1,0.07141,0.20053,0.14406,0.07125,0.20065,0.14403
7977.2501,1,0.07160,0.20046,0.14412,0.07136,0.20059,0.14406
7977.2896,1,0.07107,0.20055,0.14430,0.07127,0.20058,0.14413
7977.3211,1,0.07080,0.20060,0.14432,0.07113,0.20059,0.14419
7977.3538,1,0.07129,0.20044,0.14416,0.07118,0.20054,0.14418
7977.3857,1,0.07172,0.20047,0.14380,0.07134,0.20052,0.14406
7977.4224,1,0.07169,0.20041,0.14401,0.07145,0.20049,0.14405
7977.4547,1,0.07205,0.20045,0.14383,0.07163,0.20047,0.14398
7977.4900,1,0.07171,0.20049,0.14377,0.07165,0.20048,0.14392
7977.5221,1,0.07217,0.20038,0.14376,0.07181,0.20045,0.14387
7977.5540,1,0.07219,0.20025,0.14377,0.07192,0.20039,0.14384
7977.5856,1,0.07254,0.20020,0.14386,0.07211,0.20033,0.14385
7977.6187,1,0.07179,0.20021,0.14390,0.07201,0.20030,0.14387
7977.6519,1,0.07165,0.20039,0.14383,0.07190,0.20033,0.14385
7977.6862,1,0.07214,0.20029,0.14390,0.07198,0.20032,0.14387
7977.7264,1,0.07173,0.20031,0.14372,0.07190,0.20031,0.14383
7977.7577,1,0.07203,0.20019,0.14387,0.07194,0.20028,0.14384
7977.7892,1,0.07201,0.20010,0.14393,0.07196,0.20022,0.14386
7977.8213,1,0.07208,0.20002,0.14384,0.07200,0.20016,0.14386
7977.8592,1,0.07199,0.20012,0.14376,0.07199,0.20015,0.14383
7977.8911,1,0.07177,0.20017,0.14394,0.07193,0.20016,0.14386
7977.9239,1,0.07213,0.20009,0.14375,0.07199,0.20014,0.14383
7977.9603,1,0.07209,0.20004,0.14376,0.07202,0.20011,0.14381
7977.9960,1,0.07147,0.20020,0.14376,0.07185,0.20013,0.14379
7978.0301,1,0.07184,0.20024,0.14368,0.07185,0.20017,0.14376
7978.0688,1,0.07158,0.20030,0.14373,0.07177,0.20021,0.14375
7978.1005,1,0.07245,0.20002,0.14376,0.07197,0.20015,0.14375
7978.1330,1,0.07211,0.20016,0.14361,0.07201,0.20015,0.14371
7978.1660,1,0.07236,0.20004,0.14367,0.07212,0.20012,0.14370
7978.1987,1,0.07270,0.19984,0.14369,0.07229,0.20003,0.14370
7978.2417,1,0.07275,0.19991,0.14357,0.07243,0.20000,0.14366
7978.2722,1,0.07233,0.19992,0.14375,0.07240,0.19997,0.14369
7978.3043,1,0.07157,0.20014,0.14357,0.07215,0.20002,0.14365
7978.3371,1,0.07090,0.20032,0.14359,0.07178,0.20011,0.14363
7978.3691,1,0.07172,0.20022,0.14384,0.07176,0.20014,0.14369
7978.4018,1,0.07241,0.19997,0.14378,0.07195,0.20009,0.14372
7978.4337,1,0.07293,0.19973,0.14395,0.07225,0.19998,0.14379
7978.4647,1,0.07198,0.19989,0.14390,0.07217,0.19996,0.14382
7978.4964,1,0.07201,0.20002,0.14384,0.07212,0.19998,0.14383
7978.5333,1,0.07159,0.20016,0.14387,0.07196,0.20003,0.14384
7978.5689,1,0.07225,0.19993,0.14357,0.07205,0.20000,0.14376
7978.6007,1,0.07224,0.19993,0.14349,0.07211,0.19998,0.14368
7978.6383,1,0.07276,0.19992,0.14349,0.07230,0.19996,0.14362
7978.6697,1,0.07241,0.19988,0.14330,0.07234,0.19994,0.14353
7978.7025,1,0.07270,0.19996,0.14324,0.07244,0.19995,0.14344
7978.7340,1,0.07244,0.19992,0.14332,0.07244,0.19994,0.14340
7978.7669,1,0.07212,0.20027,0.14326,0.07235,0.20004,0.14336
7978.8009,1,0.07211,0.20029,0.14314,0.07228,0.20011,0.14329
7978.8384,1,0.07180,0.20051,0.14307,0.07213,0.20023,0.14323
7978.8696,1,0.07221,0.20050,0.14324,0.07216,0.20031,0.14323
7978.9001,1,0.07287,0.20057,0.14316,0.07237,0.20039,0.14321
7978.9310,1,0.07313,0.20059,0.14314,0.07260,0.20045,0.14319
7978.9765,1,0.07307,0.20092,0.14309,0.07274,0.20059,0.14316
7979.0106,1,0.07332,0.20106,0.14298,0.07291,0.20073,0.14310
7979.0415,1,0.07342,0.20140,0.14294,0.07306,0.20093,0.14306
7979.0754,1,0.07252,0.20204,0.14288,0.07290,0.20127,0.14300
7979.1120,1,0.07352,0.20233,0.14286,0.07309,0.20158,0.14296
7979.1472,1,0.07422,0.20249,0.14263,0.07343,0.20185,0.14286
7979.1806,1,0.07415,0.20293,0.14242,0.07364,0.20218,0.14273
7979.2190,1,0.07455,0.20298,0.14225,0.07392,0.20242,0.14259
7979.2511,1,0.07409,0.20309,0.14209,0.07397,0.20262,0.14244
7979.2834,1,0.07336,0.20307,0.14215,0.07379,0.20275,0.14235
7979.3161,1,0.07336,0.20308,0.14175,0.07366,0.20285,0.14217
7979.3520,1,0.07332,0.20287,0.14161,0.07356,0.20285,0.14200
7979.3884,1,0.07333,0.20227,0.14160,0.07349,0.20268,0.14188
7979.4197,1,0.07387,0.20136,0.14155,0.07360,0.20228,0.14178
7979.4558,1,0.07433,0.20003,0.14169,0.07382,0.20161,0.14175
7979.4906,1,0.07600,0.19843,0.14203,0.07448,0.20065,0.14184
7979.5212,1,0.07815,0.19659,0.14242,0.07558,0.19943,0.14201
7979.5545,1,0.08058,0.19429,0.14257,0.07708,0.19789,0.14218
7979.5868,1,0.08217,0.19227,0.14272,0.07861,0.19620,0.14234
7979.6258,1,0.08251,0.19048,0.14320,0.07978,0.19448,0.14260
7979.6589,1,0.08399,0.18704,0.14383,0.08104,0.19225,0.14297
7979.6932,1,0.08685,0.18281,0.14402,0.08278,0.18942,0.14328
7979.7243,1,0.08954,0.17859,0.14355,0.08481,0.18617,0.14336
7979.7559,1,0.09259,0.17423,0.14311,0.08714,0.18259,0.14329
7979.7886,1,0.09462,0.16916,0.14344,0.08939,0.17856,0.14333
7979.8221,1,0.09784,0.16269,0.14353,0.09192,0.17380,0.14339
7979.8559,1,0.10170,0.15672,0.14350,0.09486,0.16868,0.14342
7979.8895,1,0.10480,0.14968,0.14407,0.09784,0.16298,0.14362
7979.9260,1,0.10556,0.14276,0.14517,0.10016,0.15691,0.14408
7979.9640,1,0.10702,0.13542,0.14644,0.10222,0.15047,0.14479
7980.0187,1,0.10632,0.12892,0.14817,0.10345,0.14400,0.14580
7980.0519,1,0.10467,0.12386,0.14949,0.10381,0.13796,0.14691
7980.0818,1,0.10547,0.11880,0.15076,0.10431,0.13221,0.14807
7980.1154,1,0.10469,0.11376,0.15213,0.10442,0.12667,0.14928
7980.1480,1,0.10225,0.10600,0.15507,0.10377,0.12047,0.15102
7980.1787,1,0.09633,0.10164,0.15794,0.10154,0.11482,0.15310
7980.2124,1,0.09250,0.09696,0.16014,0.09883,0.10946,0.15521
7980.2506,1,0.09235,0.09421,0.16149,0.09688,0.10489,0.15709
7980.2846,1,0.09230,0.08875,0.16289,0.09551,0.10004,0.15883
7980.3172,1,0.09488,0.08234,0.16378,0.09532,0.09473,0.16032
7980.3480,1,0.09655,0.07653,0.16418,0.09569,0.08927,0.16147
7980.3794,1,0.09558,0.07159,0.16499,0.09566,0.08397,0.16253
7980.4153,1,0.09252,0.06593,0.16611,0.09472,0.07856,0.16360
7980.4469,1,0.09299,0.06020,0.16676,0.09420,0.07305,0.16455
7980.4800,1,0.09399,0.05494,0.16756,0.09414,0.06762,0.16545
7980.5170,1,0.09475,0.05264,0.16808,0.09432,0.06313,0.16624
7980.5480,1,0.09138,0.04703,0.16981,0.09344,0.05830,0.16731
7980.5836,1,0.08677,0.04142,0.17179,0.09144,0.05323,0.16865
7980.6158,1,0.08485,0.03610,0.17313,0.08946,0.04809,0.17000
7980.6489,1,0.08431,0.03040,0.17432,0.08792,0.04279,0.17129
7980.6881,1,0.08449,0.02556,0.17541,0.08689,0.03762,0.17253
7980.7205,1,0.07992,0.02064,0.17635,0.08480,0.03253,0.17367
7980.7643,1,0.07926,0.01378,0.17672,0.08314,0.02690,0.17459
7980.7939,1,0.07958,0.00977,0.17701,0.08207,0.02176,0.17532
7980.8228,1,0.07732,0.00411,0.17804,0.08065,0.01647,0.17613
7980.8546,1,0.07860,-0.00017,0.17775,0.08003,0.01147,0.17662
7980.8837,1,0.07669,-0.00467,0.17756,0.07903,0.00663,0.17690
7980.9169,1,0.07514,-0.00942,0.17726,0.07786,0.00181,0.17701
7980.9466,1,0.07409,-0.01391,0.17700,0.07673,-0.00290,0.17700
7980.9781,1,0.07272,-0.01907,0.17636,0.07553,-0.00775,0.17681
7981.0117,1,0.07130,-0.02330,0.17621,0.07426,-0.01242,0.17663
7981.0437,1,0.07239,-0.02907,0.17508,0.07370,-0.01741,0.17617
7981.0730,1,0.07359,-0.03423,0.17465,0.07367,-0.02246,0.17571
7981.1022,1,0.07157,-0.03769,0.17474,0.07304,-0.02703,0.17542
7981.1304,1,0.07221,-0.04052,0.17521,0.07279,-0.03108,0.17536
7981.1610,1,0.07282,-0.04346,0.17600,0.07280,-0.03479,0.17555
7981.1963,1,0.07182,-0.04651,0.17662,0.07250,-0.03831,0.17587
7981.2273,1,0.07141,-0.05009,0.17701,0.07218,-0.04184,0.17621
7981.2564,1,0.07283,-0.05244,0.17710,0.07237,-0.04502,0.17648
7981.2854,1,0.07270,-0.05545,0.17722,0.07247,-0.04815,0.17670
7981.3140,1,0.07280,-0.05858,0.17721,0.07257,-0.05128,0.17686
7981.3511,1,0.07146,-0.06061,0.17739,0.07223,-0.05408,0.17702
7981.3792,1,0.07168,-0.06284,0.17762,0.07207,-0.05671,0.17720
7981.4103,1,0.07085,-0.06461,0.17785,0.07170,-0.05908,0.17739
7981.4407,1,0.07139,-0.06580,0.17829,0.07161,-0.06110,0.17766
7981.4688,1,0.06987,-0.06762,0.17846,0.07109,-0.06305,0.17790
7981.4995,1,0.06991,-0.06924,0.17844,0.07074,-0.06491,0.17806
7981.5313,1,0.07104,-0.07082,0.17774,0.07083,-0.06668,0.17797
7981.5661,1,0.06985,-0.07247,0.17726,0.07053,-0.06842,0.17776
7981.6046,1,0.06882,-0.07405,0.17701,0.07002,-0.07011,0.17753
7981.6339,1,0.06836,-0.07581,0.17689,0.06952,-0.07182,0.17734
7981.6669,1,0.06757,-0.07726,0.17700,0.06894,-0.07345,0.17724
7981.6953,1,0.06681,-0.07916,0.17728,0.06830,-0.07516,0.17725
7981.7273,1,0.06783,-0.08044,0.17735,0.06816,-0.07675,0.17728
7981.7574,1,0.06856,-0.08233,0.17736,0.06828,-0.07842,0.17730
7981.7878,1,0.06771,-0.08456,0.17777,0.06811,-0.08026,0.17745
7981.8172,1,0.06857,-0.08633,0.17826,0.06824,-0.08208,0.17769
7981.8490,1,0.06749,-0.08808,0.17902,0.06802,-0.08388,0.17809
7981.8781,1,0.06759,-0.09026,0.17957,0.06789,-0.08579,0.17853
7981.9078,1,0.06733,-0.09270,0.18037,0.06772,-0.08787,0.17909
7981.9369,1,0.06756,-0.09482,0.18085,0.06767,-0.08995,0.17962
7981.9753,1,0.06689,-0.09644,0.18179,0.06744,-0.09190,0.18027
7982.0080,1,0.06662,-0.09841,0.18229,0.06719,-0.09385,0.18088
7982.0367,1,0.06616,-0.10058,0.18295,0.06688,-0.09587,0.18150
7982.0660,1,0.06641,-0.10167,0.18446,0.06674,-0.09761,0.18239
7982.0953,1,0.06551,-0.10350,0.18592,0.06637,-0.09938,0.18345
7982.1303,1,0.06509,-0.10588,0.18706,0.06599,-0.10133,0.18453
7982.1594,1,0.06432,-0.10806,0.18848,0.06549,-0.10335,0.18571
7982.1910,1,0.06305,-0.11140,0.18864,0.06476,-0.10576,0.18659
7982.2246,1,0.06397,-0.11457,0.18871,0.06452,-0.10841,0.18723
7982.2563,1,0.06452,-0.11728,0.18838,0.06452,-0.11107,0.18757
7982.2883,1,0.06645,-0.12010,0.18815,0.06510,-0.11378,0.18775
7982.3242,1,0.06796,-0.12271,0.18777,0.06596,-0.11646,0.18775
7982.3571,1,0.06723,-0.12643,0.18739,0.06634,-0.11945,0.18764
7982.3872,1,0.06754,-0.12971,0.18693,0.06670,-0.12253,0.18743
7982.4239,1,0.06855,-0.13276,0.18672,0.06725,-0.12560,0.18722
7982.4571,1,0.07070,-0.13587,0.18666,0.06829,-0.12868,0.18705
7982.4876,1,0.07115,-0.13916,0.18635,0.06914,-0.13182,0.18684
7982.5250,1,0.07252,-0.14246,0.18685,0.07016,-0.13501,0.18684
7982.5580,1,0.07352,-0.14599,0.18713,0.07116,-0.13831,0.18693
7982.5978,1,0.07652,-0.14990,0.18860,0.07277,-0.14179,0.18743
7982.6273,1,0.07503,-0.15402,0.18831,0.07345,-0.14546,0.18769
7982.6565,1,0.07613,-0.15736,0.18887,0.07425,-0.14903,0.18804
7982.6882,1,0.07635,-0.16119,0.18953,0.07488,-0.15267,0.18849
7982.7237,1,0.07925,-0.16445,0.19025,0.07619,-0.15621,0.18902
7982.7595,1,0.08029,-0.16732,0.19064,0.07742,-0.15954,0.18951
7982.7888,1,0.08191,-0.16951,0.19123,0.07877,-0.16253,0.19002
7982.8244,1,0.08308,-0.17256,0.19182,0.08006,-0.16554,0.19056
7982.8630,1,0.08470,-0.17514,0.19218,0.08145,-0.16842,0.19105
7982.8964,1,0.08716,-0.17771,0.19226,0.08316,-0.17121,0.19141
7982.9382,1,0.08806,-0.18065,0.19222,0.08463,-0.17404,0.19165
7982.9675,1,0.08879,-0.18412,0.19251,0.08588,-0.17706,0.19191
7982.9979,1,0.08678,-0.18771,0.19195,0.08615,-0.18026,0.19192
7983.0252,1,0.08645,-0.19161,0.19201,0.08624,-0.18366,0.19195
7983.0566,1,0.08422,-0.19514,0.19127,0.08563,-0.18711,0.19174
7983.0869,1,0.08163,-0.19851,0.19094,0.08443,-0.19053,0.19150
7983.1240,1,0.08118,-0.20147,0.19050,0.08346,-0.19381,0.19120
7983.1547,1,0.08058,-0.20459,0.19013,0.08259,-0.19704,0.19088
7983.1932,1,0.07971,-0.20730,0.19014,0.08173,-0.20012,0.19066
7983.2233,1,0.07826,-0.20998,0.18982,0.08069,-0.20308,0.19041
7983.2551,1,0.07700,-0.21185,0.18964,0.07958,-0.20571,0.19018
7983.2870,1,0.07677,-0.21400,0.18964,0.07874,-0.20820,0.19001
7983.3243,1,0.07592,-0.21566,0.18951,0.07789,-0.21044,0.18986
7983.3560,1,0.07559,-0.21720,0.18937,0.07720,-0.21246,0.18972
7983.3893,1,0.07359,-0.21860,0.18910,0.07612,-0.21430,0.18953
7983.4233,1,0.07321,-0.21964,0.18888,0.07525,-0.21590,0.18934
7983.4572,1,0.07391,-0.22024,0.18885,0.07484,-0.21720,0.18919
7983.4927,1,0.07266,-0.22053,0.18820,0.07419,-0.21820,0.18889
7983.5276,1,0.07363,-0.22067,0.18789,0.07402,-0.21894,0.18859
7983.5611,1,0.07514,-0.22040,0.18758,0.07436,-0.21938,0.18829
7983.5889,1,0.07561,-0.21995,0.18708,0.07473,-0.21955,0.18793
7983.6194,1,0.07633,-0.22002,0.18691,0.07521,-0.21969,0.18762
7983.6592,1,0.07843,-0.21998,0.18714,0.07618,-0.21978,0.18748
7983.6884,1,0.07733,-0.22003,0.18675,0.07652,-0.21985,0.18726
7983.7234,1,0.07798,-0.21995,0.18698,0.07696,-0.21988,0.18718
7983.7562,1,0.07757,-0.22025,0.18705,0.07714,-0.21999,0.18714
7983.7891,1,0.07709,-0.21987,0.18723,0.07713,-0.21996,0.18716
7983.8240,1,0.07734,-0.21978,0.18707,0.07719,-0.21990,0.18714
7983.8583,1,0.07742,-0.21964,0.18708,0.07726,-0.21982,0.18712
7983.8896,1,0.07691,-0.21910,0.18680,0.07715,-0.21961,0.18702
7983.9245,1,0.07787,-0.21832,0.18689,0.07737,-0.21922,0.18699
7983.9597,1,0.07897,-0.21817,0.18682,0.07785,-0.21890,0.18694
7983.9930,1,0.07982,-0.21791,0.18705,0.07844,-0.21861,0.18697
7984.0244,1,0.07945,-0.21805,0.18688,0.07874,-0.21844,0.18694
7984.0562,1,0.07862,-0.21805,0.18687,0.07870,-0.21832,0.18692
7984.0882,1,0.07955,-0.21818,0.18696,0.07896,-0.21828,0.18693
7984.1234,1,0.07871,-0.21840,0.18672,0.07888,-0.21832,0.18687
7984.1576,1,0.07825,-0.21856,0.18672,0.07869,-0.21839,0.18683
7984.1885,1,0.07845,-0.21858,0.18679,0.07862,-0.21845,0.18682
7984.2244,1,0.07778,-0.21903,0.18666,0.07837,-0.21862,0.18677
7984.2566,1,0.07691,-0.21883,0.18663,0.07793,-0.21868,0.18673
7984.2895,1,0.07715,-0.21881,0.18662,0.07770,-0.21872,0.18669
7984.3226,1,0.07654,-0.21901,0.18668,0.07735,-0.21881,0.18669
7984.3558,1,0.07664,-0.21866,0.18670,0.07714,-0.21876,0.18669
7984.3941,1,0.07722,-0.21858,0.18676,0.07716,-0.21871,0.18671
7984.4264,1,0.07729,-0.21871,0.18688,0.07720,-0.21871,0.18676
7984.4564,1,0.07766,-0.21848,0.18707,0.07734,-0.21864,0.18686
7984.4871,1,0.07718,-0.21824,0.18745,0.07729,-0.21852,0.18703
7984.5218,1,0.07707,-0.21831,0.18795,0.07723,-0.21846,0.18731
7984.5565,1,0.07621,-0.21804,0.18817,0.07692,-0.21833,0.18757
7984.5919,1,0.07813,-0.21727,0.18892,0.07728,-0.21801,0.18797
7984.6229,1,0.07729,-0.21725,0.18913,0.07728,-0.21778,0.18832
7984.6619,1,0.07815,-0.21726,0.18977,0.07754,-0.21763,0.18875
7984.6922,1,0.07961,-0.21740,0.19045,0.07816,-0.21756,0.18926
7984.7242,1,0.07883,-0.21704,0.19052,0.07836,-0.21740,0.18964
7984.7644,1,0.07957,-0.21699,0.19047,0.07872,-0.21728,0.18989
7984.7970,1,0.07945,-0.21677,0.19017,0.07894,-0.21713,0.18997
7984.8306,1,0.07997,-0.21701,0.19018,0.07925,-0.21709,0.19004
7984.8719,1,0.08013,-0.21691,0.19023,0.07951,-0.21703,0.19009
7984.9031,1,0.07892,-0.21697,0.19014,0.07933,-0.21701,0.19011
7984.9369,1,0.07871,-0.21698,0.19058,0.07915,-0.21700,0.19025
7984.9681,1,0.07860,-0.21685,0.19102,0.07899,-0.21696,0.19048
7984.9978,1,0.07886,-0.21693,0.19127,0.07895,-0.21695,0.19072
7985.0312,1,0.07881,-0.21713,0.19144,0.07891,-0.21700,0.19093
7985.0639,1,0.07888,-0.21719,0.19148,0.07890,-0.21706,0.19110
7985.0948,1,0.07864,-0.21747,0.19180,0.07882,-0.21718,0.19131
7985.1285,1,0.07583,-0.21761,0.19153,0.07792,-0.21731,0.19137
7985.1619,1,0.07534,-0.21745,0.19174,0.07715,-0.21735,0.19148
7985.1957,1,0.07628,-0.21768,0.19204,0.07689,-0.21745,0.19165
7985.2305,1,0.07554,-0.21784,0.19207,0.07648,-0.21757,0.19178
7985.2619,1,0.07519,-0.21806,0.19222,0.07610,-0.21772,0.19191
7985.2986,1,0.07536,-0.21783,0.19238,0.07588,-0.21775,0.19205
7985.3338,1,0.07605,-0.21758,0.19262,0.07593,-0.21770,0.19222
7985.3693,1,0.07664,-0.21731,0.19282,0.07614,-0.21758,0.19240
7985.4057,1,0.07571,-0.21702,0.19274,0.07601,-0.21741,0.19250
7985.4381,1,0.07570,-0.21724,0.19278,0.07592,-0.21736,0.19259
7985.4717,1,0.07619,-0.21695,0.19296,0.07600,-0.21724,0.19270
7985.5042,1,0.07717,-0.21642,0.19306,0.07635,-0.21699,0.19281
7985.5348,1,0.07766,-0.21660,0.19307,0.07674,-0.21687,0.19289
7985.5684,1,0.07825,-0.21624,0.19316,0.07719,-0.21668,0.19297
7985.6026,1,0.07818,-0.21634,0.19330,0.07749,-0.21658,0.19307
7985.6445,1,0.07888,-0.21603,0.19347,0.07791,-0.21642,0.19319
7985.6771,1,0.07814,-0.21619,0.19337,0.07798,-0.21635,0.19324
7985.7131,1,0.07836,-0.21578,0.19312,0.07809,-0.21618,0.19320
7985.7495,1,0.07909,-0.21589,0.19319,0.07839,-0.21609,0.19320
7985.7861,1,0.07825,-0.21548,0.19283,0.07835,-0.21591,0.19309
7985.8160,1,0.07849,-0.21553,0.19286,0.07839,-0.21580,0.19302
7985.8481,1,0.07807,-0.21591,0.19316,0.07829,-0.21583,0.19306
7985.8830,1,0.07677,-0.21728,0.19357,0.07784,-0.21627,0.19322
7985.9186,1,0.07526,-0.21845,0.19378,0.07706,-0.21692,0.19339
7985.9564,1,0.07531,-0.21923,0.19419,0.07654,-0.21761,0.19363
7985.9902,1,0.07632,-0.21885,0.19457,0.07647,-0.21798,0.19391
7986.0222,1,0.07717,-0.21881,0.19466,0.07668,-0.21823,0.19413
7986.0604,1,0.07696,-0.21867,0.19454,0.07677,-0.21836,0.19426
7986.0913,1,0.07626,-0.21857,0.19447,0.07661,-0.21842,0.19432
7986.1232,1,0.07663,-0.21831,0.19456,0.07662,-0.21839,0.19439
7986.1541,1,0.07749,-0.21845,0.19439,0.07688,-0.21841,0.19439
7986.1870,1,0.07661,-0.21823,0.19423,0.07680,-0.21835,0.19434
7986.2207,1,0.07837,-0.21831,0.19438,0.07727,-0.21834,0.19435
7986.2523,1,0.07760,-0.21802,0.19415,0.07737,-0.21824,0.19429
7986.2840,1,0.07756,-0.21811,0.19404,0.07743,-0.21820,0.19422
7986.3238,1,0.07820,-0.21817,0.19405,0.07766,-0.21819,0.19417
7986.3579,1,0.07680,-0.21861,0.19373,0.07740,-0.21832,0.19404
7986.3892,1,0.07786,-0.21833,0.19383,0.07754,-0.21832,0.19397
7986.4212,1,0.07826,-0.21829,0.19386,0.07775,-0.21831,0.19394
7986.4532,1,0.07772,-0.21854,0.19383,0.07774,-0.21838,0.19391
7986.4842,1,0.07773,-0.21852,0.19372,0.07774,-0.21842,0.19385
7986.5174,1,0.07796,-0.21890,0.19391,0.07781,-0.21857,0.19387
7986.5495,1,0.07769,-0.21899,0.19374,0.07777,-0.21869,0.19383
7986.5823,1,0.07728,-0.21943,0.19347,0.07763,-0.21891,0.19372
7986.6165,1,0.07713,-0.21920,0.19341,0.07748,-0.21900,0.19363
7986.6494,1,0.07824,-0.21908,0.19364,0.07771,-0.21902,0.19363
7986.6916,1,0.07753,-0.21907,0.19349,0.07765,-0.21904,0.19359
7986.7225,1,0.07693,-0.21902,0.19360,0.07744,-0.21903,0.19359
7986.7552,1,0.07704,-0.21912,0.19373,0.07732,-0.21906,0.19363
7986.7880,1,0.07784,-0.21910,0.19399,0.07747,-0.21907,0.19374
7986.8195,1,0.07857,-0.21925,0.19405,0.07780,-0.21913,0.19383
7986.8507,1,0.07725,-0.21976,0.19406,0.07764,-0.21932,0.19390
7986.8887,1,0.07804,-0.21947,0.19406,0.07776,-0.21936,0.19395
7986.9202,1,0.07833,-0.21931,0.19394,0.07793,-0.21935,0.19394
7986.9526,1,0.07856,-0.21917,0.19373,0.07812,-0.21929,0.19388
7986.9848,1,0.07876,-0.21878,0.19357,0.07831,-0.21914,0.19379
7987.0178,1,0.07836,-0.21870,0.19338,0.07833,-0.21901,0.19366
7987.0494,1,0.07779,-0.21852,0.19329,0.07817,-0.21886,0.19355
7987.0803,1,0.07725,-0.21826,0.19316,0.07789,-0.21868,0.19343
7987.1151,1,0.07794,-0.21790,0.19332,0.07790,-0.21845,0.19340
7987.1481,1,0.07797,-0.21782,0.19343,0.07792,-0.21826,0.19341
7987.1815,1,0.07839,-0.21763,0.19356,0.07806,-0.21807,0.19346
7987.2130,1,0.07748,-0.21770,0.19362,0.07789,-0.21796,0.19350
7987.2476,1,0.07917,-0.21758,0.19399,0.07827,-0.21785,0.19365
7987.2788,1,0.07810,-0.21772,0.19394,0.07822,-0.21781,0.19374
7987.3170,1,0.07915,-0.21781,0.19418,0.07850,-0.21781,0.19387
7987.3476,1,0.07840,-0.21825,0.19395,0.07847,-0.21794,0.19389
7987.3828,1,0.07847,-0.21812,0.19385,0.07847,-0.21799,0.19388
7987.4187,1,0.07823,-0.21857,0.19358,0.07840,-0.21817,0.19379
7987.4507,1,0.07775,-0.21880,0.19325,0.07820,-0.21836,0.19363
7987.4833,1,0.07790,-0.21891,0.19297,0.07811,-0.21852,0.19343
7987.5213,1,0.07817,-0.21881,0.19280,0.07813,-0.21861,0.19324
7987.5519,1,0.07881,-0.21861,0.19281,0.07833,-0.21861,0.19311
7987.5891,1,0.07944,-0.21848,0.19254,0.07866,-0.21857,0.19294
7987.6204,1,0.07818,-0.21886,0.19244,0.07852,-0.21866,0.19279
7987.6531,1,0.07790,-0.21903,0.19232,0.07833,-0.21877,0.19265
7987.6846,1,0.07715,-0.21913,0.19217,0.07798,-0.21888,0.19251
7987.7168,1,0.07680,-0.21942,0.19207,0.07763,-0.21904,0.19237
7987.7514,1,0.07648,-0.22020,0.19209,0.07728,-0.21939,0.19229
7987.7835,1,0.07670,-0.22027,0.19212,0.07711,-0.21965,0.19224
7987.8162,1,0.07713,-0.22053,0.19217,0.07711,-0.21992,0.19222
7987.8538,1,0.07579,-0.22083,0.19187,0.07672,-0.22019,0.19211
7987.8874,1,0.07568,-0.22073,0.19180,0.07640,-0.22035,0.19202
7987.9253,1,0.07558,-0.22066,0.19169,0.07616,-0.22045,0.19192
7987.9589,1,0.07663,-0.22042,0.19145,0.07630,-0.22044,0.19178
7987.9911,1,0.07556,-0.21988,0.19104,0.07608,-0.22027,0.19156
7988.0232,1,0.07466,-0.21984,0.19067,0.07565,-0.22014,0.19129
7988.0594,1,0.07527,-0.21931,0.19066,0.07554,-0.21989,0.19110
7988.0922,1,0.07404,-0.21955,0.19044,0.07509,-0.21979,0.19090
7988.1309,1,0.07455,-0.21929,0.19061,0.07493,-0.21964,0.19082
7988.1608,1,0.07557,-0.21909,0.19083,0.07512,-0.21948,0.19082
7988.1935,1,0.07448,-0.21932,0.19086,0.07493,-0.21943,0.19083
7988.2248,1,0.07552,-0.21911,0.19107,0.07510,-0.21933,0.19090
7988.2568,1,0.07551,-0.21931,0.19104,0.07523,-0.21933,0.19094
7988.2884,1,0.07485,-0.21923,0.19085,0.07511,-0.21930,0.19092
7988.3193,1,0.07566,-0.21912,0.19089,0.07528,-0.21925,0.19091
7988.3496,1,0.07654,-0.21912,0.19095,0.07566,-0.21921,0.19092
7988.3810,1,0.07657,-0.21919,0.19080,0.07593,-0.21920,0.19088
7988.4117,1,0.07539,-0.21891,0.19049,0.07577,-0.21912,0.19077
7988.4502,1,0.07577,-0.21886,0.19041,0.07577,-0.21904,0.19066
7988.4818,1,0.07487,-0.21887,0.19018,0.07550,-0.21899,0.19051
7988.5136,1,0.07499,-0.21878,0.19025,0.07535,-0.21893,0.19043
7988.5477,1,0.07516,-0.21880,0.19031,0.07529,-0.21889,0.19040
7988.5789,1,0.07492,-0.21871,0.19019,0.07518,-0.21883,0.19033
7988.6172,1,0.07517,-0.21828,0.19035,0.07518,-0.21867,0.19034
7988.6479,1,0.07412,-0.21773,0.19056,0.07486,-0.21839,0.19040
7988.6815,1,0.07442,-0.21737,0.19126,0.07473,-0.21808,0.19066
7988.7125,1,0.07428,-0.21635,0.19189,0.07459,-0.21756,0.19103
7988.7533,1,0.07228,-0.21630,0.19263,0.07390,-0.21718,0.19151
7988.7945,1,0.07194,-0.21621,0.19438,0.07331,-0.21689,0.19237
7988.8284,1,0.07007,-0.21720,0.19686,0.07234,-0.21698,0.19372
7988.8629,1,0.06735,-0.21934,0.20009,0.07084,-0.21769,0.19563
7988.8987,1,0.06566,-0.22117,0.20424,0.06929,-0.21873,0.19821
7988.9321,1,0.06497,-0.22292,0.20869,0.06799,-0.21999,0.20135
7988.9787,1,0.06364,-0.22321,0.21267,0.06669,-0.22096,0.20475
7989.0115,1,0.06298,-0.22313,0.21643,0.06558,-0.22161,0.20825
7989.0433,1,0.06476,-0.22236,0.22134,0.06533,-0.22183,0.21218
7989.0766,1,0.06326,-0.22149,0.22538,0.06471,-0.22173,0.21614
7989.1096,1,0.06278,-0.22274,0.23086,0.06413,-0.22203,0.22056
7989.1411,1,0.06435,-0.22232,0.23714,0.06420,-0.22212,0.22553
7989.1734,1,0.06455,-0.22210,0.24275,0.06430,-0.22211,0.23070
7989.2063,1,0.06166,-0.22240,0.24794,0.06351,-0.22220,0.23587
7989.2384,1,0.06438,-0.22150,0.25453,0.06377,-0.22199,0.24147
7989.2743,1,0.06032,-0.21979,0.26041,0.06273,-0.22133,0.24715
7989.3078,1,0.06018,-0.21808,0.26654,0.06197,-0.22035,0.25297
7989.3478,1,0.06001,-0.21621,0.27267,0.06138,-0.21911,0.25888
7989.3829,1,0.05970,-0.21409,0.27806,0.06088,-0.21760,0.26463
7989.4166,1,0.05876,-0.21204,0.28418,0.06024,-0.21593,0.27050
7989.4516,1,0.05936,-0.20990,0.28998,0.05998,-0.21413,0.27634
7989.4936,1,0.05814,-0.20878,0.29614,0.05943,-0.21252,0.28228
7989.5276,1,0.05831,-0.20716,0.30188,0.05909,-0.21091,0.28816
7989.5627,1,0.05783,-0.20568,0.30797,0.05871,-0.20934,0.29410
7989.6007,1,0.05876,-0.20376,0.31398,0.05873,-0.20767,0.30007
7989.6394,1,0.06014,-0.20174,0.31984,0.05915,-0.20589,0.30600
7989.6753,1,0.05928,-0.20066,0.32609,0.05919,-0.20432,0.31203
7989.7090,1,0.05942,-0.19823,0.33143,0.05926,-0.20249,0.31785
7989.7473,1,0.05880,-0.19618,0.33699,0.05912,-0.20060,0.32359
7989.7814,1,0.05737,-0.19406,0.34191,0.05859,-0.19864,0.32909
7989.8152,1,0.05709,-0.19071,0.34653,0.05814,-0.19626,0.33432
7989.8486,1,0.05636,-0.18794,0.35045,0.05761,-0.19376,0.33916
7989.8821,1,0.05607,-0.18463,0.35433,0.05715,-0.19102,0.34371
7989.9138,1,0.05558,-0.18146,0.35834,0.05668,-0.18815,0.34810
7989.9474,1,0.05512,-0.17871,0.36247,0.05621,-0.18532,0.35241
7989.9806,1,0.05608,-0.17531,0.36663,0.05617,-0.18232,0.35667
7990.0262,1,0.05692,-0.17325,0.37142,0.05640,-0.17960,0.36110
7990.0609,1,0.05549,-0.17106,0.37590,0.05613,-0.17704,0.36554
7990.0923,1,0.06106,-0.16774,0.38016,0.05761,-0.17425,0.36992
7990.1226,1,0.06202,-0.16541,0.38532,0.05893,-0.17160,0.37454
7990.1538,1,0.06135,-0.16300,0.39040,0.05966,-0.16902,0.37930
7990.1852,1,0.06210,-0.16047,0.39341,0.06039,-0.16645,0.38353
7990.2162,1,0.06204,-0.15774,0.39565,0.06088,-0.16384,0.38717
7990.2482,1,0.06191,-0.15504,0.39735,0.06119,-0.16120,0.39022
7990.2815,1,0.06215,-0.15202,0.39912,0.06148,-0.15845,0.39289
7990.3139,1,0.06225,-0.14920,0.40072,0.06171,-0.15567,0.39524
7990.3487,1,0.06195,-0.14679,0.40218,0.06178,-0.15301,0.39732
7990.3811,1,0.06297,-0.14417,0.40285,0.06214,-0.15036,0.39898
7990.4166,1,0.06462,-0.14165,0.40262,0.06288,-0.14775,0.40007
7990.4486,1,0.06474,-0.13910,0.40174,0.06344,-0.14515,0.40057
7990.4794,1,0.06356,-0.13695,0.40094,0.06348,-0.14269,0.40068
7990.5123,1,0.06414,-0.13461,0.39994,0.06368,-0.14027,0.40046
7990.5452,1,0.06541,-0.13226,0.39948,0.06420,-0.13786,0.40017
7990.5777,1,0.06537,-0.13050,0.39951,0.06455,-0.13565,0.39997
7990.6095,1,0.06581,-0.12866,0.39953,0.06493,-0.13356,0.39984
7990.6413,1,0.06539,-0.12710,0.39965,0.06507,-0.13162,0.39978
7990.6730,1,0.06503,-0.12587,0.39973,0.06506,-0.12990,0.39977
7990.7092,1,0.06475,-0.12477,0.39979,0.06497,-0.12836,0.39977
7990.7412,1,0.06465,-0.12368,0.39996,0.06487,-0.12695,0.39983
7990.7725,1,0.06526,-0.12234,0.39997,0.06499,-0.12557,0.39987
7990.8043,1,0.06512,-0.12105,0.40022,0.06502,-0.12421,0.39997
7990.8390,1,0.06551,-0.11950,0.40036,0.06517,-0.12280,0.40009
7990.8743,1,0.06624,-0.11789,0.40044,0.06549,-0.12133,0.40020
7990.9061,1,0.06524,-0.11662,0.40081,0.06542,-0.11991,0.40038
7990.9385,1,0.06510,-0.11504,0.40113,0.06532,-0.11845,0.40060
7990.9717,1,0.06537,-0.11356,0.40134,0.06533,-0.11699,0.40082
7991.0039,1,0.06537,-0.11217,0.40160,0.06534,-0.11554,0.40106
7991.0372,1,0.06565,-0.11073,0.40188,0.06544,-0.11410,0.40130
7991.0685,1,0.06598,-0.10979,0.40180,0.06560,-0.11280,0.40145
7991.1033,1,0.06561,-0.10877,0.40196,0.06561,-0.11159,0.40160
7991.1344,1,0.06539,-0.10789,0.40233,0.06554,-0.11048,0.40182
7991.1667,1,0.06516,-0.10703,0.40215,0.06543,-0.10945,0.40192
7991.1975,1,0.06523,-0.10614,0.40196,0.06537,-0.10846,0.40193
7991.2295,1,0.06622,-0.10451,0.40197,0.06562,-0.10727,0.40194
7991.2635,1,0.06689,-0.10236,0.40213,0.06600,-0.10580,0.40200
7991.2967,1,0.06686,-0.09971,0.40248,0.06626,-0.10397,0.40215
7991.3300,1,0.06784,-0.09693,0.40282,0.06673,-0.10186,0.40235
7991.3641,1,0.06784,-0.09405,0.40345,0.06707,-0.09952,0.40268
7991.3968,1,0.06843,-0.09091,0.40404,0.06748,-0.09694,0.40309
7991.4300,1,0.07043,-0.08713,0.40445,0.06836,-0.09399,0.40350
7991.4677,1,0.07128,-0.08336,0.40484,0.06924,-0.09080,0.40390
7991.5003,1,0.07115,-0.07998,0.40479,0.06981,-0.08756,0.40417
7991.5345,1,0.07281,-0.07607,0.40453,0.07071,-0.08411,0.40428
7991.5694,1,0.07176,-0.07204,0.40443,0.07103,-0.08049,0.40432
7991.6038,1,0.07301,-0.06755,0.40436,0.07162,-0.07661,0.40433
7991.6346,1,0.07397,-0.06369,0.40420,0.07233,-0.07273,0.40429
7991.6671,1,0.07462,-0.05894,0.40470,0.07301,-0.06860,0.40441
7991.6992,1,0.07653,-0.05438,0.40501,0.07407,-0.06433,0.40459
7991.7300,1,0.07697,-0.04990,0.40542,0.07494,-0.06000,0.40484
7991.7636,1,0.07698,-0.04573,0.40551,0.07555,-0.05572,0.40504
7991.7963,1,0.07909,-0.04193,0.40505,0.07661,-0.05158,0.40505
7991.8290,1,0.08006,-0.03827,0.40474,0.07765,-0.04759,0.40496
7991.8630,1,0.08117,-0.03526,0.40422,0.07871,-0.04389,0.40474
7991.8962,1,0.08181,-0.03240,0.40395,0.07964,-0.04045,0.40450
7991.9302,1,0.08456,-0.02926,0.40323,0.08111,-0.03709,0.40412
7991.9641,1,0.08692,-0.02696,0.40281,0.08286,-0.03405,0.40373
7992.0111,1,0.08944,-0.02484,0.40240,0.08483,-0.03129,0.40333
7992.0463,1,0.09217,-0.02293,0.40196,0.08703,-0.02878,0.40292
7992.0928,1,0.09295,-0.02158,0.40175,0.08881,-0.02662,0.40257
7992.1247,1,0.09541,-0.02118,0.40099,0.09079,-0.02499,0.40210
7992.1528,1,0.09663,-0.02112,0.40034,0.09254,-0.02383,0.40157
7992.1816,1,0.09755,-0.02137,0.39974,0.09404,-0.02309,0.40102
7992.2167,1,0.09872,-0.02125,0.39955,0.09545,-0.02254,0.40058
7992.2483,1,0.09843,-0.02149,0.39971,0.09634,-0.02223,0.40032
7992.2796,1,0.09907,-0.02175,0.39981,0.09716,-0.02208,0.40017
7992.3095,1,0.09816,-0.02185,0.40030,0.09746,-0.02201,0.40021
7992.3385,1,0.09763,-0.02206,0.40083,0.09751,-0.02203,0.40040
7992.3677,1,0.09825,-0.02217,0.40119,0.09773,-0.02207,0.40064
7992.3976,1,0.09891,-0.02204,0.40152,0.09809,-0.02206,0.40090
7992.4282,1,0.09892,-0.02240,0.40198,0.09834,-0.02216,0.40123
7992.4604,1,0.09877,-0.02253,0.40241,0.09847,-0.02227,0.40158
7992.4956,1,0.09829,-0.02294,0.40289,0.09841,-0.02247,0.40197
7992.5291,1,0.09777,-0.02372,0.40304,0.09822,-0.02285,0.40229
7992.5592,1,0.09747,-0.02494,0.40302,0.09800,-0.02347,0.40251
7992.5876,1,0.09693,-0.02592,0.40280,0.09768,-0.02421,0.40260
7992.6176,1,0.09788,-0.02630,0.40221,0.09774,-0.02484,0.40248
7992.6478,1,0.09858,-0.02596,0.40156,0.09799,-0.02517,0.40221
7992.6766,1,0.09830,-0.02634,0.40087,0.09808,-0.02552,0.40181
7992.7061,1,0.09841,-0.02630,0.40005,0.09818,-0.02576,0.40128
7992.7363,1,0.09856,-0.02594,0.39905,0.09830,-0.02581,0.40061
7992.7648,1,0.09955,-0.02598,0.39771,0.09867,-0.02586,0.39974
7992.7950,1,0.09942,-0.02563,0.39644,0.09890,-0.02579,0.39875
7992.8268,1,0.09831,-0.02516,0.39512,0.09872,-0.02560,0.39766
7992.8553,1,0.09879,-0.02438,0.39357,0.09874,-0.02524,0.39643
7992.8839,1,0.09879,-0.02360,0.39187,0.09875,-0.02474,0.39506
7992.9158,1,0.10043,-0.02220,0.38985,0.09926,-0.02398,0.39350
7992.9547,1,0.10194,-0.02115,0.38745,0.10006,-0.02313,0.39169
7992.9855,1,0.10362,-0.01951,0.38457,0.10113,-0.02205,0.38955
7993.0148,1,0.10699,-0.01752,0.38094,0.10289,-0.02069,0.38697
7993.0446,1,0.10845,-0.01543,0.37730,0.10456,-0.01911,0.38407
7993.0773,1,0.10875,-0.01365,0.37267,0.10582,-0.01747,0.38065
7993.1064,1,0.11155,-0.01225,0.36719,0.10754,-0.01591,0.37661
7993.1366,1,0.11014,-0.01009,0.36108,0.10832,-0.01416,0.37195
7993.1670,1,0.10870,-0.00863,0.35370,0.10843,-0.01250,0.36647
7993.1992,1,0.11159,-0.00736,0.34443,0.10938,-0.01096,0.35986
7993.2287,1,0.10923,-0.00750,0.33357,0.10933,-0.00992,0.35197
7993.2633,1,0.10921,-0.00667,0.31976,0.10930,-0.00895,0.34231
7993.2933,1,0.10319,-0.00473,0.30696,0.10746,-0.00768,0.33171
7993.3273,1,0.10299,-0.00342,0.29083,0.10612,-0.00641,0.31944
7993.3580,1,0.10214,-0.00022,0.27562,0.10493,-0.00455,0.30630
7993.3917,1,0.10021,0.00280,0.26017,0.10351,-0.00235,0.29246
7993.4228,1,0.09850,0.00665,0.24506,0.10201,0.00035,0.27824
7993.4560,1,0.09485,0.01075,0.23094,0.09986,0.00347,0.26405
7993.4882,1,0.09322,0.01511,0.21487,0.09787,0.00696,0.24929
7993.5296,1,0.09070,0.01990,0.20156,0.09572,0.01084,0.23497
7993.5585,1,0.08910,0.02374,0.18848,0.09373,0.01471,0.22103
7993.5881,1,0.08710,0.02522,0.17505,0.09174,0.01787,0.20724
7993.6226,1,0.08073,0.02453,0.16509,0.08844,0.01986,0.19459
7993.6513,1,0.07713,0.02336,0.15935,0.08505,0.02091,0.18402
7993.6886,1,0.07568,0.02101,0.15468,0.08224,0.02094,0.17522
7993.7203,1,0.07276,0.01969,0.15248,0.07939,0.02057,0.16840
7993.7538,1,0.07080,0.01914,0.15109,0.07682,0.02014,0.16321
7993.7830,1,0.07037,0.01795,0.15040,0.07488,0.01948,0.15936
7993.8204,1,0.07123,0.01769,0.15036,0.07379,0.01894,0.15666
7993.8550,1,0.07220,0.01725,0.15028,0.07331,0.01844,0.15475
7993.8856,1,0.07204,0.01700,0.15045,0.07293,0.01801,0.15346
7993.9208,1,0.07181,0.01670,0.15071,0.07259,0.01761,0.15263
7993.9523,1,0.07169,0.01647,0.15093,0.07232,0.01727,0.15212
7993.9979,1,0.07152,0.01659,0.15130,0.07208,0.01707,0.15188
7994.0411,1,0.07160,0.01681,0.15244,0.07194,0.01699,0.15205
7994.0819,1,0.07261,0.01719,0.15353,0.07214,0.01705,0.15249
7994.1279,1,0.07267,0.01731,0.15570,0.07230,0.01713,0.15345
7994.1713,1,0.07415,0.01798,0.15881,0.07285,0.01738,0.15506
7994.2005,1,0.07390,0.01884,0.16336,0.07317,0.01782,0.15755
7994.2353,1,0.07229,0.01808,0.16816,0.07290,0.01790,0.16073
7994.2654,1,0.07302,0.01809,0.17314,0.07294,0.01796,0.16445
7994.2985,1,0.07369,0.01737,0.17982,0.07316,0.01778,0.16906
7994.3311,1,0.07467,0.01658,0.18722,0.07362,0.01742,0.17451
7994.3621,1,0.07640,0.01594,0.19508,0.07445,0.01698,0.18068
7994.3974,1,0.07887,0.01577,0.20459,0.07578,0.01661,0.18786
7994.4287,1,0.08199,0.01507,0.21430,0.07764,0.01615,0.19579
7994.4636,1,0.08402,0.01389,0.22491,0.07956,0.01547,0.20453
7994.5030,1,0.08677,0.01294,0.23806,0.08172,0.01471,0.21459
7994.5352,1,0.08699,0.01107,0.25218,0.08330,0.01362,0.22586
7994.5672,1,0.08819,0.01009,0.26926,0.08477,0.01256,0.23888
7994.6041,1,0.08589,0.00924,0.28831,0.08510,0.01157,0.25371
7994.6408,1,0.08289,0.00876,0.30843,0.08444,0.01072,0.27013
7994.6849,1,0.07781,0.00878,0.32876,0.08245,0.01014,0.28772
7994.7027,1,0.07694,0.00949,0.34809,0.08080,0.00994,0.30583
7994.7338,1,0.08138,0.01103,0.36375,0.08097,0.01027,0.32321
7994.7667,1,0.09074,0.01547,0.37791,0.08390,0.01183,0.33962
7994.7982,1,0.09632,0.01931,0.38916,0.08763,0.01407,0.35448
7994.8289,1,0.10240,0.02270,0.39631,0.09206,0.01666,0.36703
7994.8619,1,0.10241,0.02413,0.40153,0.09517,0.01890,0.37738
7994.8952,1,0.10399,0.02453,0.40349,0.09781,0.02059,0.38521
7994.9292,1,0.10478,0.02500,0.40397,0.09990,0.02191,0.39084
7994.9746,1,0.10330,0.02615,0.40409,0.10092,0.02318,0.39482
7995.0054,1,0.10217,0.02728,0.40389,0.10130,0.02441,0.39754
7995.0409,1,0.10175,0.02747,0.40341,0.10143,0.02533,0.39930
7995.0719,1,0.10510,0.02816,0.40234,0.10253,0.02618,0.40021
7995.1035,1,0.10820,0.02883,0.40160,0.10423,0.02698,0.40063
7995.1396,1,0.11152,0.03045,0.40064,0.10642,0.02802,0.40063
7995.1703,1,0.11200,0.03194,0.39969,0.10809,0.02920,0.40035
7995.2022,1,0.11279,0.03301,0.39837,0.10950,0.03034,0.39976
7995.2337,1,0.11544,0.03314,0.39639,0.11128,0.03118,0.39875
7995.2664,1,0.11805,0.03290,0.39414,0.11331,0.03169,0.39737
7995.2979,1,0.12117,0.03232,0.39152,0.11567,0.03188,0.39561
7995.3307,1,0.12303,0.03219,0.38887,0.11788,0.03197,0.39359
7995.3670,1,0.12453,0.03145,0.38601,0.11987,0.03182,0.39131
7995.3982,1,0.12561,0.03149,0.38301,0.12159,0.03172,0.38882
7995.4290,1,0.12695,0.03169,0.38001,0.12320,0.03171,0.38618
7995.4616,1,0.12722,0.03234,0.37730,0.12441,0.03190,0.38351
7995.4955,1,0.12836,0.03450,0.37421,0.12559,0.03268,0.38072
7995.5347,1,0.12683,0.03716,0.37193,0.12596,0.03402,0.37809
7995.5780,1,0.12569,0.04044,0.36917,0.12588,0.03595,0.37541
7995.6085,1,0.12677,0.04658,0.36585,0.12615,0.03914,0.37254
7995.6437,1,0.12899,0.05351,0.36239,0.12700,0.04345,0.36950
7995.6759,1,0.12916,0.06113,0.35836,0.12765,0.04875,0.36616
7995.7077,1,0.13177,0.06888,0.35352,0.12889,0.05479,0.36237
7995.7403,1,0.13233,0.07716,0.34819,0.12992,0.06150,0.35811
7995.7723,1,0.13272,0.08837,0.34333,0.13076,0.06956,0.35368
7995.8034,1,0.13277,0.10309,0.33831,0.13136,0.07962,0.34907
7995.8349,1,0.13300,0.12194,0.33401,0.13185,0.09232,0.34455
7995.8665,1,0.13355,0.14469,0.32958,0.13236,0.10803,0.34006
7995.8982,1,0.13355,0.16658,0.32616,0.13272,0.12559,0.33589
7995.9298,1,0.13852,0.19069,0.32265,0.13446,0.14512,0.33192
7995.9785,1,0.14007,0.21395,0.32053,0.13614,0.16577,0.32850
7996.0122,1,0.14100,0.23634,0.31892,0.13760,0.18694,0.32563
7996.0477,1,0.13919,0.25363,0.31745,0.13808,0.20695,0.32318
7996.0810,1,0.14099,0.26785,0.31573,0.13895,0.22522,0.32094
7996.1146,1,0.14256,0.28124,0.31491,0.14003,0.24203,0.31913
7996.1458,1,0.13819,0.28941,0.31521,0.13948,0.25624,0.31796
7996.1801,1,0.13702,0.29243,0.31589,0.13874,0.26710,0.31734
7996.2160,1,0.13482,0.29396,0.31641,0.13756,0.27516,0.31706
7996.2504,1,0.13503,0.29541,0.31637,0.13680,0.28123,0.31685
7996.2841,1,0.13287,0.29707,0.31653,0.13562,0.28598,0.31675
7996.3161,1,0.13134,0.29857,0.31675,0.13434,0.28976,0.31675
7996.3482,1,0.13253,0.30024,0.31656,0.13380,0.29290,0.31669
7996.3800,1,0.13068,0.30290,0.31679,0.13286,0.29590,0.31672
7996.4121,1,0.13076,0.30581,0.31666,0.13223,0.29887,0.31670
7996.4459,1,0.12932,0.30827,0.31682,0.13136,0.30169,0.31674
7996.4848,1,0.12909,0.31018,0.31675,0.13068,0.30424,0.31674
7996.5170,1,0.12990,0.31186,0.31667,0.13044,0.30652,0.31672
7996.5494,1,0.12849,0.31398,0.31696,0.12986,0.30876,0.31679
7996.5827,1,0.12728,0.31504,0.31733,0.12908,0.31065,0.31695
7996.6145,1,0.12641,0.31592,0.31772,0.12828,0.31223,0.31718
7996.6480,1,0.12718,0.31694,0.31794,0.12795,0.31364,0.31741
7996.6815,1,0.12597,0.31891,0.31819,0.12736,0.31522,0.31765
7996.7191,1,0.12411,0.32018,0.31843,0.12638,0.31671,0.31788
7996.7509,1,0.12444,0.32196,0.31821,0.12580,0.31828,0.31798
7996.7821,1,0.12375,0.32325,0.31795,0.12519,0.31977,0.31797
7996.8136,1,0.12395,0.32474,0.31789,0.12482,0.32127,0.31795
7996.8482,1,0.12356,0.32570,0.31744,0.12444,0.32260,0.31780
7996.8813,1,0.12350,0.32679,0.31716,0.12416,0.32385,0.31761
7996.9211,1,0.12436,0.32699,0.31653,0.12422,0.32479,0.31728
7996.9540,1,0.12517,0.32619,0.31614,0.12451,0.32521,0.31694
7996.9868,1,0.12673,0.32393,0.31558,0.12517,0.32483,0.31653
7997.0202,1,0.12745,0.31893,0.31543,0.12586,0.32306,0.31620
7997.0519,1,0.12812,0.31252,0.31524,0.12653,0.31990,0.31591
7997.0846,1,0.12694,0.30481,0.31521,0.12666,0.31537,0.31570
7997.1167,1,0.12900,0.29522,0.31455,0.12736,0.30932,0.31536
7997.1477,1,0.12882,0.28299,0.31471,0.12780,0.30142,0.31516
7997.1903,1,0.13322,0.26752,0.31394,0.12942,0.29125,0.31480
7997.2239,1,0.13619,0.24808,0.31282,0.13145,0.27830,0.31420
7997.2563,1,0.13535,0.22760,0.31333,0.13262,0.26309,0.31394
7997.2914,1,0.14154,0.20300,0.31225,0.13530,0.24506,0.31343
7997.3249,1,0.14093,0.17941,0.31102,0.13699,0.22537,0.31271
7997.3644,1,0.14066,0.15274,0.31069,0.13809,0.20358,0.31210
7997.3957,1,0.14556,0.12718,0.30895,0.14033,0.18066,0.31116
7997.4312,1,0.14452,0.09939,0.30862,0.14159,0.15628,0.31040
7997.4646,1,0.14574,0.07594,0.30723,0.14283,0.13218,0.30944
7997.4985,1,0.14381,0.05084,0.30786,0.14313,0.10778,0.30897
7997.5312,1,0.14407,0.02445,0.30862,0.14341,0.08278,0.30887
7997.5626,1,0.14914,0.00191,0.30945,0.14513,0.05852,0.30904
7997.5960,1,0.15029,-0.02187,0.31062,0.14668,0.03440,0.30951
7997.6307,1,0.14804,-0.04440,0.31183,0.14708,0.01076,0.31021
7997.6701,1,0.14863,-0.06703,0.31293,0.14755,-0.01258,0.31103
7997.7017,1,0.15296,-0.08587,0.31332,0.14917,-0.03456,0.31171
7997.7332,1,0.15437,-0.10759,0.31360,0.15073,-0.05647,0.31228
7997.7646,1,0.15037,-0.12516,0.31498,0.15062,-0.07708,0.31309
7997.7955,1,0.14963,-0.14025,0.31600,0.15032,-0.09603,0.31396
7997.8291,1,0.14844,-0.15604,0.31647,0.14976,-0.11403,0.31471
7997.8633,1,0.14941,-0.17032,0.31687,0.14965,-0.13092,0.31536
7997.8970,1,0.14941,-0.18388,0.31716,0.14958,-0.14681,0.31590
7997.9303,1,0.14642,-0.19692,0.31762,0.14863,-0.16184,0.31642
7997.9640,1,0.14417,-0.20936,0.31808,0.14729,-0.17610,0.31692
7998.0075,1,0.14378,-0.21998,0.31863,0.14624,-0.18926,0.31743
7998.0385,1,0.14275,-0.22866,0.31916,0.14519,-0.20108,0.31795
7998.0709,1,0.14251,-0.23613,0.31969,0.14439,-0.21160,0.31847
7998.1026,1,0.14153,-0.24293,0.32020,0.14353,-0.22100,0.31899
7998.1370,1,0.14173,-0.24813,0.32039,0.14299,-0.22914,0.31941
7998.1702,1,0.14122,-0.25285,0.32066,0.14246,-0.23625,0.31978
7998.2025,1,0.14235,-0.25748,0.32025,0.14243,-0.24262,0.31992
7998.2355,1,0.14123,-0.26028,0.31995,0.14207,-0.24792,0.31993
7998.2668,1,0.14169,-0.26413,0.31944,0.14196,-0.25278,0.31979
7998.3001,1,0.14202,-0.26811,0.31869,0.14197,-0.25738,0.31946
7998.3323,1,0.13973,-0.27181,0.31867,0.14130,-0.26171,0.31922
7998.3633,1,0.14140,-0.27591,0.31825,0.14133,-0.26597,0.31893
7998.4003,1,0.14230,-0.28069,0.31787,0.14162,-0.27039,0.31861
7998.4333,1,0.14277,-0.28588,0.31787,0.14197,-0.27503,0.31839
7998.4654,1,0.14297,-0.29057,0.31757,0.14227,-0.27969,0.31814
7998.4995,1,0.14261,-0.29410,0.31722,0.14237,-0.28402,0.31787
7998.5323,1,0.14207,-0.29752,0.31659,0.14228,-0.28807,0.31748
7998.5656,1,0.14145,-0.29968,0.31585,0.14203,-0.29155,0.31699
7998.5989,1,0.14282,-0.30163,0.31488,0.14227,-0.29457,0.31636
7998.6297,1,0.14096,-0.30400,0.31443,0.14187,-0.29740,0.31578
7998.6672,1,0.14068,-0.30718,0.31385,0.14152,-0.30033,0.31520
7998.6983,1,0.14055,-0.30908,0.31325,0.14123,-0.30296,0.31462
7998.7285,1,0.14079,-0.31197,0.31266,0.14110,-0.30566,0.31403
7998.7622,1,0.14138,-0.31410,0.31211,0.14118,-0.30819,0.31345
7998.7960,1,0.14215,-0.31519,0.31172,0.14147,-0.31029,0.31293
7998.8296,1,0.14055,-0.31642,0.31156,0.14120,-0.31213,0.31252
7998.8629,1,0.14013,-0.31710,0.31140,0.14088,-0.31362,0.31219
7998.8956,1,0.14009,-0.31733,0.31130,0.14064,-0.31474,0.31192
7998.9329,1,0.14071,-0.31679,0.31111,0.14066,-0.31535,0.31168
7998.9659,1,0.13978,-0.31631,0.31126,0.14040,-0.31564,0.31155
7999.0080,1,0.14016,-0.31461,0.31153,0.14033,-0.31533,0.31155
7999.0388,1,0.14025,-0.31251,0.31180,0.14030,-0.31448,0.31162
7999.0703,1,0.14139,-0.30874,0.31218,0.14063,-0.31276,0.31179
7999.1030,1,0.14112,-0.30358,0.31305,0.14078,-0.31001,0.31217
7999.1352,1,0.14013,-0.29725,0.31387,0.14058,-0.30618,0.31268
7999.1678,1,0.13898,-0.29009,0.31452,0.14010,-0.30135,0.31323
7999.2063,1,0.13923,-0.28087,0.31483,0.13984,-0.29521,0.31371
7999.2408,1,0.14120,-0.26849,0.31517,0.14025,-0.28719,0.31415
7999.2755,1,0.14173,-0.25863,0.31473,0.14069,-0.27862,0.31433
7999.3100,1,0.14408,-0.24682,0.31462,0.14171,-0.26908,0.31441
7999.3427,1,0.14447,-0.23356,0.31487,0.14254,-0.25843,0.31455
7999.3746,1,0.14429,-0.21751,0.31589,0.14306,-0.24615,0.31495
7999.4075,1,0.14628,-0.20192,0.31612,0.14403,-0.23288,0.31530
7999.4394,1,0.14955,-0.18381,0.31624,0.14568,-0.21816,0.31559
7999.4718,1,0.15106,-0.16652,0.31642,0.14730,-0.20267,0.31584
7999.5039,1,0.14903,-0.14863,0.31740,0.14782,-0.18646,0.31631
7999.5374,1,0.15037,-0.13026,0.31789,0.14858,-0.16960,0.31678
7999.5684,1,0.15463,-0.11099,0.31785,0.15040,-0.15202,0.31710
7999.6029,1,0.15679,-0.08994,0.31839,0.15232,-0.13339,0.31749
7999.6361,1,0.15793,-0.06932,0.31917,0.15400,-0.11417,0.31799
7999.6691,1,0.15702,-0.04667,0.32065,0.15491,-0.09392,0.31879
7999.6998,1,0.15798,-0.02682,0.32044,0.15583,-0.07379,0.31929
7999.7328,1,0.15814,-0.00481,0.32070,0.15652,-0.05310,0.31971
7999.7670,1,0.15933,0.01503,0.32058,0.15736,-0.03266,0.31997
7999.8001,1,0.16059,0.03724,0.32069,0.15833,-0.01169,0.32019
7999.8316,1,0.15882,0.05703,0.32078,0.15848,0.00893,0.32037
7999.8662,1,0.15600,0.07615,0.32070,0.15773,0.02909,0.32047
7999.8976,1,0.15592,0.09698,0.32065,0.15719,0.04946,0.32052
7999.9303,1,0.15747,0.11588,0.32012,0.15727,0.06938,0.32040
7999.9630,1,0.15628,0.13435,0.32010,0.15698,0.08887,0.32031
8000.0104,1,0.15926,0.15199,0.31917,0.15766,0.10781,0.31997
8000.0436,1,0.16065,0.16860,0.31787,0.15856,0.12605,0.31934
8000.0746,1,0.16337,0.18419,0.31663,0.16000,0.14349,0.31853
8000.1070,1,0.16011,0.19968,0.31639,0.16003,0.16035,0.31789
8000.1391,1,0.16046,0.21360,0.31547,0.16016,0.17632,0.31716
8000.1725,1,0.15719,0.22591,0.31499,0.15927,0.19120,0.31651
8000.2095,1,0.15893,0.24051,0.31332,0.15917,0.20599,0.31555
8000.2442,1,0.15848,0.25165,0.31192,0.15896,0.21969,0.31446
8000.2771,1,0.16173,0.26140,0.30980,0.15979,0.23220,0.31306
8000.3099,1,0.16013,0.26957,0.30889,0.15989,0.24341,0.31181
8000.3418,1,0.16259,0.27758,0.30741,0.16070,0.25366,0.31049
8000.3737,1,0.16053,0.28464,0.30741,0.16065,0.26296,0.30957
8000.4051,1,0.15720,0.28980,0.30839,0.15961,0.27101,0.30921
8000.4370,1,0.15629,0.29478,0.31001,0.15862,0.27814,0.30945
8000.4707,1,0.15723,0.30020,0.31214,0.15820,0.28476,0.31026
8000.5098,1,0.15942,0.30457,0.31487,0.15857,0.29070,0.31164
8000.5448,1,0.15864,0.30973,0.31904,0.15859,0.29641,0.31386
8000.5783,1,0.15889,0.31389,0.32369,0.15868,0.30166,0.31681
8000.6191,1,0.15752,0.31632,0.32957,0.15833,0.30605,0.32064
8000.6527,1,0.15961,0.31820,0.33580,0.15872,0.30970,0.32519
8000.6863,1,0.15699,0.31969,0.34335,0.15820,0.31269,0.33063
8000.7205,1,0.15739,0.32074,0.35100,0.15796,0.31511,0.33674
8000.7630,1,0.15906,0.32026,0.35919,0.15829,0.31665,0.34348
8000.7946,1,0.15711,0.31986,0.36768,0.15793,0.31761,0.35074
8000.8318,1,0.15653,0.31937,0.37665,0.15751,0.31814,0.35851
8000.8644,1,0.15683,0.31882,0.38518,0.15731,0.31834,0.36651
8000.8962,1,0.15609,0.31896,0.39336,0.15694,0.31853,0.37457
8000.9299,1,0.17283,0.31795,0.40384,0.16171,0.31836,0.38335
8000.9631,1,0.16211,0.31692,0.41058,0.16183,0.31792,0.39152
8001.0023,1,0.16001,0.31578,0.41577,0.16128,0.31728,0.39879
8001.0477,1,0.16350,0.31451,0.41873,0.16195,0.31645,0.40478
8001.0816,1,0.16073,0.31277,0.42190,0.16158,0.31535,0.40991
8001.1149,1,0.15843,0.31128,0.42480,0.16064,0.31413,0.41438
8001.1489,1,0.15814,0.30967,0.42671,0.15989,0.31279,0.41808
8001.1797,1,0.15514,0.30851,0.42848,0.15846,0.31150,0.42120
8001.2118,1,0.15385,0.30655,0.42946,0.15708,0.31002,0.42368
8001.2463,1,0.15269,0.30376,0.42986,0.15576,0.30814,0.42553
8001.2792,1,0.15245,0.30202,0.42993,0.15477,0.30630,0.42685
8001.3163,1,0.15171,0.29954,0.43013,0.15385,0.30427,0.42783
8001.3485,1,0.14893,0.29719,0.43037,0.15238,0.30215,0.42859
8001.3806,1,0.14657,0.29462,0.43055,0.15063,0.29989,0.42918
8001.4174,1,0.14462,0.29287,0.43065,0.14883,0.29778,0.42962
8001.4489,1,0.14587,0.29139,0.43043,0.14794,0.29587,0.42986
8001.4808,1,0.14617,0.29017,0.43019,0.14741,0.29416,0.42996
8001.5118,1,0.14560,0.28889,0.42974,0.14686,0.29258,0.42990
8001.5476,1,0.14437,0.28828,0.42794,0.14612,0.29129,0.42931
8001.5854,1,0.14545,0.28762,0.42441,0.14592,0.29019,0.42784
8001.6171,1,0.14511,0.28678,0.41955,0.14568,0.28916,0.42535
8001.6496,1,0.14089,0.28493,0.41316,0.14424,0.28789,0.42169
8001.6805,1,0.13742,0.28353,0.40534,0.14219,0.28658,0.41679
8001.7118,1,0.13498,0.28367,0.39637,0.14003,0.28571,0.41066
8001.7466,1,0.13326,0.28289,0.38613,0.13800,0.28486,0.40330
8001.7790,1,0.13081,0.28215,0.37594,0.13584,0.28405,0.39509
8001.8130,1,0.12834,0.28097,0.36478,0.13359,0.28312,0.38600
8001.8467,1,0.12816,0.28125,0.35333,0.13196,0.28256,0.37620
8001.8822,1,0.12619,0.28103,0.34172,0.13023,0.28210,0.36586
8001.9152,1,0.12484,0.28020,0.33039,0.12861,0.28153,0.35522
8001.9512,1,0.12536,0.28063,0.31937,0.12764,0.28126,0.34446
8001.9835,1,0.12363,0.27840,0.30879,0.12644,0.28040,0.33376
8002.0154,1,0.12239,0.27601,0.29822,0.12522,0.27909,0.32310
8002.0595,1,0.12324,0.27219,0.28773,0.12463,0.27702,0.31249
8002.0914,1,0.12069,0.27180,0.27901,0.12345,0.27545,0.30245
8002.1233,1,0.11546,0.26880,0.27049,0.12105,0.27346,0.29286
8002.1536,1,0.11469,0.26624,0.26124,0.11914,0.27129,0.28337
8002.1907,1,0.09847,0.26023,0.24802,0.11294,0.26797,0.27277
8002.2258,1,0.09783,0.25889,0.23790,0.10840,0.26525,0.26231
8002.2573,1,0.09456,0.25747,0.22943,0.10425,0.26292,0.25245
8002.2886,1,0.09402,0.25489,0.22067,0.10118,0.26051,0.24291
8002.3211,1,0.09283,0.25491,0.21314,0.09868,0.25883,0.23398
8002.3520,1,0.08756,0.25607,0.20812,0.09534,0.25800,0.22622
8002.3837,1,0.08163,0.25490,0.20244,0.09123,0.25707,0.21909
8002.4163,1,0.07372,0.25506,0.19799,0.08598,0.25647,0.21276
8002.4529,1,0.07421,0.25290,0.19267,0.08245,0.25540,0.20673
8002.4851,1,0.06999,0.25230,0.18876,0.07871,0.25447,0.20134
8002.5177,1,0.06534,0.25162,0.18487,0.07470,0.25361,0.19640
8002.5491,1,0.06251,0.25087,0.18145,0.07104,0.25279,0.19191
8002.5820,1,0.05892,0.24632,0.17716,0.06741,0.25085,0.18749
8002.6158,1,0.05501,0.24280,0.17361,0.06369,0.24844,0.18333
8002.6502,1,0.05165,0.24104,0.17004,0.06007,0.24622,0.17934
8002.6813,1,0.05393,0.23939,0.16611,0.05823,0.24417,0.17537
8002.7137,1,0.05000,0.23925,0.16405,0.05576,0.24269,0.17197
8002.7468,1,0.05000,0.23930,0.16284,0.05403,0.24168,0.16923
8002.7802,1,0.05000,0.23940,0.16059,0.05282,0.24099,0.16664
8002.8135,1,0.05000,0.23962,0.16036,0.05198,0.24058,0.16475
8002.8584,1,0.05000,0.23890,0.15847,0.05138,0.24008,0.16287
8002.8904,1,0.05000,0.23832,0.15716,0.05097,0.23955,0.16116
8002.9216,1,0.05000,0.23772,0.15676,0.05068,0.23900,0.15984
8002.9518,1,0.05000,0.23623,0.15436,0.05047,0.23817,0.15819
8002.9802,1,0.05000,0.23513,0.15359,0.05033,0.23726,0.15681
8003.0097,1,0.05000,0.23438,0.15277,0.05023,0.23640,0.15560
8003.0396,1,0.05000,0.23419,0.15127,0.05016,0.23573,0.15430
8003.0709,1,0.05000,0.23310,0.15079,0.05011,0.23494,0.15325
8003.1033,1,0.05000,0.23269,0.15052,0.05008,0.23427,0.15243
8003.1325,1,0.05000,0.23236,0.15061,0.05006,0.23370,0.15188
8003.1629,1,0.05000,0.23096,0.15149,0.05004,0.23287,0.15176
8003.1966,1,0.05000,0.22970,0.15247,0.05003,0.23192,0.15197
8003.2305,1,0.05000,0.22788,0.15417,0.05002,0.23071,0.15263
8003.2647,1,0.05000,0.22492,0.15511,0.05001,0.22897,0.15337
8003.2940,1,0.05000,0.22197,0.15595,0.05001,0.22687,0.15415
8003.3220,1,0.05000,0.21667,0.15658,0.05001,0.22381,0.15488
8003.3517,1,0.05000,0.20918,0.15714,0.05000,0.21942,0.15556
8003.3817,1,0.05000,0.20252,0.15848,0.05000,0.21435,0.15643
8003.4216,1,0.05000,0.19713,0.16048,0.05000,0.20918,0.15765
8003.4524,1,0.05000,0.18983,0.16171,0.05000,0.20338,0.15887
8003.4825,1,0.05000,0.18352,0.16292,0.05000,0.19742,0.16008
8003.5118,1,0.05000,0.17528,0.16268,0.05000,0.19078,0.16086
8003.5436,1,0.05000,0.16763,0.16391,0.05000,0.18384,0.16178
8003.5834,1,0.05000,0.15934,0.16410,0.05000,0.17649,0.16248
8003.6116,1,0.05150,0.14957,0.16496,0.05045,0.16841,0.16322
8003.6432,1,0.05578,0.13927,0.16519,0.05205,0.15967,0.16381
8003.6774,1,0.05808,0.12889,0.16564,0.05386,0.15044,0.16436
8003.7063,1,0.06174,0.11877,0.16688,0.05622,0.14094,0.16512
8003.7351,1,0.06383,0.10866,0.16846,0.05850,0.13125,0.16612
8003.7665,1,0.06601,0.09800,0.16946,0.06076,0.12128,0.16712
8003.7963,1,0.06710,0.08730,0.17096,0.06266,0.11108,0.16827
8003.8261,1,0.06661,0.07794,0.17359,0.06385,0.10114,0.16987
8003.8636,1,0.06865,0.06755,0.17510,0.06529,0.09106,0.17144
8003.8931,1,0.06617,0.05661,0.17638,0.06555,0.08073,0.17292
8003.9214,1,0.06754,0.04585,0.17824,0.06615,0.07026,0.17451
8003.9523,1,0.06872,0.03496,0.17879,0.06692,0.05967,0.17580
8003.9844,1,0.06756,0.02407,0.17962,0.06711,0.04899,0.17694
8004.0166,1,0.06886,0.01279,0.17988,0.06764,0.03813,0.17782
8004.0521,1,0.06792,0.00119,0.17981,0.06772,0.02705,0.17842
8004.0838,1,0.06858,-0.01036,0.18017,0.06798,0.01583,0.17895
8004.1146,1,0.06752,-0.02223,0.18078,0.06784,0.00441,0.17950
8004.1475,1,0.06608,-0.03355,0.18145,0.06731,-0.00698,0.18008
8004.1842,1,0.06469,-0.04451,0.18177,0.06652,-0.01824,0.18059
8004.2208,1,0.06410,-0.05482,0.18144,0.06580,-0.02921,0.18084
8004.2545,1,0.06446,-0.06453,0.18057,0.06540,-0.03981,0.18076
8004.2923,1,0.06441,-0.07436,0.18000,0.06510,-0.05017,0.18053
8004.3238,1,0.06431,-0.08409,0.17872,0.06486,-0.06035,0.17999
8004.3578,1,0.06554,-0.09335,0.17747,0.06506,-0.07025,0.17923
8004.3908,1,0.06458,-0.10261,0.17616,0.06492,-0.07996,0.17831
8004.4228,1,0.06535,-0.11141,0.17418,0.06505,-0.08939,0.17707
8004.4535,1,0.06440,-0.12067,0.17212,0.06485,-0.09877,0.17559
8004.4859,1,0.06379,-0.12928,0.16980,0.06453,-0.10793,0.17385
8004.5190,1,0.06404,-0.13805,0.16768,0.06439,-0.11696,0.17200
8004.5517,1,0.06396,-0.14651,0.16535,0.06426,-0.12583,0.17001
8004.5852,1,0.06232,-0.15488,0.16229,0.06368,-0.13454,0.16769
8004.6182,1,0.06105,-0.16252,0.15910,0.06289,-0.14294,0.16511
8004.6547,1,0.05789,-0.17029,0.15576,0.06139,-0.15114,0.16231
8004.6888,1,0.05595,-0.17702,0.15303,0.05976,-0.15891,0.15952
8004.7202,1,0.05494,-0.18291,0.15017,0.05831,-0.16611,0.15672
8004.7531,1,0.05310,-0.18949,0.14792,0.05675,-0.17312,0.15408
8004.7874,1,0.05328,-0.19480,0.14569,0.05571,-0.17963,0.15156
8004.8203,1,0.05202,-0.20014,0.14302,0.05460,-0.18578,0.14900
8004.8537,1,0.05108,-0.20537,0.14067,0.05354,-0.19166,0.14650
8004.8862,1,0.05172,-0.21043,0.13834,0.05300,-0.19729,0.14405
8004.9208,1,0.05489,-0.21476,0.13654,0.05357,-0.20253,0.14180
8004.9540,1,0.05674,-0.21866,0.13478,0.05452,-0.20737,0.13969
8004.9876,1,0.05889,-0.22338,0.13326,0.05583,-0.21217,0.13776
8005.0229,1,0.06057,-0.22822,0.13217,0.05725,-0.21699,0.13609
8005.0539,1,0.06447,-0.23236,0.13139,0.05942,-0.22160,0.13468
8005.0904,1,0.06868,-0.23550,0.13110,0.06220,-0.22577,0.13360
8005.1222,1,0.07035,-0.23966,0.13114,0.06464,-0.22994,0.13286
8005.1563,1,0.07070,-0.24380,0.13109,0.06646,-0.23410,0.13233
8005.1872,1,0.07107,-0.24753,0.13085,0.06784,-0.23813,0.13189
8005.2180,1,0.06972,-0.25074,0.13010,0.06841,-0.24191,0.13135
8005.2514,1,0.07016,-0.25382,0.13030,0.06893,-0.24548,0.13104
8005.2906,1,0.07004,-0.25625,0.13063,0.06927,-0.24871,0.13091
8005.3217,1,0.06855,-0.25799,0.13157,0.06905,-0.25150,0.13111
8005.3529,1,0.06730,-0.25834,0.13326,0.06852,-0.25355,0.13176
8005.3875,1,0.06539,-0.25944,0.13709,0.06758,-0.25532,0.13335
8005.4202,1,0.06272,-0.25940,0.14112,0.06613,-0.25654,0.13568
8005.4611,1,0.05792,-0.25822,0.14538,0.06366,-0.25704,0.13859
8005.4984,1,0.05461,-0.25769,0.15239,0.06095,-0.25724,0.14273
8005.5390,1,0.05513,-0.25596,0.15947,0.05920,-0.25685,0.14775
8005.5740,1,0.05328,-0.25419,0.16755,0.05742,-0.25606,0.15369
8005.6114,1,0.05000,-0.24977,0.17687,0.05520,-0.25417,0.16064
8005.6428,1,0.05000,-0.24405,0.18718,0.05364,-0.25113,0.16861
8005.6779,1,0.05000,-0.23925,0.19646,0.05255,-0.24757,0.17696
8005.7149,1,0.05000,-0.23573,0.20487,0.05178,-0.24402,0.18533
8005.7533,1,0.05000,-0.23108,0.21454,0.05125,-0.24014,0.19410
8005.7883,1,0.05000,-0.22841,0.22380,0.05087,-0.23662,0.20301
8005.8254,1,0.05000,-0.22812,0.23340,0.05061,-0.23407,0.21213
8005.8588,1,0.05000,-0.23100,0.24107,0.05043,-0.23315,0.22081
8005.8917,1,0.05000,-0.22747,0.25024,0.05030,-0.23145,0.22964
8005.9243,1,0.05000,-0.22827,0.25891,0.05021,-0.23049,0.23842
8005.9560,1,0.05000,-0.22617,0.26662,0.05015,-0.22920,0.24688
8006.0228,2,0.05000,-0.22851,0.28588,0.05010,-0.22899,0.25858
8006.0543,2,0.05000,-0.23102,0.29551,0.05007,-0.22960,0.26966
8006.0865,2,0.05000,-0.23115,0.30380,0.05005,-0.23007,0.27990
8006.1179,2,0.05000,-0.23100,0.31380,0.05004,-0.23035,0.29007
8006.1501,2,0.05000,-0.23032,0.32331,0.05002,-0.23034,0.30004
8006.1819,2,0.05000,-0.23015,0.33329,0.05002,-0.23028,0.31002
8006.2123,2,0.05000,-0.22835,0.34271,0.05001,-0.22970,0.31983
8006.2462,2,0.05000,-0.22732,0.35260,0.05001,-0.22899,0.32966
8006.2787,2,0.05434,-0.22584,0.36110,0.05131,-0.22804,0.33909
8006.3189,2,0.05640,-0.22436,0.36932,0.05283,-0.22694,0.34816
8006.3520,2,0.05674,-0.22171,0.37705,0.05401,-0.22537,0.35683
8006.3844,2,0.05817,-0.22066,0.38313,0.05525,-0.22396,0.36472
8006.4165,2,0.06421,-0.21685,0.38993,0.05794,-0.22183,0.37228
8006.4492,2,0.06460,-0.21525,0.39564,0.05994,-0.21985,0.37929
8006.4803,2,0.06602,-0.21352,0.40018,0.06176,-0.21795,0.38556
8006.5124,2,0.07068,-0.20999,0.40392,0.06444,-0.21557,0.39107
8006.5468,2,0.07459,-0.20690,0.40758,0.06748,-0.21297,0.39602
8006.5800,2,0.07876,-0.20379,0.41062,0.07087,-0.21021,0.40040
8006.6120,2,0.08202,-0.20070,0.41356,0.07421,-0.20736,0.40435
8006.6456,2,0.08508,-0.19750,0.41674,0.07747,-0.20440,0.40806
8006.6790,2,0.08899,-0.19408,0.41930,0.08093,-0.20130,0.41144
8006.7172,2,0.09452,-0.18937,0.42150,0.08501,-0.19772,0.41445
8006.7487,2,0.09707,-0.18368,0.42401,0.08862,-0.19351,0.41732
8006.7832,2,0.10050,-0.17694,0.42591,0.09219,-0.18854,0.41990
8006.8168,2,0.10514,-0.16792,0.42675,0.09607,-0.18235,0.42195
8006.8482,2,0.10987,-0.15797,0.42670,0.10021,-0.17504,0.42338
8006.8815,2,0.11397,-0.14712,0.42603,0.10434,-0.16666,0.42417
8006.9130,2,0.11921,-0.13614,0.42455,0.10880,-0.15751,0.42429
8006.9469,2,0.12576,-0.12455,0.42206,0.11389,-0.14762,0.42362
8006.9802,2,0.13077,-0.11122,0.42029,0.11895,-0.13670,0.42262
8007.0247,2,0.13224,-0.09854,0.41921,0.12294,-0.12525,0.42160
8007.0557,2,0.13294,-0.08488,0.41828,0.12594,-0.11314,0.42060
8007.0872,2,0.13463,-0.07163,0.41760,0.12854,-0.10069,0.41970
8007.1187,2,0.13745,-0.05930,0.41576,0.13122,-0.08827,0.41852
8007.1507,2,0.14314,-0.04764,0.41372,0.13479,-0.07608,0.41708
8007.1836,2,0.14280,-0.03771,0.41259,0.13720,-0.06457,0.41573
8007.2159,2,0.14108,-0.02714,0.41247,0.13836,-0.05334,0.41475
8007.2548,2,0.13941,-0.01854,0.41256,0.13868,-0.04290,0.41409
8007.2864,2,0.14032,-0.00968,0.41252,0.13917,-0.03294,0.41362
8007.3189,2,0.14236,-0.00009,0.41256,0.14013,-0.02308,0.41330
8007.3523,2,0.14383,0.00898,0.41266,0.14124,-0.01346,0.41311
8007.3835,2,0.14480,0.01865,0.41282,0.14231,-0.00383,0.41302
8007.4151,2,0.14510,0.02797,0.41288,0.14315,0.00571,0.41298
8007.4566,2,0.14367,0.03658,0.41301,0.14330,0.01497,0.41299
8007.4878,2,0.14310,0.04537,0.41271,0.14324,0.02409,0.41290
8007.5207,2,0.14228,0.05293,0.41150,0.14296,0.03274,0.41248
8007.5527,2,0.14269,0.06023,0.41040,0.14288,0.04099,0.41186
8007.5853,2,0.14480,0.06782,0.40933,0.14345,0.04904,0.41110
8007.6170,2,0.14581,0.07497,0.40849,0.14416,0.05682,0.41032
8007.6488,2,0.14713,0.08242,0.40761,0.14505,0.06450,0.40950
8007.6806,2,0.14826,0.08941,0.40671,0.14601,0.07197,0.40867
8007.7152,2,0.14900,0.09452,0.40588,0.14691,0.07874,0.40783
8007.7497,2,0.14727,0.09867,0.40544,0.14702,0.08472,0.40711
8007.7818,2,0.14695,0.10235,0.40461,0.14700,0.09001,0.40636
8007.8189,2,0.14653,0.10524,0.40411,0.14686,0.09458,0.40569
8007.8511,2,0.14648,0.10741,0.40337,0.14674,0.09842,0.40499
8007.8863,2,0.14824,0.10915,0.40249,0.14719,0.10164,0.40424
8007.9215,2,0.14929,0.10946,0.40114,0.14782,0.10399,0.40331
8007.9560,2,0.15016,0.10975,0.39975,0.14852,0.10572,0.40224
8007.9895,2,0.15103,0.10939,0.39812,0.14928,0.10682,0.40100
8008.0253,2,0.15161,0.10887,0.39655,0.14998,0.10743,0.39967
8008.0557,2,0.15119,0.10804,0.39471,0.15034,0.10761,0.39818
8008.0871,2,0.15178,0.10722,0.39269,0.15077,0.10750,0.39653
8008.1222,2,0.15190,0.10618,0.39035,0.15111,0.10710,0.39468
8008.1555,2,0.15323,0.10534,0.38795,0.15175,0.10657,0.39266
8008.1929,2,0.15433,0.10419,0.38539,0.15252,0.10586,0.39048
8008.2269,2,0.15677,0.10289,0.38237,0.15380,0.10497,0.38805
8008.2599,2,0.15850,0.10131,0.37953,0.15521,0.10387,0.38549
8008.2920,2,0.16075,0.09975,0.37644,0.15687,0.10263,0.38278
8008.3248,2,0.15865,0.09874,0.37424,0.15740,0.10147,0.38021
8008.3584,2,0.15859,0.09718,0.37190,0.15776,0.10018,0.37772
8008.3921,2,0.16149,0.09583,0.36880,0.15888,0.09887,0.37505
8008.4242,2,0.16365,0.09404,0.36586,0.16031,0.09742,0.37229
8008.4550,2,0.16539,0.09290,0.36303,0.16184,0.09607,0.36951
8008.4874,2,0.16907,0.09304,0.36013,0.16401,0.09516,0.36670
8008.5228,2,0.17256,0.09270,0.35733,0.16657,0.09442,0.36389
8008.5634,2,0.17533,0.09201,0.35492,0.16920,0.09370,0.36120
8008.5947,2,0.18025,0.09060,0.35189,0.17251,0.09277,0.35841
8008.6295,2,0.18684,0.08974,0.34859,0.17681,0.09186,0.35546
8008.6615,2,0.19146,0.08858,0.34548,0.18121,0.09088,0.35247
8008.6944,2,0.19448,0.08784,0.34332,0.18519,0.08996,0.34972
8008.7250,2,0.19547,0.08600,0.34107,0.18827,0.08878,0.34712
8008.7582,2,0.20026,0.08453,0.33892,0.19187,0.08750,0.34466
8008.7888,2,0.20416,0.08253,0.33768,0.19556,0.08601,0.34257
8008.8201,2,0.21035,0.07961,0.33687,0.20000,0.08409,0.34086
8008.8513,2,0.21562,0.07595,0.33672,0.20468,0.08165,0.33962
8008.8819,2,0.22369,0.07235,0.33628,0.21038,0.07886,0.33862
8008.9154,2,0.23088,0.06900,0.33627,0.21653,0.07590,0.33791
8008.9470,2,0.23696,0.06518,0.33692,0.22266,0.07268,0.33762
8008.9789,2,0.24456,0.06191,0.33753,0.22923,0.06945,0.33759
8009.0111,2,0.25455,0.05818,0.33813,0.23683,0.06607,0.33775
8009.0451,2,0.26024,0.05398,0.33992,0.24385,0.06244,0.33840
8009.0835,2,0.27118,0.05151,0.34050,0.25205,0.05916,0.33903
8009.1143,2,0.27969,0.04948,0.34127,0.26034,0.05626,0.33970
8009.1453,2,0.28823,0.04867,0.34104,0.26871,0.05398,0.34010
8009.1783,2,0.30158,0.04976,0.33997,0.27857,0.05271,0.34006
8009.2125,2,0.31076,0.05136,0.33849,0.28823,0.05231,0.33959
8009.2460,2,0.31808,0.05404,0.33730,0.29718,0.05283,0.33890
8009.2810,2,0.33011,0.05859,0.33392,0.30706,0.05456,0.33741
8009.3120,2,0.33808,0.06223,0.33141,0.31637,0.05686,0.33561
8009.3475,2,0.34613,0.06690,0.32889,0.32530,0.05987,0.33359
8009.3786,2,0.35397,0.07115,0.32633,0.33390,0.06326,0.33141
8009.4125,2,0.36105,0.07550,0.32394,0.34204,0.06693,0.32917
8009.4455,2,0.37311,0.07974,0.32064,0.35136,0.07077,0.32661
8009.4846,2,0.37786,0.08376,0.31928,0.35931,0.07467,0.32441
8009.5222,2,0.39399,0.08726,0.31611,0.36971,0.07845,0.32192
8009.5552,2,0.40000,0.09159,0.31368,0.37880,0.08239,0.31945
8009.5872,2,0.40000,0.09460,0.31189,0.38516,0.08605,0.31718
8009.6189,2,0.40000,0.09768,0.30938,0.38961,0.08954,0.31484
8009.6517,2,0.40000,0.10147,0.30642,0.39273,0.09312,0.31232
8009.6842,2,0.40000,0.10496,0.30483,0.39491,0.09667,0.31007
8009.7161,2,0.40000,0.10836,0.30140,0.39644,0.10018,0.30747
8009.7475,2,0.40000,0.11204,0.29844,0.39751,0.10373,0.30476
8009.7806,2,0.40000,0.11540,0.29528,0.39825,0.10723,0.30192
8009.8211,2,0.40000,0.11877,0.29149,0.39878,0.11070,0.29879
8009.8567,2,0.40000,0.12356,0.28551,0.39914,0.11456,0.29481
8009.8877,2,0.40000,0.12881,0.27796,0.39940,0.11883,0.28975
8009.9194,2,0.40000,0.13518,0.27076,0.39958,0.12374,0.28405
8009.9577,2,0.40000,0.14079,0.26328,0.39971,0.12885,0.27782
8009.9893,2,0.40000,0.14392,0.25455,0.39979,0.13337,0.27084
8010.0199,2,0.40000,0.14622,0.24482,0.39986,0.13723,0.26303
8010.0597,2,0.40000,0.14955,0.23365,0.39990,0.14092,0.25422
8010.0923,2,0.40000,0.15394,0.22167,0.39993,0.14483,0.24445
8010.1240,2,0.40000,0.15924,0.21081,0.39995,0.14915,0.23436
8010.1559,2,0.40000,0.16608,0.19960,0.39997,0.15423,0.22393
8010.1879,2,0.40000,0.17112,0.19061,0.39998,0.15930,0.21393
8010.2197,2,0.40000,0.17501,0.18217,0.39998,0.16401,0.20440
8010.2522,2,0.40000,0.17796,0.17435,0.39999,0.16819,0.19539
8010.2855,2,0.40000,0.18032,0.16626,0.39999,0.17183,0.18665
8010.3179,2,0.40000,0.18080,0.15947,0.39999,0.17452,0.17850
8010.3499,2,0.40000,0.18044,0.15089,0.40000,0.17630,0.17021
8010.3829,2,0.40000,0.18127,0.14285,0.40000,0.17779,0.16200
8010.4157,2,0.40000,0.17515,0.13493,0.40000,0.17700,0.15388
8010.4478,2,0.40000,0.17551,0.12986,0.40000,0.17655,0.14667
8010.4813,2,0.40000,0.17789,0.12478,0.40000,0.17695,0.14011
8010.5124,2,0.40000,0.17539,0.12259,0.40000,0.17648,0.13485
8010.5476,2,0.40000,0.17334,0.12082,0.40000,0.17554,0.13064
8010.5794,2,0.40000,0.16951,0.12171,0.40000,0.17373,0.12796
8010.6175,2,0.40000,0.16857,0.12324,0.40000,0.17218,0.12655
8010.6513,2,0.40000,0.16571,0.12587,0.40000,0.17024,0.12634
8010.6880,2,0.40000,0.16188,0.12765,0.40000,0.16773,0.12674
8010.7224,2,0.40000,0.16201,0.13074,0.40000,0.16602,0.12794
8010.7565,2,0.40000,0.15838,0.13575,0.40000,0.16372,0.13028
8010.7915,2,0.40000,0.15817,0.14028,0.40000,0.16206,0.13328
8010.8240,2,0.40000,0.15977,0.14460,0.40000,0.16137,0.13668
8010.8558,2,0.40000,0.15714,0.15127,0.40000,0.16010,0.14105
8010.8895,2,0.40000,0.15416,0.15794,0.40000,0.15832,0.14612
8010.9228,2,0.40000,0.14833,0.16400,0.40000,0.15532,0.15148
8010.9559,2,0.40000,0.14194,0.17094,0.40000,0.15131,0.15732
8010.9936,2,0.40000,0.13711,0.17816,0.40000,0.14705,0.16357
8011.0249,2,0.40000,0.13416,0.18500,0.40000,0.14318,0.17000
8011.0639,2,0.40000,0.13163,0.19159,0.40000,0.13972,0.17648
8011.0993,2,0.40000,0.12972,0.19333,0.40000,0.13672,0.18153
8011.1337,2,0.40000,0.12326,0.19513,0.40000,0.13268,0.18561
8011.1678,2,0.40000,0.11956,0.19635,0.40000,0.12875,0.18883
8011.2011,2,0.40000,0.11500,0.19890,0.40000,0.12462,0.19185
8011.2385,2,0.40000,0.11075,0.20197,0.40000,0.12046,0.19489
8011.2717,2,0.40000,0.10849,0.20478,0.40000,0.11687,0.19786
8011.3045,2,0.40000,0.10634,0.20902,0.40000,0.11371,0.20120
8011.3384,2,0.40000,0.10404,0.21475,0.40000,0.11081,0.20527
8011.3705,2,0.40000,0.10182,0.22017,0.40000,0.10811,0.20974
8011.4015,2,0.39950,0.10005,0.22585,0.39985,0.10569,0.21457
8011.4329,2,0.38706,0.09883,0.23044,0.39601,0.10363,0.21933
8011.4645,2,0.37075,0.09569,0.23500,0.38843,0.10125,0.22403
8011.4960,2,0.35382,0.09396,0.23942,0.37805,0.09906,0.22865
8011.5329,2,0.33965,0.09175,0.24306,0.36653,0.09687,0.23297
8011.5682,2,0.32596,0.09012,0.24739,0.35436,0.09484,0.23730
8011.6036,2,0.31247,0.08816,0.25139,0.34179,0.09284,0.24152
8011.6390,2,0.30161,0.08612,0.25533,0.32974,0.09082,0.24566
8011.6754,2,0.28926,0.08306,0.25953,0.31759,0.08849,0.24982
8011.7088,2,0.27881,0.08093,0.26343,0.30596,0.08623,0.25390
8011.7434,2,0.26685,0.07851,0.26748,0.29423,0.08391,0.25798
8011.7829,2,0.25797,0.07705,0.27101,0.28335,0.08185,0.26189
8011.8149,2,0.24815,0.07643,0.27474,0.27279,0.08023,0.26574
8011.8485,2,0.24139,0.07478,0.27791,0.26337,0.07859,0.26939
8011.8818,2,0.23334,0.07435,0.28073,0.25436,0.07732,0.27279
8011.9150,2,0.22624,0.07308,0.28335,0.24593,0.07605,0.27596
8011.9536,2,0.21923,0.07134,0.28540,0.23792,0.07464,0.27879
8011.9858,2,0.21164,0.06986,0.28775,0.23003,0.07320,0.28148
8012.0191,2,0.20548,0.06804,0.28943,0.22267,0.07165,0.28386
8012.0527,2,0.20143,0.06599,0.29084,0.21630,0.06995,0.28596
8012.0851,2,0.19623,0.06424,0.29240,0.21028,0.06824,0.28789
8012.1163,2,0.19504,0.06303,0.29386,0.20570,0.06668,0.28968
8012.1496,2,0.19165,0.06229,0.29552,0.20149,0.06536,0.29143
8012.1823,2,0.18510,0.06207,0.29762,0.19657,0.06437,0.29329
8012.2156,2,0.17928,0.06205,0.29958,0.19138,0.06368,0.29518
8012.2526,2,0.17140,0.06108,0.30173,0.18539,0.06290,0.29714
8012.2864,2,0.16631,0.06052,0.30310,0.17967,0.06218,0.29893
8012.3177,2,0.16334,0.06016,0.30419,0.17477,0.06158,0.30051
8012.3502,2,0.15853,0.06018,0.30556,0.16990,0.06116,0.30202
8012.3817,2,0.15418,0.06066,0.30670,0.16518,0.06101,0.30343
8012.4144,2,0.14877,0.06050,0.30824,0.16026,0.06085,0.30487
8012.4472,2,0.14499,0.06126,0.30986,0.15568,0.06098,0.30637
8012.4803,2,0.14011,0.06129,0.31161,0.15101,0.06107,0.30794
8012.5133,2,0.13851,0.06249,0.31239,0.14726,0.06150,0.30928
8012.5467,2,0.13576,0.06300,0.31310,0.14381,0.06195,0.31042
8012.5803,2,0.13191,0.06348,0.31373,0.14024,0.06241,0.31142
8012.6167,2,0.13062,0.06361,0.31376,0.13735,0.06277,0.31212
8012.6491,2,0.12955,0.06408,0.31396,0.13501,0.06316,0.31267
8012.6835,2,0.12996,0.06380,0.31380,0.13349,0.06335,0.31301
8012.7176,2,0.12809,0.06436,0.31417,0.13187,0.06366,0.31336
8012.7517,2,0.12752,0.06476,0.31420,0.13057,0.06399,0.31361
8012.7859,2,0.12704,0.06434,0.31429,0.12951,0.06409,0.31382
8012.8187,2,0.12574,0.06467,0.31453,0.12838,0.06427,0.31403
8012.8517,2,0.12365,0.06481,0.31487,0.12696,0.06443,0.31428
8012.8866,2,0.12314,0.06503,0.31492,0.12581,0.06461,0.31447
8012.9175,2,0.12249,0.06538,0.31489,0.12482,0.06484,0.31460
8012.9503,2,0.12126,0.06570,0.31503,0.12375,0.06510,0.31473
8012.9834,2,0.12086,0.06591,0.31487,0.12288,0.06534,0.31477
8013.0156,2,0.12067,0.06685,0.31457,0.12222,0.06579,0.31471
8013.0585,2,0.12153,0.06683,0.31385,0.12201,0.06610,0.31445
8013.0895,2,0.12184,0.06761,0.31308,0.12196,0.06656,0.31404
8013.1239,2,0.12403,0.06824,0.31160,0.12258,0.06706,0.31331
8013.1577,2,0.12302,0.06880,0.31009,0.12271,0.06758,0.31234
8013.1916,2,0.12257,0.06933,0.30823,0.12267,0.06811,0.31111
8013.2221,2,0.12226,0.06953,0.30595,0.12255,0.06854,0.30956
8013.2535,2,0.12267,0.06971,0.30326,0.12258,0.06889,0.30767
8013.2855,2,0.12283,0.06928,0.30043,0.12266,0.06900,0.30550
8013.3167,2,0.12193,0.07021,0.29791,0.12244,0.06937,0.30322
8013.3493,2,0.12358,0.07110,0.29447,0.12278,0.06988,0.30060
8013.3862,2,0.12380,0.07106,0.29118,0.12309,0.07024,0.29777
8013.4239,2,0.12516,0.07150,0.28789,0.12371,0.07061,0.29481
8013.4549,2,0.12768,0.07137,0.28455,0.12490,0.07084,0.29173
8013.4907,2,0.12921,0.07203,0.28193,0.12619,0.07120,0.28879
8013.5267,2,0.12907,0.07169,0.27952,0.12705,0.07134,0.28601
8013.5613,2,0.12960,0.07161,0.27693,0.12782,0.07143,0.28329
8013.5998,2,0.12981,0.07221,0.27457,0.12842,0.07166,0.28067
8013.6333,2,0.13097,0.07276,0.27227,0.12918,0.07199,0.27815
8013.6642,2,0.13189,0.07336,0.27020,0.12999,0.07240,0.27577
8013.6962,2,0.13293,0.07377,0.26835,0.13087,0.07281,0.27354
8013.7299,2,0.13378,0.07412,0.26659,0.13174,0.07320,0.27146
8013.7626,2,0.13414,0.07533,0.26559,0.13246,0.07384,0.26970
8013.7949,2,0.13604,0.07619,0.26426,0.13354,0.07455,0.26807
8013.8286,2,0.13705,0.07678,0.26339,0.13459,0.07522,0.26666
8013.8620,2,0.13871,0.07749,0.26268,0.13582,0.07590,0.26547
8013.8949,2,0.14124,0.07810,0.26200,0.13745,0.07656,0.26443
8013.9312,2,0.14236,0.07871,0.26165,0.13892,0.07720,0.26359
8013.9673,2,0.14461,0.07864,0.26114,0.14063,0.07763,0.26286
8013.9987,2,0.14673,0.07877,0.26072,0.14246,0.07798,0.26222
8014.0310,2,0.14659,0.07860,0.26061,0.14370,0.07816,0.26173
8014.0753,2,0.14788,0.07778,0.26028,0.14495,0.07805,0.26130
8014.1080,2,0.14944,0.07824,0.26009,0.14630,0.07811,0.26093
8014.1406,2,0.15048,0.07766,0.25985,0.14755,0.07797,0.26061
8014.1725,2,0.15121,0.07750,0.25982,0.14865,0.07783,0.26037
8014.2047,2,0.15448,0.07733,0.25940,0.15040,0.07768,0.26008
8014.2372,2,0.15587,0.07712,0.25905,0.15204,0.07751,0.25977
8014.2768,2,0.15757,0.07676,0.25869,0.15370,0.07729,0.25945
8014.3110,2,0.15873,0.07663,0.25853,0.15521,0.07709,0.25917
8014.3431,2,0.16186,0.07673,0.25819,0.15720,0.07698,0.25888
8014.3758,2,0.16299,0.07731,0.25812,0.15894,0.07708,0.25865
8014.4086,2,0.16539,0.07673,0.25754,0.16087,0.07697,0.25832
8014.4446,2,0.16757,0.07618,0.25686,0.16288,0.07674,0.25788
8014.4778,2,0.17006,0.07571,0.25626,0.16504,0.07643,0.25740
8014.5155,2,0.17245,0.07496,0.25588,0.16726,0.07599,0.25694
8014.5488,2,0.17478,0.07441,0.25547,0.16952,0.07551,0.25650
8014.5821,2,0.17736,0.07334,0.25514,0.17187,0.07486,0.25609
8014.6145,2,0.18071,0.07343,0.25456,0.17452,0.07443,0.25563
8014.6498,2,0.18389,0.07382,0.25379,0.17733,0.07425,0.25508
8014.6818,2,0.18625,0.07350,0.25293,0.18001,0.07402,0.25443
8014.7171,2,0.18801,0.07407,0.25232,0.18241,0.07404,0.25380
8014.7600,2,0.19011,0.07517,0.25176,0.18472,0.07438,0.25319
8014.7976,2,0.19386,0.07606,0.25117,0.18746,0.07488,0.25258
8014.8304,2,0.19681,0.07638,0.25077,0.19026,0.07533,0.25204
8014.8713,2,0.19963,0.07590,0.24974,0.19307,0.07550,0.25135
8014.9025,2,0.20110,0.07654,0.24910,0.19548,0.07581,0.25067
8014.9328,2,0.20905,0.07818,0.24570,0.19955,0.07652,0.24918
8014.9638,2,0.21146,0.07857,0.24389,0.20312,0.07714,0.24759
8014.9972,2,0.21594,0.07900,0.24204,0.20697,0.07770,0.24593
8015.0299,2,0.21803,0.07989,0.24059,0.21029,0.07835,0.24433
8015.0637,2,0.22193,0.07913,0.24006,0.21378,0.07859,0.24305
8015.1159,2,0.22553,0.07916,0.24018,0.21731,0.07876,0.24219
8015.1516,2,0.22906,0.07928,0.24044,0.22083,0.07891,0.24166
8015.1852,2,0.23362,0.08057,0.24029,0.22467,0.07941,0.24125
8015.2177,2,0.23596,0.08108,0.23980,0.22805,0.07991,0.24081
8015.2503,2,0.23878,0.08218,0.23918,0.23127,0.08059,0.24033
8015.2833,2,0.24094,0.08258,0.23796,0.23417,0.08119,0.23962
8015.3173,2,0.24241,0.08133,0.23659,0.23664,0.08123,0.23871
8015.3547,2,0.24675,0.08002,0.23594,0.23967,0.08087,0.23788
8015.3854,2,0.24937,0.07800,0.23581,0.24258,0.08001,0.23726
8015.4194,2,0.25239,0.07725,0.23552,0.24552,0.07918,0.23674
8015.4543,2,0.25838,0.07795,0.23376,0.24938,0.07881,0.23585
8015.4864,2,0.26066,0.07838,0.23131,0.25277,0.07868,0.23448
8015.5187,2,0.27631,0.07819,0.22249,0.25983,0.07853,0.23088
8015.5497,2,0.27921,0.07895,0.21785,0.26564,0.07866,0.22697
8015.5827,2,0.28200,0.08065,0.21391,0.27055,0.07926,0.22305
8015.6177,2,0.28832,0.08197,0.21016,0.27588,0.08007,0.21919
8015.6497,2,0.29163,0.08376,0.20712,0.28061,0.08118,0.21557
8015.6859,2,0.29663,0.08438,0.20397,0.28541,0.08214,0.21209
8015.7176,2,0.30149,0.08418,0.20072,0.29024,0.08275,0.20868
8015.7503,2,0.30722,0.08586,0.19684,0.29533,0.08368,0.20513
8015.7825,2,0.31309,0.08624,0.19321,0.30066,0.08445,0.20155
8015.8154,2,0.31695,0.08582,0.19001,0.30555,0.08486,0.19809
8015.8536,2,0.32071,0.08458,0.18713,0.31010,0.08478,0.19480
8015.8866,2,0.32689,0.08399,0.18404,0.31513,0.08454,0.19157
8015.9206,2,0.33257,0.08353,0.18119,0.32036,0.08424,0.18846
8015.9542,2,0.34061,0.08410,0.17862,0.32644,0.08420,0.18551
8015.9883,2,0.34833,0.08598,0.17573,0.33300,0.08473,0.18257
8016.0221,2,0.35545,0.08663,0.17258,0.33974,0.08530,0.17958
8016.0540,2,0.36338,0.08900,0.16872,0.34683,0.08641,0.17632
8016.0875,2,0.37572,0.09078,0.16336,0.35550,0.08772,0.17243
8016.1219,2,0.38540,0.09223,0.15799,0.36447,0.08907,0.16810
8016.1556,2,0.39354,0.09357,0.15209,0.37319,0.09042,0.16330
8016.1895,2,0.39907,0.09324,0.14696,0.38096,0.09127,0.15840
8016.2226,2,0.40000,0.09433,0.14322,0.38667,0.09219,0.15384
8016.2556,2,0.40000,0.09559,0.13878,0.39067,0.09321,0.14932
8016.2898,2,0.40000,0.09693,0.13480,0.39347,0.09433,0.14497
8016.3241,2,0.40000,0.09719,0.13048,0.39543,0.09519,0.14062
8016.3554,2,0.40000,0.09715,0.12728,0.39680,0.09577,0.13662
8016.3873,2,0.40000,0.10029,0.12427,0.39776,0.09713,0.13292
8016.4187,2,0.40000,0.10100,0.12178,0.39843,0.09829,0.12957
8016.4504,2,0.40000,0.10165,0.11981,0.39890,0.09930,0.12664
8016.4821,2,0.40000,0.09934,0.11890,0.39923,0.09931,0.12432
8016.5134,2,0.40000,0.09908,0.11909,0.39946,0.09924,0.12275
8016.5479,2,0.40000,0.09667,0.11974,0.39962,0.09847,0.12185
8016.5858,2,0.40000,0.09871,0.12126,0.39974,0.09854,0.12167
8016.6169,2,0.40000,0.09828,0.12421,0.39982,0.09846,0.12243
8016.6479,2,0.40000,0.09865,0.12870,0.39987,0.09852,0.12431
8016.6807,2,0.40000,0.09791,0.13315,0.39991,0.09834,0.12696
8016.7171,2,0.40000,0.09569,0.13918,0.39994,0.09754,0.13063
8016.7513,2,0.40000,0.09433,0.14386,0.39996,0.09658,0.13460
8016.7878,2,0.40000,0.09293,0.15003,0.39997,0.09548,0.13923
8016.8225,2,0.40000,0.09017,0.15567,0.39998,0.09389,0.14416
8016.8554,2,0.40000,0.08806,0.16209,0.39998,0.09214,0.14954
8016.8891,2,0.40000,0.08660,0.16845,0.39999,0.09048,0.15521
8016.9214,2,0.39435,0.08541,0.17377,0.39830,0.08896,0.16078
8016.9534,2,0.38333,0.08463,0.17941,0.39381,0.08766,0.16637
8016.9869,2,0.37096,0.08298,0.18452,0.38695,0.08626,0.17182
8017.0290,2,0.36148,0.08038,0.18883,0.37931,0.08449,0.17692
8017.0632,2,0.35139,0.07970,0.19364,0.37093,0.08306,0.18194
8017.1004,2,0.34209,0.07689,0.19832,0.36228,0.08121,0.18685
8017.1405,2,0.33277,0.07480,0.20348,0.35343,0.07928,0.19184
8017.1722,2,0.32414,0.07364,0.20825,0.34464,0.07759,0.19676
8017.2034,2,0.31667,0.07217,0.21302,0.33625,0.07596,0.20164
8017.2356,2,0.30719,0.07159,0.21805,0.32753,0.07465,0.20656
8017.2672,2,0.30018,0.06987,0.22250,0.31933,0.07322,0.21135
8017.2983,2,0.29124,0.06894,0.22715,0.31090,0.07194,0.21609
8017.3311,2,0.28498,0.06817,0.23096,0.30312,0.07081,0.22055
8017.3619,2,0.27736,0.06670,0.23460,0.29539,0.06957,0.22476
8017.4010,2,0.27231,0.06599,0.23750,0.28847,0.06850,0.22858
8017.4316,2,0.26441,0.06612,0.24088,0.28125,0.06779,0.23227
8017.4627,2,0.25721,0.06565,0.24390,0.27404,0.06714,0.23576
8017.4949,2,0.25031,0.06547,0.24665,0.26692,0.06664,0.23903
8017.5314,2,0.24548,0.06560,0.24907,0.26049,0.06633,0.24204
8017.5651,2,0.23822,0.06551,0.25129,0.25381,0.06608,0.24482
8017.5987,2,0.23329,0.06643,0.25349,0.24765,0.06619,0.24742
8017.6308,2,0.22890,0.06690,0.25488,0.24203,0.06640,0.24965
8017.6641,2,0.22350,0.06791,0.25662,0.23647,0.06686,0.25174
8017.6963,2,0.21808,0.06957,0.25797,0.23095,0.06767,0.25361
8017.7339,2,0.21388,0.07230,0.25924,0.22583,0.06906,0.25530
8017.7654,2,0.20827,0.07337,0.26066,0.22056,0.07035,0.25691
8017.8022,2,0.20737,0.07571,0.26142,0.21661,0.07196,0.25826
8017.8340,2,0.20226,0.07697,0.26317,0.21230,0.07346,0.25973
8017.8655,2,0.19960,0.08010,0.26471,0.20849,0.07545,0.26123
8017.8973,2,0.19809,0.08128,0.26584,0.20537,0.07720,0.26261
8017.9294,2,0.19692,0.08330,0.26679,0.20284,0.07903,0.26387
8017.9741,2,0.19618,0.08499,0.26794,0.20084,0.08082,0.26509
8018.0061,2,0.19564,0.08708,0.26876,0.19928,0.08270,0.26619
8018.0408,2,0.19543,0.08849,0.26937,0.19812,0.08443,0.26714
8018.0777,2,0.19352,0.09067,0.26985,0.19674,0.08631,0.26796
8018.1153,2,0.19231,0.09352,0.27008,0.19541,0.08847,0.26859
8018.1604,2,0.19235,0.09602,0.27023,0.19449,0.09073,0.26908
8018.1934,2,0.19323,0.09956,0.27012,0.19411,0.09338,0.26939
8018.2250,2,0.19273,0.10297,0.27031,0.19370,0.09626,0.26967
8018.2652,2,0.19380,0.10790,0.27024,0.19373,0.09975,0.26984
8018.2998,2,0.19423,0.11536,0.27018,0.19388,0.10444,0.26994
8018.3336,2,0.19477,0.12079,0.27025,0.19415,0.10934,0.27003
8018.3676,2,0.19410,0.12399,0.27032,0.19413,0.11374,0.27012
8018.4098,2,0.19465,0.12712,0.27034,0.19429,0.11775,0.27019
8018.4417,2,0.19631,0.13088,0.27030,0.19489,0.12169,0.27022
8018.4742,2,0.19534,0.13472,0.27056,0.19503,0.12560,0.27032
8018.5148,2,0.19559,0.13794,0.27024,0.19520,0.12930,0.27030
8018.5481,2,0.19476,0.14159,0.27031,0.19507,0.13299,0.27030
8018.5811,2,0.19479,0.14655,0.27074,0.19498,0.13706,0.27043
8018.6154,2,0.19509,0.15131,0.27100,0.19502,0.14133,0.27060
8018.6501,2,0.19531,0.15597,0.27130,0.19511,0.14572,0.27081
8018.6822,2,0.19513,0.16113,0.27117,0.19511,0.15035,0.27092
8018.7165,2,0.19634,0.16532,0.27073,0.19548,0.15484,0.27086
8018.7498,2,0.19803,0.17074,0.27022,0.19624,0.15961,0.27067
8018.7828,2,0.19885,0.17537,0.26949,0.19703,0.16434,0.27032
8018.8160,2,0.20061,0.18009,0.26868,0.19810,0.16906,0.26983
8018.8509,2,0.20127,0.18436,0.26797,0.19905,0.17365,0.26927
8018.8826,2,0.20343,0.18931,0.26727,0.20036,0.17835,0.26867
8018.9149,2,0.20438,0.19394,0.26660,0.20157,0.18303,0.26805
8018.9472,2,0.20546,0.19786,0.26578,0.20274,0.18747,0.26737
8018.9809,2,0.20497,0.20268,0.26567,0.20341,0.19204,0.26686
8019.0146,2,0.20479,0.20623,0.26513,0.20382,0.19629,0.26634
8019.0485,2,0.20251,0.21096,0.26507,0.20343,0.20069,0.26596
8019.0817,2,0.19897,0.21641,0.26569,0.20209,0.20541,0.26588
8019.1137,2,0.19762,0.22049,0.26528,0.20075,0.20993,0.26570
8019.1485,2,0.19673,0.22440,0.26514,0.19955,0.21427,0.26553
8019.1932,2,0.19546,0.22882,0.26503,0.19832,0.21864,0.26538
8019.2247,2,0.19553,0.23250,0.26418,0.19748,0.22280,0.26502
8019.2568,2,0.19732,0.23661,0.26342,0.19743,0.22694,0.26454
8019.2884,2,0.19462,0.24050,0.26256,0.19659,0.23101,0.26395
8019.3198,2,0.19436,0.24842,0.26107,0.19592,0.23623,0.26308
8019.3530,2,0.19448,0.25316,0.26118,0.19549,0.24131,0.26251
8019.3840,2,0.19504,0.25709,0.26134,0.19535,0.24605,0.26216
8019.4157,2,0.19490,0.26062,0.26176,0.19522,0.25042,0.26204
8019.4491,2,0.19340,0.26265,0.26222,0.19467,0.25409,0.26209
8019.4823,2,0.19562,0.26492,0.26206,0.19496,0.25734,0.26208
8019.5163,2,0.19607,0.26868,0.26226,0.19529,0.26074,0.26213
8019.5539,2,0.19635,0.27143,0.26214,0.19561,0.26395,0.26214
8019.5853,2,0.19485,0.27363,0.26243,0.19538,0.26685,0.26222
8019.6226,2,0.19427,0.27521,0.26235,0.19505,0.26936,0.26226
8019.6566,2,0.19467,0.27678,0.26219,0.19493,0.27159,0.26224
8019.6893,2,0.19543,0.27785,0.26182,0.19508,0.27347,0.26212
8019.7201,2,0.19296,0.27845,0.26196,0.19444,0.27496,0.26207
8019.7531,2,0.19316,0.27879,0.26178,0.19406,0.27611,0.26198
8019.7856,2,0.19206,0.27823,0.26189,0.19346,0.27675,0.26196
8019.8183,2,0.19170,0.27833,0.26183,0.19293,0.27722,0.26192
8019.8490,2,0.19237,0.27835,0.26184,0.19276,0.27756,0.26189
8019.8803,2,0.19252,0.27838,0.26181,0.19269,0.27781,0.26187
8019.9123,2,0.19205,0.27793,0.26225,0.19250,0.27784,0.26198
8019.9523,2,0.19189,0.27749,0.26241,0.19232,0.27774,0.26211
8019.9844,2,0.19203,0.27701,0.26254,0.19223,0.27752,0.26224
8020.0171,2,0.19318,0.27609,0.26230,0.19251,0.27709,0.26226
8020.0502,2,0.19303,0.27487,0.26225,0.19267,0.27643,0.26226
8020.0828,2,0.19225,0.27268,0.26227,0.19254,0.27530,0.26226
8020.1159,2,0.19174,0.27019,0.26217,0.19230,0.27377,0.26223
8020.1494,2,0.19284,0.26717,0.26159,0.19246,0.27179,0.26204
8020.1908,2,0.19383,0.26415,0.26137,0.19287,0.26950,0.26184
8020.2226,2,0.19527,0.26056,0.26072,0.19359,0.26682,0.26150
8020.2541,2,0.19350,0.25839,0.26097,0.19356,0.26429,0.26134
8020.2856,2,0.19407,0.25533,0.26062,0.19372,0.26160,0.26113
8020.3168,2,0.19304,0.25134,0.26067,0.19351,0.25852,0.26099
8020.3477,2,0.19348,0.24752,0.26050,0.19350,0.25522,0.26084
8020.3797,2,0.19440,0.24343,0.26019,0.19377,0.25168,0.26065
8020.4121,2,0.19299,0.23963,0.26028,0.19354,0.24807,0.26054
8020.4466,2,0.19346,0.23461,0.26019,0.19352,0.24403,0.26043
8020.4791,2,0.19704,0.23029,0.25997,0.19457,0.23991,0.26029
8020.5146,2,0.19797,0.22705,0.25978,0.19559,0.23605,0.26014
8020.5471,2,0.19527,0.22224,0.26009,0.19550,0.23191,0.26012
8020.5817,2,0.19688,0.21913,0.25962,0.19591,0.22807,0.25997
8020.6138,2,0.19520,0.21747,0.25994,0.19570,0.22489,0.25996
8020.6455,2,0.19548,0.21505,0.25998,0.19563,0.22194,0.25997
8020.6886,2,0.19821,0.21209,0.25946,0.19640,0.21899,0.25982
8020.7252,2,0.19709,0.20818,0.25978,0.19661,0.21574,0.25981
8020.7572,2,0.20085,0.20631,0.25888,0.19788,0.21291,0.25953
8020.7894,2,0.20173,0.20364,0.25863,0.19904,0.21013,0.25926
8020.8208,2,0.20062,0.20102,0.25847,0.19951,0.20740,0.25902
8020.8536,2,0.20242,0.19805,0.25822,0.20038,0.20459,0.25878
8020.8864,2,0.20336,0.19534,0.25726,0.20128,0.20181,0.25832
8020.9189,2,0.20490,0.19237,0.25653,0.20236,0.19898,0.25778
8020.9504,2,0.20598,0.18839,0.25577,0.20345,0.19580,0.25718
8020.9827,2,0.20700,0.18516,0.25499,0.20451,0.19261,0.25652
8021.0135,2,0.20598,0.18202,0.25471,0.20495,0.18943,0.25598
8021.0498,2,0.20738,0.17867,0.25456,0.20568,0.18620,0.25555
8021.0829,2,0.20859,0.17520,0.25385,0.20655,0.18290,0.25504
8021.1155,2,0.20759,0.17124,0.25367,0.20687,0.17940,0.25463
8021.1466,2,0.20862,0.16677,0.25293,0.20739,0.17561,0.25412
8021.1911,2,0.21149,0.16366,0.25230,0.20862,0.17203,0.25357
8021.2231,2,0.20942,0.15825,0.25259,0.20886,0.16789,0.25328
8021.2561,2,0.20865,0.15395,0.25280,0.20880,0.16371,0.25314
8021.2881,2,0.20859,0.14994,0.25264,0.20874,0.15958,0.25299
8021.3199,2,0.20920,0.14568,0.25243,0.20888,0.15541,0.25282
8021.3512,2,0.20992,0.14082,0.25213,0.20919,0.15103,0.25261
8021.3843,2,0.21045,0.13728,0.25179,0.20957,0.14691,0.25237
8021.4171,2,0.20974,0.13342,0.25179,0.20962,0.14286,0.25219
8021.4486,2,0.21090,0.12944,0.25145,0.21001,0.13883,0.25197
8021.4797,2,0.20960,0.12657,0.25168,0.20988,0.13515,0.25188
8021.5172,2,0.20979,0.12281,0.25147,0.20986,0.13145,0.25176
8021.5488,2,0.21140,0.12000,0.25155,0.21032,0.12802,0.25170
8021.5819,2,0.21142,0.11574,0.25154,0.21065,0.12433,0.25165
8021.6151,2,0.21127,0.11110,0.25186,0.21084,0.12036,0.25171
8021.6469,2,0.21205,0.10673,0.25198,0.21120,0.11627,0.25179
8021.6825,2,0.21136,0.10138,0.25253,0.21125,0.11181,0.25201
8021.7176,2,0.21305,0.09629,0.25263,0.21179,0.10715,0.25220
8021.7497,2,0.21157,0.09113,0.25280,0.21172,0.10234,0.25238
8021.7824,2,0.21300,0.08504,0.25367,0.21211,0.09715,0.25277
8021.8160,2,0.20977,0.08012,0.25420,0.21141,0.09204,0.25320
8021.8485,2,0.21107,0.07437,0.25463,0.21130,0.08674,0.25363
8021.8813,2,0.21090,0.06961,0.25480,0.21118,0.08160,0.25398
8021.9140,2,0.20873,0.06485,0.25525,0.21045,0.07658,0.25436
8021.9445,2,0.20579,0.05984,0.25568,0.20905,0.07155,0.25476
8021.9837,2,0.20633,0.05493,0.25560,0.20823,0.06657,0.25501
8022.0158,2,0.20562,0.04996,0.25598,0.20745,0.06158,0.25530
8022.0475,2,0.20407,0.04422,0.25642,0.20643,0.05637,0.25564
8022.0812,2,0.20371,0.03969,0.25667,0.20562,0.05137,0.25595
8022.1156,2,0.20412,0.03555,0.25687,0.20517,0.04662,0.25623
8022.1482,2,0.20256,0.03120,0.25741,0.20438,0.04200,0.25658
8022.1796,2,0.20293,0.02663,0.25796,0.20395,0.03739,0.25700
8022.2185,2,0.20115,0.02324,0.25823,0.20311,0.03314,0.25737
8022.2502,2,0.19911,0.01912,0.25898,0.20191,0.02894,0.25785
8022.2820,2,0.20049,0.01467,0.25962,0.20148,0.02466,0.25838
8022.3139,2,0.19842,0.00923,0.26089,0.20056,0.02003,0.25913
8022.3462,2,0.19845,0.00507,0.26165,0.19993,0.01554,0.25989
8022.3819,2,0.19689,0.00117,0.26221,0.19902,0.01123,0.26058
8022.4163,2,0.19567,-0.00295,0.26312,0.19801,0.00698,0.26135
8022.4495,2,0.19575,-0.00734,0.26350,0.19734,0.00268,0.26199
8022.4834,2,0.19619,-0.01062,0.26400,0.19699,-0.00131,0.26260
8022.5149,2,0.19769,-0.01447,0.26447,0.19720,-0.00526,0.26316
8022.5475,2,0.19597,-0.01845,0.26543,0.19683,-0.00922,0.26384
8022.5809,2,0.19496,-0.02275,0.26612,0.19627,-0.01328,0.26452
8022.6117,2,0.19329,-0.02694,0.26669,0.19538,-0.01738,0.26517
8022.6453,2,0.19357,-0.03033,0.26740,0.19484,-0.02126,0.26584
8022.6792,2,0.19051,-0.03379,0.26855,0.19354,-0.02502,0.26666
8022.7137,2,0.19025,-0.03709,0.26926,0.19255,-0.02864,0.26744
8022.7471,2,0.18895,-0.04025,0.27022,0.19147,-0.03212,0.26827
8022.7784,2,0.18852,-0.04357,0.27088,0.19058,-0.03556,0.26905
8022.8127,2,0.18840,-0.04663,0.27170,0.18993,-0.03888,0.26985
8022.8521,2,0.18851,-0.05025,0.27223,0.18950,-0.04229,0.27056
8022.8844,2,0.18879,-0.05344,0.27304,0.18929,-0.04564,0.27131
8022.9161,2,0.18983,-0.05628,0.27328,0.18945,-0.04883,0.27190
8022.9477,2,0.18939,-0.05946,0.27348,0.18943,-0.05202,0.27237
8022.9837,2,0.18882,-0.06317,0.27370,0.18925,-0.05537,0.27277
8023.0196,2,0.18904,-0.06624,0.27369,0.18919,-0.05863,0.27304
8023.0519,2,0.18743,-0.07012,0.27400,0.18866,-0.06207,0.27333
8023.0871,2,0.18560,-0.07344,0.27454,0.18774,-0.06548,0.27370
8023.1228,2,0.18567,-0.07528,0.27532,0.18712,-0.06842,0.27418
8023.1566,2,0.18530,-0.07768,0.27597,0.18657,-0.07120,0.27472
8023.1886,2,0.18659,-0.07837,0.27641,0.18658,-0.07335,0.27522
8023.2199,2,0.18769,-0.08073,0.27704,0.18691,-0.07556,0.27577
8023.2512,2,0.18898,-0.08204,0.27761,0.18753,-0.07751,0.27632
8023.2855,2,0.18805,-0.08468,0.27783,0.18769,-0.07966,0.27677
8023.3205,2,0.18805,-0.08763,0.27818,0.18780,-0.08205,0.27720
8023.3521,2,0.18825,-0.09114,0.27835,0.18793,-0.08478,0.27754
8023.3844,2,0.19306,-0.09378,0.27719,0.18947,-0.08748,0.27743
8023.4178,2,0.19584,-0.09619,0.27638,0.19138,-0.09009,0.27712
8023.4511,2,0.19578,-0.09822,0.27596,0.19270,-0.09253,0.27677
8023.4831,2,0.19402,-0.09997,0.27573,0.19310,-0.09476,0.27646
8023.5154,2,0.19207,-0.10245,0.27583,0.19279,-0.09707,0.27627
8023.5493,2,0.19085,-0.10479,0.27628,0.19221,-0.09939,0.27627
8023.5827,2,0.19160,-0.10796,0.27619,0.19202,-0.10196,0.27625
8023.6140,2,0.19009,-0.11177,0.27649,0.19144,-0.10490,0.27632
8023.6454,2,0.18960,-0.11511,0.27702,0.19089,-0.10796,0.27653
8023.6784,2,0.18881,-0.11835,0.27723,0.19026,-0.11108,0.27674
8023.7123,2,0.18867,-0.12068,0.27774,0.18979,-0.11396,0.27704
8023.7463,2,0.18932,-0.12307,0.27787,0.18965,-0.11669,0.27729
8023.7781,2,0.19004,-0.12552,0.27795,0.18976,-0.11934,0.27749
8023.8121,2,0.19294,-0.12767,0.27742,0.19072,-0.12184,0.27747
8023.8526,2,0.19258,-0.12967,0.27709,0.19128,-0.12419,0.27736
8023.8836,2,0.19342,-0.13173,0.27700,0.19192,-0.12645,0.27725
8023.9144,2,0.19493,-0.13408,0.27706,0.19282,-0.12874,0.27719
8023.9454,2,0.19743,-0.13660,0.27675,0.19421,-0.13110,0.27706
8023.9895,2,0.19675,-0.13970,0.27692,0.19497,-0.13368,0.27702
8024.0207,2,0.19636,-0.14248,0.27710,0.19539,-0.13632,0.27704
8024.0533,2,0.19806,-0.14609,0.27666,0.19619,-0.13925,0.27693
8024.0846,2,0.19588,-0.14869,0.27715,0.19610,-0.14208,0.27699
8024.1186,2,0.19661,-0.15246,0.27730,0.19625,-0.14520,0.27709
8024.1513,2,0.19502,-0.15604,0.27731,0.19588,-0.14845,0.27715
8024.1827,2,0.19230,-0.16094,0.27749,0.19481,-0.15220,0.27725
8024.2170,2,0.19355,-0.16311,0.27766,0.19443,-0.15547,0.27738
8024.2480,2,0.19308,-0.16562,0.27831,0.19402,-0.15852,0.27766
8024.2797,2,0.19117,-0.16786,0.27923,0.19317,-0.16132,0.27813
8024.3126,2,0.19069,-0.17030,0.28013,0.19243,-0.16401,0.27873
8024.3466,2,0.19019,-0.17303,0.28086,0.19176,-0.16672,0.27937
8024.3780,2,0.19260,-0.17504,0.28126,0.19201,-0.16922,0.27994
8024.4165,2,0.19161,-0.17721,0.28199,0.19189,-0.17161,0.28055
8024.4466,2,0.19003,-0.17929,0.28271,0.19133,-0.17392,0.28120
8024.4832,2,0.19011,-0.18233,0.28332,0.19097,-0.17644,0.28184
8024.5192,2,0.19117,-0.18333,0.28369,0.19103,-0.17851,0.28239
8024.5520,2,0.18988,-0.18495,0.28445,0.19068,-0.18044,0.28301
8024.5839,2,0.18927,-0.18739,0.28502,0.19026,-0.18253,0.28361
8024.6176,2,0.19035,-0.18756,0.28529,0.19029,-0.18404,0.28412
8024.6504,2,0.18852,-0.18838,0.28591,0.18976,-0.18534,0.28465
8024.6817,2,0.18910,-0.18899,0.28635,0.18956,-0.18643,0.28516
8024.7136,2,0.18919,-0.19059,0.28664,0.18945,-0.18768,0.28561
8024.7454,2,0.18848,-0.19131,0.28717,0.18916,-0.18877,0.28608
8024.7832,2,0.18736,-0.19337,0.28779,0.18862,-0.19015,0.28659
8024.8149,2,0.18886,-0.19368,0.28804,0.18869,-0.19121,0.28702
8024.8534,2,0.18884,-0.19598,0.28830,0.18874,-0.19264,0.28741
8024.8899,2,0.19022,-0.19817,0.28810,0.18918,-0.19430,0.28762
8024.9221,2,0.19034,-0.20082,0.28797,0.18953,-0.19625,0.28772
8024.9540,2,0.18994,-0.20353,0.28815,0.18965,-0.19844,0.28785
8024.9874,2,0.18895,-0.20516,0.28815,0.18944,-0.20045,0.28794
8025.0193,2,0.18982,-0.20691,0.28800,0.18956,-0.20239,0.28796
8025.0544,2,0.19035,-0.20932,0.28781,0.18979,-0.20447,0.28792
8025.0882,2,0.18765,-0.21169,0.28846,0.18915,-0.20663,0.28808
8025.1238,2,0.18817,-0.21322,0.28851,0.18886,-0.20861,0.28821
8025.1589,2,0.18746,-0.21739,0.28862,0.18844,-0.21125,0.28833
8025.1897,2,0.19046,-0.21909,0.28791,0.18905,-0.21360,0.28820
8025.2210,2,0.19075,-0.22327,0.28720,0.18956,-0.21650,0.28790
8025.2638,2,0.19056,-0.22437,0.28683,0.18986,-0.21886,0.28758
8025.2976,2,0.19018,-0.22635,0.28683,0.18996,-0.22111,0.28736
8025.3299,2,0.18967,-0.22642,0.28664,0.18987,-0.22270,0.28714
8025.3625,2,0.19036,-0.22877,0.28648,0.19002,-0.22452,0.28694
8025.3975,2,0.18993,-0.23097,0.28627,0.18999,-0.22645,0.28674
8025.4293,2,0.18909,-0.23278,0.28618,0.18972,-0.22835,0.28657
8025.4633,2,0.18982,-0.23418,0.28577,0.18975,-0.23010,0.28633
8025.5000,2,0.18753,-0.23624,0.28590,0.18909,-0.23194,0.28620
8025.5317,2,0.18950,-0.23779,0.28554,0.18921,-0.23370,0.28600
8025.5633,2,0.18952,-0.23907,0.28553,0.18930,-0.23531,0.28586
8025.5974,2,0.19000,-0.24116,0.28528,0.18951,-0.23707,0.28569
8025.6290,2,0.19204,-0.24299,0.28457,0.19027,-0.23885,0.28535
8025.6669,2,0.19215,-0.24417,0.28453,0.19083,-0.24044,0.28511
8025.6992,2,0.19077,-0.24586,0.28478,0.19081,-0.24207,0.28501
8025.7331,2,0.19063,-0.24756,0.28489,0.19076,-0.24372,0.28497
8025.7664,2,0.19041,-0.24913,0.28513,0.19065,-0.24534,0.28502
8025.7987,2,0.18766,-0.25081,0.28544,0.18976,-0.24698,0.28514
8025.8324,2,0.19062,-0.25241,0.28553,0.19001,-0.24861,0.28526
8025.8668,2,0.18891,-0.25324,0.28597,0.18968,-0.25000,0.28547
8025.8986,2,0.18992,-0.25438,0.28624,0.18975,-0.25131,0.28570
8025.9349,2,0.19118,-0.25469,0.28603,0.19018,-0.25232,0.28580
8025.9686,2,0.19095,-0.25552,0.28607,0.19041,-0.25328,0.28588
8026.0011,2,0.19030,-0.25550,0.28611,0.19038,-0.25395,0.28595
8026.0351,2,0.19031,-0.25485,0.28556,0.19036,-0.25422,0.28583
8026.0674,2,0.19040,-0.25393,0.28495,0.19037,-0.25413,0.28557
8026.0995,2,0.18957,-0.25275,0.28436,0.19013,-0.25372,0.28521
8026.1313,2,0.18945,-0.25229,0.28357,0.18993,-0.25329,0.28472
8026.1729,2,0.18834,-0.25111,0.28300,0.18945,-0.25263,0.28420
8026.2112,2,0.18742,-0.24990,0.28259,0.18884,-0.25181,0.28372
8026.2448,2,0.18726,-0.24773,0.28195,0.18837,-0.25059,0.28319
8026.2810,2,0.18533,-0.24589,0.28164,0.18746,-0.24918,0.28272
8026.3110,2,0.18485,-0.24368,0.28114,0.18667,-0.24753,0.28225
8026.3468,2,0.18435,-0.24164,0.28049,0.18598,-0.24577,0.28172
8026.3800,2,0.18219,-0.23956,0.28047,0.18484,-0.24390,0.28135
8026.4116,2,0.18206,-0.23813,0.28020,0.18401,-0.24217,0.28100
8026.4498,2,0.17979,-0.23721,0.28055,0.18274,-0.24068,0.28086
8026.4807,2,0.17838,-0.23635,0.28047,0.18143,-0.23938,0.28075
8026.5122,2,0.17677,-0.23474,0.28053,0.18003,-0.23799,0.28068
8026.5461,2,0.17399,-0.23366,0.28009,0.17822,-0.23669,0.28051
8026.5837,2,0.17226,-0.23254,0.27934,0.17643,-0.23544,0.28016
8026.6171,2,0.17123,-0.23107,0.27862,0.17487,-0.23413,0.27970
8026.6484,2,0.16814,-0.23060,0.27791,0.17285,-0.23307,0.27916
8026.6817,2,0.16736,-0.22972,0.27692,0.17121,-0.23207,0.27849
8026.7145,2,0.16554,-0.22913,0.27611,0.16951,-0.23119,0.27778
8026.7471,2,0.16468,-0.22803,0.27553,0.16806,-0.23024,0.27710
8026.7798,2,0.16315,-0.22754,0.27494,0.16659,-0.22943,0.27645
8026.8126,2,0.16146,-0.22630,0.27438,0.16505,-0.22849,0.27583
8026.8468,2,0.15872,-0.22594,0.27406,0.16315,-0.22773,0.27530
8026.8854,2,0.15590,-0.22639,0.27300,0.16097,-0.22732,0.27461
8026.9205,2,0.15403,-0.22676,0.27196,0.15889,-0.22715,0.27381
8026.9519,2,0.15275,-0.22649,0.27119,0.15705,-0.22696,0.27303
8026.9827,2,0.15026,-0.22701,0.26972,0.15501,-0.22697,0.27204
8027.0148,2,0.14921,-0.22683,0.26870,0.15327,-0.22693,0.27104
8027.0474,2,0.14960,-0.22589,0.26750,0.15217,-0.22662,0.26998
8027.0785,2,0.14703,-0.22512,0.26517,0.15063,-0.22617,0.26853
8027.1129,2,0.14513,-0.22537,0.26350,0.14898,-0.22593,0.26702
8027.1464,2,0.14406,-0.22555,0.26162,0.14750,-0.22582,0.26540
8027.1791,2,0.14205,-0.22621,0.25993,0.14587,-0.22593,0.26376
8027.2143,2,0.14239,-0.22544,0.25843,0.14482,-0.22579,0.26216
8027.2519,2,0.14127,-0.22496,0.25757,0.14376,-0.22554,0.26078
8027.2823,2,0.14075,-0.22439,0.25583,0.14286,-0.22519,0.25930
8027.3130,2,0.14020,-0.22362,0.25413,0.14206,-0.22472,0.25775
8027.3472,2,0.14041,-0.22356,0.25205,0.14156,-0.22437,0.25604
8027.3800,2,0.13951,-0.22293,0.25081,0.14095,-0.22394,0.25447
8027.4127,2,0.13756,-0.22339,0.24875,0.13993,-0.22378,0.25275
8027.4447,2,0.13690,-0.22284,0.24658,0.13902,-0.22349,0.25090
8027.4809,2,0.13794,-0.22136,0.24469,0.13870,-0.22285,0.24904
8027.5187,2,0.13578,-0.22090,0.24217,0.13782,-0.22227,0.24698
8027.5506,2,0.13556,-0.22029,0.23926,0.13714,-0.22168,0.24466
8027.5828,2,0.13504,-0.22010,0.23675,0.13651,-0.22120,0.24229
8027.6144,2,0.13226,-0.22071,0.23523,0.13524,-0.22106,0.24017
8027.6470,2,0.13390,-0.22049,0.23365,0.13484,-0.22089,0.23822
8027.6793,2,0.13469,-0.22020,0.23287,0.13479,-0.22068,0.23661
8027.7119,2,0.13554,-0.22036,0.23179,0.13502,-0.22058,0.23517
8027.7453,2,0.13519,-0.22049,0.23049,0.13507,-0.22056,0.23376
8027.7783,2,0.13289,-0.22096,0.22931,0.13442,-0.22068,0.23243
8027.8119,2,0.13292,-0.22091,0.22736,0.13397,-0.22075,0.23091
8027.8461,2,0.13184,-0.22166,0.22573,0.13333,-0.22102,0.22935
8027.8814,2,0.13269,-0.22229,0.22368,0.13314,-0.22140,0.22765
8027.9141,2,0.13151,-0.22198,0.22243,0.13265,-0.22158,0.22608
8027.9451,2,0.13185,-0.22199,0.22039,0.13241,-0.22170,0.22438
8027.9805,2,0.13295,-0.22342,0.21848,0.13257,-0.22222,0.22261
8028.0141,2,0.13176,-0.22387,0.21704,0.13233,-0.22271,0.22094
8028.0475,2,0.13206,-0.22411,0.21548,0.13225,-0.22313,0.21930
8028.0803,2,0.13328,-0.22453,0.21417,0.13256,-0.22355,0.21776
8028.1124,2,0.13392,-0.22510,0.21263,0.13297,-0.22402,0.21622
8028.1463,2,0.13302,-0.22587,0.21123,0.13298,-0.22457,0.21472
8028.1771,2,0.13376,-0.22600,0.20990,0.13322,-0.22500,0.21328
8028.2079,2,0.13396,-0.22694,0.20831,0.13344,-0.22558,0.21179
8028.2385,2,0.13438,-0.22750,0.20690,0.13372,-0.22616,0.21032
8028.2698,2,0.13419,-0.22766,0.20556,0.13386,-0.22661,0.20889
8028.3018,2,0.13597,-0.22790,0.20449,0.13449,-0.22699,0.20757
8028.3340,2,0.13601,-0.22920,0.20305,0.13495,-0.22766,0.20622
8028.3674,2,0.13689,-0.23022,0.20181,0.13553,-0.22843,0.20489
8028.4003,2,0.13832,-0.23051,0.20076,0.13637,-0.22905,0.20365
8028.4317,2,0.14066,-0.22970,0.19992,0.13766,-0.22925,0.20253
8028.4650,2,0.14044,-0.23050,0.19821,0.13849,-0.22962,0.20124
8028.4961,2,0.14143,-0.23106,0.19732,0.13937,-0.23005,0.20006
8028.5283,2,0.14436,-0.23159,0.19584,0.14087,-0.23051,0.19879
8028.5628,2,0.14528,-0.23246,0.19476,0.14219,-0.23110,0.19758
8028.5956,2,0.14717,-0.23346,0.19300,0.14369,-0.23181,0.19621
8028.6293,2,0.14976,-0.23436,0.19139,0.14551,-0.23257,0.19476
8028.6628,2,0.14971,-0.23542,0.18981,0.14677,-0.23343,0.19328
8028.6957,2,0.15190,-0.23571,0.18831,0.14831,-0.23411,0.19179
8028.7312,2,0.15457,-0.23684,0.18629,0.15019,-0.23493,0.19014
8028.7635,2,0.15657,-0.23772,0.18439,0.15210,-0.23577,0.18841
8028.7956,2,0.15729,-0.23822,0.18361,0.15366,-0.23650,0.18697
8028.8281,2,0.15733,-0.23987,0.18217,0.15476,-0.23751,0.18553
8028.8677,2,0.15711,-0.24062,0.18082,0.15546,-0.23845,0.18412
8028.8987,2,0.15837,-0.24120,0.17934,0.15634,-0.23927,0.18268
8028.9338,2,0.15949,-0.24223,0.17770,0.15728,-0.24016,0.18119
8028.9671,2,0.16012,-0.24347,0.17620,0.15813,-0.24115,0.17969
8029.0132,2,0.15989,-0.24508,0.17512,0.15866,-0.24233,0.17832
8029.0467,2,0.15926,-0.24604,0.17448,0.15884,-0.24344,0.17717
8029.0810,2,0.15915,-0.24765,0.17366,0.15893,-0.24471,0.17612
8029.1153,2,0.16006,-0.24850,0.17324,0.15927,-0.24584,0.17525
8029.1521,2,0.15995,-0.24962,0.17281,0.15948,-0.24698,0.17452
8029.1836,2,0.15981,-0.25000,0.17244,0.15958,-0.24788,0.17389
8029.2156,2,0.16100,-0.25108,0.17122,0.16000,-0.24884,0.17309
8029.2519,2,0.16141,-0.25211,0.17010,0.16043,-0.24982,0.17219
8029.2825,2,0.16274,-0.25266,0.16845,0.16112,-0.25067,0.17107
8029.3151,2,0.16328,-0.25343,0.16662,0.16177,-0.25150,0.16974
8029.3502,2,0.16392,-0.25433,0.16467,0.16241,-0.25235,0.16822
8029.3833,2,0.16363,-0.25382,0.16267,0.16278,-0.25279,0.16655
8029.4171,2,0.16386,-0.25436,0.16008,0.16311,-0.25326,0.16461
8029.4498,2,0.16246,-0.25554,0.15793,0.16291,-0.25395,0.16261
8029.4884,2,0.16293,-0.25519,0.15600,0.16292,-0.25432,0.16062
8029.5206,2,0.16229,-0.25551,0.15439,0.16273,-0.25467,0.15875
8029.5539,2,0.16211,-0.25540,0.15283,0.16254,-0.25489,0.15698
8029.5874,2,0.16263,-0.25547,0.15116,0.16257,-0.25507,0.15523
8029.6232,2,0.16227,-0.25574,0.14968,0.16248,-0.25527,0.15356
8029.6588,2,0.16233,-0.25608,0.14798,0.16243,-0.25551,0.15189
8029.6975,2,0.16332,-0.25492,0.14620,0.16270,-0.25534,0.15018
8029.7279,2,0.16435,-0.25441,0.14436,0.16320,-0.25506,0.14844
8029.7618,2,0.16293,-0.25374,0.14240,0.16312,-0.25466,0.14662
8029.7982,2,0.16298,-0.25457,0.14018,0.16307,-0.25463,0.14469
8029.8314,2,0.16147,-0.25363,0.13831,0.16259,-0.25433,0.14278
8029.8660,2,0.16036,-0.25363,0.13634,0.16192,-0.25412,0.14085
8029.8970,2,0.15883,-0.25377,0.13458,0.16099,-0.25402,0.13897
8029.9305,2,0.15667,-0.25407,0.13305,0.15970,-0.25403,0.13719
8029.9613,2,0.15492,-0.25389,0.13177,0.15827,-0.25399,0.13556
8029.9981,2,0.15423,-0.25342,0.13017,0.15706,-0.25382,0.13395
8030.0296,2,0.15440,-0.25357,0.12810,0.15626,-0.25375,0.13219
8030.0624,2,0.15197,-0.25326,0.12661,0.15497,-0.25360,0.13052
8030.0953,2,0.15002,-0.25188,0.12485,0.15349,-0.25308,0.12882
8030.1299,2,0.14868,-0.25125,0.12321,0.15204,-0.25253,0.12713
8030.1651,2,0.14768,-0.25074,0.12165,0.15074,-0.25199,0.12549
8030.1973,2,0.14616,-0.25009,0.12038,0.14936,-0.25142,0.12396
8030.2425,2,0.14398,-0.24980,0.11937,0.14775,-0.25094,0.12258
8030.2767,2,0.14418,-0.25003,0.11820,0.14668,-0.25066,0.12127
8030.3131,2,0.14350,-0.24960,0.11750,0.14572,-0.25035,0.12014
8030.3468,2,0.14295,-0.24877,0.11695,0.14489,-0.24987,0.11918
8030.3799,2,0.14317,-0.24777,0.11636,0.14438,-0.24924,0.11833
8030.4128,2,0.14340,-0.24726,0.11538,0.14408,-0.24865,0.11745
8030.4470,2,0.14209,-0.24647,0.11482,0.14348,-0.24799,0.11666
8030.4790,2,0.14010,-0.24660,0.11382,0.14247,-0.24758,0.11581
8030.5120,2,0.13955,-0.24506,0.11319,0.14160,-0.24682,0.11502
8030.5470,2,0.13872,-0.24447,0.11234,0.14073,-0.24612,0.11422
8030.5812,2,0.13909,-0.24409,0.11218,0.14024,-0.24551,0.11361
8030.6144,2,0.13875,-0.24276,0.11244,0.13979,-0.24469,0.11326
8030.6480,2,0.13945,-0.24164,0.11323,0.13969,-0.24377,0.11325
8030.6779,2,0.13986,-0.24076,0.11385,0.13974,-0.24287,0.11343
8030.7133,2,0.14031,-0.23971,0.11451,0.13991,-0.24192,0.11375
8030.7469,2,0.13943,-0.23753,0.11505,0.13977,-0.24060,0.11414
8030.7772,2,0.14012,-0.23595,0.11493,0.13987,-0.23921,0.11438
8030.8078,2,0.13967,-0.23362,0.11525,0.13981,-0.23753,0.11464
8030.8413,2,0.13935,-0.23140,0.11579,0.13967,-0.23569,0.11498
8030.8760,2,0.13981,-0.22898,0.11646,0.13972,-0.23368,0.11543
8030.9068,2,0.14078,-0.22703,0.11702,0.14003,-0.23169,0.11590
8030.9372,2,0.14155,-0.22499,0.11753,0.14049,-0.22968,0.11639
8030.9703,2,0.14191,-0.22285,0.11802,0.14092,-0.22763,0.11688
8031.0011,2,0.14298,-0.22040,0.11784,0.14154,-0.22546,0.11717
8031.0343,2,0.14266,-0.21893,0.11779,0.14187,-0.22350,0.11736
8031.0657,2,0.14179,-0.21629,0.11815,0.14185,-0.22134,0.11759
8031.0965,2,0.14294,-0.21394,0.11817,0.14218,-0.21912,0.11777
8031.1300,2,0.14320,-0.21120,0.11869,0.14248,-0.21674,0.11804
8031.1639,2,0.14345,-0.20944,0.11903,0.14277,-0.21455,0.11834
8031.1968,2,0.14281,-0.20785,0.11939,0.14278,-0.21254,0.11865
8031.2351,2,0.14448,-0.20570,0.11972,0.14329,-0.21049,0.11897
8031.2675,2,0.14639,-0.20329,0.12013,0.14422,-0.20833,0.11932
8031.2970,2,0.14559,-0.20073,0.12020,0.14463,-0.20605,0.11958
8031.3287,2,0.14659,-0.19765,0.12057,0.14522,-0.20353,0.11988
8031.3623,2,0.14484,-0.19504,0.12108,0.14511,-0.20098,0.12024
8031.3971,2,0.14378,-0.19303,0.12132,0.14471,-0.19860,0.12056
8031.4307,2,0.14389,-0.19064,0.12164,0.14446,-0.19621,0.12089
8031.4655,2,0.14392,-0.18834,0.12170,0.14430,-0.19385,0.12113
8031.4998,2,0.14388,-0.18551,0.12192,0.14417,-0.19135,0.12137
8031.5325,2,0.14373,-0.18275,0.12225,0.14404,-0.18877,0.12163
8031.5662,2,0.14419,-0.17999,0.12251,0.14409,-0.18613,0.12189
8031.6002,2,0.14344,-0.17645,0.12295,0.14389,-0.18323,0.12221
8031.6316,2,0.14346,-0.17379,0.12354,0.14376,-0.18040,0.12261
8031.6626,2,0.14490,-0.17140,0.12382,0.14410,-0.17770,0.12297
8031.6995,2,0.14483,-0.16939,0.12405,0.14432,-0.17520,0.12330
8031.7332,2,0.14383,-0.16728,0.12413,0.14417,-0.17283,0.12355
8031.7639,2,0.14293,-0.16479,0.12411,0.14380,-0.17042,0.12372
8031.7958,2,0.14304,-0.16190,0.12414,0.14357,-0.16786,0.12384
8031.8294,2,0.14313,-0.15946,0.12411,0.14344,-0.16534,0.12392
8031.8649,2,0.14208,-0.15768,0.12398,0.14303,-0.16304,0.12394
8031.8986,2,0.14160,-0.15433,0.12433,0.14260,-0.16043,0.12406
8031.9300,2,0.14139,-0.15189,0.12471,0.14224,-0.15787,0.12425
8031.9620,2,0.13991,-0.14903,0.12503,0.14154,-0.15522,0.12449
8031.9953,2,0.13903,-0.14427,0.12587,0.14079,-0.15193,0.12490
8032.0288,2,0.14130,-0.13928,0.12582,0.14094,-0.14814,0.12518
8032.0618,2,0.14335,-0.13458,0.12606,0.14166,-0.14407,0.12544
8032.0944,2,0.13996,-0.13068,0.12672,0.14115,-0.14005,0.12583
8032.1302,2,0.14197,-0.12807,0.12631,0.14140,-0.13646,0.12597
8032.1614,2,0.14092,-0.12479,0.12650,0.14126,-0.13296,0.12613
8032.2009,2,0.14072,-0.12311,0.12582,0.14110,-0.13000,0.12604
8032.2404,2,0.14186,-0.12179,0.12519,0.14133,-0.12754,0.12579
8032.2713,2,0.14219,-0.11925,0.12463,0.14159,-0.12505,0.12544
8032.3026,2,0.14035,-0.11671,0.12467,0.14121,-0.12255,0.12521
8032.3436,2,0.13925,-0.11486,0.12450,0.14062,-0.12024,0.12500
8032.3762,2,0.13873,-0.11261,0.12470,0.14006,-0.11795,0.12491
8032.4069,2,0.13792,-0.11086,0.12486,0.13941,-0.11583,0.12489
8032.4412,2,0.13769,-0.10792,0.12460,0.13890,-0.11345,0.12481
8032.4795,2,0.13899,-0.10584,0.12411,0.13893,-0.11117,0.12460
8032.5117,2,0.14051,-0.10278,0.12394,0.13940,-0.10865,0.12440
8032.5450,2,0.14151,-0.09875,0.12355,0.14003,-0.10568,0.12415
8032.5817,2,0.13879,-0.09579,0.12346,0.13966,-0.10271,0.12394
8032.6122,2,0.13669,-0.09316,0.12337,0.13877,-0.09985,0.12377
8032.6458,2,0.13654,-0.08952,0.12309,0.13810,-0.09675,0.12357
8032.6831,2,0.13712,-0.08651,0.12305,0.13781,-0.09368,0.12341
8032.7139,2,0.13887,-0.08417,0.12300,0.13813,-0.09082,0.12329
8032.7551,2,0.13753,-0.08140,0.12283,0.13795,-0.08800,0.12315
8032.7883,2,0.13626,-0.07735,0.12275,0.13744,-0.08480,0.12303
8032.8244,2,0.13736,-0.07437,0.12261,0.13742,-0.08167,0.12291
8032.8582,2,0.13638,-0.06901,0.12188,0.13711,-0.07787,0.12260
8032.8904,2,0.13458,-0.06819,0.12109,0.13635,-0.07497,0.12215
8032.9240,2,0.13297,-0.06401,0.12089,0.13533,-0.07168,0.12177
8032.9594,2,0.13399,-0.06129,0.12066,0.13493,-0.06856,0.12144
8032.9962,2,0.13182,-0.05913,0.12066,0.13400,-0.06573,0.12120
8033.0388,2,0.13437,-0.05572,0.12031,0.13411,-0.06273,0.12094
8033.0714,2,0.13394,-0.05282,0.12065,0.13406,-0.05976,0.12085
8033.1020,2,0.13621,-0.04979,0.12081,0.13470,-0.05677,0.12084
8033.1330,2,0.13833,-0.04669,0.12077,0.13579,-0.05374,0.12082
8033.1645,2,0.13796,-0.04534,0.12102,0.13644,-0.05122,0.12088
8033.1957,2,0.13734,-0.04217,0.12093,0.13671,-0.04851,0.12089
8033.2296,2,0.13556,-0.04017,0.12103,0.13637,-0.04601,0.12094
8033.2681,2,0.13634,-0.03807,0.12069,0.13636,-0.04363,0.12086
8033.2995,2,0.13560,-0.03640,0.12041,0.13613,-0.04146,0.12073
8033.3306,2,0.13443,-0.03475,0.11993,0.13562,-0.03945,0.12049
8033.3634,2,0.13420,-0.03297,0.11976,0.13519,-0.03750,0.12027
8033.3951,2,0.13348,-0.03159,0.11971,0.13468,-0.03573,0.12010
8033.4287,2,0.13455,-0.02965,0.11923,0.13464,-0.03391,0.11984
8033.4623,2,0.13472,-0.02847,0.11923,0.13466,-0.03228,0.11966
8033.4958,2,0.13683,-0.02657,0.11892,0.13531,-0.03056,0.11944
8033.5285,2,0.13605,-0.02455,0.11870,0.13554,-0.02876,0.11922
8033.5667,2,0.13277,-0.02288,0.11910,0.13471,-0.02700,0.11918
8033.5997,2,0.13197,-0.02088,0.11905,0.13389,-0.02516,0.11914
8033.6307,2,0.13128,-0.01844,0.11876,0.13310,-0.02315,0.11903
8033.6621,2,0.13347,-0.01460,0.11831,0.13321,-0.02058,0.11881
8033.6959,2,0.13512,-0.01085,0.11853,0.13378,-0.01766,0.11873
8033.7290,2,0.13488,-0.00902,0.11872,0.13411,-0.01507,0.11873
8033.7631,2,0.13254,-0.00542,0.11881,0.13364,-0.01217,0.11875
8033.7962,2,0.13567,-0.00333,0.11849,0.13425,-0.00952,0.11867
8033.8287,2,0.13525,0.00068,0.11871,0.13455,-0.00646,0.11868
8033.8634,2,0.13645,0.00264,0.11909,0.13512,-0.00373,0.11881
8033.8958,2,0.13719,0.00476,0.11977,0.13574,-0.00118,0.11909
8033.9330,2,0.13635,0.00932,0.12053,0.13592,0.00197,0.11952
8033.9643,2,0.13504,0.01332,0.12129,0.13566,0.00537,0.12005
8033.9991,2,0.13698,0.01689,0.12146,0.13606,0.00883,0.12048
8034.0336,2,0.13767,0.01968,0.12133,0.13654,0.01208,0.12073
8034.0653,2,0.13570,0.02265,0.12186,0.13629,0.01525,0.12107
8034.0958,2,0.13534,0.02507,0.12239,0.13600,0.01820,0.12147
8034.1318,2,0.13326,0.02793,0.12359,0.13518,0.02112,0.12210
8034.1644,2,0.13259,0.03023,0.12453,0.13440,0.02385,0.12283
8034.1975,2,0.13126,0.03169,0.12536,0.13346,0.02620,0.12359
8034.2316,2,0.13050,0.03306,0.12613,0.13257,0.02826,0.12435
8034.2774,2,0.13056,0.03628,0.12675,0.13197,0.03067,0.12507
8034.3120,2,0.12956,0.03743,0.12717,0.13125,0.03269,0.12570
8034.3464,2,0.12959,0.04004,0.12737,0.13075,0.03490,0.12620
8034.3789,2,0.13041,0.04304,0.12720,0.13065,0.03734,0.12650
8034.4120,2,0.12944,0.04711,0.12718,0.13028,0.04027,0.12670
8034.4461,2,0.12634,0.05053,0.12731,0.12910,0.04335,0.12688
8034.4830,2,0.12410,0.05604,0.12745,0.12760,0.04716,0.12705
8034.5147,2,0.12072,0.06096,0.12770,0.12554,0.05130,0.12725
8034.5464,2,0.11874,0.06422,0.12739,0.12350,0.05517,0.12729
8034.5802,2,0.12162,0.06971,0.12629,0.12294,0.05954,0.12699
8034.6116,2,0.11731,0.07368,0.12608,0.12125,0.06378,0.12672
8034.6462,2,0.11301,0.07908,0.12496,0.11878,0.06837,0.12619
8034.6786,2,0.10689,0.08327,0.12579,0.11521,0.07284,0.12607
8034.7117,2,0.10126,0.08362,0.12590,0.11103,0.07607,0.12602
8034.7458,2,0.10093,0.08733,0.12613,0.10800,0.07945,0.12605
8034.7787,2,0.09965,0.09056,0.12663,0.10549,0.08278,0.12623
8034.8128,2,0.09640,0.09440,0.12798,0.10277,0.08627,0.12675
8034.8563,2,0.09293,0.09534,0.12908,0.09982,0.08899,0.12745
8034.8988,2,0.09197,0.09729,0.12964,0.09746,0.09148,0.12811
8034.9304,2,0.09118,0.09940,0.13070,0.09558,0.09386,0.12889
8034.9638,2,0.09031,0.09990,0.13147,0.09400,0.09567,0.12966
8034.9955,2,0.08938,0.10112,0.13246,0.09261,0.09730,0.13050
8035.0315,2,0.08938,0.10137,0.13333,0.09164,0.09852,0.13135
8035.0651,2,0.09669,0.10062,0.13229,0.09316,0.09915,0.13163
8035.1034,2,0.10109,0.10041,0.13167,0.09554,0.09953,0.13164
8035.1351,2,0.10888,0.10098,0.13036,0.09954,0.09997,0.13126
8035.1719,2,0.10902,0.10100,0.13002,0.10238,0.10028,0.13089
8035.2078,2,0.10981,0.10075,0.12921,0.10461,0.10042,0.13038
8035.2393,2,0.11264,0.10041,0.12789,0.10702,0.10042,0.12964
8035.2761,2,0.11129,0.10085,0.12751,0.10830,0.10055,0.12900
8035.3093,2,0.10919,0.10113,0.12761,0.10857,0.10072,0.12858
8035.3449,2,0.10430,0.10217,0.12841,0.10729,0.10116,0.12853
8035.3805,2,0.10452,0.10335,0.12811,0.10646,0.10181,0.12840
8035.4172,2,0.10350,0.10475,0.12868,0.10557,0.10270,0.12849
8035.4484,2,0.10608,0.10540,0.12834,0.10572,0.10351,0.12844
8035.4804,2,0.11106,0.10637,0.12785,0.10732,0.10437,0.12826
8035.5124,2,0.11464,0.10693,0.12755,0.10952,0.10513,0.12805
8035.5507,2,0.11553,0.10796,0.12769,0.11132,0.10598,0.12794
8035.5827,2,0.11673,0.10953,0.12786,0.11294,0.10705,0.12792
8035.6207,2,0.11642,0.10967,0.12794,0.11399,0.10783,0.12792
8035.6554,2,0.11931,0.11051,0.12730,0.11558,0.10864,0.12774
8035.6874,2,0.11966,0.11133,0.12704,0.11681,0.10945,0.12753
8035.7187,2,0.12263,0.11198,0.12563,0.11855,0.11021,0.12696
8035.7507,2,0.12285,0.11149,0.12503,0.11984,0.11059,0.12638
8035.7836,2,0.12346,0.11078,0.12445,0.12093,0.11065,0.12580
8035.8157,2,0.12306,0.11033,0.12426,0.12157,0.11055,0.12534
8035.8473,2,0.12409,0.11078,0.12402,0.12233,0.11062,0.12494
8035.8785,2,0.12401,0.11118,0.12371,0.12283,0.11079,0.12457
8035.9138,2,0.12384,0.11089,0.12348,0.12313,0.11082,0.12425
8035.9462,2,0.12276,0.11163,0.12348,0.12302,0.11106,0.12401
8035.9812,2,0.12255,0.11219,0.12342,0.12288,0.11140,0.12384
8036.0163,2,0.12360,0.11245,0.12321,0.12309,0.11171,0.12365
8036.0481,2,0.12338,0.11339,0.12315,0.12318,0.11221,0.12350
8036.0802,2,0.12351,0.11379,0.12303,0.12328,0.11269,0.12336
8036.1231,2,0.12319,0.11478,0.12318,0.12325,0.11331,0.12330
8036.1548,2,0.12274,0.11599,0.12310,0.12310,0.11412,0.12324
8036.1868,2,0.12242,0.11694,0.12360,0.12289,0.11497,0.12335
8036.2199,2,0.12198,0.11770,0.12379,0.12262,0.11578,0.12348
8036.2507,2,0.12174,0.11842,0.12426,0.12235,0.11658,0.12371
8036.2849,2,0.12151,0.11917,0.12472,0.12210,0.11735,0.12401
8036.3245,2,0.12011,0.12039,0.12503,0.12150,0.11826,0.12432
8036.3568,2,0.12065,0.12117,0.12503,0.12125,0.11913,0.12453
8036.3895,2,0.12013,0.12118,0.12494,0.12091,0.11975,0.12465
8036.4210,2,0.12069,0.12215,0.12480,0.12085,0.12047,0.12470
8036.4542,2,0.11853,0.12381,0.12511,0.12015,0.12147,0.12482
8036.4851,2,0.11816,0.12494,0.12547,0.11955,0.12251,0.12501
8036.5182,2,0.11948,0.12650,0.12550,0.11953,0.12371,0.12516
8036.5487,2,0.11821,0.12879,0.12597,0.11913,0.12523,0.12540
8036.5799,2,0.11717,0.13004,0.12669,0.11854,0.12668,0.12579
8036.6111,2,0.11818,0.13186,0.12658,0.11844,0.12823,0.12603
8036.6461,2,0.11768,0.13320,0.12685,0.11821,0.12972,0.12627
8036.6778,2,0.11728,0.13506,0.12720,0.11793,0.13132,0.12655
8036.7123,2,0.11709,0.13636,0.12726,0.11768,0.13283,0.12676
8036.7456,2,0.11697,0.13792,0.12788,0.11746,0.13436,0.12710
8036.7826,2,0.11523,0.13895,0.12869,0.11679,0.13574,0.12758
8036.8154,2,0.11315,0.13914,0.12950,0.11570,0.13676,0.12815
8036.8492,2,0.11354,0.13962,0.12986,0.11505,0.13762,0.12866
8036.8832,2,0.11243,0.13920,0.13032,0.11427,0.13809,0.12916
8036.9147,2,0.11178,0.13925,0.13094,0.11352,0.13844,0.12970
8036.9472,2,0.11279,0.13921,0.13069,0.11330,0.13867,0.12999
8036.9791,2,0.11188,0.14039,0.13099,0.11288,0.13919,0.13029
8037.0161,2,0.11187,0.14055,0.13129,0.11257,0.13959,0.13059
8037.0478,2,0.11063,0.14145,0.13191,0.11199,0.14015,0.13099
8037.0853,2,0.11009,0.14173,0.13239,0.11142,0.14062,0.13141
8037.1212,2,0.11028,0.14292,0.13246,0.11108,0.14131,0.13172
8037.1521,2,0.10997,0.14458,0.13221,0.11075,0.14229,0.13187
8037.1852,2,0.10975,0.14534,0.13231,0.11045,0.14321,0.13200
8037.2172,2,0.10867,0.14591,0.13260,0.10991,0.14402,0.13218
8037.2496,2,0.10781,0.14621,0.13249,0.10928,0.14467,0.13227
8037.2824,2,0.10735,0.14633,0.13225,0.10870,0.14517,0.13227
8037.3175,2,0.10550,0.14612,0.13250,0.10774,0.14546,0.13234
8037.3583,2,0.10411,0.14592,0.13281,0.10665,0.14560,0.13248
8037.3896,2,0.10242,0.14618,0.13335,0.10538,0.14577,0.13274
8037.4211,2,0.10125,0.14650,0.13364,0.10414,0.14599,0.13301
8037.4539,2,0.09975,0.14737,0.13415,0.10282,0.14640,0.13335
8037.4849,2,0.09922,0.14773,0.13442,0.10174,0.14680,0.13367
8037.5159,2,0.09839,0.14860,0.13485,0.10074,0.14734,0.13403
8037.5490,2,0.09804,0.14918,0.13508,0.09993,0.14789,0.13434
8037.5816,2,0.09707,0.15049,0.13556,0.09907,0.14867,0.13471
8037.6131,2,0.09688,0.15097,0.13541,0.09841,0.14936,0.13492
8037.6457,2,0.09587,0.15157,0.13548,0.09765,0.15002,0.13509
8037.6783,2,0.09441,0.15213,0.13557,0.09668,0.15066,0.13523
8037.7116,2,0.09403,0.15298,0.13534,0.09588,0.15135,0.13526
8037.7448,2,0.09364,0.15372,0.13471,0.09521,0.15206,0.13510
8037.7791,2,0.09210,0.15463,0.13467,0.09428,0.15283,0.13497
8037.8111,2,0.09209,0.15494,0.13455,0.09362,0.15346,0.13484
8037.8460,2,0.09135,0.15554,0.13425,0.09294,0.15409,0.13467
8037.8836,2,0.09138,0.15650,0.13393,0.09247,0.15481,0.13444
8037.9161,2,0.09103,0.15716,0.13379,0.09204,0.15552,0.13425
8037.9478,2,0.09163,0.15810,0.13355,0.09192,0.15629,0.13404
8037.9788,2,0.09102,0.15958,0.13315,0.09165,0.15728,0.13377
8038.0175,2,0.09035,0.16109,0.13305,0.09126,0.15842,0.13356
8038.0504,2,0.08993,0.16283,0.13313,0.09086,0.15974,0.13343
8038.0818,2,0.09130,0.16419,0.13279,0.09099,0.16108,0.13324
8038.1124,2,0.08978,0.16625,0.13296,0.09063,0.16263,0.13315
8038.1487,2,0.08999,0.16784,0.13308,0.09044,0.16419,0.13313
8038.1804,2,0.09007,0.16904,0.13285,0.09033,0.16565,0.13305
8038.2128,2,0.08952,0.17062,0.13288,0.09008,0.16714,0.13300
8038.2455,2,0.08961,0.17202,0.13272,0.08994,0.16860,0.13291
8038.2788,2,0.08967,0.17358,0.13272,0.08986,0.17009,0.13286
8038.3131,2,0.08980,0.17470,0.13304,0.08984,0.17148,0.13291
8038.3524,2,0.08891,0.17643,0.13321,0.08956,0.17296,0.13300
8038.3837,2,0.08868,0.17832,0.13322,0.08930,0.17457,0.13307
8038.4178,2,0.08792,0.17999,0.13350,0.08888,0.17620,0.13320
8038.4525,2,0.08791,0.18142,0.13353,0.08859,0.17776,0.13330
8038.4873,2,0.08803,0.18337,0.13362,0.08842,0.17944,0.13340
8038.5204,2,0.08814,0.18545,0.13385,0.08834,0.18125,0.13353
8038.5516,2,0.08900,0.18716,0.13356,0.08854,0.18302,0.13354
8038.5839,2,0.08876,0.18907,0.13384,0.08860,0.18483,0.13363
8038.6169,2,0.08858,0.19075,0.13422,0.08860,0.18661,0.13381
8038.6507,2,0.08786,0.19302,0.13422,0.08837,0.18853,0.13393
8038.6829,2,0.08676,0.19530,0.13455,0.08789,0.19056,0.13412
8038.7170,2,0.08626,0.19754,0.13439,0.08740,0.19266,0.13420
8038.7526,2,0.08585,0.19917,0.13433,0.08693,0.19461,0.13424
8038.7929,2,0.08575,0.20085,0.13410,0.08658,0.19648,0.13420
8038.8268,2,0.08527,0.20264,0.13379,0.08619,0.19833,0.13408
8038.8591,2,0.08418,0.20389,0.13388,0.08558,0.20000,0.13402
8038.8968,2,0.08392,0.20536,0.13327,0.08508,0.20161,0.13379
8038.9321,2,0.08320,0.20656,0.13310,0.08452,0.20309,0.13359
8038.9660,2,0.08378,0.20785,0.13229,0.08430,0.20452,0.13320
8039.0061,2,0.08269,0.20948,0.13190,0.08381,0.20601,0.13281
8039.0391,2,0.08284,0.21094,0.13097,0.08352,0.20749,0.13226
8039.0719,2,0.08194,0.21261,0.13029,0.08305,0.20902,0.13167
8039.1135,2,0.08127,0.21402,0.12960,0.08251,0.21052,0.13105
8039.1459,2,0.08129,0.21523,0.12911,0.08215,0.21194,0.13047
8039.1818,2,0.08052,0.21713,0.12833,0.08166,0.21349,0.12983
8039.2157,2,0.08041,0.21840,0.12806,0.08129,0.21497,0.12930
8039.2535,2,0.08082,0.21932,0.12755,0.08115,0.21627,0.12877
8039.2856,2,0.08148,0.22155,0.12685,0.08125,0.21785,0.12819
8039.3195,2,0.08063,0.22336,0.12679,0.08106,0.21951,0.12777
8039.3540,2,0.07773,0.22540,0.12715,0.08006,0.22127,0.12759
8039.3862,2,0.07855,0.22703,0.12623,0.07961,0.22300,0.12718
8039.4183,2,0.07743,0.22908,0.12631,0.07895,0.22482,0.12692
8039.4507,2,0.07830,0.23060,0.12604,0.07876,0.22656,0.12665
8039.4833,2,0.07697,0.23288,0.12602,0.07822,0.22845,0.12646
8039.5137,2,0.07878,0.23432,0.12565,0.07839,0.23021,0.12622
8039.5496,2,0.07913,0.23586,0.12611,0.07861,0.23191,0.12619
8039.5814,2,0.07783,0.23742,0.12715,0.07838,0.23356,0.12648
8039.6126,2,0.07776,0.23893,0.12781,0.07819,0.23517,0.12688
8039.6475,2,0.07835,0.24018,0.12821,0.07824,0.23668,0.12728
8039.6795,2,0.07814,0.24195,0.12863,0.07821,0.23826,0.12768
8039.7127,2,0.07947,0.24351,0.12870,0.07859,0.23983,0.12799
8039.7457,2,0.07839,0.24523,0.12915,0.07853,0.24145,0.12834
8039.7786,2,0.07996,0.24679,0.12908,0.07896,0.24305,0.12856
8039.8134,2,0.08219,0.24868,0.12907,0.07993,0.24474,0.12871
8039.8463,2,0.08473,0.24965,0.12922,0.08137,0.24621,0.12886
8039.8796,2,0.08557,0.25126,0.12945,0.08263,0.24773,0.12904
8039.9118,2,0.08697,0.25279,0.12918,0.08393,0.24925,0.12908
8039.9452,2,0.08588,0.25453,0.12925,0.08451,0.25083,0.12913
8039.9851,2,0.08679,0.25610,0.12923,0.08520,0.25241,0.12916
8040.0162,2,0.08831,0.25700,0.12917,0.08613,0.25379,0.12916
8040.0479,2,0.08961,0.25869,0.12893,0.08717,0.25526,0.12910
8040.0815,2,0.08926,0.26035,0.12918,0.08780,0.25679,0.12912
8040.1129,2,0.08887,0.26210,0.12912,0.08812,0.25838,0.12912
8040.1451,2,0.08955,0.26271,0.12954,0.08855,0.25968,0.12924
8040.1784,2,0.08951,0.26354,0.12998,0.08884,0.26084,0.12947
8040.2156,2,0.08948,0.26347,0.13023,0.08903,0.26163,0.12970
8040.2486,2,0.09087,0.26413,0.13007,0.08958,0.26238,0.12981
8040.2860,2,0.09097,0.26459,0.12999,0.09000,0.26304,0.12986
8040.3215,2,0.09144,0.26525,0.12981,0.09043,0.26370,0.12985
8040.3523,2,0.09196,0.26600,0.12941,0.09089,0.26439,0.12971
8040.3887,2,0.09198,0.26673,0.12932,0.09122,0.26509,0.12960
8040.4229,2,0.09108,0.26778,0.12897,0.09118,0.26590,0.12941
8040.4561,2,0.09108,0.26826,0.12872,0.09115,0.26661,0.12920
8040.4873,2,0.09135,0.26854,0.12838,0.09121,0.26719,0.12896
8040.5181,2,0.09116,0.26889,0.12816,0.09119,0.26770,0.12872
8040.5506,2,0.09062,0.26917,0.12802,0.09102,0.26814,0.12851
8040.5820,2,0.09041,0.26982,0.12794,0.09084,0.26864,0.12834
8040.6138,2,0.08993,0.27012,0.12824,0.09057,0.26909,0.12831
8040.6454,2,0.09093,0.27010,0.12879,0.09068,0.26939,0.12845
8040.6871,2,0.09154,0.26999,0.13007,0.09093,0.26957,0.12894
8040.7181,2,0.08863,0.27060,0.13191,0.09024,0.26988,0.12983
8040.7501,2,0.08791,0.27018,0.13491,0.08954,0.26997,0.13135
8040.7820,2,0.08889,0.27033,0.13766,0.08935,0.27008,0.13325
8040.8158,2,0.09050,0.27082,0.14047,0.08969,0.27030,0.13541
8040.8491,2,0.09209,0.27086,0.14373,0.09041,0.27047,0.13791
8040.8826,2,0.09406,0.27133,0.14681,0.09151,0.27073,0.14058
8040.9156,2,0.09599,0.27243,0.14957,0.09285,0.27124,0.14328
8040.9476,2,0.09695,0.27363,0.15247,0.09408,0.27196,0.14603
8040.9840,2,0.09943,0.27572,0.15546,0.09569,0.27309,0.14886
8041.0150,2,0.09976,0.27688,0.15904,0.09691,0.27423,0.15192
8041.0548,2,0.10167,0.27838,0.16308,0.09834,0.27547,0.15527
8041.1010,2,0.10296,0.28055,0.16617,0.09972,0.27700,0.15854
8041.1240,2,0.10663,0.28283,0.16921,0.10180,0.27875,0.16174
8041.1551,2,0.10609,0.28409,0.17249,0.10309,0.28035,0.16496
8041.1868,2,0.10657,0.28469,0.17590,0.10413,0.28165,0.16824
8041.2188,2,0.10595,0.28549,0.17880,0.10467,0.28280,0.17141
8041.2524,2,0.10741,0.28629,0.18127,0.10549,0.28385,0.17437
8041.2856,2,0.10863,0.28668,0.18329,0.10644,0.28470,0.17704
8041.3196,2,0.10775,0.28780,0.18530,0.10683,0.28563,0.17952
8041.3526,2,0.10886,0.28779,0.18732,0.10744,0.28628,0.18186
8041.3850,2,0.10950,0.28802,0.18930,0.10806,0.28680,0.18409
8041.4165,2,0.11155,0.28801,0.19101,0.10911,0.28716,0.18617
8041.4505,2,0.11258,0.28780,0.19337,0.11015,0.28735,0.18833
8041.4839,2,0.11391,0.28765,0.19543,0.11128,0.28744,0.19046
8041.5170,2,0.11473,0.28766,0.19761,0.11231,0.28751,0.19261
8041.5514,2,0.11443,0.28825,0.20035,0.11295,0.28773,0.19493
8041.5851,2,0.11408,0.28853,0.20336,0.11329,0.28797,0.19746
8041.6165,2,0.11501,0.28918,0.20597,0.11380,0.28833,0.20001
8041.6501,2,0.11572,0.28825,0.20887,0.11438,0.28831,0.20267
8041.6821,2,0.11697,0.28894,0.21168,0.11516,0.28850,0.20537
8041.7139,2,0.11700,0.28868,0.21438,0.11571,0.28855,0.20808
8041.7456,2,0.11756,0.28836,0.21720,0.11627,0.28850,0.21081
8041.7793,2,0.11782,0.28822,0.21990,0.11673,0.28841,0.21354
8041.8126,2,0.11764,0.28774,0.22268,0.11701,0.28821,0.21628
8041.8493,2,0.11738,0.28740,0.22543,0.11712,0.28797,0.21903
8041.8837,2,0.11792,0.28767,0.22807,0.11736,0.28788,0.22174
8041.9162,2,0.11733,0.28748,0.23068,0.11735,0.28776,0.22442
8041.9476,2,0.11934,0.28809,0.23313,0.11795,0.28786,0.22703
8041.9804,2,0.11916,0.28869,0.23562,0.11831,0.28811,0.22961
8042.0123,2,0.11639,0.28814,0.23889,0.11774,0.28812,0.23239
8042.0497,2,0.11691,0.28617,0.24173,0.11749,0.28753,0.23519
8042.0821,2,0.12025,0.28547,0.24401,0.11832,0.28691,0.23784
8042.1151,2,0.12087,0.28546,0.24650,0.11908,0.28648,0.24044
8042.1564,2,0.12069,0.28611,0.24932,0.11956,0.28637,0.24310
8042.1940,2,0.12233,0.28615,0.25119,0.12039,0.28630,0.24553
8042.2251,2,0.12335,0.28635,0.25276,0.12128,0.28632,0.24770
8042.2584,2,0.12456,0.28677,0.25377,0.12226,0.28645,0.24952
8042.2913,2,0.12357,0.28796,0.25460,0.12265,0.28690,0.25104
8042.3226,2,0.12313,0.29022,0.25477,0.12280,0.28790,0.25216
8042.3579,2,0.12291,0.29258,0.25496,0.12283,0.28930,0.25300
8042.3912,2,0.12417,0.29410,0.25511,0.12323,0.29074,0.25363
8042.4230,2,0.12570,0.29424,0.25579,0.12397,0.29179,0.25428
8042.4536,2,0.12683,0.29464,0.25689,0.12483,0.29265,0.25506
8042.4872,2,0.12759,0.29445,0.25829,0.12566,0.29319,0.25603
8042.5188,2,0.12644,0.29469,0.26004,0.12589,0.29364,0.25723
8042.5494,2,0.12715,0.29451,0.26177,0.12627,0.29390,0.25859
8042.5809,2,0.12728,0.29457,0.26381,0.12657,0.29410,0.26016
8042.6123,2,0.12799,0.29428,0.26601,0.12700,0.29416,0.26191
8042.6458,2,0.12827,0.29410,0.26822,0.12738,0.29414,0.26380
8042.6784,2,0.12897,0.29456,0.27031,0.12786,0.29426,0.26576
8042.7123,2,0.12947,0.29454,0.27240,0.12834,0.29435,0.26775
8042.7477,2,0.12935,0.29371,0.27423,0.12864,0.29415,0.26970
8042.7804,2,0.13097,0.29314,0.27582,0.12934,0.29385,0.27153
8042.8141,2,0.13137,0.29255,0.27763,0.12995,0.29346,0.27336
8042.8472,2,0.13236,0.29190,0.27941,0.13067,0.29299,0.27518
8042.8831,2,0.13447,0.29102,0.28100,0.13181,0.29240,0.27692
8042.9136,2,0.13601,0.29026,0.28279,0.13307,0.29176,0.27868
8042.9465,2,0.13704,0.28949,0.28443,0.13426,0.29108,0.28041
8042.9777,2,0.13609,0.28932,0.28673,0.13481,0.29055,0.28230
8043.0128,2,0.13565,0.28904,0.28886,0.13506,0.29010,0.28427
8043.0496,2,0.13561,0.28910,0.29117,0.13523,0.28980,0.28634
8043.0850,2,0.13524,0.28846,0.29318,0.13523,0.28940,0.28839
8043.1167,2,0.13602,0.28800,0.29492,0.13547,0.28898,0.29035
8043.1494,2,0.13710,0.28832,0.29651,0.13596,0.28878,0.29220
8043.1811,2,0.13607,0.28841,0.29825,0.13599,0.28867,0.29401
8043.2128,2,0.13736,0.28825,0.29941,0.13640,0.28854,0.29563
8043.2466,2,0.13634,0.28885,0.30111,0.13638,0.28863,0.29727
8043.2785,2,0.13699,0.28901,0.30242,0.13656,0.28875,0.29882
8043.3122,2,0.13643,0.28931,0.30400,0.13652,0.28892,0.30037
8043.3464,2,0.13610,0.28916,0.30515,0.13640,0.28899,0.30180
8043.3854,2,0.13773,0.28933,0.30618,0.13680,0.28909,0.30312
8043.4175,2,0.13869,0.28967,0.30717,0.13737,0.28926,0.30433
8043.4498,2,0.13917,0.28991,0.30837,0.13791,0.28946,0.30555
8043.4816,2,0.14034,0.28980,0.30933,0.13864,0.28956,0.30668
8043.5148,2,0.14071,0.28999,0.31098,0.13926,0.28969,0.30797
8043.5476,2,0.14204,0.28948,0.31232,0.14009,0.28962,0.30927
8043.5788,2,0.14443,0.28955,0.31374,0.14139,0.28960,0.31061
8043.6123,2,0.14340,0.29006,0.31584,0.14200,0.28974,0.31218
8043.6473,2,0.14454,0.28980,0.31712,0.14276,0.28976,0.31366
8043.6844,2,0.14606,0.28957,0.31852,0.14375,0.28970,0.31512
8043.7183,2,0.14589,0.28945,0.32027,0.14439,0.28963,0.31666
8043.7537,2,0.14639,0.28997,0.32204,0.14499,0.28973,0.31828
8043.7900,2,0.14756,0.29096,0.32345,0.14576,0.29010,0.31983
8043.8222,2,0.14749,0.29180,0.32525,0.14628,0.29061,0.32146
8043.8540,2,0.14678,0.29261,0.32742,0.14643,0.29121,0.32325
8043.8850,2,0.14578,0.29307,0.32972,0.14623,0.29177,0.32519
8043.9159,2,0.14551,0.29343,0.33233,0.14602,0.29227,0.32733
8043.9504,2,0.14424,0.29387,0.33477,0.14549,0.29275,0.32956
8043.9859,2,0.14567,0.29423,0.33687,0.14554,0.29319,0.33175
8044.0183,2,0.14488,0.29465,0.33940,0.14534,0.29363,0.33405
8044.0528,2,0.14375,0.29523,0.34182,0.14487,0.29411,0.33638
8044.0854,2,0.14486,0.29474,0.34384,0.14486,0.29430,0.33862
8044.1168,2,0.14442,0.29472,0.34614,0.14473,0.29443,0.34088
8044.1501,2,0.14535,0.29489,0.34868,0.14492,0.29456,0.34322
8044.1825,2,0.14506,0.29470,0.35143,0.14496,0.29461,0.34568
8044.2159,2,0.14419,0.29418,0.35405,0.14473,0.29448,0.34819
8044.2487,2,0.14426,0.29345,0.35670,0.14459,0.29417,0.35074
8044.2809,2,0.14530,0.29325,0.35911,0.14480,0.29389,0.35325
8044.3138,2,0.14500,0.29275,0.36169,0.14486,0.29355,0.35578
8044.3454,2,0.14769,0.29241,0.36362,0.14571,0.29321,0.35814
8044.3891,2,0.14746,0.29143,0.36574,0.14623,0.29267,0.36042
8044.4206,2,0.15006,0.29201,0.36756,0.14738,0.29248,0.36256
8044.4527,2,0.14881,0.29248,0.36979,0.14781,0.29248,0.36473
8044.4852,2,0.14886,0.29305,0.37163,0.14813,0.29265,0.36680
8044.5179,2,0.14949,0.29372,0.37315,0.14853,0.29297,0.36870
8044.5489,2,0.14914,0.29474,0.37480,0.14871,0.29350,0.37053
8044.5803,2,0.15024,0.29532,0.37607,0.14917,0.29405,0.37219
8044.6151,2,0.14955,0.29526,0.37744,0.14928,0.29441,0.37377
8044.6510,2,0.15070,0.29557,0.37840,0.14971,0.29476,0.37516
8044.6850,2,0.15181,0.29583,0.37924,0.15034,0.29508,0.37638
8044.7158,2,0.15174,0.29697,0.38029,0.15076,0.29565,0.37756
8044.7484,2,0.15164,0.29861,0.38104,0.15102,0.29654,0.37860
8044.7857,2,0.15203,0.29992,0.38179,0.15133,0.29755,0.37956
8044.8203,2,0.15385,0.30154,0.38206,0.15208,0.29875,0.38031
8044.8553,2,0.15416,0.30231,0.38249,0.15271,0.29982,0.38096
8044.8882,2,0.15471,0.30303,0.38271,0.15331,0.30078,0.38149
8044.9205,2,0.15520,0.30382,0.38299,0.15387,0.30169,0.38194
8044.9525,2,0.15481,0.30438,0.38357,0.15415,0.30250,0.38243
8044.9856,2,0.15442,0.30475,0.38409,0.15423,0.30317,0.38293
8045.0186,2,0.15388,0.30537,0.38476,0.15413,0.30383,0.38348
8045.0495,2,0.15305,0.30524,0.38536,0.15380,0.30425,0.38404
8045.0811,2,0.15356,0.30556,0.38560,0.15373,0.30465,0.38451
8045.1131,2,0.15443,0.30483,0.38585,0.15394,0.30470,0.38491
8045.1467,2,0.15647,0.30407,0.38574,0.15470,0.30451,0.38516
8045.1778,2,0.15601,0.30284,0.38570,0.15509,0.30401,0.38532
8045.2125,2,0.15588,0.30181,0.38559,0.15533,0.30335,0.38540
8045.2461,2,0.15640,0.30070,0.38540,0.15565,0.30255,0.38540
8045.2801,2,0.15797,0.29945,0.38508,0.15635,0.30162,0.38531
8045.3196,2,0.15672,0.29818,0.38536,0.15646,0.30059,0.38532
8045.3567,2,0.15636,0.29627,0.38547,0.15643,0.29930,0.38537
8045.3900,2,0.15646,0.29417,0.38572,0.15644,0.29776,0.38547
8045.4205,2,0.15742,0.29116,0.38586,0.15673,0.29578,0.38559
8045.4569,2,0.15828,0.28865,0.38583,0.15720,0.29364,0.38566
8045.4896,2,0.15953,0.28564,0.38561,0.15790,0.29124,0.38565
8045.5251,2,0.15900,0.28252,0.38565,0.15823,0.28862,0.38565
8045.5632,2,0.15771,0.27976,0.38577,0.15807,0.28596,0.38568
8045.5996,2,0.15813,0.27769,0.38566,0.15809,0.28348,0.38568
8045.6324,2,0.15688,0.27531,0.38614,0.15773,0.28103,0.38581
8045.6656,2,0.15771,0.27248,0.38602,0.15772,0.27846,0.38587
8045.6989,2,0.15741,0.26843,0.38562,0.15763,0.27545,0.38580
8045.7391,2,0.15780,0.26501,0.38500,0.15768,0.27232,0.38556
8045.7710,2,0.15633,0.26151,0.38492,0.15727,0.26908,0.38537
8045.8034,2,0.15592,0.25816,0.38467,0.15687,0.26580,0.38516
8045.8353,2,0.15706,0.25404,0.38407,0.15693,0.26227,0.38483
8045.8662,2,0.15584,0.25035,0.38394,0.15660,0.25869,0.38457
8045.9047,2,0.15638,0.24759,0.38415,0.15654,0.25536,0.38444
8045.9363,2,0.15644,0.24479,0.38483,0.15651,0.25219,0.38456
8045.9673,2,0.15568,0.24110,0.38558,0.15626,0.24887,0.38486
8045.9992,2,0.15440,0.23728,0.38632,0.15570,0.24539,0.38530
8046.0321,2,0.15382,0.23410,0.38664,0.15514,0.24200,0.38570
8046.0641,2,0.15505,0.23008,0.38652,0.15511,0.23843,0.38595
8046.0966,2,0.15646,0.22471,0.38595,0.15552,0.23431,0.38595
8046.1286,2,0.15756,0.21974,0.38579,0.15613,0.22994,0.38590
8046.1647,2,0.15847,0.21529,0.38567,0.15683,0.22555,0.38583
8046.1956,2,0.15795,0.21071,0.38600,0.15717,0.22109,0.38588
8046.2285,2,0.15805,0.20675,0.38655,0.15743,0.21679,0.38608
8046.2616,2,0.15846,0.20194,0.38711,0.15774,0.21234,0.38639
8046.2966,2,0.15899,0.19816,0.38774,0.15811,0.20808,0.38680
8046.3292,2,0.15875,0.19425,0.38823,0.15831,0.20393,0.38723
8046.3622,2,0.15946,0.18987,0.38846,0.15865,0.19971,0.38760
8046.4027,2,0.15881,0.18521,0.38876,0.15870,0.19536,0.38795
8046.4346,2,0.15776,0.18129,0.38956,0.15842,0.19114,0.38843
8046.4667,2,0.15622,0.17797,0.39017,0.15776,0.18719,0.38895
8046.5008,2,0.15553,0.17515,0.39061,0.15709,0.18358,0.38945
8046.5325,2,0.15560,0.17234,0.39077,0.15664,0.18021,0.38985
8046.5653,2,0.15527,0.16972,0.39089,0.15623,0.17706,0.39016
8046.5989,2,0.15566,0.16631,0.39075,0.15606,0.17384,0.39034
8046.6303,2,0.15623,0.16361,0.39063,0.15611,0.17077,0.39042
8046.6611,2,0.15663,0.16096,0.39067,0.15627,0.16783,0.39050
8046.6948,2,0.15660,0.15818,0.39081,0.15637,0.16493,0.39059
8046.7341,2,0.15679,0.15635,0.39127,0.15649,0.16236,0.39080
8046.7695,2,0.15700,0.15332,0.39139,0.15664,0.15965,0.39097
8046.8026,2,0.15929,0.15084,0.39108,0.15744,0.15700,0.39101
8046.8389,2,0.16048,0.14801,0.39081,0.15835,0.15431,0.39095
8046.8735,2,0.16147,0.14531,0.39058,0.15929,0.15161,0.39084
8046.9055,2,0.16035,0.14183,0.39071,0.15960,0.14867,0.39080
8046.9364,2,0.16012,0.13827,0.39062,0.15976,0.14555,0.39074
8046.9867,2,0.16044,0.13598,0.39058,0.15996,0.14268,0.39069
8047.0303,2,0.16011,0.13247,0.39046,0.16001,0.13962,0.39062
8047.0746,2,0.16125,0.12994,0.39020,0.16038,0.13671,0.39050
8047.1172,2,0.16109,0.12725,0.39008,0.16059,0.13387,0.39037
8047.1503,2,0.16176,0.12496,0.38980,0.16095,0.13120,0.39020
8047.1814,2,0.16453,0.11824,0.38895,0.16202,0.12731,0.38982
8047.2128,2,0.16533,0.11530,0.38891,0.16301,0.12371,0.38955
8047.2440,2,0.16492,0.11126,0.38910,0.16359,0.11997,0.38941
8047.2746,2,0.16586,0.10227,0.38894,0.16427,0.11466,0.38927
8047.3057,2,0.16664,0.09850,0.38877,0.16498,0.10982,0.38912
8047.3369,2,0.16743,0.09389,0.38862,0.16572,0.10504,0.38897
8047.3678,2,0.16608,0.08970,0.38915,0.16582,0.10044,0.38902
8047.3990,2,0.16744,0.08484,0.38901,0.16631,0.09576,0.38902
8047.4357,2,0.16712,0.08052,0.38928,0.16655,0.09118,0.38910
8047.4687,2,0.16811,0.07633,0.38936,0.16702,0.08673,0.38918
8047.5020,2,0.16872,0.07031,0.38937,0.16753,0.08180,0.38923
8047.5345,2,0.16630,0.06491,0.39021,0.16716,0.07673,0.38952
8047.5646,2,0.16598,0.05978,0.39048,0.16681,0.07165,0.38981
8047.5973,2,0.16751,0.05546,0.39049,0.16702,0.06679,0.39002
8047.6300,2,0.17465,0.04925,0.38878,0.16931,0.06153,0.38965
8047.6664,2,0.17380,0.04318,0.38974,0.17066,0.05602,0.38968
8047.7005,2,0.17632,0.04081,0.38996,0.17236,0.05146,0.38976
8047.7312,2,0.17768,0.03777,0.38978,0.17395,0.04735,0.38977
8047.7619,2,0.17608,0.03339,0.39076,0.17459,0.04316,0.39006
8047.8053,2,0.17579,0.02968,0.39094,0.17495,0.03912,0.39033
8047.8383,2,0.17379,0.02673,0.39144,0.17460,0.03540,0.39066
8047.8694,2,0.17512,0.02358,0.39181,0.17476,0.03186,0.39100
8047.9075,2,0.17717,0.01991,0.39196,0.17548,0.02827,0.39129
8047.9383,2,0.17769,0.01579,0.39209,0.17614,0.02453,0.39153
8047.9691,2,0.17868,0.01194,0.39152,0.17690,0.02075,0.39153
8048.0008,2,0.17847,0.00908,0.39193,0.17737,0.01725,0.39165
8048.0310,2,0.17897,0.00555,0.39128,0.17785,0.01374,0.39154
8048.0617,2,0.17836,0.00225,0.39112,0.17800,0.01029,0.39141
8048.0964,2,0.17961,-0.00079,0.39132,0.17848,0.00697,0.39138
8048.1291,2,0.17907,-0.00272,0.39140,0.17866,0.00406,0.39139
8048.1625,2,0.17780,-0.00602,0.39136,0.17840,0.00104,0.39138
8048.1951,2,0.17723,-0.00843,0.39161,0.17805,-0.00180,0.39145
8048.2288,2,0.17767,-0.01190,0.39167,0.17794,-0.00483,0.39152
8048.2620,2,0.17871,-0.01442,0.39132,0.17817,-0.00771,0.39146
8048.2948,2,0.17750,-0.01643,0.39152,0.17797,-0.01032,0.39148
8048.3286,2,0.17923,-0.01890,0.39144,0.17835,-0.01290,0.39147
8048.3737,2,0.18109,-0.02068,0.39094,0.17917,-0.01523,0.39131
8048.4046,2,0.17927,-0.02380,0.39144,0.17920,-0.01780,0.39135
8048.4413,2,0.18155,-0.02559,0.39102,0.17990,-0.02014,0.39125
8048.4775,2,0.17982,-0.02868,0.39135,0.17988,-0.02270,0.39128
8048.5093,2,0.17903,-0.03113,0.39147,0.17962,-0.02523,0.39134
8048.5408,2,0.18026,-0.03387,0.39105,0.17981,-0.02782,0.39125
8048.5714,2,0.17784,-0.03609,0.39135,0.17922,-0.03030,0.39128
8048.6036,2,0.17814,-0.03797,0.39083,0.17890,-0.03260,0.39115
8048.6363,2,0.17791,-0.03968,0.39042,0.17860,-0.03473,0.39093
8048.6683,2,0.17803,-0.04272,0.39007,0.17843,-0.03712,0.39067
8048.7005,2,0.17598,-0.04518,0.39026,0.17769,-0.03954,0.39055
8048.7314,2,0.17710,-0.04831,0.39028,0.17752,-0.04217,0.39047
8048.7634,2,0.17723,-0.05119,0.39022,0.17743,-0.04488,0.39040
8048.7963,2,0.17889,-0.05360,0.39009,0.17787,-0.04749,0.39030
8048.8284,2,0.17807,-0.05631,0.39050,0.17793,-0.05014,0.39036
8048.8610,2,0.17955,-0.05846,0.39043,0.17842,-0.05263,0.39038
8048.8951,2,0.18196,-0.06050,0.39010,0.17948,-0.05500,0.39030
8048.9327,2,0.18285,-0.06274,0.39018,0.18049,-0.05732,0.39026
8048.9680,2,0.18280,-0.06422,0.39050,0.18118,-0.05939,0.39033
8048.9993,2,0.18274,-0.06608,0.39054,0.18165,-0.06140,0.39039
8049.0309,2,0.18243,-0.06821,0.39084,0.18188,-0.06344,0.39053
8049.0637,2,0.18078,-0.07006,0.39106,0.18155,-0.06543,0.39069
8049.0948,2,0.18175,-0.07166,0.39067,0.18161,-0.06730,0.39068
8049.1281,2,0.18277,-0.07338,0.38970,0.18196,-0.06912,0.39039
8049.1725,2,0.18252,-0.07485,0.38880,0.18213,-0.07084,0.38991
8049.2038,2,0.18277,-0.07595,0.38801,0.18232,-0.07237,0.38934
8049.2355,2,0.18306,-0.07741,0.38701,0.18255,-0.07388,0.38864
8049.2669,2,0.18410,-0.07800,0.38616,0.18301,-0.07512,0.38789
8049.2988,2,0.18472,-0.07839,0.38551,0.18352,-0.07610,0.38718
8049.3323,2,0.18520,-0.07883,0.38502,0.18403,-0.07692,0.38653
8049.3646,2,0.18680,-0.07797,0.38409,0.18486,-0.07724,0.38580
8049.3969,2,0.18746,-0.07707,0.38255,0.18564,-0.07719,0.38482
8049.4381,2,0.18687,-0.07690,0.38056,0.18601,-0.07710,0.38355
8049.4682,2,0.18693,-0.07646,0.37774,0.18629,-0.07691,0.38180
8049.4993,2,0.18797,-0.07498,0.37456,0.18679,-0.07633,0.37963
8049.5310,2,0.18877,-0.07286,0.37196,0.18738,-0.07529,0.37733
8049.5632,2,0.18545,-0.07134,0.37029,0.18680,-0.07411,0.37522
8049.5947,2,0.18361,-0.06970,0.36912,0.18585,-0.07278,0.37339
8049.6280,2,0.18499,-0.06805,0.36733,0.18559,-0.07136,0.37157
8049.6613,2,0.18567,-0.06621,0.36627,0.18561,-0.06982,0.36998
8049.6951,2,0.18844,-0.06444,0.36393,0.18646,-0.06821,0.36816
8049.7276,2,0.18751,-0.06226,0.36217,0.18678,-0.06642,0.36637
8049.7667,2,0.18916,-0.06073,0.35977,0.18749,-0.06471,0.36439
8049.7990,2,0.18723,-0.05873,0.35763,0.18741,-0.06292,0.36236
8049.8308,2,0.18756,-0.05596,0.35447,0.18746,-0.06083,0.35999
8049.8683,2,0.18971,-0.05464,0.35079,0.18813,-0.05897,0.35723
8049.9005,2,0.18955,-0.05264,0.34672,0.18856,-0.05707,0.35408
8049.9381,2,0.18991,-0.05028,0.34251,0.18896,-0.05503,0.35061
8049.9702,2,0.18918,-0.04809,0.33918,0.18903,-0.05295,0.34718
8050.0090,2,0.18709,-0.04602,0.33615,0.18845,-0.05087,0.34387
8050.0440,2,0.18736,-0.04449,0.33301,0.18812,-0.04896,0.34061
8050.0789,2,0.18510,-0.04325,0.33022,0.18722,-0.04724,0.33750
8050.1112,2,0.18529,-0.04299,0.32739,0.18664,-0.04597,0.33446
8050.1461,2,0.18475,-0.04165,0.32448,0.18607,-0.04467,0.33147
8050.1803,2,0.18441,-0.04076,0.32162,0.18557,-0.04350,0.32851
8050.2139,2,0.18481,-0.04051,0.31890,0.18534,-0.04260,0.32563
8050.2468,2,0.18576,-0.03962,0.31667,0.18547,-0.04171,0.32294
8050.2872,2,0.18623,-0.04016,0.31462,0.18570,-0.04124,0.32044
8050.3206,2,0.18447,-0.03892,0.31279,0.18533,-0.04055,0.31815
8050.3547,2,0.18422,-0.03912,0.31176,0.18500,-0.04012,0.31623
8050.3866,2,0.18324,-0.04106,0.31083,0.18447,-0.04040,0.31461
8050.4185,2,0.18473,-0.04130,0.31007,0.18455,-0.04067,0.31325
8050.4510,2,0.18624,-0.04087,0.30907,0.18506,-0.04073,0.31200
8050.4823,2,0.18637,-0.04117,0.30818,0.18545,-0.04086,0.31085
8050.5138,2,0.18844,-0.04093,0.30678,0.18635,-0.04088,0.30963
8050.5479,2,0.19072,-0.04024,0.30530,0.18766,-0.04069,0.30833
8050.5828,2,0.19244,-0.04013,0.30357,0.18909,-0.04052,0.30690
8050.6171,2,0.19271,-0.04050,0.30233,0.19018,-0.04051,0.30553
8050.6493,2,0.19586,-0.03963,0.30013,0.19188,-0.04025,0.30391
8050.6814,2,0.19881,-0.03936,0.29775,0.19396,-0.03998,0.30206
8050.7138,2,0.20206,-0.03958,0.29506,0.19639,-0.03986,0.29996
8050.7459,2,0.20507,-0.03830,0.29230,0.19900,-0.03939,0.29767
8050.7804,2,0.20861,-0.03798,0.28872,0.20188,-0.03897,0.29498
8050.8112,2,0.21004,-0.03818,0.28540,0.20433,-0.03873,0.29211
8050.8488,2,0.21274,-0.03747,0.28227,0.20685,-0.03835,0.28916
8050.8803,2,0.21589,-0.03782,0.27913,0.20956,-0.03819,0.28615
8050.9152,2,0.21756,-0.03664,0.27633,0.21196,-0.03773,0.28320
8050.9516,2,0.21902,-0.03644,0.27354,0.21408,-0.03734,0.28030
8050.9836,2,0.21965,-0.03610,0.27118,0.21575,-0.03697,0.27757
8051.0156,2,0.22007,-0.03503,0.26886,0.21705,-0.03639,0.27495
8051.0463,2,0.22239,-0.03484,0.26598,0.21865,-0.03592,0.27226
8051.0806,2,0.22209,-0.03451,0.26360,0.21968,-0.03550,0.26966
8051.1215,2,0.22262,-0.03391,0.26066,0.22056,-0.03502,0.26696
8051.1539,2,0.22593,-0.03258,0.25758,0.22217,-0.03429,0.26415
8051.1850,2,0.22564,-0.03185,0.25524,0.22321,-0.03356,0.26148
8051.2233,2,0.22509,-0.02999,0.25340,0.22378,-0.03249,0.25905
8051.2589,2,0.22410,-0.03020,0.25150,0.22387,-0.03180,0.25679
8051.2898,2,0.22391,-0.02966,0.24934,0.22388,-0.03116,0.25455
8051.3214,2,0.22477,-0.02891,0.24708,0.22415,-0.03048,0.25231
8051.3543,2,0.22621,-0.02727,0.24531,0.22477,-0.02952,0.25021
8051.3862,2,0.22881,-0.02674,0.24290,0.22598,-0.02869,0.24802
8051.4177,2,0.23021,-0.02694,0.24029,0.22725,-0.02816,0.24570
8051.4512,2,0.23171,-0.02605,0.23760,0.22859,-0.02753,0.24327
8051.4837,2,0.23479,-0.02590,0.23465,0.23045,-0.02704,0.24068
8051.5164,2,0.23609,-0.02545,0.23203,0.23214,-0.02656,0.23809
8051.5476,2,0.23685,-0.02376,0.22928,0.23355,-0.02572,0.23545
8051.5806,2,0.23825,-0.02385,0.22652,0.23496,-0.02516,0.23277
8051.6125,2,0.23787,-0.02302,0.22410,0.23584,-0.02452,0.23017
8051.6460,2,0.23829,-0.02233,0.22177,0.23657,-0.02386,0.22765
8051.6785,2,0.23769,-0.02199,0.21964,0.23691,-0.02330,0.22525
8051.7134,2,0.23878,-0.02132,0.21727,0.23747,-0.02271,0.22285
8051.7453,2,0.24115,-0.02002,0.21458,0.23858,-0.02190,0.22037
8051.7779,2,0.24400,-0.01934,0.21176,0.24020,-0.02113,0.21779
8051.8224,2,0.24541,-0.01894,0.20903,0.24176,-0.02047,0.21516
8051.8530,2,0.24789,-0.01812,0.20645,0.24360,-0.01977,0.21255
8051.8849,2,0.25125,-0.01820,0.20373,0.24590,-0.01930,0.20990
8051.9168,2,0.25431,-0.01735,0.20099,0.24842,-0.01871,0.20723
8051.9514,2,0.25589,-0.01674,0.19836,0.25066,-0.01812,0.20457
8051.9832,2,0.25675,-0.01632,0.19565,0.25249,-0.01758,0.20189
8052.0145,2,0.25968,-0.01588,0.19221,0.25465,-0.01707,0.19899
8052.0452,2,0.26364,-0.01580,0.18858,0.25734,-0.01669,0.19587
8052.0783,2,0.26648,-0.01519,0.18514,0.26009,-0.01624,0.19265
8052.1129,2,0.26855,-0.01445,0.18172,0.26262,-0.01570,0.18937
8052.1472,2,0.26958,-0.01473,0.17855,0.26471,-0.01541,0.18612
8052.1820,2,0.27097,-0.01487,0.17540,0.26659,-0.01525,0.18291
8052.2166,2,0.27216,-0.01516,0.17208,0.26826,-0.01522,0.17966
8052.2513,2,0.27424,-0.01343,0.16863,0.27005,-0.01468,0.17635
8052.2867,2,0.27501,-0.01188,0.16491,0.27154,-0.01384,0.17292
8052.3194,2,0.27368,-0.01148,0.16193,0.27218,-0.01313,0.16962
8052.3542,2,0.27618,-0.01090,0.15892,0.27338,-0.01246,0.16641
8052.3919,2,0.27675,-0.00979,0.15668,0.27439,-0.01166,0.16349
8052.4239,2,0.27957,-0.00802,0.15437,0.27594,-0.01057,0.16075
8052.4621,2,0.28186,-0.00745,0.15201,0.27772,-0.00963,0.15813
8052.4990,2,0.28449,-0.00590,0.14982,0.27975,-0.00851,0.15564
8052.5302,2,0.28729,-0.00383,0.14775,0.28201,-0.00711,0.15327
8052.5612,2,0.29156,-0.00253,0.14574,0.28488,-0.00573,0.15101
8052.5952,2,0.29585,-0.00151,0.14406,0.28817,-0.00447,0.14893
8052.6286,2,0.30067,-0.00102,0.14222,0.29192,-0.00343,0.14692
8052.6614,2,0.30293,0.00078,0.14097,0.29522,-0.00217,0.14513
8052.6969,2,0.30829,0.00115,0.13896,0.29914,-0.00117,0.14328
8052.7346,2,0.31216,0.00285,0.13685,0.30305,0.00004,0.14135
8052.7662,2,0.31686,0.00356,0.13434,0.30719,0.00109,0.13925
8052.7986,2,0.32070,0.00421,0.13149,0.31124,0.00203,0.13692
8052.8306,2,0.32377,0.00461,0.12855,0.31500,0.00280,0.13441
8052.8627,2,0.32624,0.00509,0.12578,0.31838,0.00349,0.13182
8052.8951,2,0.32989,0.00693,0.12301,0.32183,0.00452,0.12918
8052.9338,2,0.33182,0.00856,0.12081,0.32483,0.00573,0.12667
8052.9681,2,0.33661,0.01044,0.11770,0.32836,0.00714,0.12398
8052.9999,2,0.34085,0.01222,0.11523,0.33211,0.00867,0.12135
8053.0309,2,0.34383,0.01472,0.11287,0.33563,0.01048,0.11881
8053.0723,2,0.34534,0.01525,0.11063,0.33854,0.01191,0.11635
8053.1054,2,0.34885,0.01234,0.10750,0.34163,0.01204,0.11370
8053.1373,2,0.35257,0.00957,0.10446,0.34492,0.01130,0.11092
8053.1714,2,0.35402,0.01163,0.10284,0.34765,0.01140,0.10850
8053.2034,2,0.35331,0.01090,0.10259,0.34935,0.01125,0.10673
8053.2349,2,0.35737,0.01277,0.10304,0.35175,0.01171,0.10562
8053.2660,2,0.35664,0.01231,0.10421,0.35322,0.01189,0.10520
8053.2968,2,0.36350,0.01162,0.10365,0.35631,0.01181,0.10473
8053.3293,2,0.36692,0.01082,0.10293,0.35949,0.01151,0.10419
8053.3661,2,0.36767,0.00712,0.10211,0.36194,0.01019,0.10357
8053.3967,2,0.36428,0.00615,0.10286,0.36264,0.00898,0.10336
8053.4290,2,0.36658,0.00879,0.10218,0.36382,0.00892,0.10300
8053.4681,2,0.37205,0.00929,0.10127,0.36629,0.00903,0.10248
8053.5001,2,0.37295,0.00841,0.10207,0.36829,0.00885,0.10236
8053.5321,2,0.37972,0.00927,0.10229,0.37172,0.00897,0.10234
8053.5623,2,0.38891,0.00955,0.10255,0.37688,0.00915,0.10240
8053.5940,2,0.39705,0.01214,0.10427,0.38293,0.01004,0.10296
8053.6292,2,0.40000,0.01650,0.10697,0.38805,0.01198,0.10416
8053.6613,2,0.40000,0.02054,0.11009,0.39163,0.01455,0.10594
8053.6941,2,0.40000,0.02326,0.11274,0.39414,0.01716,0.10798
8053.7287,2,0.40000,0.02375,0.11485,0.39590,0.01914,0.11004
8053.7622,2,0.40000,0.02500,0.11662,0.39713,0.02090,0.11201
8053.7961,2,0.40000,0.02421,0.11882,0.39799,0.02189,0.11406
8053.8273,2,0.40000,0.02483,0.11988,0.39859,0.02277,0.11580
8053.8601,2,0.40000,0.02678,0.12149,0.39902,0.02397,0.11751
8053.8908,2,0.40000,0.02907,0.12374,0.39931,0.02550,0.11938
8053.9236,2,0.40000,0.03067,0.12709,0.39952,0.02705,0.12169
8053.9642,2,0.40000,0.03220,0.13019,0.39966,0.02860,0.12424
8053.9975,2,0.40000,0.03472,0.13328,0.39976,0.03044,0.12695
8054.0324,2,0.40000,0.03447,0.13756,0.39983,0.03165,0.13014
8054.0670,2,0.40000,0.03723,0.14143,0.39988,0.03332,0.13352
8054.0984,2,0.40000,0.04041,0.14371,0.39992,0.03545,0.13658
8054.1300,2,0.40000,0.04123,0.14601,0.39994,0.03718,0.13941
8054.1617,2,0.40000,0.04448,0.14880,0.39996,0.03937,0.14223
8054.1959,2,0.40000,0.04491,0.15070,0.39997,0.04103,0.14477
8054.2277,2,0.40000,0.04699,0.15267,0.39998,0.04282,0.14714
8054.2614,2,0.40000,0.04995,0.15372,0.39999,0.04496,0.14911
8054.2958,2,0.40000,0.05407,0.15491,0.39999,0.04769,0.15085
8054.3286,2,0.40000,0.05626,0.15678,0.39999,0.05026,0.15263
8054.3614,2,0.40000,0.05976,0.15895,0.40000,0.05311,0.15453
8054.3981,2,0.40000,0.06575,0.16009,0.40000,0.05690,0.15620
8054.4298,2,0.40000,0.06941,0.16174,0.40000,0.06066,0.15786
8054.4673,2,0.40000,0.07155,0.16292,0.40000,0.06392,0.15938
8054.5076,2,0.40000,0.07135,0.16432,0.40000,0.06615,0.16086
8054.5459,2,0.40000,0.07361,0.16554,0.40000,0.06839,0.16226
8054.5833,2,0.40000,0.07326,0.16722,0.40000,0.06985,0.16375
8054.6164,2,0.40000,0.07695,0.16811,0.40000,0.07198,0.16506
8054.6478,2,0.40000,0.07769,0.16871,0.40000,0.07369,0.16615
8054.6804,2,0.40000,0.08010,0.16839,0.40000,0.07561,0.16682
8054.7137,2,0.40000,0.07965,0.16676,0.40000,0.07683,0.16680
8054.7467,2,0.40000,0.07932,0.16513,0.40000,0.07758,0.16630
8054.7796,2,0.40000,0.07693,0.16361,0.40000,0.07738,0.16549
8054.8139,2,0.40000,0.07457,0.16282,0.40000,0.07654,0.16469
8054.8461,2,0.40000,0.07230,0.16282,0.40000,0.07527,0.16413
8054.8791,2,0.40000,0.07009,0.16417,0.40000,0.07371,0.16414
8054.9109,2,0.40000,0.06730,0.16551,0.40000,0.07179,0.16455
8054.9447,2,0.40000,0.06410,0.16777,0.40000,0.06948,0.16552
8054.9794,2,0.40000,0.06243,0.16894,0.40000,0.06737,0.16654
8055.0133,2,0.40000,0.05973,0.16918,0.40000,0.06508,0.16733
8055.0444,2,0.40000,0.05697,0.16913,0.40000,0.06264,0.16787
8055.0783,2,0.40000,0.05430,0.17034,0.40000,0.06014,0.16861
8055.1134,2,0.40000,0.05051,0.17147,0.40000,0.05725,0.16947
8055.1475,2,0.40000,0.05031,0.17280,0.40000,0.05517,0.17047
8055.1793,2,0.40000,0.04792,0.17317,0.40000,0.05299,0.17128
8055.2107,2,0.40000,0.04855,0.17316,0.40000,0.05166,0.17184
8055.2444,2,0.40000,0.04735,0.17401,0.40000,0.05037,0.17249
8055.2848,2,0.40000,0.04594,0.17440,0.40000,0.04904,0.17306
8055.3176,2,0.40000,0.04517,0.17435,0.40000,0.04788,0.17345
8055.3500,2,0.40000,0.04415,0.17442,0.40000,0.04676,0.17374
8055.3847,2,0.40000,0.04257,0.17378,0.40000,0.04550,0.17375
8055.4163,2,0.40000,0.04108,0.17286,0.40000,0.04418,0.17348
8055.4489,2,0.40000,0.03968,0.17259,0.40000,0.04283,0.17322
8055.4837,2,0.40000,0.03900,0.17129,0.40000,0.04168,0.17264
8055.5161,2,0.40000,0.03872,0.17061,0.40000,0.04079,0.17203
8055.5491,2,0.40000,0.03750,0.16990,0.40000,0.03980,0.17139
8055.5804,2,0.40000,0.03766,0.16920,0.40000,0.03916,0.17073
8055.6124,2,0.40000,0.03750,0.16746,0.40000,0.03866,0.16975
8055.6456,2,0.40000,0.03625,0.16616,0.40000,0.03794,0.16867
8055.6785,2,0.40000,0.03722,0.16438,0.40000,0.03772,0.16739
8055.7116,2,0.40000,0.03816,0.16320,0.40000,0.03785,0.16613
8055.7448,2,0.40000,0.03863,0.16190,0.40000,0.03809,0.16486
8055.7779,2,0.40000,0.03977,0.16018,0.40000,0.03859,0.16346
8055.8113,2,0.40000,0.04147,0.15939,0.40000,0.03945,0.16224
8055.8450,2,0.40000,0.04344,0.15849,0.40000,0.04065,0.16111
8055.8781,2,0.40000,0.04253,0.15865,0.40000,0.04122,0.16038
8055.9115,2,0.40000,0.04651,0.15968,0.40000,0.04281,0.16017
8055.9453,2,0.40000,0.04774,0.16178,0.40000,0.04428,0.16065
8055.9790,2,0.40000,0.04921,0.16325,0.40000,0.04576,0.16143
8056.0109,2,0.40000,0.04940,0.16532,0.40000,0.04685,0.16260
8056.0458,2,0.40000,0.04905,0.16721,0.40000,0.04751,0.16398
8056.0796,2,0.40000,0.05044,0.16854,0.40000,0.04839,0.16535
8056.1162,2,0.40000,0.04966,0.16906,0.40000,0.04877,0.16646
8056.1475,2,0.40000,0.04888,0.17027,0.40000,0.04880,0.16760
8056.1792,2,0.40000,0.04744,0.17134,0.40000,0.04840,0.16872
8056.2126,2,0.40000,0.04628,0.17296,0.40000,0.04776,0.17000
8056.2527,2,0.40000,0.04249,0.17483,0.40000,0.04618,0.17145
8056.2886,2,0.40000,0.03913,0.17748,0.40000,0.04407,0.17326
8056.3306,2,0.40000,0.03867,0.18033,0.40000,0.04245,0.17538
8056.3648,2,0.40000,0.03635,0.18349,0.40000,0.04062,0.17781
8056.3997,2,0.40000,0.03360,0.18643,0.40000,0.03851,0.18040
8056.4309,2,0.40000,0.03186,0.19015,0.40000,0.03652,0.18332
8056.4626,2,0.40000,0.02787,0.19396,0.40000,0.03392,0.18651
8056.5050,2,0.40000,0.02510,0.19681,0.40000,0.03128,0.18960
8056.5367,2,0.40000,0.02261,0.19925,0.40000,0.02868,0.19250
8056.5691,2,0.40000,0.02246,0.20130,0.40000,0.02681,0.19514
8056.6001,2,0.40000,0.02024,0.20375,0.40000,0.02484,0.19772
8056.6312,2,0.40000,0.02006,0.20541,0.40000,0.02340,0.20003
8056.6644,2,0.40000,0.01868,0.20679,0.40000,0.02199,0.20206
8056.6979,2,0.40000,0.01865,0.20780,0.40000,0.02099,0.20378
8056.7291,2,0.40000,0.01888,0.20900,0.40000,0.02036,0.20535
8056.7620,2,0.40000,0.01939,0.21077,0.40000,0.02006,0.20697
8056.7957,2,0.40000,0.01992,0.21271,0.40000,0.02002,0.20869
8056.8287,2,0.40000,0.01814,0.21589,0.40000,0.01946,0.21085
8056.8628,2,0.40000,0.01746,0.21829,0.40000,0.01886,0.21308
8056.8956,2,0.39884,0.01748,0.22100,0.39965,0.01844,0.21546
8056.9291,2,0.39321,0.01589,0.22348,0.39772,0.01768,0.21787
8056.9623,2,0.38757,0.01511,0.22575,0.39467,0.01691,0.22023
8056.9946,2,0.38191,0.01367,0.22797,0.39084,0.01594,0.22255
8057.0327,2,0.37501,0.01450,0.23022,0.38610,0.01551,0.22485
8057.0637,2,0.37086,0.01447,0.23225,0.38152,0.01519,0.22707
8057.0949,2,0.36621,0.01510,0.23411,0.37693,0.01517,0.22918
8057.1272,2,0.36323,0.01557,0.23557,0.37282,0.01529,0.23110
8057.1629,2,0.35789,0.01632,0.23797,0.36834,0.01560,0.23316
8057.1951,2,0.35463,0.01608,0.23982,0.36423,0.01574,0.23516
8057.2280,2,0.35149,0.01661,0.24198,0.36040,0.01600,0.23720
8057.2608,2,0.34483,0.01589,0.24448,0.35573,0.01597,0.23939
8057.2945,2,0.34471,0.01600,0.24629,0.35243,0.01598,0.24146
8057.3267,2,0.34022,0.01592,0.24863,0.34876,0.01596,0.24361
8057.3602,2,0.33916,0.01644,0.25035,0.34588,0.01610,0.24563
8057.3918,2,0.33619,0.01613,0.25233,0.34298,0.01611,0.24764
8057.4234,2,0.33329,0.01691,0.25426,0.34007,0.01635,0.24963
8057.4561,2,0.33028,0.01709,0.25627,0.33713,0.01657,0.25162
8057.4903,2,0.32687,0.01721,0.25814,0.33406,0.01676,0.25357
8057.5297,2,0.32324,0.01914,0.26016,0.33081,0.01748,0.25555
8057.5638,2,0.32377,0.02013,0.26106,0.32870,0.01827,0.25720
8057.6019,2,0.32035,0.02312,0.26253,0.32620,0.01973,0.25880
8057.6335,2,0.32142,0.02438,0.26244,0.32476,0.02112,0.25989
8057.6638,2,0.32030,0.02788,0.26265,0.32343,0.02315,0.26072
8057.6964,2,0.31973,0.03091,0.26323,0.32232,0.02548,0.26147
8057.7331,2,0.31795,0.03285,0.26375,0.32101,0.02769,0.26216
8057.7644,2,0.31322,0.03437,0.26478,0.31867,0.02969,0.26294
8057.7967,2,0.31064,0.03527,0.26513,0.31626,0.03137,0.26360
8057.8296,2,0.30846,0.03485,0.26522,0.31392,0.03241,0.26409
8057.8643,2,0.30668,0.03521,0.26512,0.31175,0.03325,0.26440
8057.8951,2,0.30517,0.03501,0.26457,0.30978,0.03378,0.26445
8057.9284,2,0.30093,0.03437,0.26540,0.30712,0.03395,0.26473
8057.9628,2,0.29761,0.03715,0.26641,0.30427,0.03491,0.26523
8057.9989,2,0.29708,0.03659,0.26736,0.30211,0.03541,0.26587
8058.0347,2,0.29285,0.03730,0.26888,0.29934,0.03598,0.26677
8058.0656,2,0.29008,0.03975,0.27038,0.29656,0.03711,0.26786
8058.0976,2,0.28798,0.04193,0.27164,0.29398,0.03856,0.26899
8058.1296,2,0.28578,0.04399,0.27289,0.29152,0.04019,0.27016
8058.1613,2,0.28578,0.04615,0.27350,0.28980,0.04198,0.27116
8058.1945,2,0.28166,0.04818,0.27446,0.28736,0.04384,0.27215
8058.2289,2,0.27994,0.05078,0.27463,0.28513,0.04592,0.27290
8058.2626,2,0.27711,0.05209,0.27493,0.28273,0.04777,0.27350
8058.2955,2,0.27573,0.05340,0.27507,0.28063,0.04946,0.27397
8058.3287,2,0.27342,0.05407,0.27535,0.27847,0.05084,0.27439
8058.3677,2,0.27121,0.05409,0.27564,0.27629,0.05182,0.27476
8058.4036,2,0.26969,0.05395,0.27599,0.27431,0.05245,0.27513
8058.4378,2,0.26973,0.05365,0.27601,0.27293,0.05281,0.27539
8058.4714,2,0.26783,0.05412,0.27643,0.27140,0.05321,0.27570
8058.5034,2,0.26601,0.05401,0.27684,0.26978,0.05345,0.27605
8058.5354,2,0.26334,0.05387,0.27736,0.26785,0.05357,0.27644
8058.5666,2,0.26130,0.05411,0.27792,0.26589,0.05373,0.27688
8058.6002,2,0.25985,0.05380,0.27825,0.26407,0.05376,0.27729
8058.6339,2,0.25904,0.05331,0.27848,0.26256,0.05362,0.27765
8058.6647,2,0.25642,0.05291,0.27886,0.26072,0.05341,0.27801
8058.6981,2,0.25397,0.05210,0.27936,0.25870,0.05302,0.27842
8058.7312,2,0.25173,0.05191,0.27984,0.25661,0.05268,0.27884
8058.7626,2,0.25063,0.05140,0.28020,0.25482,0.05230,0.27925
8058.8041,2,0.24825,0.05055,0.28071,0.25284,0.05177,0.27969
8058.8392,2,0.24630,0.04974,0.28119,0.25088,0.05116,0.28014
8058.8730,2,0.24494,0.04859,0.28178,0.24910,0.05039,0.28063
8058.9047,2,0.24260,0.04686,0.28259,0.24715,0.04933,0.28122
8058.9356,2,0.23993,0.04416,0.28374,0.24498,0.04778,0.28198
8058.9672,2,0.23931,0.04195,0.28459,0.24328,0.04603,0.28276
8058.9994,2,0.23654,0.03962,0.28561,0.24126,0.04411,0.28361
8059.0309,2,0.23544,0.03747,0.28620,0.23951,0.04212,0.28439
8059.0643,2,0.23459,0.03620,0.28654,0.23804,0.04034,0.28503
8059.1040,2,0.23195,0.03429,0.28705,0.23621,0.03853,0.28564
8059.1345,2,0.23213,0.03288,0.28694,0.23499,0.03683,0.28603
8059.1669,2,0.23007,0.03186,0.28751,0.23351,0.03534,0.28647
8059.1977,2,0.22843,0.03069,0.28796,0.23199,0.03395,0.28692
8059.2281,2,0.22739,0.02976,0.28817,0.23061,0.03269,0.28729
8059.2648,2,0.22697,0.02918,0.28840,0.22952,0.03164,0.28763
8059.3023,2,0.22494,0.02851,0.28867,0.22814,0.03070,0.28794
8059.3332,2,0.22433,0.02835,0.28881,0.22700,0.02999,0.28820
8059.3680,2,0.22338,0.02702,0.28861,0.22591,0.02910,0.28832
8059.4007,2,0.22095,0.02692,0.28896,0.22442,0.02845,0.28851
8059.4321,2,0.22090,0.02635,0.28900,0.22336,0.02782,0.28866
8059.4647,2,0.21977,0.02573,0.28908,0.22229,0.02719,0.28878
8059.5010,2,0.21832,0.02499,0.28938,0.22110,0.02653,0.28896
8059.5356,2,0.21709,0.02465,0.28953,0.21989,0.02597,0.28913
8059.5692,2,0.21820,0.02472,0.28928,0.21939,0.02559,0.28918
8059.6021,2,0.21817,0.02486,0.28888,0.21902,0.02537,0.28909
8059.6337,2,0.21792,0.02492,0.28879,0.21869,0.02524,0.28900
8059.6671,2,0.21621,0.02564,0.28874,0.21795,0.02536,0.28892
8059.6990,2,0.21639,0.02656,0.28843,0.21748,0.02572,0.28877
8059.7350,2,0.21561,0.02762,0.28823,0.21692,0.02629,0.28861
8059.7673,2,0.21587,0.02858,0.28788,0.21661,0.02697,0.28839
8059.7987,2,0.21651,0.02999,0.28734,0.21658,0.02788,0.28808
8059.8302,2,0.21671,0.03217,0.28672,0.21662,0.02916,0.28767
8059.8621,2,0.21784,0.03311,0.28585,0.21698,0.03035,0.28712
8059.8968,2,0.21699,0.03369,0.28462,0.21698,0.03135,0.28637
8059.9279,2,0.21694,0.03402,0.28313,0.21697,0.03215,0.28540
8059.9666,2,0.21811,0.03519,0.28132,0.21731,0.03306,0.28418
8059.9980,2,0.21858,0.03583,0.27933,0.21769,0.03389,0.28272
8060.0316,2,0.22118,0.03652,0.27657,0.21874,0.03468,0.28088
8060.0631,2,0.22367,0.03889,0.27351,0.22022,0.03595,0.27867
8060.1001,2,0.22746,0.04134,0.26994,0.22239,0.03756,0.27605
8060.1337,2,0.23030,0.04476,0.26646,0.22476,0.03972,0.27317
8060.1655,2,0.23407,0.04694,0.26246,0.22755,0.04189,0.26996
8060.1984,2,0.23477,0.05001,0.25879,0.22972,0.04432,0.26661
8060.2313,2,0.23689,0.05358,0.25521,0.23187,0.04710,0.26319
8060.2655,2,0.23889,0.05776,0.25174,0.23398,0.05030,0.25975
8060.2983,2,0.23992,0.06136,0.24762,0.23576,0.05362,0.25611
8060.3288,2,0.24189,0.06415,0.24336,0.23760,0.05678,0.25229
8060.3626,2,0.24421,0.06780,0.23917,0.23958,0.06008,0.24835
8060.3954,2,0.24230,0.07125,0.23569,0.24040,0.06343,0.24455
8060.4298,2,0.24521,0.07513,0.23106,0.24184,0.06694,0.24051
8060.4624,2,0.24332,0.07876,0.22715,0.24228,0.07049,0.23650
8060.5022,2,0.24317,0.08258,0.22286,0.24255,0.07411,0.23241
8060.5336,2,0.24266,0.08705,0.21971,0.24258,0.07800,0.22860
8060.5640,2,0.24246,0.09136,0.21685,0.24254,0.08201,0.22507
8060.5971,2,0.24299,0.09404,0.21344,0.24268,0.08562,0.22158
8060.6312,2,0.24448,0.09729,0.20973,0.24322,0.08912,0.21803
8060.6626,2,0.24303,0.09959,0.20640,0.24316,0.09226,0.21454
8060.6979,2,0.24215,0.10099,0.20292,0.24286,0.09488,0.21105
8060.7286,2,0.24170,0.10372,0.19976,0.24251,0.09753,0.20766
8060.7607,2,0.23951,0.10680,0.19732,0.24161,0.10031,0.20456
8060.8026,2,0.23938,0.10907,0.19523,0.24094,0.10294,0.20176
8060.8350,2,0.23888,0.11148,0.19306,0.24032,0.10550,0.19915
8060.8652,2,0.23717,0.11271,0.19083,0.23938,0.10767,0.19666
8060.8985,2,0.23571,0.11384,0.18830,0.23828,0.10952,0.19415
8060.9323,2,0.23469,0.11589,0.18592,0.23720,0.11143,0.19168
8060.9698,2,0.23843,0.11716,0.18227,0.23757,0.11315,0.18886
8061.0011,2,0.23989,0.11816,0.17954,0.23827,0.11465,0.18606
8061.0322,2,0.24079,0.11864,0.17714,0.23902,0.11585,0.18338
8061.0696,2,0.24217,0.11940,0.17464,0.23997,0.11691,0.18076
8061.1007,2,0.24320,0.11923,0.17247,0.24093,0.11761,0.17827
8061.1343,2,0.24428,0.11920,0.16983,0.24194,0.11809,0.17574
8061.1742,2,0.24459,0.11874,0.16760,0.24273,0.11828,0.17330
8061.2058,2,0.24610,0.11925,0.16483,0.24374,0.11857,0.17076
8061.2383,2,0.24729,0.11921,0.16196,0.24481,0.11876,0.16812
8061.2696,2,0.24353,0.11858,0.15977,0.24442,0.11871,0.16562
8061.3033,2,0.24345,0.11837,0.15784,0.24413,0.11861,0.16328
8061.3354,2,0.24367,0.11791,0.15558,0.24399,0.11840,0.16097
8061.3667,2,0.24400,0.11845,0.15369,0.24400,0.11841,0.15879
8061.4022,2,0.24357,0.11910,0.15161,0.24387,0.11862,0.15663
8061.4347,2,0.24228,0.11956,0.14968,0.24339,0.11890,0.15455
8061.4675,2,0.24191,0.11967,0.14761,0.24295,0.11913,0.15247
8061.5039,2,0.23879,0.12039,0.14577,0.24170,0.11951,0.15046
8061.5348,2,0.23941,0.12032,0.14328,0.24101,0.11975,0.14830
8061.5662,2,0.23953,0.12195,0.14091,0.24057,0.12041,0.14609
8061.5972,2,0.23838,0.12309,0.13856,0.23991,0.12122,0.14383
8061.6285,2,0.23588,0.12282,0.13619,0.23870,0.12170,0.14154
8061.6687,2,0.23303,0.12222,0.13439,0.23700,0.12185,0.13939
8061.7037,2,0.23083,0.12170,0.13325,0.23515,0.12181,0.13755
8061.7353,2,0.22709,0.12185,0.13303,0.23273,0.12182,0.13619
8061.7670,2,0.22567,0.12058,0.13223,0.23061,0.12145,0.13500
8061.7996,2,0.22424,0.12101,0.13169,0.22870,0.12132,0.13401
8061.8322,2,0.22187,0.12280,0.13157,0.22665,0.12176,0.13328
8061.8641,2,0.22139,0.12316,0.13079,0.22507,0.12218,0.13253
8061.8972,2,0.21867,0.12312,0.13064,0.22315,0.12246,0.13196
8061.9321,2,0.21895,0.12387,0.13102,0.22189,0.12288,0.13168
8061.9643,2,0.22073,0.12412,0.13148,0.22154,0.12326,0.13162
8061.9971,2,0.21905,0.12330,0.13187,0.22080,0.12327,0.13170
8062.0286,2,0.22172,0.12358,0.13158,0.22107,0.12336,0.13166
8062.0650,2,0.22265,0.12377,0.13076,0.22155,0.12349,0.13139
8062.0969,2,0.22223,0.12374,0.12937,0.22175,0.12356,0.13078
8062.1283,2,0.22109,0.12355,0.12792,0.22155,0.12356,0.12992
8062.1615,2,0.21935,0.12297,0.12675,0.22089,0.12338,0.12897
8062.1955,2,0.21914,0.12344,0.12559,0.22036,0.12340,0.12796
8062.2278,2,0.21790,0.12240,0.12451,0.21962,0.12310,0.12692
8062.2616,2,0.21756,0.12226,0.12351,0.21901,0.12285,0.12590
8062.2950,2,0.21572,0.12163,0.12294,0.21802,0.12248,0.12501
8062.3287,2,0.21717,0.12074,0.12177,0.21777,0.12196,0.12404
8062.3627,2,0.21991,0.12093,0.12028,0.21841,0.12165,0.12291
8062.3944,2,0.21831,0.12009,0.11928,0.21838,0.12118,0.12182
8062.4278,2,0.21808,0.12055,0.11845,0.21829,0.12099,0.12081
8062.4660,2,0.21850,0.12016,0.11720,0.21835,0.12074,0.11973
8062.5022,2,0.21912,0.12064,0.11597,0.21858,0.12071,0.11860
8062.5330,2,0.21971,0.11993,0.11525,0.21892,0.12048,0.11760
8062.5655,2,0.21874,0.11896,0.11546,0.21887,0.12002,0.11695
8062.5976,2,0.21790,0.11700,0.11599,0.21858,0.11911,0.11666
8062.6301,2,0.21833,0.11406,0.11600,0.21850,0.11760,0.11646
8062.6627,2,0.21679,0.11119,0.11611,0.21799,0.11568,0.11636
8062.6950,2,0.21384,0.10894,0.11632,0.21675,0.11366,0.11635
8062.7284,2,0.21124,0.10452,0.11619,0.21509,0.11092,0.11630
8062.7631,2,0.20865,0.10206,0.11630,0.21316,0.10826,0.11630
8062.7941,2,0.20793,0.09849,0.11572,0.21159,0.10533,0.11613
8062.8288,2,0.20512,0.09588,0.11582,0.20965,0.10249,0.11603
8062.8641,2,0.20510,0.09199,0.11558,0.20828,0.09934,0.11590
8062.8967,2,0.20318,0.08682,0.11551,0.20675,0.09559,0.11578
8062.9310,2,0.20321,0.08336,0.11512,0.20569,0.09192,0.11558
8062.9632,2,0.20275,0.08141,0.11452,0.20481,0.08877,0.11527
8063.0016,2,0.20328,0.07804,0.11411,0.20435,0.08555,0.11492
8063.0351,2,0.20294,0.07340,0.11415,0.20393,0.08190,0.11469
8063.0687,2,0.20527,0.06937,0.11402,0.20433,0.07814,0.11449
8063.0997,2,0.20561,0.06405,0.11360,0.20472,0.07391,0.11422
8063.1314,2,0.20566,0.05856,0.11336,0.20500,0.06931,0.11396
8063.1645,2,0.20585,0.05377,0.11266,0.20526,0.06465,0.11357
8063.1969,2,0.20743,0.04866,0.11173,0.20591,0.05985,0.11302
8063.2292,2,0.20842,0.04140,0.11079,0.20666,0.05431,0.11235
8063.2610,2,0.20776,0.03378,0.11040,0.20699,0.04815,0.11177
8063.2999,2,0.21028,0.02645,0.10968,0.20798,0.04164,0.11114
8063.3346,2,0.21036,0.02022,0.10967,0.20869,0.03522,0.11070
8063.3683,2,0.21179,0.01252,0.10965,0.20962,0.02841,0.11038
8063.3994,2,0.21018,0.00470,0.11080,0.20979,0.02130,0.11051
8063.4314,2,0.21296,-0.00398,0.11115,0.21074,0.01371,0.11070
8063.4700,2,0.21246,-0.00860,0.11254,0.21126,0.00702,0.11125
8063.5017,2,0.21417,-0.01506,0.11346,0.21213,0.00040,0.11192
8063.5338,2,0.21003,-0.02212,0.11595,0.21150,-0.00636,0.11313
8063.5648,2,0.20966,-0.02775,0.11744,0.21095,-0.01278,0.11442
8063.5986,2,0.20921,-0.03533,0.11913,0.21043,-0.01954,0.11583
8063.6295,2,0.20710,-0.04191,0.12093,0.20943,-0.02625,0.11736
8063.6616,2,0.20503,-0.04951,0.12263,0.20811,-0.03323,0.11894
8063.6956,2,0.20299,-0.05563,0.12478,0.20657,-0.03995,0.12069
8063.7282,2,0.20094,-0.06171,0.12716,0.20488,-0.04648,0.12263
8063.7636,2,0.19778,-0.06709,0.13008,0.20275,-0.05266,0.12487
8063.7958,2,0.19726,-0.07215,0.13228,0.20110,-0.05851,0.12709
8063.8297,2,0.19466,-0.07772,0.13442,0.19917,-0.06427,0.12929
8063.8609,2,0.19461,-0.08343,0.13530,0.19780,-0.07002,0.13109
8063.8950,2,0.19472,-0.08906,0.13578,0.19688,-0.07573,0.13250
8063.9296,2,0.19405,-0.09448,0.13626,0.19603,-0.08136,0.13363
8063.9610,2,0.19159,-0.10075,0.13700,0.19470,-0.08717,0.13464
8063.9942,2,0.19062,-0.10682,0.13747,0.19347,-0.09307,0.13549
8064.0287,2,0.18822,-0.11433,0.13811,0.19190,-0.09945,0.13628
8064.0616,2,0.18794,-0.12048,0.13835,0.19071,-0.10576,0.13690
8064.0966,2,0.18655,-0.12695,0.13916,0.18946,-0.11211,0.13758
8064.1294,2,0.18468,-0.13356,0.14031,0.18803,-0.11855,0.13840
8064.1674,2,0.18176,-0.13863,0.14151,0.18615,-0.12457,0.13933
8064.1983,2,0.17710,-0.14566,0.14290,0.18343,-0.13090,0.14040
8064.2303,2,0.17418,-0.15342,0.14300,0.18066,-0.13765,0.14118
8064.2611,2,0.17226,-0.15827,0.14230,0.17814,-0.14384,0.14152
8064.2944,2,0.17185,-0.16296,0.14182,0.17625,-0.14957,0.14161
8064.3292,2,0.16953,-0.16846,0.14125,0.17424,-0.15524,0.14150
8064.3625,2,0.16950,-0.17404,0.14097,0.17282,-0.16088,0.14134
8064.3957,2,0.16755,-0.17847,0.14059,0.17124,-0.16616,0.14112
8064.4288,2,0.16716,-0.18261,0.13951,0.17001,-0.17109,0.14064
8064.4620,2,0.16669,-0.18604,0.13849,0.16902,-0.17558,0.13999
8064.5038,2,0.16683,-0.19208,0.13685,0.16836,-0.18053,0.13905
8064.5357,2,0.16772,-0.19638,0.13513,0.16817,-0.18528,0.13787
8064.5667,2,0.16745,-0.19911,0.13352,0.16795,-0.18943,0.13657
8064.5969,2,0.16548,-0.20105,0.13220,0.16721,-0.19291,0.13526
8064.6311,2,0.16635,-0.20173,0.13070,0.16695,-0.19556,0.13389
8064.6682,2,0.16448,-0.20398,0.12956,0.16621,-0.19809,0.13259
8064.6994,2,0.16424,-0.20471,0.12868,0.16562,-0.20007,0.13142
8064.7327,2,0.16247,-0.20623,0.12803,0.16467,-0.20192,0.13040
8064.7653,2,0.16137,-0.20846,0.12746,0.16368,-0.20388,0.12952
8064.7972,2,0.15862,-0.20998,0.12707,0.16216,-0.20571,0.12878
8064.8344,2,0.15813,-0.21132,0.12688,0.16095,-0.20739,0.12821
8064.8682,2,0.15836,-0.21347,0.12681,0.16017,-0.20922,0.12779
8064.9044,2,0.15726,-0.21551,0.12701,0.15930,-0.21111,0.12756
8064.9381,2,0.15632,-0.21797,0.12722,0.15841,-0.21316,0.12745
8064.9764,2,0.15563,-0.21971,0.12756,0.15757,-0.21513,0.12749
8065.0104,2,0.15641,-0.22192,0.12764,0.15723,-0.21716,0.12753
8065.0461,2,0.15560,-0.22401,0.12829,0.15674,-0.21922,0.12776
8065.0793,2,0.15425,-0.22560,0.12913,0.15599,-0.22113,0.12817
8065.1178,2,0.15441,-0.22691,0.12979,0.15552,-0.22287,0.12866
8065.1498,2,0.15569,-0.23064,0.13004,0.15557,-0.22520,0.12907
8065.1820,2,0.15517,-0.23120,0.13060,0.15545,-0.22700,0.12953
8065.2146,2,0.15248,-0.23361,0.13125,0.15456,-0.22898,0.13005
8065.2480,2,0.15190,-0.23632,0.13144,0.15376,-0.23118,0.13046
8065.2788,2,0.15272,-0.23831,0.13058,0.15345,-0.23332,0.13050
8065.3113,2,0.15344,-0.23974,0.12971,0.15345,-0.23525,0.13026
8065.3458,2,0.15303,-0.24081,0.12877,0.15332,-0.23691,0.12981
8065.3785,2,0.15366,-0.24266,0.12805,0.15342,-0.23864,0.12928
8065.4125,2,0.15260,-0.24482,0.12781,0.15318,-0.24049,0.12884
8065.4449,2,0.15168,-0.24574,0.12792,0.15273,-0.24207,0.12857
8065.4791,2,0.15356,-0.24801,0.12737,0.15298,-0.24385,0.12821
8065.5241,2,0.15345,-0.24914,0.12677,0.15312,-0.24544,0.12777
8065.5600,2,0.15255,-0.24988,0.12608,0.15295,-0.24677,0.12727
8065.5914,2,0.15295,-0.25217,0.12465,0.15295,-0.24839,0.12648
8065.6246,2,0.15441,-0.25399,0.12287,0.15339,-0.25007,0.12540
8065.6561,2,0.15229,-0.25500,0.12159,0.15306,-0.25155,0.12426
8065.6898,2,0.15276,-0.25638,0.11987,0.15297,-0.25300,0.12294
8065.7253,2,0.15054,-0.25609,0.11959,0.15224,-0.25392,0.12193
8065.7574,2,0.15120,-0.25668,0.11892,0.15193,-0.25475,0.12103
8065.7895,2,0.15293,-0.25788,0.11856,0.15223,-0.25569,0.12029
8065.8215,2,0.15223,-0.25911,0.11841,0.15223,-0.25672,0.11972
8065.8551,2,0.15320,-0.25996,0.11853,0.15252,-0.25769,0.11937
8065.8917,2,0.15284,-0.26003,0.11868,0.15262,-0.25839,0.11916
8065.9258,2,0.15428,-0.26068,0.11869,0.15311,-0.25908,0.11902
8065.9602,2,0.15267,-0.26066,0.11888,0.15298,-0.25955,0.11898
8065.9993,2,0.15243,-0.26090,0.11871,0.15282,-0.25996,0.11890
8066.0326,2,0.15155,-0.26055,0.11860,0.15244,-0.26013,0.11881
8066.0656,2,0.15134,-0.26047,0.11843,0.15211,-0.26024,0.11869
8066.0989,2,0.15150,-0.26139,0.11788,0.15192,-0.26058,0.11845
8066.1368,2,0.15091,-0.26219,0.11789,0.15162,-0.26106,0.11828
8066.1720,2,0.15027,-0.26213,0.11780,0.15121,-0.26138,0.11814
8066.2040,2,0.15190,-0.26242,0.11794,0.15142,-0.26169,0.11808
8066.2370,2,0.15200,-0.26231,0.11820,0.15159,-0.26188,0.11812
8066.2692,2,0.15146,-0.26253,0.11835,0.15155,-0.26207,0.11818
8066.3013,2,0.15115,-0.26279,0.11825,0.15143,-0.26229,0.11820
8066.3325,2,0.15115,-0.26283,0.11803,0.15135,-0.26245,0.11815
8066.3649,2,0.15109,-0.26285,0.11770,0.15127,-0.26257,0.11802
8066.3978,2,0.15185,-0.26371,0.11681,0.15144,-0.26291,0.11766
8066.4310,2,0.15279,-0.26461,0.11568,0.15185,-0.26342,0.11706
8066.4645,2,0.15358,-0.26454,0.11501,0.15237,-0.26376,0.11645
8066.4996,2,0.15374,-0.26485,0.11459,0.15278,-0.26409,0.11589
8066.5339,2,0.15209,-0.26454,0.11494,0.15257,-0.26422,0.11560
8066.5673,2,0.15220,-0.26511,0.11433,0.15246,-0.26449,0.11522
8066.6005,2,0.15046,-0.26527,0.11434,0.15186,-0.26472,0.11496
8066.6315,2,0.15113,-0.26523,0.11398,0.15164,-0.26488,0.11466
8066.6630,2,0.15075,-0.26684,0.11336,0.15137,-0.26546,0.11427
8066.6949,2,0.15083,-0.26646,0.11342,0.15121,-0.26576,0.11402
8066.7293,2,0.15089,-0.26690,0.11314,0.15111,-0.26610,0.11375
8066.7604,2,0.15158,-0.26626,0.11318,0.15125,-0.26615,0.11358
8066.7946,2,0.15174,-0.26641,0.11285,0.15140,-0.26623,0.11336
8066.8283,2,0.15067,-0.26670,0.11261,0.15118,-0.26637,0.11314
8066.8615,2,0.15039,-0.26576,0.11276,0.15094,-0.26619,0.11302
8066.8958,2,0.15066,-0.26571,0.11351,0.15086,-0.26604,0.11317
8066.9329,2,0.15023,-0.26494,0.11565,0.15067,-0.26571,0.11391
8066.9650,2,0.15317,-0.26455,0.11794,0.15142,-0.26536,0.11512
8066.9972,2,0.15210,-0.26506,0.12118,0.15162,-0.26527,0.11694
8067.0285,2,0.15435,-0.26500,0.12489,0.15244,-0.26519,0.11932
8067.0679,2,0.15381,-0.26351,0.12952,0.15285,-0.26468,0.12238
8067.0985,2,0.15472,-0.26288,0.13388,0.15341,-0.26414,0.12583
8067.1357,2,0.15759,-0.26247,0.13772,0.15467,-0.26364,0.12940
8067.1697,2,0.16046,-0.26196,0.14158,0.15640,-0.26314,0.13305
8067.2073,2,0.16264,-0.26133,0.14529,0.15827,-0.26259,0.13672
8067.2380,2,0.16471,-0.26126,0.14883,0.16020,-0.26220,0.14035
8067.2764,2,0.16695,-0.26094,0.15207,0.16223,-0.26182,0.14387
8067.3079,2,0.16654,-0.26005,0.15572,0.16352,-0.26129,0.14743
8067.3460,2,0.16807,-0.26126,0.15907,0.16489,-0.26128,0.15092
8067.3789,2,0.16709,-0.25984,0.16534,0.16555,-0.26085,0.15524
8067.4110,2,0.17217,-0.26046,0.16830,0.16753,-0.26073,0.15916
8067.4461,2,0.17367,-0.25967,0.17079,0.16937,-0.26041,0.16265
8067.4795,2,0.17330,-0.25947,0.17332,0.17055,-0.26013,0.16585
8067.5134,2,0.17498,-0.25904,0.17559,0.17188,-0.25980,0.16877
8067.5497,2,0.17506,-0.25846,0.17790,0.17284,-0.25940,0.17151
8067.5815,2,0.17559,-0.25760,0.18001,0.17366,-0.25886,0.17406
8067.6152,2,0.17493,-0.25648,0.18243,0.17404,-0.25815,0.17657
8067.6497,2,0.17556,-0.25616,0.18430,0.17450,-0.25755,0.17889
8067.6826,2,0.17734,-0.25548,0.18547,0.17535,-0.25693,0.18086
8067.7148,2,0.17843,-0.25536,0.18662,0.17627,-0.25646,0.18259
8067.7472,2,0.17881,-0.25545,0.18757,0.17703,-0.25616,0.18408
8067.7785,2,0.17903,-0.25476,0.18859,0.17763,-0.25574,0.18543
8067.8192,2,0.17920,-0.25415,0.18966,0.17810,-0.25526,0.18670
8067.8578,2,0.18018,-0.25440,0.19087,0.17873,-0.25500,0.18795
8067.8912,2,0.18100,-0.25435,0.19226,0.17941,-0.25481,0.18925
8067.9220,2,0.17990,-0.25370,0.19409,0.17956,-0.25448,0.19070
8067.9551,2,0.17980,-0.25340,0.19597,0.17963,-0.25415,0.19228
8067.9893,2,0.18051,-0.25242,0.19781,0.17989,-0.25363,0.19394
8068.0220,2,0.17962,-0.25167,0.19983,0.17981,-0.25305,0.19571
8068.0538,2,0.17942,-0.25117,0.20184,0.17969,-0.25248,0.19755
8068.0885,2,0.17946,-0.25097,0.20327,0.17962,-0.25203,0.19926
8068.1217,2,0.17878,-0.25140,0.20488,0.17937,-0.25184,0.20095
8068.1532,2,0.18032,-0.25251,0.20592,0.17966,-0.25204,0.20244
8068.1860,2,0.18002,-0.25340,0.20743,0.17977,-0.25245,0.20394
8068.2183,2,0.17829,-0.25452,0.20963,0.17932,-0.25307,0.20565
8068.2515,2,0.17884,-0.25556,0.21181,0.17918,-0.25382,0.20749
8068.2833,2,0.18072,-0.25595,0.21368,0.17964,-0.25446,0.20935
8068.3156,2,0.18178,-0.25536,0.21559,0.18028,-0.25473,0.21122
8068.3465,2,0.18017,-0.25535,0.21751,0.18025,-0.25492,0.21311
8068.3830,2,0.18154,-0.25465,0.21895,0.18064,-0.25484,0.21486
8068.4188,2,0.18237,-0.25361,0.21995,0.18116,-0.25447,0.21639
8068.4508,2,0.18313,-0.25397,0.22090,0.18175,-0.25432,0.21774
8068.4840,2,0.18234,-0.25403,0.22182,0.18193,-0.25423,0.21896
8068.5161,2,0.18158,-0.25439,0.22270,0.18182,-0.25428,0.22008
8068.5503,2,0.18301,-0.25497,0.22332,0.18218,-0.25449,0.22106
8068.5814,2,0.18203,-0.25467,0.22433,0.18213,-0.25454,0.22204
8068.6144,2,0.18217,-0.25467,0.22559,0.18214,-0.25458,0.22310
8068.6462,2,0.18153,-0.25470,0.22712,0.18196,-0.25462,0.22431
8068.6786,2,0.18045,-0.25452,0.22915,0.18151,-0.25459,0.22576
8068.7192,2,0.18011,-0.25401,0.23124,0.18109,-0.25441,0.22740
8068.7504,2,0.18054,-0.25383,0.23359,0.18092,-0.25424,0.22926
8068.7888,2,0.18132,-0.25383,0.23592,0.18104,-0.25412,0.23126
8068.8193,2,0.18261,-0.25278,0.23822,0.18151,-0.25372,0.23334
8068.8546,2,0.18366,-0.25285,0.24038,0.18216,-0.25346,0.23545
8068.8868,2,0.18403,-0.25249,0.24251,0.18272,-0.25317,0.23757
8068.9190,2,0.18563,-0.25268,0.24486,0.18359,-0.25302,0.23976
8068.9505,2,0.18657,-0.25254,0.24707,0.18449,-0.25288,0.24195
8068.9816,2,0.18663,-0.25244,0.24958,0.18513,-0.25275,0.24424
8069.0145,2,0.18671,-0.25223,0.25201,0.18560,-0.25259,0.24657
8069.0468,2,0.18767,-0.25262,0.25411,0.18622,-0.25260,0.24883
8069.0830,2,0.18584,-0.25357,0.25656,0.18611,-0.25289,0.25115
8069.1207,2,0.18497,-0.25390,0.25875,0.18576,-0.25320,0.25343
8069.1544,2,0.18471,-0.25458,0.26090,0.18545,-0.25361,0.25567
8069.1922,2,0.18647,-0.25447,0.26292,0.18575,-0.25387,0.25785
8069.2238,2,0.18600,-0.25489,0.26516,0.18583,-0.25418,0.26004
8069.2537,2,0.18730,-0.25551,0.26729,0.18627,-0.25458,0.26221
8069.2858,2,0.18987,-0.25607,0.26913,0.18735,-0.25502,0.26429
8069.3168,2,0.19010,-0.25605,0.27148,0.18817,-0.25533,0.26645
8069.3488,2,0.19130,-0.25607,0.27420,0.18911,-0.25555,0.26877
8069.3829,2,0.19111,-0.25680,0.27683,0.18971,-0.25593,0.27119
8069.4135,2,0.19231,-0.25755,0.27928,0.19049,-0.25641,0.27362
8069.4448,2,0.19051,-0.25948,0.28218,0.19050,-0.25733,0.27619
8069.4778,2,0.19264,-0.26015,0.28456,0.19114,-0.25818,0.27870
8069.5174,2,0.19397,-0.26112,0.28741,0.19199,-0.25906,0.28131
8069.5507,2,0.19437,-0.26218,0.28967,0.19270,-0.26000,0.28382
8069.5844,2,0.19524,-0.26177,0.29252,0.19347,-0.26053,0.28643
8069.6175,2,0.19521,-0.26089,0.29529,0.19399,-0.26064,0.28909
8069.6483,2,0.19338,-0.26045,0.29826,0.19380,-0.26058,0.29184
8069.6816,2,0.19363,-0.26033,0.30114,0.19375,-0.26051,0.29463
8069.7160,2,0.19365,-0.25993,0.30371,0.19372,-0.26033,0.29735
8069.7497,2,0.19358,-0.26006,0.30650,0.19368,-0.26025,0.30010
8069.7823,2,0.19127,-0.25985,0.30923,0.19296,-0.26013,0.30284
8069.8236,2,0.19313,-0.25994,0.31093,0.19301,-0.26007,0.30527
8069.8582,2,0.19464,-0.26141,0.31236,0.19350,-0.26047,0.30739
8069.8912,2,0.19495,-0.26202,0.31402,0.19393,-0.26094,0.30938
8069.9241,2,0.19467,-0.26230,0.31567,0.19416,-0.26134,0.31127
8069.9560,2,0.19542,-0.26301,0.31732,0.19453,-0.26185,0.31308
8069.9886,2,0.19665,-0.26380,0.31877,0.19517,-0.26243,0.31479
8070.0325,2,0.19735,-0.26389,0.32069,0.19582,-0.26287,0.31656
8070.0511,2,0.19754,-0.26370,0.32307,0.19634,-0.26312,0.31851
8070.0870,2,0.19788,-0.26318,0.32517,0.19680,-0.26314,0.32051
8070.1214,2,0.19899,-0.26240,0.32725,0.19746,-0.26292,0.32253
8070.1531,2,0.20003,-0.26149,0.32885,0.19823,-0.26249,0.32443
8070.1842,2,0.20069,-0.26014,0.33042,0.19897,-0.26178,0.32622
8070.2179,2,0.19966,-0.25913,0.33193,0.19917,-0.26099,0.32794
8070.2491,2,0.19907,-0.25818,0.33329,0.19914,-0.26015,0.32954
8070.2837,2,0.19843,-0.25735,0.33485,0.19893,-0.25931,0.33113
8070.3168,2,0.19791,-0.25707,0.33667,0.19862,-0.25863,0.33279
8070.3498,2,0.19795,-0.25674,0.33879,0.19842,-0.25807,0.33459
8070.3825,2,0.19743,-0.25639,0.34113,0.19812,-0.25756,0.33655
8070.4247,2,0.19805,-0.25561,0.34341,0.19810,-0.25698,0.33861
8070.4560,2,0.19710,-0.25477,0.34589,0.19780,-0.25632,0.34079
8070.4872,2,0.19966,-0.25403,0.34828,0.19836,-0.25563,0.34304
8070.5196,2,0.19834,-0.25346,0.35109,0.19835,-0.25498,0.34545
8070.5535,2,0.19755,-0.25371,0.35400,0.19811,-0.25460,0.34802
8070.5873,2,0.19942,-0.25441,0.35620,0.19851,-0.25454,0.35047
8070.6210,2,0.19941,-0.25440,0.35878,0.19878,-0.25450,0.35297
8070.6542,2,0.19943,-0.25459,0.36140,0.19897,-0.25453,0.35550
8070.6864,2,0.19992,-0.25428,0.36389,0.19926,-0.25445,0.35801
8070.7190,2,0.19881,-0.25514,0.36641,0.19912,-0.25466,0.36053
8070.7510,2,0.19892,-0.25663,0.36868,0.19906,-0.25525,0.36298
8070.7826,2,0.19982,-0.25711,0.37067,0.19929,-0.25581,0.36528
8070.8167,2,0.20061,-0.25746,0.37256,0.19969,-0.25630,0.36747
8070.8508,2,0.20096,-0.25844,0.37440,0.20007,-0.25695,0.36955
8070.8836,2,0.20177,-0.25862,0.37616,0.20058,-0.25745,0.37153
8070.9152,2,0.20289,-0.25872,0.37754,0.20127,-0.25783,0.37333
8070.9478,2,0.20260,-0.25959,0.37885,0.20167,-0.25836,0.37499
8070.9788,2,0.20210,-0.26051,0.37992,0.20180,-0.25900,0.37647
8071.0115,2,0.20245,-0.26120,0.38110,0.20199,-0.25966,0.37786
8071.0458,2,0.20333,-0.26253,0.38228,0.20239,-0.26052,0.37919
8071.0773,2,0.20290,-0.26323,0.38409,0.20255,-0.26133,0.38066
8071.1091,2,0.20373,-0.26478,0.38561,0.20290,-0.26237,0.38214
8071.1410,2,0.20530,-0.26613,0.38688,0.20362,-0.26350,0.38356
8071.1732,2,0.20454,-0.26748,0.38845,0.20390,-0.26469,0.38503
8071.2049,2,0.20527,-0.26801,0.38965,0.20431,-0.26569,0.38642
8071.2377,2,0.20616,-0.26931,0.39036,0.20487,-0.26677,0.38760
8071.2752,2,0.20563,-0.27051,0.39122,0.20509,-0.26789,0.38869
8071.3066,2,0.20607,-0.27111,0.39167,0.20539,-0.26886,0.38958
8071.3394,2,0.20499,-0.27143,0.39176,0.20527,-0.26963,0.39024
8071.3723,2,0.20421,-0.27107,0.39162,0.20495,-0.27006,0.39065
8071.4051,2,0.20389,-0.27045,0.39124,0.20463,-0.27018,0.39083
8071.4367,2,0.20339,-0.26889,0.39114,0.20426,-0.26979,0.39092
8071.4679,2,0.20437,-0.26722,0.39140,0.20429,-0.26902,0.39107
8071.5084,2,0.20539,-0.26499,0.39167,0.20462,-0.26781,0.39125
8071.5429,2,0.20590,-0.26265,0.39244,0.20500,-0.26626,0.39161
8071.5735,2,0.20434,-0.25983,0.39317,0.20480,-0.26433,0.39208
8071.6062,2,0.20627,-0.25708,0.39385,0.20525,-0.26216,0.39261
8071.6375,2,0.20626,-0.25204,0.39436,0.20555,-0.25912,0.39313
8071.6702,2,0.20654,-0.24876,0.39487,0.20585,-0.25601,0.39365
8071.7074,2,0.20664,-0.24460,0.39503,0.20609,-0.25259,0.39406
8071.7399,2,0.20641,-0.24037,0.39516,0.20618,-0.24892,0.39439
8071.7728,2,0.20511,-0.23514,0.39544,0.20586,-0.24479,0.39471
8071.8056,2,0.20656,-0.23003,0.39531,0.20607,-0.24036,0.39489
8071.8370,2,0.20654,-0.22561,0.39511,0.20621,-0.23594,0.39495
8071.8703,2,0.20578,-0.22059,0.39495,0.20608,-0.23133,0.39495
8071.9017,2,0.20560,-0.21638,0.39472,0.20594,-0.22685,0.39488
8071.9341,2,0.20615,-0.21204,0.39453,0.20600,-0.22241,0.39478
8071.9654,2,0.20792,-0.20740,0.39407,0.20658,-0.21790,0.39456
8072.0036,2,0.20705,-0.20287,0.39396,0.20672,-0.21339,0.39438
8072.0351,2,0.20812,-0.19909,0.39377,0.20714,-0.20910,0.39420
8072.0676,2,0.20713,-0.19438,0.39421,0.20714,-0.20468,0.39420
8072.0999,2,0.20792,-0.18983,0.39445,0.20737,-0.20023,0.39428
8072.1336,2,0.20959,-0.18469,0.39449,0.20804,-0.19557,0.39434
8072.1663,2,0.20921,-0.17953,0.39466,0.20839,-0.19076,0.39444
8072.1994,2,0.21041,-0.17452,0.39446,0.20900,-0.18589,0.39445
8072.2328,2,0.21009,-0.16935,0.39416,0.20933,-0.18093,0.39436
8072.2660,2,0.20986,-0.16377,0.39355,0.20949,-0.17578,0.39412
8072.2980,2,0.20798,-0.15788,0.39319,0.20903,-0.17041,0.39384
8072.3291,2,0.20965,-0.15256,0.39241,0.20922,-0.16506,0.39341
8072.3717,2,0.20894,-0.14681,0.39202,0.20914,-0.15958,0.39299
8072.4048,2,0.20936,-0.14094,0.39208,0.20920,-0.15399,0.39272
8072.4370,2,0.20915,-0.13630,0.39203,0.20919,-0.14868,0.39251
8072.4696,2,0.20925,-0.13147,0.39190,0.20920,-0.14352,0.39233
8072.5027,2,0.20975,-0.12717,0.39188,0.20937,-0.13861,0.39220
8072.5371,2,0.20955,-0.12337,0.39186,0.20942,-0.13404,0.39209
8072.5679,2,0.21007,-0.11965,0.39168,0.20962,-0.12972,0.39197
8072.6007,2,0.21027,-0.11602,0.39135,0.20981,-0.12561,0.39179
8072.6347,2,0.21071,-0.11230,0.39070,0.21008,-0.12162,0.39146
8072.6673,2,0.21222,-0.10799,0.38981,0.21072,-0.11753,0.39097
8072.6984,2,0.21152,-0.10418,0.38899,0.21096,-0.11352,0.39037
8072.7319,2,0.21164,-0.09889,0.38823,0.21117,-0.10914,0.38973
8072.7636,2,0.20925,-0.09452,0.38778,0.21059,-0.10475,0.38914
8072.7972,2,0.20807,-0.09071,0.38729,0.20983,-0.10054,0.38859
8072.8358,2,0.20910,-0.08612,0.38659,0.20961,-0.09621,0.38799
8072.8685,2,0.20972,-0.08164,0.38615,0.20965,-0.09184,0.38744
8072.9005,2,0.21045,-0.07739,0.38577,0.20989,-0.08750,0.38694
8072.9368,2,0.21046,-0.07375,0.38546,0.21006,-0.08338,0.38649
8072.9689,2,0.20962,-0.06983,0.38567,0.20993,-0.07931,0.38625
8073.0025,2,0.20951,-0.06653,0.38579,0.20980,-0.07548,0.38611
8073.0395,2,0.20973,-0.06281,0.38597,0.20978,-0.07168,0.38607
8073.0717,2,0.20921,-0.06005,0.38607,0.20961,-0.06819,0.38607
8073.1045,2,0.20978,-0.05692,0.38642,0.20966,-0.06481,0.38617
8073.1379,2,0.20678,-0.05392,0.38704,0.20880,-0.06154,0.38644
8073.1714,2,0.20910,-0.05092,0.38665,0.20889,-0.05836,0.38650
8073.2097,2,0.20922,-0.04711,0.38674,0.20899,-0.05498,0.38657
8073.2421,2,0.20750,-0.04464,0.38707,0.20854,-0.05188,0.38672
8073.2749,2,0.20685,-0.04221,0.38732,0.20803,-0.04898,0.38690
8073.3067,2,0.20812,-0.03940,0.38739,0.20806,-0.04611,0.38705
8073.3384,2,0.20631,-0.03732,0.38806,0.20754,-0.04347,0.38735
8073.3705,2,0.20627,-0.03384,0.38859,0.20716,-0.04058,0.38772
8073.4037,2,0.20692,-0.03171,0.38897,0.20708,-0.03792,0.38810
8073.4344,2,0.20808,-0.02904,0.38933,0.20738,-0.03526,0.38847
8073.4659,2,0.20870,-0.02740,0.38987,0.20778,-0.03290,0.38889
8073.4997,2,0.20859,-0.02612,0.39083,0.20802,-0.03086,0.38947
8073.5343,2,0.20917,-0.02531,0.39167,0.20836,-0.02920,0.39013
8073.5648,2,0.20936,-0.02423,0.39257,0.20866,-0.02771,0.39086
8073.5959,2,0.20918,-0.02300,0.39320,0.20882,-0.02630,0.39157
8073.6275,2,0.20891,-0.02204,0.39358,0.20885,-0.02502,0.39217
8073.6611,2,0.20847,-0.02106,0.39391,0.20873,-0.02383,0.39269
8073.6951,2,0.20881,-0.01895,0.39384,0.20875,-0.02237,0.39304
8073.7278,2,0.20805,-0.01713,0.39383,0.20854,-0.02080,0.39328
8073.7633,2,0.20675,-0.01505,0.39404,0.20801,-0.01907,0.39351
8073.7950,2,0.20566,-0.01249,0.39436,0.20730,-0.01710,0.39376
8073.8341,2,0.20444,-0.00973,0.39480,0.20644,-0.01489,0.39407
8073.8655,2,0.20462,-0.00676,0.39474,0.20590,-0.01245,0.39427
8073.8990,2,0.20582,-0.00335,0.39441,0.20587,-0.00972,0.39431
8073.9302,2,0.20511,-0.00030,0.39436,0.20564,-0.00689,0.39433
8073.9631,2,0.20597,0.00316,0.39385,0.20574,-0.00388,0.39418
8073.9959,2,0.20593,0.00672,0.39348,0.20580,-0.00070,0.39397
8074.0336,2,0.20515,0.01140,0.39327,0.20560,0.00293,0.39376
8074.0644,2,0.20505,0.01517,0.39292,0.20544,0.00660,0.39351
8074.0960,2,0.20603,0.01849,0.39234,0.20562,0.01017,0.39316
8074.1312,2,0.20451,0.02405,0.39204,0.20528,0.01433,0.39282
8074.1646,2,0.20506,0.02832,0.39111,0.20522,0.01853,0.39231
8074.1958,2,0.20472,0.03187,0.38994,0.20507,0.02253,0.39160
8074.2367,2,0.20337,0.03623,0.38885,0.20456,0.02664,0.39077
8074.2707,2,0.20402,0.04023,0.38742,0.20440,0.03072,0.38977
8074.3039,2,0.20284,0.04447,0.38647,0.20393,0.03484,0.38878
8074.3362,2,0.20256,0.04856,0.38576,0.20352,0.03896,0.38787
8074.3667,2,0.20053,0.05355,0.38545,0.20262,0.04334,0.38715
8074.3981,2,0.20098,0.05771,0.38449,0.20213,0.04765,0.38635
8074.4288,2,0.19722,0.06090,0.38430,0.20066,0.05162,0.38573
8074.4619,2,0.19815,0.06437,0.38337,0.19990,0.05545,0.38503
8074.4971,2,0.19921,0.06827,0.38271,0.19970,0.05929,0.38433
8074.5343,2,0.19924,0.07316,0.38233,0.19956,0.06345,0.38373
8074.5688,2,0.19983,0.07848,0.38164,0.19964,0.06796,0.38311
8074.6006,2,0.19932,0.08369,0.38107,0.19955,0.07268,0.38250
8074.6334,2,0.20116,0.08831,0.38030,0.20003,0.07737,0.38184
8074.6672,2,0.20304,0.09393,0.37908,0.20093,0.08234,0.38101
8074.7062,2,0.20505,0.10037,0.37747,0.20217,0.08775,0.37995
8074.7429,2,0.20720,0.10707,0.37551,0.20368,0.09355,0.37862
8074.7823,2,0.20997,0.11353,0.37327,0.20556,0.09954,0.37701
8074.8221,2,0.21359,0.11807,0.37141,0.20797,0.10510,0.37533
8074.8548,2,0.21540,0.12208,0.36983,0.21020,0.11019,0.37368
8074.8860,2,0.21448,0.12695,0.36948,0.21148,0.11522,0.37242
8074.9182,2,0.21424,0.13285,0.36955,0.21231,0.12051,0.37156
8074.9524,2,0.21567,0.13799,0.36942,0.21332,0.12575,0.37092
8074.9887,2,0.21853,0.14450,0.36931,0.21488,0.13138,0.37044
8075.0210,2,0.22072,0.15067,0.36952,0.21663,0.13716,0.37016
8075.0605,2,0.22259,0.15699,0.36976,0.21842,0.14311,0.37004
8075.0915,2,0.22538,0.16309,0.36987,0.22051,0.14911,0.36999
8075.1224,2,0.22568,0.16965,0.37088,0.22206,0.15527,0.37026
8075.1534,2,0.22623,0.17574,0.37167,0.22331,0.16141,0.37068
8075.1873,2,0.22896,0.18123,0.37255,0.22501,0.16736,0.37124
8075.2209,2,0.22733,0.18739,0.37437,0.22570,0.17337,0.37218
8075.2588,2,0.23106,0.19301,0.37521,0.22731,0.17926,0.37309
8075.2944,2,0.23502,0.19836,0.37548,0.22962,0.18499,0.37381
8075.3323,2,0.23770,0.20441,0.37521,0.23205,0.19082,0.37423
8075.3700,2,0.24055,0.21144,0.37424,0.23460,0.19700,0.37423
8075.4089,2,0.24254,0.21729,0.37328,0.23698,0.20309,0.37395
8075.4413,2,0.24498,0.22216,0.37197,0.23938,0.20881,0.37335
8075.4795,2,0.24712,0.22730,0.37054,0.24170,0.21436,0.37251
8075.5114,2,0.24973,0.23108,0.36939,0.24411,0.21937,0.37158
8075.5480,2,0.25222,0.23389,0.36836,0.24654,0.22373,0.37061
8075.5921,2,0.25744,0.24287,0.36696,0.24981,0.22947,0.36952
8075.6272,2,0.25918,0.24709,0.36601,0.25263,0.23476,0.36846
8075.6626,2,0.26336,0.25217,0.36537,0.25585,0.23998,0.36753
8075.6950,2,0.26676,0.25731,0.36446,0.25912,0.24518,0.36661
8075.7288,2,0.27124,0.26446,0.36307,0.26276,0.25097,0.36555
8075.7611,2,0.27359,0.27173,0.36160,0.26601,0.25719,0.36436
8075.7928,2,0.27935,0.27990,0.35938,0.27001,0.26401,0.36287
8075.8243,2,0.28482,0.28876,0.35652,0.27445,0.27143,0.36096
8075.8692,2,0.28730,0.29659,0.35441,0.27831,0.27898,0.35900
8075.9014,2,0.29376,0.30436,0.35132,0.28294,0.28660,0.35670
8075.9330,2,0.29895,0.31143,0.34823,0.28775,0.29405,0.35416
8075.9646,2,0.29996,0.31916,0.34584,0.29141,0.30158,0.35166
8075.9951,2,0.30536,0.32599,0.34292,0.29560,0.30890,0.34904
8076.0297,2,0.31105,0.33409,0.34053,0.30023,0.31646,0.34649
8076.0704,2,0.31566,0.34401,0.33920,0.30486,0.32472,0.34430
8076.1046,2,0.32405,0.35261,0.33781,0.31062,0.33309,0.34235
8076.1387,2,0.32215,0.36470,0.33896,0.31408,0.34257,0.34134
8076.1717,2,0.32000,0.37422,0.34170,0.31586,0.35206,0.34145
8076.2032,2,0.31364,0.38052,0.34611,0.31519,0.36060,0.34285
8076.2344,2,0.31727,0.38884,0.34964,0.31581,0.36907,0.34488
8076.2660,2,0.30960,0.39944,0.36355,0.31395,0.37818,0.35048
8076.2986,2,0.32214,0.40028,0.37084,0.31641,0.38481,0.35659
8076.3305,2,0.32216,0.40318,0.37818,0.31813,0.39032,0.36307
8076.3620,2,0.32466,0.40133,0.38682,0.32009,0.39362,0.37019
8076.3950,2,0.32897,0.39862,0.39273,0.32275,0.39512,0.37696
8076.4303,2,0.34303,0.39526,0.39797,0.32884,0.39516,0.38326
8076.4635,2,0.34761,0.39827,0.40244,0.33447,0.39609,0.38901
8076.4952,2,0.34178,0.40013,0.40571,0.33666,0.39731,0.39402
8076.5289,2,0.31649,0.40009,0.40522,0.33061,0.39814,0.39738
8076.6358,3,0.29785,0.39061,0.40326,0.32078,0.39588,0.39915
8076.6674,3,0.34215,0.37516,0.40302,0.32719,0.38967,0.40031
8076.6986,3,0.36539,0.36491,0.39784,0.33865,0.38224,0.39957
8076.7309,3,0.38444,0.35268,0.38471,0.35239,0.37337,0.39511
8076.7682,3,0.38883,0.33950,0.37308,0.36332,0.36321,0.38850
8076.7994,3,0.39186,0.32429,0.36070,0.37188,0.35153,0.38016
8076.8315,3,0.37621,0.30996,0.35009,0.37318,0.33906,0.37114
8076.8623,3,0.35959,0.29488,0.34129,0.36911,0.32580,0.36219
8076.8952,3,0.35120,0.28189,0.33373,0.36373,0.31263,0.35365
8076.9287,3,0.34514,0.26992,0.33011,0.35815,0.29982,0.34659
8076.9646,3,0.32901,0.25701,0.33081,0.34941,0.28697,0.34185
8076.9998,3,0.31866,0.24615,0.33291,0.34019,0.27473,0.33917
8077.0332,3,0.31171,0.23699,0.33734,0.33165,0.26341,0.33862
8077.0768,3,0.31030,0.22737,0.34137,0.32524,0.25259,0.33945
8077.1095,3,0.30619,0.21733,0.34510,0.31952,0.24201,0.34114
8077.1425,3,0.30062,0.20782,0.34848,0.31385,0.23176,0.34335
8077.1755,3,0.29782,0.19868,0.35038,0.30904,0.22183,0.34546
8077.2127,3,0.29166,0.19006,0.35254,0.30383,0.21230,0.34758
8077.2447,3,0.28497,0.18458,0.35331,0.29817,0.20399,0.34930
8077.2757,3,0.28388,0.17777,0.35093,0.29388,0.19612,0.34979
8077.3096,3,0.28019,0.17274,0.34847,0.28977,0.18911,0.34939
8077.3453,3,0.27357,0.16763,0.34666,0.28491,0.18266,0.34857
8077.3810,3,0.26724,0.16380,0.34509,0.27961,0.17700,0.34753
8077.4138,3,0.26327,0.16277,0.34353,0.27471,0.17273,0.34633
8077.4458,3,0.26156,0.16180,0.34104,0.27076,0.16945,0.34474
8077.4801,3,0.25942,0.16113,0.33826,0.26736,0.16696,0.34280
8077.5110,3,0.25626,0.16095,0.33551,0.26403,0.16515,0.34061
8077.5447,3,0.25500,0.16152,0.33255,0.26132,0.16406,0.33819
8077.5841,3,0.25090,0.16203,0.33018,0.25819,0.16345,0.33579
8077.6157,3,0.24714,0.16264,0.32736,0.25488,0.16321,0.33326
8077.6480,3,0.24828,0.16364,0.32344,0.25290,0.16334,0.33031
8077.6848,3,0.24716,0.16459,0.31980,0.25118,0.16371,0.32716
8077.7165,3,0.24756,0.16634,0.31577,0.25009,0.16450,0.32374
8077.7484,3,0.24524,0.16820,0.31196,0.24864,0.16561,0.32021
8077.7810,3,0.24393,0.17208,0.30853,0.24722,0.16755,0.31670
8077.8147,3,0.24578,0.17527,0.30468,0.24679,0.16987,0.31310
8077.8457,3,0.24071,0.17849,0.30122,0.24497,0.17245,0.30953
8077.8800,3,0.23882,0.18151,0.29659,0.24312,0.17517,0.30565
8077.9128,3,0.23543,0.18439,0.29285,0.24082,0.17794,0.30181
8077.9450,3,0.23415,0.18689,0.28952,0.23881,0.18062,0.29812
8077.9795,3,0.23387,0.18908,0.28555,0.23733,0.18316,0.29435
8078.0123,3,0.23653,0.19090,0.28089,0.23709,0.18548,0.29031
8078.0488,3,0.23546,0.19359,0.27621,0.23660,0.18791,0.28608
8078.0817,3,0.23472,0.19544,0.27158,0.23604,0.19017,0.28173
8078.1146,3,0.23690,0.19745,0.26667,0.23630,0.19235,0.27721
8078.1490,3,0.23984,0.19973,0.26207,0.23736,0.19457,0.27267
8078.1804,3,0.24155,0.20155,0.25735,0.23862,0.19666,0.26808
8078.2139,3,0.24096,0.20255,0.25304,0.23932,0.19843,0.26356
8078.2468,3,0.24108,0.20387,0.24804,0.23985,0.20006,0.25891
8078.2802,3,0.23841,0.20464,0.24240,0.23942,0.20144,0.25396
8078.3138,3,0.23929,0.20640,0.23639,0.23938,0.20292,0.24869
8078.3460,3,0.23901,0.20829,0.23143,0.23927,0.20453,0.24351
8078.3840,3,0.24213,0.21004,0.22558,0.24013,0.20619,0.23813
8078.4162,3,0.24643,0.21318,0.22057,0.24202,0.20829,0.23286
8078.4485,3,0.24926,0.21830,0.21620,0.24419,0.21129,0.22786
8078.4821,3,0.25168,0.22180,0.21207,0.24644,0.21444,0.22312
8078.5147,3,0.25369,0.22477,0.20761,0.24861,0.21754,0.21847
8078.5464,3,0.25690,0.22615,0.20278,0.25110,0.22013,0.21376
8078.5793,3,0.26036,0.22682,0.19741,0.25388,0.22213,0.20886
8078.6184,3,0.25792,0.22837,0.19292,0.25509,0.22400,0.20408
8078.6530,3,0.25852,0.22902,0.18802,0.25612,0.22551,0.19926
8078.6964,3,0.25347,0.22942,0.18398,0.25532,0.22668,0.19468
8078.7296,3,0.25452,0.23034,0.17948,0.25508,0.22778,0.19012
8078.7631,3,0.25133,0.22876,0.17622,0.25396,0.22807,0.18595
8078.7973,3,0.24924,0.22913,0.17318,0.25254,0.22839,0.18212
8078.8301,3,0.24591,0.22863,0.17086,0.25055,0.22846,0.17874
8078.8617,3,0.24015,0.22909,0.16929,0.24743,0.22865,0.17590
8078.8962,3,0.23905,0.22724,0.16785,0.24492,0.22823,0.17349
8078.9287,3,0.23500,0.22435,0.16701,0.24194,0.22706,0.17154
8078.9624,3,0.22573,0.22175,0.16712,0.23708,0.22547,0.17022
8078.9953,3,0.22464,0.21669,0.16594,0.23335,0.22284,0.16893
8079.0279,3,0.22265,0.21415,0.16488,0.23014,0.22023,0.16772
8079.0696,3,0.22421,0.21579,0.16226,0.22836,0.21890,0.16608
8079.1017,3,0.22246,0.21845,0.15980,0.22659,0.21876,0.16420
8079.1344,3,0.22184,0.22137,0.15737,0.22516,0.21955,0.16215
8079.1661,3,0.21987,0.22333,0.15559,0.22358,0.22068,0.16018
8079.1986,3,0.21617,0.22509,0.15415,0.22136,0.22200,0.15837
8079.2317,3,0.21623,0.23341,0.15035,0.21982,0.22542,0.15597
8079.2627,3,0.21642,0.23777,0.14745,0.21880,0.22913,0.15341
8079.2944,3,0.21276,0.24276,0.14492,0.21699,0.23322,0.15087
8079.3299,3,0.21572,0.24674,0.14122,0.21661,0.23727,0.14797
8079.3614,3,0.21886,0.25012,0.13659,0.21728,0.24113,0.14456
8079.3963,3,0.21466,0.25312,0.13309,0.21650,0.24472,0.14112
8079.4277,3,0.21543,0.25688,0.12879,0.21618,0.24837,0.13742
8079.4622,3,0.21584,0.25969,0.12466,0.21607,0.25177,0.13359
8079.5012,3,0.21958,0.26262,0.11972,0.21713,0.25502,0.12943
8079.5329,3,0.22246,0.26412,0.11549,0.21873,0.25775,0.12525
8079.5668,3,0.22331,0.26762,0.11189,0.22010,0.26071,0.12124
8079.6004,3,0.22501,0.27033,0.10893,0.22157,0.26360,0.11755
8079.6359,3,0.22498,0.27366,0.10708,0.22260,0.26662,0.11441
8079.6671,3,0.22582,0.27537,0.10635,0.22356,0.26924,0.11199
8079.6986,3,0.22678,0.27747,0.10634,0.22453,0.27171,0.11029
8079.7329,3,0.22808,0.27761,0.10720,0.22559,0.27348,0.10936
8079.7646,3,0.22883,0.27854,0.10771,0.22657,0.27500,0.10887
8079.7973,3,0.22699,0.28037,0.10882,0.22669,0.27661,0.10886
8079.8304,3,0.22509,0.28055,0.11017,0.22621,0.27779,0.10925
8079.8695,3,0.22480,0.27898,0.11047,0.22579,0.27815,0.10962
8079.9024,3,0.22684,0.27848,0.11020,0.22610,0.27825,0.10979
8079.9414,3,0.22902,0.27938,0.10947,0.22698,0.27859,0.10969
8079.9749,3,0.22910,0.28215,0.10815,0.22761,0.27966,0.10923
8080.0065,3,0.22778,0.28406,0.10759,0.22766,0.28098,0.10874
8080.0395,3,0.22724,0.28714,0.10756,0.22754,0.28283,0.10838
8080.0730,3,0.22606,0.28989,0.10830,0.22709,0.28494,0.10836
8080.1102,3,0.22737,0.29241,0.10926,0.22718,0.28718,0.10863
8080.1417,3,0.22933,0.29336,0.10995,0.22782,0.28904,0.10903
8080.1742,3,0.23117,0.29420,0.11045,0.22883,0.29058,0.10945
8080.2046,3,0.23420,0.29342,0.11038,0.23044,0.29144,0.10973
8080.2352,3,0.23181,0.29345,0.11097,0.23085,0.29204,0.11010
8080.2670,3,0.23201,0.29397,0.11076,0.23120,0.29262,0.11030
8080.2975,3,0.22990,0.29415,0.11029,0.23081,0.29308,0.11030
8080.3296,3,0.22942,0.29454,0.10959,0.23039,0.29352,0.11009
8080.3629,3,0.22922,0.29306,0.10889,0.23004,0.29338,0.10973
8080.3955,3,0.22887,0.29084,0.10876,0.22969,0.29262,0.10944
8080.4276,3,0.23058,0.29030,0.10884,0.22996,0.29192,0.10926
8080.4618,3,0.23229,0.28817,0.10935,0.23066,0.29080,0.10928
8080.4953,3,0.22982,0.28567,0.11057,0.23040,0.28926,0.10967
8080.5347,3,0.23051,0.28347,0.11109,0.23044,0.28752,0.11009
8080.5666,3,0.22765,0.28218,0.11166,0.22960,0.28592,0.11056
8080.5980,3,0.22642,0.28185,0.11155,0.22865,0.28470,0.11086
8080.6339,3,0.22226,0.28298,0.11244,0.22673,0.28418,0.11133
8080.6643,3,0.22010,0.28409,0.11312,0.22474,0.28415,0.11187
8080.6954,3,0.21912,0.28492,0.11443,0.22305,0.28438,0.11264
8080.7279,3,0.22075,0.28575,0.11576,0.22236,0.28479,0.11358
8080.7617,3,0.22309,0.28653,0.11750,0.22258,0.28531,0.11475
8080.7973,3,0.22306,0.28901,0.11963,0.22273,0.28642,0.11622
8080.8311,3,0.22439,0.28940,0.12142,0.22323,0.28732,0.11778
8080.8630,3,0.22724,0.28934,0.12267,0.22443,0.28792,0.11925
8080.8977,3,0.22693,0.28982,0.12414,0.22518,0.28849,0.12071
8080.9295,3,0.22901,0.28940,0.12454,0.22633,0.28876,0.12186
8080.9619,3,0.22922,0.28896,0.12500,0.22720,0.28882,0.12280
8080.9961,3,0.22937,0.28761,0.12493,0.22785,0.28846,0.12344
8081.0297,3,0.22928,0.28586,0.12481,0.22828,0.28768,0.12385
8081.0642,3,0.22897,0.28602,0.12461,0.22849,0.28718,0.12408
8081.0986,3,0.22734,0.28516,0.12445,0.22814,0.28658,0.12419
8081.1320,3,0.22548,0.28424,0.12438,0.22734,0.28588,0.12425
8081.1714,3,0.22638,0.28392,0.12345,0.22706,0.28529,0.12401
8081.2047,3,0.22506,0.28387,0.12249,0.22646,0.28486,0.12355
8081.2351,3,0.22749,0.28323,0.12107,0.22677,0.28437,0.12281
8081.2663,3,0.22478,0.28288,0.12075,0.22617,0.28393,0.12219
8081.2985,3,0.22515,0.28221,0.12010,0.22586,0.28341,0.12156
8081.3302,3,0.22674,0.28164,0.11990,0.22613,0.28288,0.12107
8081.3632,3,0.22790,0.28191,0.11999,0.22666,0.28259,0.12074
8081.3967,3,0.22723,0.28232,0.12048,0.22683,0.28251,0.12067
8081.4286,3,0.22404,0.28165,0.12116,0.22599,0.28225,0.12081
8081.4639,3,0.22638,0.28178,0.12094,0.22611,0.28211,0.12085
8081.4950,3,0.22764,0.28113,0.12077,0.22657,0.28182,0.12083
8081.5282,3,0.22509,0.28191,0.12129,0.22612,0.28184,0.12097
8081.5622,3,0.22464,0.28237,0.12139,0.22568,0.28200,0.12109
8081.5962,3,0.22638,0.28283,0.12155,0.22589,0.28225,0.12123
8081.6336,3,0.22616,0.28478,0.12216,0.22597,0.28301,0.12151
8081.6660,3,0.22353,0.28514,0.12314,0.22524,0.28365,0.12200
8081.6971,3,0.22476,0.28575,0.12322,0.22510,0.28428,0.12237
8081.7293,3,0.22451,0.28553,0.12341,0.22492,0.28465,0.12268
8081.7613,3,0.22280,0.28561,0.12366,0.22428,0.28494,0.12298
8081.7954,3,0.22446,0.28521,0.12324,0.22434,0.28502,0.12306
8081.8281,3,0.22427,0.28521,0.12311,0.22432,0.28508,0.12307
8081.8606,3,0.22292,0.28504,0.12286,0.22390,0.28506,0.12301
8081.8967,3,0.22240,0.28578,0.12263,0.22345,0.28528,0.12290
8081.9324,3,0.22333,0.28575,0.12215,0.22341,0.28542,0.12267
8081.9658,3,0.22261,0.28584,0.12215,0.22317,0.28555,0.12252
8081.9980,3,0.22172,0.28550,0.12207,0.22274,0.28553,0.12238
8082.0323,3,0.22390,0.28464,0.12185,0.22309,0.28527,0.12222
8082.0637,3,0.22298,0.28464,0.12234,0.22306,0.28508,0.12226
8082.0955,3,0.22438,0.28313,0.12196,0.22345,0.28449,0.12217
8082.1306,3,0.22558,0.28029,0.12153,0.22409,0.28323,0.12198
8082.1670,3,0.22471,0.27967,0.12113,0.22428,0.28217,0.12172
8082.1982,3,0.22564,0.28068,0.12123,0.22469,0.28172,0.12157
8082.2317,3,0.22648,0.28095,0.12157,0.22522,0.28149,0.12157
8082.2632,3,0.22701,0.28131,0.12226,0.22576,0.28144,0.12178
8082.2946,3,0.22630,0.28030,0.12331,0.22592,0.28109,0.12224
8082.3286,3,0.22886,0.28060,0.12386,0.22680,0.28095,0.12272
8082.3685,3,0.22923,0.27967,0.12380,0.22753,0.28056,0.12305
8082.4020,3,0.23149,0.27685,0.12259,0.22872,0.27945,0.12291
8082.4352,3,0.23402,0.27492,0.12117,0.23031,0.27809,0.12239
8082.4699,3,0.23443,0.27159,0.11946,0.23155,0.27614,0.12151
8082.5011,3,0.23550,0.26978,0.11787,0.23273,0.27423,0.12042
8082.5334,3,0.23223,0.26789,0.11752,0.23258,0.27233,0.11955
8082.5656,3,0.23321,0.26519,0.11659,0.23277,0.27019,0.11866
8082.6064,3,0.23419,0.26290,0.11621,0.23319,0.26800,0.11792
8082.6376,3,0.23464,0.26154,0.11619,0.23363,0.26606,0.11740
8082.6695,3,0.23606,0.26023,0.11602,0.23436,0.26431,0.11699
8082.7018,3,0.23524,0.25920,0.11602,0.23462,0.26278,0.11670
8082.7327,3,0.23682,0.26008,0.11549,0.23528,0.26197,0.11634
8082.7653,3,0.23498,0.26158,0.11553,0.23519,0.26185,0.11609
8082.7967,3,0.23764,0.26383,0.11533,0.23593,0.26245,0.11587
8082.8277,3,0.23773,0.26550,0.11538,0.23647,0.26336,0.11572
8082.8620,3,0.23759,0.26707,0.11532,0.23680,0.26447,0.11560
8082.9000,3,0.23833,0.26881,0.11474,0.23726,0.26578,0.11534
8082.9311,3,0.23851,0.26980,0.11417,0.23764,0.26698,0.11499
8082.9627,3,0.23800,0.26924,0.11341,0.23775,0.26766,0.11452
8082.9947,3,0.24031,0.26907,0.11222,0.23851,0.26808,0.11383
8083.0285,3,0.24223,0.26653,0.11096,0.23963,0.26762,0.11297
8083.0632,3,0.24436,0.26250,0.11016,0.24105,0.26608,0.11213
8083.0960,3,0.23805,0.25788,0.11100,0.24015,0.26362,0.11179
8083.1281,3,0.23909,0.25278,0.11123,0.23983,0.26037,0.11162
8083.1666,3,0.24015,0.24821,0.11140,0.23993,0.25672,0.11155
8083.1976,3,0.24052,0.24252,0.11249,0.24010,0.25246,0.11184
8083.2289,3,0.23925,0.23705,0.11416,0.23985,0.24784,0.11253
8083.2614,3,0.24256,0.23077,0.11508,0.24066,0.24272,0.11330
8083.2951,3,0.24463,0.22375,0.11619,0.24185,0.23703,0.11416
8083.3287,3,0.24789,0.21530,0.11571,0.24366,0.23051,0.11463
8083.3610,3,0.24900,0.20588,0.11508,0.24526,0.22312,0.11477
8083.4001,3,0.24833,0.19618,0.11454,0.24619,0.21504,0.11470
8083.4328,3,0.24437,0.18685,0.11391,0.24564,0.20658,0.11446
8083.4634,3,0.24135,0.17588,0.11322,0.24435,0.19737,0.11409
8083.4944,3,0.23452,0.16695,0.11385,0.24140,0.18825,0.11402
8083.5281,3,0.23291,0.15850,0.11452,0.23886,0.17932,0.11417
8083.5587,3,0.22994,0.15042,0.11585,0.23618,0.17065,0.11467
8083.5907,3,0.23163,0.14329,0.11607,0.23482,0.16244,0.11509
8083.6240,3,0.23315,0.13741,0.11694,0.23431,0.15493,0.11565
8083.6565,3,0.23518,0.12992,0.11681,0.23458,0.14743,0.11600
8083.6871,3,0.23660,0.12572,0.11730,0.23518,0.14092,0.11639
8083.7190,3,0.23597,0.11956,0.11751,0.23542,0.13451,0.11673
8083.7536,3,0.23423,0.11458,0.11893,0.23506,0.12853,0.11739
8083.7875,3,0.23485,0.10667,0.11894,0.23500,0.12197,0.11785
8083.8207,3,0.23517,0.10168,0.11930,0.23505,0.11588,0.11829
8083.8544,3,0.23590,0.09732,0.11991,0.23531,0.11031,0.11877
8083.8867,3,0.23657,0.09251,0.11989,0.23569,0.10497,0.11911
8083.9183,3,0.23479,0.08526,0.12015,0.23542,0.09906,0.11942
8083.9506,3,0.23032,0.07499,0.12024,0.23389,0.09184,0.11967
8083.9834,3,0.23157,0.06367,0.11957,0.23319,0.08339,0.11964
8084.0173,3,0.23135,0.05459,0.11956,0.23264,0.07475,0.11961
8084.0512,3,0.23186,0.04532,0.11962,0.23241,0.06592,0.11962
8084.0841,3,0.23303,0.03634,0.11968,0.23259,0.05705,0.11964
8084.1196,3,0.23613,0.02904,0.11951,0.23365,0.04865,0.11960
8084.1509,3,0.23711,0.02281,0.11965,0.23469,0.04090,0.11961
8084.1830,3,0.23775,0.01506,0.12009,0.23561,0.03314,0.11976
8084.2153,3,0.23583,0.00892,0.12116,0.23567,0.02588,0.12018
8084.2487,3,0.23686,0.00276,0.12141,0.23603,0.01894,0.12055
8084.2814,3,0.23828,-0.00303,0.12176,0.23670,0.01235,0.12091
8084.3140,3,0.24004,-0.00736,0.12191,0.23771,0.00644,0.12121
8084.3473,3,0.23782,-0.01288,0.12243,0.23774,0.00064,0.12158
8084.3880,3,0.23534,-0.01919,0.12316,0.23702,-0.00531,0.12205
8084.4243,3,0.23613,-0.02495,0.12315,0.23676,-0.01120,0.12238
8084.4568,3,0.23353,-0.02943,0.12355,0.23579,-0.01667,0.12273
8084.4880,3,0.22941,-0.03621,0.12427,0.23387,-0.02253,0.12319
8084.5215,3,0.22730,-0.04111,0.12516,0.23190,-0.02811,0.12379
8084.5553,3,0.22264,-0.04656,0.12666,0.22912,-0.03364,0.12465
8084.5855,3,0.22274,-0.05266,0.12740,0.22721,-0.03935,0.12547
8084.6184,3,0.21901,-0.05922,0.12856,0.22475,-0.04531,0.12640
8084.6601,3,0.21772,-0.06545,0.12942,0.22264,-0.05135,0.12731
8084.6922,3,0.21483,-0.07252,0.13055,0.22030,-0.05770,0.12828
8084.7247,3,0.21168,-0.07989,0.13177,0.21771,-0.06436,0.12933
8084.7571,3,0.21101,-0.08550,0.13335,0.21570,-0.07070,0.13053
8084.7905,3,0.20998,-0.09054,0.13547,0.21399,-0.07665,0.13202
8084.8224,3,0.21064,-0.09674,0.13705,0.21298,-0.08268,0.13353
8084.8569,3,0.21007,-0.10162,0.13911,0.21211,-0.08836,0.13520
8084.8901,3,0.21010,-0.10501,0.14074,0.21150,-0.09336,0.13686
8084.9310,3,0.20969,-0.10933,0.14151,0.21096,-0.09815,0.13826
8084.9662,3,0.20651,-0.11353,0.14208,0.20963,-0.10276,0.13940
8085.0000,3,0.20179,-0.11775,0.14195,0.20728,-0.10726,0.14017
8085.0334,3,0.20200,-0.12207,0.14045,0.20569,-0.11170,0.14025
8085.0672,3,0.19966,-0.12596,0.13966,0.20388,-0.11598,0.14007
8085.1074,3,0.20158,-0.12892,0.13832,0.20319,-0.11986,0.13955
8085.1413,3,0.19956,-0.13137,0.13776,0.20210,-0.12332,0.13901
8085.1769,3,0.20135,-0.13468,0.13642,0.20188,-0.12673,0.13824
8085.2192,3,0.20065,-0.13661,0.13454,0.20151,-0.12969,0.13713
8085.2544,3,0.19792,-0.13951,0.13293,0.20043,-0.13264,0.13587
8085.2862,3,0.19659,-0.14198,0.13160,0.19928,-0.13544,0.13459
8085.3177,3,0.19804,-0.14528,0.12998,0.19891,-0.13839,0.13321
8085.3523,3,0.19314,-0.14730,0.13018,0.19718,-0.14106,0.13230
8085.3848,3,0.19670,-0.14907,0.12941,0.19703,-0.14347,0.13143
8085.4184,3,0.19626,-0.15162,0.12972,0.19680,-0.14591,0.13092
8085.4537,3,0.19535,-0.15414,0.13003,0.19637,-0.14838,0.13065
8085.4851,3,0.19397,-0.15624,0.13074,0.19565,-0.15074,0.13068
8085.5200,3,0.19515,-0.15967,0.13082,0.19550,-0.15342,0.13072
8085.5538,3,0.19506,-0.16166,0.13130,0.19537,-0.15589,0.13089
8085.5849,3,0.19547,-0.16468,0.13165,0.19540,-0.15853,0.13112
8085.6168,3,0.19583,-0.16771,0.13184,0.19553,-0.16128,0.13134
8085.6504,3,0.19656,-0.16967,0.13229,0.19584,-0.16380,0.13162
8085.6837,3,0.19553,-0.17321,0.13278,0.19575,-0.16662,0.13197
8085.7169,3,0.19217,-0.17511,0.13408,0.19467,-0.16917,0.13260
8085.7515,3,0.19453,-0.17802,0.13455,0.19463,-0.17182,0.13319
8085.7826,3,0.19379,-0.18180,0.13567,0.19438,-0.17482,0.13393
8085.8150,3,0.19151,-0.18435,0.13695,0.19352,-0.17768,0.13484
8085.8473,3,0.19442,-0.18775,0.13703,0.19379,-0.18070,0.13549
8085.8792,3,0.19513,-0.19043,0.13794,0.19419,-0.18362,0.13623
8085.9128,3,0.19139,-0.19394,0.13889,0.19335,-0.18671,0.13703
8085.9457,3,0.19160,-0.19669,0.13898,0.19283,-0.18971,0.13761
8085.9781,3,0.18906,-0.19915,0.13902,0.19169,-0.19254,0.13803
8086.0117,3,0.18636,-0.20193,0.13888,0.19009,-0.19536,0.13829
8086.0486,3,0.18475,-0.20451,0.13859,0.18849,-0.19810,0.13838
8086.0835,3,0.18276,-0.20679,0.13798,0.18677,-0.20071,0.13826
8086.1150,3,0.18213,-0.20947,0.13780,0.18538,-0.20334,0.13812
8086.1497,3,0.18219,-0.21194,0.13739,0.18442,-0.20592,0.13790
8086.1859,3,0.18102,-0.21271,0.13709,0.18340,-0.20795,0.13766
8086.2173,3,0.18026,-0.21401,0.13642,0.18246,-0.20977,0.13729
8086.2489,3,0.17774,-0.21465,0.13550,0.18104,-0.21124,0.13675
8086.2797,3,0.17564,-0.21639,0.13456,0.17942,-0.21278,0.13609
8086.3228,3,0.17225,-0.21700,0.13354,0.17727,-0.21405,0.13533
8086.3564,3,0.17167,-0.21895,0.13274,0.17559,-0.21552,0.13455
8086.3902,3,0.17052,-0.21942,0.13282,0.17407,-0.21669,0.13403
8086.4249,3,0.16890,-0.21982,0.13378,0.17252,-0.21763,0.13395
8086.4567,3,0.17082,-0.22185,0.13455,0.17201,-0.21889,0.13413
8086.4922,3,0.17118,-0.22206,0.13622,0.17176,-0.21984,0.13476
8086.5229,3,0.17643,-0.22087,0.13719,0.17316,-0.22015,0.13549
8086.5542,3,0.18205,-0.22087,0.13802,0.17583,-0.22037,0.13625
8086.5911,3,0.18674,-0.21985,0.13913,0.17910,-0.22021,0.13712
8086.6230,3,0.18777,-0.22050,0.14013,0.18170,-0.22030,0.13802
8086.6545,3,0.18866,-0.22076,0.14087,0.18379,-0.22044,0.13887
8086.6864,3,0.18744,-0.22113,0.14138,0.18489,-0.22065,0.13962
8086.7190,3,0.18807,-0.22248,0.14133,0.18584,-0.22119,0.14014
8086.7550,3,0.18763,-0.22359,0.14103,0.18638,-0.22191,0.14040
8086.7911,3,0.18779,-0.22489,0.14047,0.18680,-0.22280,0.14042
8086.8229,3,0.18702,-0.22670,0.14021,0.18687,-0.22397,0.14036
8086.8538,3,0.18809,-0.22874,0.14004,0.18723,-0.22540,0.14026
8086.8850,3,0.18957,-0.23092,0.14094,0.18793,-0.22706,0.14047
8086.9169,3,0.19318,-0.23550,0.14155,0.18951,-0.22959,0.14079
8086.9490,3,0.19723,-0.24000,0.14251,0.19182,-0.23271,0.14131
8086.9824,3,0.19816,-0.24285,0.14351,0.19373,-0.23575,0.14197
8087.0165,3,0.19931,-0.24532,0.14386,0.19540,-0.23862,0.14254
8087.0488,3,0.19785,-0.24694,0.14414,0.19614,-0.24112,0.14302
8087.0823,3,0.19770,-0.24968,0.14376,0.19660,-0.24369,0.14324
8087.1184,3,0.19786,-0.24979,0.14372,0.19698,-0.24552,0.14338
8087.1504,3,0.19785,-0.25080,0.14387,0.19724,-0.24710,0.14353
8087.1824,3,0.19863,-0.25025,0.14473,0.19766,-0.24805,0.14389
8087.2144,3,0.19977,-0.24972,0.14589,0.19829,-0.24855,0.14449
8087.2453,3,0.20153,-0.24966,0.14702,0.19926,-0.24888,0.14525
8087.2837,3,0.20364,-0.24910,0.14780,0.20058,-0.24895,0.14601
8087.3150,3,0.20284,-0.24907,0.14906,0.20126,-0.24898,0.14693
8087.3465,3,0.20433,-0.24882,0.15009,0.20218,-0.24893,0.14788
8087.3788,3,0.20445,-0.24813,0.15168,0.20286,-0.24869,0.14902
8087.4107,3,0.20480,-0.24656,0.15418,0.20344,-0.24805,0.15057
8087.4437,3,0.20691,-0.24514,0.15778,0.20448,-0.24718,0.15273
8087.4789,3,0.21122,-0.24441,0.16165,0.20650,-0.24635,0.15541
8087.5118,3,0.21292,-0.24328,0.16592,0.20843,-0.24543,0.15856
8087.5471,3,0.21678,-0.24403,0.16950,0.21093,-0.24501,0.16184
8087.5806,3,0.22215,-0.24270,0.17285,0.21430,-0.24432,0.16514
8087.6126,3,0.22532,-0.24206,0.17614,0.21760,-0.24364,0.16844
8087.6502,3,0.22591,-0.24078,0.17938,0.22010,-0.24278,0.17173
8087.6815,3,0.22916,-0.24040,0.18199,0.22282,-0.24207,0.17481
8087.7131,3,0.23112,-0.23967,0.18456,0.22531,-0.24135,0.17773
8087.7451,3,0.23119,-0.23936,0.18805,0.22707,-0.24075,0.18083
8087.7795,3,0.23090,-0.23835,0.19162,0.22822,-0.24003,0.18407
8087.8114,3,0.23013,-0.23831,0.19550,0.22879,-0.23951,0.18750
8087.8481,3,0.22950,-0.23743,0.19971,0.22901,-0.23889,0.19116
8087.8790,3,0.23400,-0.23620,0.20392,0.23050,-0.23808,0.19499
8087.9107,3,0.23448,-0.23368,0.20809,0.23170,-0.23676,0.19892
8087.9439,3,0.23534,-0.23273,0.21201,0.23279,-0.23555,0.20285
8087.9779,3,0.24033,-0.23252,0.21521,0.23505,-0.23464,0.20656
8088.0112,3,0.24207,-0.23312,0.21871,0.23716,-0.23418,0.21020
8088.0460,3,0.24109,-0.23221,0.22287,0.23834,-0.23359,0.21400
8088.0821,3,0.24106,-0.23207,0.22650,0.23915,-0.23313,0.21775
8088.1267,3,0.24359,-0.23199,0.23038,0.24049,-0.23279,0.22154
8088.1621,3,0.24642,-0.23118,0.23395,0.24227,-0.23231,0.22526
8088.1946,3,0.25010,-0.23100,0.23714,0.24462,-0.23192,0.22883
8088.2293,3,0.25077,-0.23121,0.24034,0.24646,-0.23170,0.23228
8088.2618,3,0.24998,-0.23259,0.24346,0.24752,-0.23197,0.23563
8088.2946,3,0.25201,-0.23263,0.24639,0.24886,-0.23217,0.23886
8088.3286,3,0.25221,-0.23259,0.24932,0.24987,-0.23229,0.24200
8088.3634,3,0.25212,-0.23271,0.25249,0.25054,-0.23242,0.24515
8088.3976,3,0.25099,-0.23431,0.25541,0.25068,-0.23299,0.24822
8088.4294,3,0.25231,-0.23544,0.25821,0.25117,-0.23372,0.25122
8088.4617,3,0.25180,-0.23612,0.26210,0.25136,-0.23444,0.25448
8088.4956,3,0.25274,-0.23572,0.26574,0.25177,-0.23483,0.25786
8088.5282,3,0.25454,-0.23600,0.26936,0.25260,-0.23518,0.26131
8088.5616,3,0.25670,-0.23475,0.27266,0.25383,-0.23505,0.26472
8088.5951,3,0.25891,-0.23446,0.27563,0.25535,-0.23487,0.26799
8088.6286,3,0.26064,-0.23520,0.27835,0.25694,-0.23497,0.27110
8088.6669,3,0.25965,-0.23425,0.28141,0.25775,-0.23475,0.27419
8088.6976,3,0.25951,-0.23565,0.28385,0.25828,-0.23502,0.27709
8088.7300,3,0.25937,-0.23543,0.28666,0.25861,-0.23515,0.27996
8088.7642,3,0.25915,-0.23519,0.29014,0.25877,-0.23516,0.28301
8088.7946,3,0.26125,-0.23525,0.29594,0.25952,-0.23519,0.28689
8088.8285,3,0.26153,-0.23486,0.29920,0.26012,-0.23509,0.29058
8088.8626,3,0.26254,-0.23542,0.30231,0.26085,-0.23519,0.29410
8088.8958,3,0.26191,-0.23625,0.30548,0.26117,-0.23551,0.29752
8088.9282,3,0.26021,-0.23599,0.30867,0.26088,-0.23565,0.30086
8088.9643,3,0.26149,-0.23610,0.31161,0.26106,-0.23579,0.30409
8088.9946,3,0.26403,-0.23622,0.31393,0.26195,-0.23592,0.30704
8089.0351,3,0.26607,-0.23567,0.31624,0.26319,-0.23584,0.30980
8089.0671,3,0.26545,-0.23636,0.31853,0.26387,-0.23600,0.31242
8089.0999,3,0.26495,-0.23687,0.32066,0.26419,-0.23626,0.31489
8089.1318,3,0.26359,-0.23664,0.32235,0.26401,-0.23637,0.31713
8089.1645,3,0.26278,-0.23599,0.32335,0.26364,-0.23626,0.31900
8089.1980,3,0.26415,-0.23576,0.32327,0.26379,-0.23611,0.32028
8089.2283,3,0.26523,-0.23568,0.32280,0.26423,-0.23598,0.32103
8089.2726,3,0.26638,-0.23494,0.32231,0.26487,-0.23567,0.32142
8089.3040,3,0.26639,-0.23494,0.32171,0.26533,-0.23545,0.32150
8089.3354,3,0.26626,-0.23463,0.32144,0.26561,-0.23520,0.32148
8089.3673,3,0.26589,-0.23416,0.32142,0.26569,-0.23489,0.32147
8089.3994,3,0.26683,-0.23426,0.32143,0.26604,-0.23470,0.32146
8089.4312,3,0.26629,-0.23346,0.32200,0.26611,-0.23433,0.32162
8089.4656,3,0.26547,-0.23393,0.32268,0.26592,-0.23421,0.32194
8089.4994,3,0.26640,-0.23308,0.32343,0.26606,-0.23387,0.32238
8089.5305,3,0.26863,-0.23260,0.32410,0.26683,-0.23349,0.32290
8089.5620,3,0.27037,-0.23212,0.32463,0.26790,-0.23308,0.32342
8089.5949,3,0.27027,-0.23230,0.32499,0.26861,-0.23285,0.32389
8089.6305,3,0.27335,-0.23176,0.32522,0.27003,-0.23252,0.32429
8089.6655,3,0.27516,-0.23103,0.32587,0.27157,-0.23207,0.32476
8089.6971,3,0.27725,-0.23040,0.32693,0.27327,-0.23157,0.32541
8089.7291,3,0.27970,-0.22836,0.32768,0.27520,-0.23061,0.32610
8089.7618,3,0.28483,-0.22672,0.32776,0.27809,-0.22944,0.32659
8089.7947,3,0.28725,-0.22462,0.32762,0.28084,-0.22800,0.32690
8089.8276,3,0.28913,-0.22196,0.32780,0.28333,-0.22618,0.32717
8089.8619,3,0.29222,-0.21871,0.32743,0.28599,-0.22394,0.32725
8089.8953,3,0.29097,-0.21650,0.32761,0.28749,-0.22171,0.32736
8089.9280,3,0.29381,-0.21407,0.32757,0.28938,-0.21942,0.32742
8089.9632,3,0.29387,-0.21177,0.32762,0.29073,-0.21712,0.32748
8089.9950,3,0.29845,-0.21072,0.32717,0.29305,-0.21520,0.32739
8090.0279,3,0.29873,-0.20881,0.32732,0.29475,-0.21329,0.32737
8090.0616,3,0.30343,-0.20691,0.32696,0.29735,-0.21137,0.32725
8090.0993,3,0.30557,-0.20502,0.32676,0.29982,-0.20947,0.32710
8090.1350,3,0.30997,-0.20330,0.32609,0.30287,-0.20762,0.32680
8090.1665,3,0.31544,-0.20177,0.32494,0.30664,-0.20586,0.32624
8090.2001,3,0.31730,-0.19990,0.32418,0.30984,-0.20407,0.32562
8090.2315,3,0.31843,-0.19875,0.32347,0.31241,-0.20248,0.32498
8090.2641,3,0.32188,-0.19619,0.32236,0.31525,-0.20059,0.32419
8090.2968,3,0.32373,-0.19495,0.32104,0.31780,-0.19890,0.32325
8090.3277,3,0.32444,-0.19284,0.31985,0.31979,-0.19708,0.32223
8090.3613,3,0.33041,-0.18998,0.31826,0.32298,-0.19495,0.32104
8090.3958,3,0.33348,-0.18766,0.31718,0.32613,-0.19276,0.31988
8090.4273,3,0.33826,-0.18529,0.31616,0.32977,-0.19052,0.31876
8090.4609,3,0.34136,-0.18136,0.31518,0.33325,-0.18777,0.31769
8090.4952,3,0.34585,-0.17923,0.31353,0.33703,-0.18521,0.31644
8090.5347,3,0.35186,-0.17701,0.31180,0.34148,-0.18275,0.31505
8090.5676,3,0.35529,-0.17450,0.31062,0.34562,-0.18028,0.31372
8090.5997,3,0.35836,-0.17256,0.30883,0.34944,-0.17796,0.31225
8090.6312,3,0.36427,-0.17019,0.30704,0.35389,-0.17563,0.31069
8090.6666,3,0.36598,-0.16841,0.30563,0.35752,-0.17346,0.30917
8090.6995,3,0.36846,-0.16808,0.30429,0.36080,-0.17185,0.30771
8090.7319,3,0.37294,-0.16691,0.30273,0.36444,-0.17037,0.30621
8090.7652,3,0.37626,-0.16561,0.30128,0.36799,-0.16894,0.30473
8090.7974,3,0.38354,-0.16307,0.29880,0.37265,-0.16718,0.30295
8090.8305,3,0.39122,-0.15978,0.29643,0.37822,-0.16496,0.30100
8090.8619,3,0.39260,-0.15664,0.29492,0.38254,-0.16246,0.29917
8090.9009,3,0.39428,-0.15470,0.29367,0.38606,-0.16013,0.29752
8090.9356,3,0.39890,-0.15115,0.29238,0.38991,-0.15744,0.29598
8090.9673,3,0.40000,-0.14590,0.29180,0.39294,-0.15398,0.29473
8091.0002,3,0.40000,-0.14133,0.29065,0.39506,-0.15018,0.29350
8091.0337,3,0.40000,-0.13926,0.29005,0.39654,-0.14691,0.29247
8091.0740,3,0.40000,-0.13577,0.28939,0.39758,-0.14357,0.29154
8091.1056,3,0.40000,-0.13242,0.28828,0.39830,-0.14022,0.29056
8091.1390,3,0.40000,-0.12790,0.28687,0.39881,-0.13652,0.28946
8091.1714,3,0.40000,-0.12556,0.28606,0.39917,-0.13324,0.28844
8091.2023,3,0.40000,-0.12410,0.28487,0.39942,-0.13050,0.28737
8091.2338,3,0.40000,-0.12235,0.28322,0.39959,-0.12805,0.28612
8091.2663,3,0.40000,-0.12133,0.28162,0.39972,-0.12604,0.28477
8091.2993,3,0.40000,-0.11925,0.28008,0.39980,-0.12400,0.28336
8091.3330,3,0.40000,-0.11831,0.27837,0.39986,-0.12229,0.28187
8091.3643,3,0.40000,-0.11494,0.27672,0.39990,-0.12009,0.28032
8091.3954,3,0.40000,-0.11231,0.27523,0.39993,-0.11775,0.27880
8091.4289,3,0.40000,-0.10866,0.27264,0.39995,-0.11502,0.27695
8091.4628,3,0.40000,-0.10426,0.26839,0.39997,-0.11180,0.27438
8091.4964,3,0.40000,-0.10239,0.26455,0.39998,-0.10897,0.27143
8091.5308,3,0.40000,-0.10075,0.26054,0.39998,-0.10651,0.26817
8091.5642,3,0.40000,-0.09935,0.25576,0.39999,-0.10436,0.26444
8091.5974,3,0.40000,-0.09680,0.25057,0.39999,-0.10209,0.26028
8091.6303,3,0.40000,-0.09275,0.24608,0.39999,-0.09929,0.25602
8091.6710,3,0.40000,-0.09183,0.23952,0.40000,-0.09705,0.25107
8091.7058,3,0.40000,-0.09076,0.23513,0.40000,-0.09517,0.24629
8091.7432,3,0.40000,-0.08908,0.22863,0.40000,-0.09334,0.24099
8091.7761,3,0.40000,-0.08763,0.22307,0.40000,-0.09163,0.23561
8091.8072,3,0.40000,-0.08619,0.21808,0.40000,-0.09000,0.23036
8091.8397,3,0.40000,-0.08274,0.21394,0.40000,-0.08782,0.22543
8091.8729,3,0.40000,-0.08112,0.20970,0.40000,-0.08581,0.22071
8091.9046,3,0.40000,-0.07701,0.20492,0.40000,-0.08317,0.21597
8091.9387,3,0.40000,-0.07247,0.19991,0.40000,-0.07996,0.21115
8091.9724,3,0.40000,-0.07062,0.19606,0.40000,-0.07716,0.20663
8092.0097,3,0.40000,-0.06687,0.19232,0.40000,-0.07407,0.20233
8092.0436,3,0.40000,-0.06700,0.18930,0.40000,-0.07195,0.19842
8092.0891,3,0.40000,-0.06711,0.18728,0.40000,-0.07050,0.19508
8092.1202,3,0.40000,-0.06589,0.18549,0.40000,-0.06911,0.19220
8092.1515,3,0.40000,-0.06208,0.18407,0.40000,-0.06700,0.18976
8092.1835,3,0.40000,-0.06009,0.18252,0.40000,-0.06493,0.18759
8092.2165,3,0.40000,-0.05787,0.18187,0.40000,-0.06281,0.18587
8092.2493,3,0.40000,-0.05428,0.18101,0.40000,-0.06025,0.18441
8092.2852,3,0.40000,-0.04900,0.17981,0.40000,-0.05688,0.18303
8092.3188,3,0.40000,-0.04666,0.17923,0.40000,-0.05381,0.18189
8092.3570,3,0.40000,-0.04179,0.17921,0.40000,-0.05020,0.18109
8092.3901,3,0.40000,-0.03969,0.17963,0.40000,-0.04705,0.18065
8092.4233,3,0.40000,-0.03628,0.18125,0.40000,-0.04382,0.18083
8092.4565,3,0.40000,-0.03214,0.18303,0.40000,-0.04032,0.18149
8092.4889,3,0.40000,-0.02742,0.18381,0.40000,-0.03645,0.18219
8092.5211,3,0.40000,-0.02348,0.18301,0.40000,-0.03256,0.18243
8092.5539,3,0.40000,-0.01876,0.18090,0.40000,-0.02842,0.18197
8092.5859,3,0.40000,-0.01407,0.17851,0.40000,-0.02411,0.18093
8092.6178,3,0.40000,-0.00877,0.17551,0.40000,-0.01951,0.17931
8092.6525,3,0.40000,-0.00517,0.17390,0.40000,-0.01521,0.17769
8092.6905,3,0.40000,-0.00433,0.17380,0.40000,-0.01195,0.17652
8092.7270,3,0.40000,-0.00305,0.17501,0.40000,-0.00928,0.17607
8092.7585,3,0.40000,-0.00391,0.17624,0.40000,-0.00767,0.17612
8092.7905,3,0.40000,-0.00290,0.17712,0.40000,-0.00624,0.17642
8092.8269,3,0.40000,-0.00484,0.17821,0.40000,-0.00582,0.17696
8092.8631,3,0.40000,-0.00478,0.17816,0.40000,-0.00551,0.17732
8092.8954,3,0.40000,-0.00664,0.17931,0.40000,-0.00585,0.17791
8092.9272,3,0.40000,-0.00683,0.17947,0.40000,-0.00614,0.17838
8092.9602,3,0.40000,-0.00715,0.18002,0.40000,-0.00644,0.17887
8092.9987,3,0.40000,-0.00705,0.18090,0.40000,-0.00663,0.17948
8093.0333,3,0.40000,-0.00826,0.18222,0.40000,-0.00712,0.18030
8093.0674,3,0.40000,-0.00726,0.18245,0.40000,-0.00716,0.18095
8093.1009,3,0.40000,-0.00978,0.18304,0.40000,-0.00795,0.18157
8093.1326,3,0.40000,-0.00878,0.18260,0.40000,-0.00820,0.18188
8093.1657,3,0.40000,-0.00941,0.18312,0.40000,-0.00856,0.18225
8093.2043,3,0.40000,-0.00860,0.18516,0.40000,-0.00857,0.18313
8093.2375,3,0.40000,-0.00693,0.18696,0.40000,-0.00808,0.18428
8093.2734,3,0.40000,-0.00741,0.18866,0.40000,-0.00788,0.18559
8093.3065,3,0.40000,-0.00637,0.18986,0.40000,-0.00742,0.18687
8093.3387,3,0.40000,-0.00596,0.19147,0.40000,-0.00698,0.18825
8093.3705,3,0.40000,-0.00569,0.19245,0.40000,-0.00660,0.18951
8093.4033,3,0.40000,-0.00617,0.19372,0.40000,-0.00647,0.19077
8093.4346,3,0.40000,-0.00718,0.19509,0.40000,-0.00668,0.19207
8093.4706,3,0.40000,-0.00685,0.19640,0.40000,-0.00673,0.19337
8093.5043,3,0.39915,-0.00688,0.19790,0.39975,-0.00678,0.19473
8093.5389,3,0.39494,-0.00591,0.19909,0.39830,-0.00652,0.19604
8093.5714,3,0.39355,-0.00584,0.19980,0.39688,-0.00631,0.19716
8093.6065,3,0.38944,-0.00621,0.20070,0.39465,-0.00628,0.19823
8093.6404,3,0.38620,-0.00656,0.20131,0.39211,-0.00636,0.19915
8093.6774,3,0.38550,-0.00738,0.20146,0.39013,-0.00667,0.19984
8093.7133,3,0.38329,-0.00823,0.20189,0.38808,-0.00714,0.20046
8093.7550,3,0.38012,-0.00868,0.20279,0.38569,-0.00760,0.20116
8093.7867,3,0.37809,-0.01037,0.20365,0.38341,-0.00843,0.20191
8093.8198,3,0.37400,-0.01131,0.20473,0.38059,-0.00929,0.20275
8093.8502,3,0.37189,-0.01256,0.20531,0.37798,-0.01027,0.20352
8093.8815,3,0.37158,-0.01412,0.20532,0.37606,-0.01143,0.20406
8093.9144,3,0.36753,-0.01406,0.20571,0.37350,-0.01222,0.20456
8093.9490,3,0.36523,-0.01581,0.20581,0.37102,-0.01330,0.20493
8093.9809,3,0.36240,-0.01534,0.20614,0.36844,-0.01391,0.20529
8094.0127,3,0.35938,-0.01630,0.20614,0.36572,-0.01463,0.20555
8094.0459,3,0.35587,-0.01571,0.20641,0.36276,-0.01495,0.20581
8094.0793,3,0.35364,-0.01677,0.20677,0.36003,-0.01550,0.20610
8094.1104,3,0.35151,-0.01650,0.20723,0.35747,-0.01580,0.20644
8094.1448,3,0.34895,-0.01720,0.20788,0.35492,-0.01622,0.20687
8094.1789,3,0.34703,-0.01727,0.20830,0.35255,-0.01653,0.20730
8094.2122,3,0.34408,-0.01760,0.20901,0.35001,-0.01685,0.20781
8094.2442,3,0.34116,-0.01900,0.20946,0.34735,-0.01750,0.20831
8094.2787,3,0.33905,-0.01974,0.21004,0.34486,-0.01817,0.20883
8094.3119,3,0.33632,-0.02011,0.21068,0.34230,-0.01875,0.20938
8094.3505,3,0.33325,-0.02059,0.21177,0.33958,-0.01930,0.21010
8094.3896,3,0.33042,-0.02251,0.21251,0.33683,-0.02027,0.21082
8094.4249,3,0.32779,-0.02405,0.21322,0.33412,-0.02140,0.21154
8094.4577,3,0.32590,-0.02528,0.21359,0.33166,-0.02257,0.21216
8094.4940,3,0.32378,-0.02513,0.21418,0.32929,-0.02334,0.21276
8094.5294,3,0.31938,-0.02493,0.21538,0.32632,-0.02382,0.21355
8094.5609,3,0.31936,-0.02529,0.21571,0.32423,-0.02426,0.21420
8094.6000,3,0.31518,-0.02476,0.21710,0.32151,-0.02441,0.21507
8094.6336,3,0.31327,-0.02410,0.21782,0.31904,-0.02431,0.21589
8094.6672,3,0.31398,-0.02364,0.21807,0.31752,-0.02411,0.21655
8094.7034,3,0.31132,-0.02263,0.21902,0.31566,-0.02367,0.21729
8094.7352,3,0.30843,-0.02222,0.22005,0.31349,-0.02323,0.21812
8094.7673,3,0.30707,-0.02083,0.22090,0.31157,-0.02251,0.21895
8094.7979,3,0.30488,-0.01979,0.22307,0.30956,-0.02170,0.22019
8094.8292,3,0.30257,-0.02024,0.22415,0.30746,-0.02126,0.22138
8094.8606,3,0.30113,-0.01974,0.22508,0.30556,-0.02080,0.22249
8094.8938,3,0.29895,-0.01990,0.22658,0.30358,-0.02053,0.22372
8094.9317,3,0.29645,-0.02063,0.22764,0.30144,-0.02056,0.22489
8094.9663,3,0.29630,-0.02096,0.22845,0.29990,-0.02068,0.22596
8094.9982,3,0.29503,-0.02151,0.22923,0.29844,-0.02093,0.22694
8095.0304,3,0.29396,-0.02223,0.22988,0.29709,-0.02132,0.22782
8095.0613,3,0.29302,-0.02193,0.23036,0.29587,-0.02150,0.22858
8095.0946,3,0.28932,-0.02224,0.23124,0.29391,-0.02173,0.22938
8095.1278,3,0.28923,-0.02333,0.23140,0.29250,-0.02221,0.22999
8095.1617,3,0.28821,-0.02288,0.23185,0.29122,-0.02241,0.23055
8095.1950,3,0.28543,-0.02413,0.23270,0.28948,-0.02293,0.23119
8095.2297,3,0.28251,-0.02364,0.23379,0.28739,-0.02314,0.23197
8095.2623,3,0.28173,-0.02364,0.23448,0.28569,-0.02329,0.23272
8095.2994,3,0.27905,-0.02348,0.23543,0.28370,-0.02335,0.23353
8095.3306,3,0.27690,-0.02313,0.23652,0.28166,-0.02328,0.23443
8095.3659,3,0.27521,-0.02242,0.23746,0.27973,-0.02302,0.23534
8095.3977,3,0.27279,-0.02211,0.23843,0.27765,-0.02275,0.23626
8095.4293,3,0.26842,-0.02222,0.23962,0.27488,-0.02259,0.23727
8095.4619,3,0.26645,-0.02248,0.24042,0.27235,-0.02256,0.23821
8095.5016,3,0.26351,-0.02222,0.24136,0.26970,-0.02246,0.23916
8095.5347,3,0.26235,-0.02270,0.24192,0.26749,-0.02253,0.23999
8095.5701,3,0.26023,-0.02242,0.24261,0.26532,-0.02250,0.24077
8095.6047,3,0.25887,-0.02217,0.24359,0.26338,-0.02240,0.24162
8095.6365,3,0.25638,-0.02221,0.24458,0.26128,-0.02234,0.24251
8095.6687,3,0.25367,-0.02279,0.24593,0.25900,-0.02248,0.24353
8095.7059,3,0.25096,-0.02265,0.24735,0.25659,-0.02253,0.24468
8095.7364,3,0.24915,-0.02239,0.24855,0.25435,-0.02249,0.24584
8095.7671,3,0.24900,-0.02183,0.24924,0.25275,-0.02229,0.24686
8095.7989,3,0.24687,-0.02188,0.25008,0.25098,-0.02217,0.24783
8095.8305,3,0.24564,-0.02151,0.25080,0.24938,-0.02197,0.24872
8095.8635,3,0.24463,-0.02122,0.25122,0.24796,-0.02175,0.24947
8095.8966,3,0.24249,-0.02100,0.25189,0.24631,-0.02152,0.25020
8095.9280,3,0.24011,-0.02020,0.25253,0.24445,-0.02113,0.25090
8095.9631,3,0.23732,-0.01914,0.25325,0.24231,-0.02053,0.25160
8095.9955,3,0.23806,-0.01812,0.25325,0.24104,-0.01981,0.25210
8096.0275,3,0.23579,-0.01642,0.25362,0.23946,-0.01879,0.25256
8096.0632,3,0.23296,-0.01579,0.25461,0.23751,-0.01789,0.25317
8096.0944,3,0.23301,-0.01513,0.25500,0.23616,-0.01706,0.25372
8096.1291,3,0.23063,-0.01455,0.25550,0.23450,-0.01631,0.25425
8096.1615,3,0.23000,-0.01406,0.25573,0.23315,-0.01563,0.25470
8096.1961,3,0.22813,-0.01309,0.25608,0.23164,-0.01487,0.25511
8096.2354,3,0.22886,-0.01287,0.25641,0.23081,-0.01427,0.25550
8096.2669,3,0.22864,-0.01258,0.25638,0.23016,-0.01376,0.25577
8096.3008,3,0.22821,-0.01219,0.25643,0.22957,-0.01329,0.25596
8096.3325,3,0.22661,-0.01228,0.25697,0.22869,-0.01299,0.25627
8096.3667,3,0.22636,-0.01229,0.25735,0.22799,-0.01278,0.25659
8096.3971,3,0.22474,-0.01179,0.25789,0.22701,-0.01248,0.25698
8096.4304,3,0.22432,-0.01216,0.25830,0.22621,-0.01239,0.25738
8096.4644,3,0.22390,-0.01265,0.25855,0.22551,-0.01247,0.25773
8096.4967,3,0.22315,-0.01229,0.25897,0.22480,-0.01241,0.25810
8096.5301,3,0.22163,-0.01210,0.25954,0.22385,-0.01232,0.25853
8096.5620,3,0.22151,-0.01200,0.26000,0.22315,-0.01222,0.25897
8096.5945,3,0.21926,-0.01220,0.26074,0.22198,-0.01222,0.25950
8096.6276,3,0.21856,-0.01203,0.26106,0.22096,-0.01216,0.25997
8096.6612,3,0.21722,-0.01173,0.26161,0.21984,-0.01203,0.26046
8096.6966,3,0.21462,-0.01204,0.26228,0.21827,-0.01203,0.26101
8096.7372,3,0.21299,-0.01201,0.26268,0.21669,-0.01203,0.26151
8096.7689,3,0.21166,-0.01179,0.26313,0.21518,-0.01195,0.26199
8096.8024,3,0.20990,-0.01226,0.26379,0.21359,-0.01204,0.26253
8096.8352,3,0.20888,-0.01175,0.26437,0.21218,-0.01196,0.26308
8096.8677,3,0.20613,-0.01202,0.26547,0.21036,-0.01197,0.26380
8096.9013,3,0.20486,-0.01206,0.26633,0.20871,-0.01200,0.26456
8096.9392,3,0.20243,-0.01231,0.26712,0.20683,-0.01209,0.26533
8096.9713,3,0.19996,-0.01249,0.26814,0.20477,-0.01221,0.26617
8097.0048,3,0.19952,-0.01187,0.26863,0.20319,-0.01211,0.26691
8097.0356,3,0.19672,-0.01192,0.26952,0.20125,-0.01205,0.26769
8097.0684,3,0.19653,-0.01194,0.27019,0.19983,-0.01202,0.26844
8097.1022,3,0.19463,-0.01199,0.27097,0.19827,-0.01201,0.26920
8097.1350,3,0.19344,-0.01115,0.27158,0.19682,-0.01175,0.26992
8097.1681,3,0.19194,-0.01137,0.27231,0.19536,-0.01164,0.27064
8097.2017,3,0.19056,-0.01127,0.27297,0.19392,-0.01153,0.27134
8097.2336,3,0.18816,-0.01127,0.27374,0.19219,-0.01145,0.27206
8097.2689,3,0.18559,-0.01148,0.27450,0.19021,-0.01146,0.27279
8097.3053,3,0.18451,-0.01173,0.27509,0.18850,-0.01154,0.27348
8097.3365,3,0.18308,-0.01166,0.27573,0.18687,-0.01158,0.27415
8097.3691,3,0.18166,-0.01174,0.27628,0.18531,-0.01163,0.27479
8097.4008,3,0.18060,-0.01171,0.27672,0.18390,-0.01165,0.27537
8097.4334,3,0.17859,-0.01176,0.27754,0.18231,-0.01168,0.27602
8097.4686,3,0.17861,-0.01266,0.27820,0.18120,-0.01198,0.27667
8097.4999,3,0.17672,-0.01215,0.27885,0.17985,-0.01203,0.27733
8097.5334,3,0.17475,-0.01329,0.27978,0.17832,-0.01240,0.27806
8097.5645,3,0.17432,-0.01313,0.28027,0.17712,-0.01262,0.27872
8097.5970,3,0.17358,-0.01318,0.28073,0.17606,-0.01279,0.27933
8097.6309,3,0.17171,-0.01306,0.28127,0.17476,-0.01287,0.27991
8097.6648,3,0.17063,-0.01291,0.28161,0.17352,-0.01288,0.28042
8097.6997,3,0.16953,-0.01261,0.28206,0.17232,-0.01280,0.28091
8097.7328,3,0.16951,-0.01251,0.28234,0.17148,-0.01271,0.28134
8097.7763,3,0.16931,-0.01175,0.28241,0.17083,-0.01243,0.28166
8097.8103,3,0.16919,-0.01081,0.28249,0.17034,-0.01194,0.28191
8097.8441,3,0.16836,-0.00915,0.28246,0.16974,-0.01110,0.28207
8097.8781,3,0.16848,-0.00796,0.28228,0.16937,-0.01016,0.28213
8097.9147,3,0.16756,-0.00659,0.28223,0.16882,-0.00909,0.28216
8097.9541,3,0.16656,-0.00513,0.28232,0.16815,-0.00790,0.28221
8097.9882,3,0.16642,-0.00316,0.28222,0.16763,-0.00648,0.28221
8098.0211,3,0.16573,-0.00122,0.28223,0.16706,-0.00490,0.28222
8098.0554,3,0.16396,0.00105,0.28221,0.16613,-0.00312,0.28222
8098.0876,3,0.16406,0.00376,0.28190,0.16551,-0.00105,0.28212
8098.1196,3,0.16494,0.00699,0.28153,0.16534,0.00136,0.28194
8098.1517,3,0.16623,0.00966,0.28102,0.16561,0.00385,0.28167
8098.1834,3,0.16840,0.01273,0.28060,0.16644,0.00651,0.28135
8098.2140,3,0.17012,0.01486,0.27978,0.16755,0.00902,0.28088
8098.2470,3,0.17352,0.01685,0.27888,0.16934,0.01137,0.28028
8098.2813,3,0.17382,0.01854,0.27841,0.17068,0.01352,0.27972
8098.3143,3,0.17467,0.02061,0.27772,0.17188,0.01565,0.27912
8098.3455,3,0.17284,0.02258,0.27771,0.17217,0.01773,0.27870
8098.3769,3,0.17228,0.02525,0.27707,0.17220,0.01998,0.27821
8098.4113,3,0.17367,0.02710,0.27639,0.17264,0.02212,0.27766
8098.4448,3,0.17437,0.02782,0.27653,0.17316,0.02383,0.27732
8098.4774,3,0.17278,0.02907,0.27704,0.17304,0.02540,0.27724
8098.5137,3,0.17233,0.03039,0.27713,0.17283,0.02690,0.27721
8098.5473,3,0.17412,0.03197,0.27693,0.17322,0.02842,0.27712
8098.5806,3,0.17473,0.03407,0.27657,0.17367,0.03012,0.27696
8098.6171,3,0.17579,0.03537,0.27619,0.17431,0.03169,0.27673
8098.6502,3,0.17687,0.03648,0.27555,0.17508,0.03313,0.27638
8098.6823,3,0.17793,0.03834,0.27523,0.17593,0.03469,0.27603
8098.7160,3,0.17922,0.03997,0.27459,0.17692,0.03628,0.27560
8098.7501,3,0.17914,0.04141,0.27376,0.17759,0.03782,0.27505
8098.7817,3,0.17971,0.04313,0.27302,0.17822,0.03941,0.27444
8098.8138,3,0.18055,0.04473,0.27232,0.17892,0.04101,0.27380
8098.8480,3,0.18029,0.04591,0.27177,0.17933,0.04248,0.27319
8098.8815,3,0.18154,0.04789,0.27082,0.18000,0.04410,0.27248
8098.9156,3,0.18116,0.04983,0.27018,0.18035,0.04582,0.27179
8098.9527,3,0.18278,0.05280,0.26943,0.18108,0.04791,0.27108
8098.9845,3,0.18461,0.05590,0.26877,0.18214,0.05031,0.27039
8099.0212,3,0.18552,0.05855,0.26838,0.18315,0.05278,0.26979
8099.0536,3,0.18555,0.06069,0.26792,0.18387,0.05515,0.26923
8099.0853,3,0.18513,0.06368,0.26751,0.18425,0.05771,0.26871
8099.1229,3,0.18643,0.06647,0.26682,0.18490,0.06034,0.26814
8099.1589,3,0.18940,0.06921,0.26552,0.18625,0.06300,0.26736
8099.1963,3,0.18844,0.07161,0.26476,0.18691,0.06558,0.26658
8099.2286,3,0.18944,0.07381,0.26401,0.18767,0.06805,0.26581
8099.2646,3,0.18995,0.07626,0.26315,0.18835,0.07051,0.26501
8099.3028,3,0.19099,0.07860,0.26222,0.18914,0.07294,0.26417
8099.3347,3,0.18962,0.08065,0.26163,0.18929,0.07525,0.26341
8099.3674,3,0.19191,0.08286,0.26081,0.19007,0.07753,0.26263
8099.4002,3,0.19342,0.08519,0.26026,0.19108,0.07983,0.26192
8099.4315,3,0.19521,0.08957,0.25928,0.19232,0.08275,0.26113
8099.4648,3,0.19170,0.09181,0.25947,0.19213,0.08547,0.26063
8099.4986,3,0.19146,0.09256,0.25940,0.19193,0.08760,0.26026
8099.5320,3,0.19131,0.09422,0.25916,0.19174,0.08958,0.25993
8099.5646,3,0.19134,0.09702,0.25913,0.19162,0.09182,0.25969
8099.5971,3,0.19122,0.09798,0.25910,0.19150,0.09367,0.25951
8099.6289,3,0.19209,0.10016,0.25879,0.19168,0.09561,0.25930
8099.6686,3,0.19243,0.10092,0.25851,0.19190,0.09721,0.25906
8099.7024,3,0.19197,0.10235,0.25823,0.19192,0.09875,0.25881
8099.7356,3,0.19086,0.10292,0.25838,0.19160,0.10000,0.25868
8099.7676,3,0.19271,0.10324,0.25750,0.19193,0.10097,0.25833
8099.7986,3,0.19347,0.10411,0.25691,0.19239,0.10191,0.25790
8099.8312,3,0.19258,0.10494,0.25676,0.19245,0.10282,0.25756
8099.8622,3,0.19322,0.10530,0.25650,0.19268,0.10356,0.25724
8099.8969,3,0.19254,0.10697,0.25670,0.19264,0.10459,0.25708
8099.9350,3,0.19287,0.10775,0.25670,0.19271,0.10554,0.25696
8099.9677,3,0.19145,0.10965,0.25695,0.19233,0.10677,0.25696
8100.0007,3,0.19219,0.11134,0.25680,0.19229,0.10814,0.25691
8100.0336,3,0.19272,0.11316,0.25657,0.19242,0.10965,0.25681
8100.0668,3,0.19355,0.11528,0.25625,0.19276,0.11134,0.25664
8100.0993,3,0.19434,0.11681,0.25587,0.19323,0.11298,0.25641
8100.1335,3,0.19401,0.11938,0.25577,0.19347,0.11490,0.25622
8100.1660,3,0.19457,0.12140,0.25554,0.19380,0.11685,0.25601
8100.1996,3,0.19344,0.12290,0.25545,0.19369,0.11866,0.25584
8100.2347,3,0.19371,0.12455,0.25517,0.19370,0.12043,0.25564
8100.2683,3,0.19456,0.12645,0.25473,0.19396,0.12224,0.25537
8100.3001,3,0.19401,0.12871,0.25440,0.19397,0.12418,0.25508
8100.3313,3,0.19528,0.13013,0.25404,0.19436,0.12596,0.25477
8100.3621,3,0.19613,0.13120,0.25366,0.19489,0.12753,0.25443
8100.3963,3,0.19710,0.13183,0.25304,0.19556,0.12882,0.25402
8100.4335,3,0.19648,0.13340,0.25281,0.19584,0.13020,0.25365
8100.4667,3,0.19717,0.13482,0.25221,0.19624,0.13158,0.25322
8100.4978,3,0.19728,0.13590,0.25191,0.19655,0.13288,0.25283
8100.5295,3,0.19803,0.13682,0.25159,0.19699,0.13406,0.25246
8100.5623,3,0.19769,0.13799,0.25188,0.19720,0.13524,0.25228
8100.6010,3,0.19602,0.13923,0.25214,0.19685,0.13644,0.25224
8100.6357,3,0.19586,0.14056,0.25199,0.19655,0.13767,0.25217
8100.6679,3,0.19429,0.14196,0.25218,0.19588,0.13896,0.25217
8100.7007,3,0.19310,0.14302,0.25197,0.19504,0.14018,0.25211
8100.7350,3,0.19188,0.14404,0.25186,0.19409,0.14134,0.25204
8100.7678,3,0.19208,0.14516,0.25142,0.19349,0.14249,0.25185
8100.8011,3,0.19172,0.14566,0.25131,0.19296,0.14344,0.25169
8100.8346,3,0.19291,0.14777,0.25121,0.19294,0.14474,0.25154
8100.8737,3,0.19327,0.15005,0.25125,0.19304,0.14633,0.25146
8100.9084,3,0.19328,0.15181,0.25130,0.19311,0.14798,0.25141
8100.9406,3,0.19250,0.15362,0.25145,0.19293,0.14967,0.25142
8100.9734,3,0.19166,0.15486,0.25159,0.19255,0.15123,0.25147
8101.0118,3,0.19096,0.15623,0.25171,0.19207,0.15273,0.25154
8101.0467,3,0.19052,0.15833,0.25170,0.19161,0.15441,0.25159
8101.0811,3,0.19190,0.16034,0.25118,0.19169,0.15619,0.25147
8101.1178,3,0.19020,0.16195,0.25135,0.19124,0.15791,0.25143
8101.1516,3,0.19154,0.16290,0.25100,0.19133,0.15941,0.25130
8101.1852,3,0.19289,0.16440,0.25037,0.19180,0.16090,0.25102
8101.2165,3,0.19267,0.16609,0.25029,0.19206,0.16246,0.25080
8101.2488,3,0.19256,0.16698,0.24986,0.19221,0.16382,0.25052
8101.2825,3,0.19256,0.16750,0.24982,0.19231,0.16492,0.25031
8101.3153,3,0.19384,0.16920,0.24973,0.19277,0.16621,0.25013
8101.3472,3,0.19336,0.17060,0.25012,0.19295,0.16752,0.25013
8101.3797,3,0.19285,0.17193,0.25054,0.19292,0.16884,0.25025
8101.4113,3,0.19116,0.17331,0.25102,0.19239,0.17018,0.25048
8101.4448,3,0.19091,0.17485,0.25129,0.19195,0.17158,0.25073
8101.4818,3,0.18961,0.17642,0.25146,0.19124,0.17303,0.25095
8101.5159,3,0.18957,0.17749,0.25119,0.19074,0.17437,0.25102
8101.5493,3,0.18960,0.17877,0.25086,0.19040,0.17569,0.25097
8101.5813,3,0.19080,0.17979,0.25041,0.19052,0.17692,0.25080
8101.6144,3,0.19176,0.18119,0.25024,0.19089,0.17820,0.25064
8101.6466,3,0.19100,0.18286,0.25022,0.19092,0.17960,0.25051
8101.6787,3,0.19154,0.18415,0.25023,0.19111,0.18097,0.25043
8101.7119,3,0.19006,0.18499,0.25039,0.19079,0.18217,0.25041
8101.7485,3,0.18951,0.18661,0.25032,0.19041,0.18350,0.25039
8101.7834,3,0.18848,0.18750,0.25030,0.18983,0.18470,0.25036
8101.8144,3,0.18926,0.18854,0.25004,0.18966,0.18585,0.25026
8101.8465,3,0.19001,0.19003,0.24975,0.18976,0.18711,0.25011
8101.8793,3,0.19037,0.19123,0.24971,0.18995,0.18834,0.24999
8101.9117,3,0.19062,0.19262,0.24982,0.19015,0.18963,0.24994
8101.9447,3,0.18981,0.19411,0.24990,0.19005,0.19097,0.24993
8101.9783,3,0.18933,0.19691,0.24982,0.18983,0.19275,0.24990
8102.0102,3,0.18715,0.19983,0.25016,0.18903,0.19488,0.24998
8102.0449,3,0.18925,0.20208,0.24989,0.18909,0.19704,0.24995
8102.0779,3,0.18955,0.20417,0.24993,0.18923,0.19918,0.24994
8102.1116,3,0.18990,0.20627,0.24979,0.18943,0.20130,0.24990
8102.1444,3,0.18976,0.20744,0.24973,0.18953,0.20314,0.24985
8102.1775,3,0.18840,0.20870,0.24984,0.18919,0.20481,0.24984
8102.2102,3,0.18857,0.21096,0.24968,0.18900,0.20665,0.24980
8102.2446,3,0.18785,0.21325,0.24943,0.18866,0.20863,0.24968
8102.2800,3,0.18918,0.21496,0.24919,0.18881,0.21053,0.24954
8102.3135,3,0.18923,0.21765,0.24929,0.18894,0.21267,0.24946
8102.3495,3,0.18948,0.22129,0.24951,0.18910,0.21525,0.24948
8102.3837,3,0.19023,0.22439,0.24939,0.18944,0.21800,0.24945
8102.4180,3,0.19038,0.22754,0.24931,0.18972,0.22086,0.24941
8102.4554,3,0.19070,0.23017,0.24895,0.19002,0.22365,0.24927
8102.4913,3,0.18998,0.23242,0.24884,0.19001,0.22628,0.24914
8102.5234,3,0.19033,0.23435,0.24831,0.19010,0.22870,0.24889
8102.5577,3,0.18994,0.23548,0.24787,0.19006,0.23074,0.24859
8102.5907,3,0.19045,0.23613,0.24745,0.19017,0.23235,0.24824
8102.6243,3,0.19076,0.23773,0.24713,0.19035,0.23397,0.24791
8102.6596,3,0.19176,0.23795,0.24659,0.19077,0.23516,0.24751
8102.6931,3,0.19138,0.23771,0.24643,0.19096,0.23593,0.24719
8102.7294,3,0.19212,0.23765,0.24631,0.19130,0.23644,0.24692
8102.7615,3,0.19131,0.23771,0.24648,0.19131,0.23682,0.24679
8102.8029,3,0.19135,0.23775,0.24652,0.19132,0.23710,0.24671
8102.8375,3,0.19183,0.23883,0.24661,0.19147,0.23762,0.24668
8102.8712,3,0.19085,0.23966,0.24671,0.19129,0.23823,0.24669
8102.9047,3,0.18911,0.24159,0.24736,0.19063,0.23924,0.24689
8102.9390,3,0.18809,0.24274,0.24774,0.18987,0.24029,0.24714
8102.9714,3,0.18784,0.24390,0.24786,0.18926,0.24137,0.24736
8103.0053,3,0.18849,0.24470,0.24772,0.18903,0.24237,0.24746
8103.0372,3,0.18773,0.24547,0.24800,0.18864,0.24330,0.24763
8103.0692,3,0.18759,0.24656,0.24804,0.18832,0.24428,0.24775
8103.1022,3,0.18759,0.24781,0.24789,0.18810,0.24534,0.24779
8103.1346,3,0.18687,0.24941,0.24767,0.18773,0.24656,0.24776
8103.1683,3,0.18657,0.25079,0.24757,0.18739,0.24783,0.24770
8103.2026,3,0.18776,0.25261,0.24727,0.18750,0.24926,0.24757
8103.2355,3,0.18757,0.25421,0.24728,0.18752,0.25075,0.24748
8103.2671,3,0.18665,0.25588,0.24743,0.18726,0.25229,0.24747
8103.2992,3,0.18651,0.25838,0.24722,0.18703,0.25411,0.24739
8103.3329,3,0.18685,0.26024,0.24701,0.18698,0.25595,0.24728
8103.3674,3,0.18650,0.26198,0.24728,0.18683,0.25776,0.24728
8103.4008,3,0.18655,0.26365,0.24739,0.18675,0.25953,0.24731
8103.4347,3,0.18647,0.26462,0.24781,0.18667,0.26106,0.24746
8103.4662,3,0.18744,0.26592,0.24773,0.18690,0.26251,0.24754
8103.4980,3,0.18660,0.26683,0.24802,0.18681,0.26381,0.24769
8103.5341,3,0.18851,0.26722,0.24772,0.18732,0.26483,0.24770
8103.5663,3,0.18769,0.26802,0.24780,0.18743,0.26579,0.24773
8103.5968,3,0.18751,0.26840,0.24769,0.18746,0.26657,0.24772
8103.6308,3,0.18588,0.26936,0.24800,0.18698,0.26741,0.24780
8103.6661,3,0.18579,0.27057,0.24772,0.18663,0.26836,0.24778
8103.6990,3,0.18511,0.27243,0.24774,0.18617,0.26958,0.24777
8103.7350,3,0.18681,0.27388,0.24710,0.18636,0.27087,0.24757
8103.7682,3,0.18594,0.27580,0.24725,0.18624,0.27235,0.24747
8103.8012,3,0.18669,0.27727,0.24700,0.18637,0.27382,0.24733
8103.8328,3,0.18641,0.27882,0.24680,0.18638,0.27532,0.24717
8103.8655,3,0.18559,0.28025,0.24685,0.18614,0.27680,0.24707
8103.8998,3,0.18422,0.28131,0.24690,0.18557,0.27815,0.24702
8103.9316,3,0.18509,0.28285,0.24672,0.18543,0.27956,0.24693
8103.9674,3,0.18551,0.28394,0.24660,0.18545,0.28088,0.24683
8104.0010,3,0.18552,0.28521,0.24676,0.18547,0.28218,0.24681
8104.0327,3,0.18515,0.28693,0.24677,0.18537,0.28360,0.24680
8104.0670,3,0.18537,0.28711,0.24672,0.18537,0.28465,0.24677
8104.1010,3,0.18571,0.28790,0.24670,0.18547,0.28563,0.24675
8104.1325,3,0.18443,0.28906,0.24694,0.18516,0.28666,0.24681
8104.1646,3,0.18414,0.29039,0.24702,0.18485,0.28778,0.24687
8104.1975,3,0.18354,0.29181,0.24726,0.18446,0.28899,0.24699
8104.2375,3,0.18369,0.29321,0.24718,0.18423,0.29025,0.24705
8104.2713,3,0.18322,0.29469,0.24732,0.18393,0.29159,0.24713
8104.3043,3,0.18158,0.29651,0.24757,0.18322,0.29306,0.24726
8104.3395,3,0.18142,0.29904,0.24725,0.18268,0.29486,0.24726
8104.3711,3,0.17986,0.30044,0.24736,0.18184,0.29653,0.24729
8104.4027,3,0.17780,0.30222,0.24744,0.18062,0.29824,0.24733
8104.4344,3,0.17860,0.30469,0.24703,0.18002,0.30017,0.24724
8104.4688,3,0.18012,0.30561,0.24629,0.18005,0.30181,0.24696
8104.5001,3,0.18076,0.30738,0.24622,0.18026,0.30348,0.24674
8104.5325,3,0.18041,0.30948,0.24584,0.18031,0.30528,0.24647
8104.5641,3,0.18101,0.31009,0.24545,0.18052,0.30672,0.24616
8104.5952,3,0.18192,0.31168,0.24532,0.18094,0.30821,0.24591
8104.6279,3,0.18362,0.31265,0.24509,0.18174,0.30954,0.24566
8104.6627,3,0.18255,0.31398,0.24538,0.18199,0.31087,0.24558
8104.6949,3,0.18234,0.31393,0.24564,0.18209,0.31179,0.24560
8104.7284,3,0.18289,0.31359,0.24636,0.18233,0.31233,0.24583
8104.7659,3,0.18231,0.31372,0.24726,0.18232,0.31275,0.24626
8104.8006,3,0.18190,0.31324,0.24805,0.18220,0.31290,0.24679
8104.8336,3,0.18208,0.31246,0.24884,0.18216,0.31277,0.24741
8104.8658,3,0.18325,0.31175,0.24932,0.18249,0.31246,0.24798
8104.8975,3,0.18375,0.31133,0.25012,0.18287,0.31212,0.24862
8104.9311,3,0.18417,0.31088,0.25124,0.18326,0.31175,0.24941
8104.9639,3,0.18653,0.31058,0.25227,0.18424,0.31140,0.25027
8104.9956,3,0.18588,0.31056,0.25373,0.18473,0.31115,0.25131
8105.0292,3,0.18463,0.31113,0.25588,0.18470,0.31114,0.25268
8105.0690,3,0.18409,0.31128,0.25755,0.18452,0.31118,0.25414
8105.1009,3,0.18336,0.31182,0.25987,0.18417,0.31137,0.25586
8105.1343,3,0.18267,0.31136,0.26216,0.18372,0.31137,0.25775
8105.1704,3,0.18488,0.31125,0.26362,0.18407,0.31133,0.25951
8105.2125,3,0.18474,0.31213,0.26590,0.18427,0.31157,0.26143
8105.2442,3,0.18522,0.31214,0.26785,0.18456,0.31174,0.26335
8105.2797,3,0.18566,0.31219,0.26972,0.18489,0.31188,0.26526
8105.3133,3,0.18505,0.31246,0.27160,0.18494,0.31205,0.26716
8105.3467,3,0.18304,0.31257,0.27368,0.18437,0.31221,0.26912
8105.3790,3,0.18362,0.31163,0.27491,0.18414,0.31203,0.27086
8105.4111,3,0.18599,0.31147,0.27571,0.18470,0.31187,0.27231
8105.4442,3,0.18490,0.31093,0.27717,0.18476,0.31159,0.27377
8105.4793,3,0.18645,0.30996,0.27801,0.18527,0.31110,0.27504
8105.5176,3,0.18641,0.31024,0.27917,0.18561,0.31084,0.27628
8105.5494,3,0.18663,0.30971,0.28033,0.18591,0.31050,0.27749
8105.5801,3,0.18736,0.31060,0.28165,0.18635,0.31053,0.27874
8105.6220,3,0.18719,0.31007,0.28285,0.18660,0.31039,0.27997
8105.6540,3,0.18729,0.31105,0.28424,0.18681,0.31059,0.28125
8105.6847,3,0.18686,0.31167,0.28558,0.18682,0.31091,0.28255
8105.7168,3,0.18733,0.31186,0.28648,0.18698,0.31120,0.28373
8105.7473,3,0.18752,0.31328,0.28766,0.18714,0.31182,0.28491
8105.7800,3,0.18758,0.31375,0.28851,0.18727,0.31240,0.28599
8105.8111,3,0.18724,0.31496,0.28962,0.18726,0.31317,0.28708
8105.8454,3,0.18847,0.31528,0.29004,0.18762,0.31380,0.28796
8105.8820,3,0.18973,0.31563,0.29073,0.18826,0.31435,0.28879
8105.9199,3,0.19039,0.31605,0.29180,0.18890,0.31486,0.28970
8105.9565,3,0.19076,0.31642,0.29272,0.18945,0.31533,0.29061
8105.9981,3,0.19147,0.31658,0.29372,0.19006,0.31570,0.29154
8106.0298,3,0.19270,0.31612,0.29461,0.19085,0.31583,0.29246
8106.0621,3,0.19239,0.31629,0.29600,0.19131,0.31597,0.29352
8106.0955,3,0.19331,0.31627,0.29719,0.19191,0.31606,0.29462
8106.1323,3,0.19264,0.31701,0.29858,0.19213,0.31634,0.29581
8106.1643,3,0.19059,0.31862,0.30145,0.19167,0.31703,0.29750
8106.1957,3,0.19296,0.31809,0.30221,0.19206,0.31735,0.29891
8106.2268,3,0.19321,0.31849,0.30356,0.19240,0.31769,0.30031
8106.2618,3,0.19445,0.31969,0.30471,0.19302,0.31829,0.30163
8106.2960,3,0.19440,0.32050,0.30618,0.19343,0.31895,0.30299
8106.3294,3,0.19725,0.32093,0.30710,0.19458,0.31955,0.30422
8106.3654,3,0.19503,0.32096,0.30914,0.19471,0.31997,0.30570
8106.3965,3,0.19379,0.32140,0.31088,0.19444,0.32040,0.30725
8106.4301,3,0.19347,0.32140,0.31215,0.19414,0.32070,0.30872
8106.4618,3,0.19288,0.32289,0.31351,0.19377,0.32136,0.31016
8106.4957,3,0.19123,0.32395,0.31496,0.19301,0.32214,0.31160
8106.5281,3,0.19175,0.32490,0.31588,0.19263,0.32297,0.31288
8106.5610,3,0.19233,0.32531,0.31670,0.19254,0.32367,0.31403
8106.6002,3,0.19225,0.32569,0.31772,0.19245,0.32427,0.31514
8106.6315,3,0.19366,0.32550,0.31823,0.19281,0.32464,0.31606
8106.6700,3,0.19360,0.32592,0.31907,0.19305,0.32503,0.31697
8106.7022,3,0.19302,0.32599,0.32016,0.19304,0.32531,0.31792
8106.7346,3,0.19377,0.32616,0.32076,0.19326,0.32557,0.31877
8106.7671,3,0.19492,0.32674,0.32157,0.19376,0.32592,0.31961
8106.7999,3,0.19548,0.32679,0.32230,0.19427,0.32618,0.32042
8106.8329,3,0.19652,0.32665,0.32301,0.19495,0.32632,0.32120
8106.8651,3,0.19832,0.32646,0.32363,0.19596,0.32636,0.32193
8106.8958,3,0.19713,0.32669,0.32482,0.19631,0.32646,0.32280
8106.9275,3,0.19799,0.32622,0.32569,0.19681,0.32639,0.32366
8106.9639,3,0.19937,0.32664,0.32643,0.19758,0.32646,0.32449
8106.9959,3,0.20079,0.32735,0.32736,0.19854,0.32673,0.32535
8107.0284,3,0.20032,0.32720,0.32834,0.19907,0.32687,0.32625
8107.0652,3,0.20024,0.32763,0.32936,0.19942,0.32710,0.32718
8107.1004,3,0.19948,0.32741,0.33035,0.19944,0.32719,0.32813
8107.1319,3,0.19950,0.32798,0.33127,0.19946,0.32743,0.32907
8107.1628,3,0.20031,0.32820,0.33200,0.19971,0.32766,0.32995
8107.1954,3,0.19911,0.32822,0.33325,0.19953,0.32783,0.33094
8107.2295,3,0.19801,0.32838,0.33461,0.19908,0.32799,0.33204
8107.2624,3,0.19766,0.32885,0.33575,0.19865,0.32825,0.33315
8107.2952,3,0.19910,0.32923,0.33662,0.19879,0.32855,0.33419
8107.3276,3,0.19936,0.32924,0.33769,0.19896,0.32875,0.33524
8107.3613,3,0.19934,0.32930,0.33878,0.19907,0.32892,0.33631
8107.3950,3,0.19823,0.32960,0.34001,0.19882,0.32912,0.33742
8107.4288,3,0.19778,0.32953,0.34119,0.19851,0.32924,0.33855
8107.4606,3,0.19822,0.33007,0.34194,0.19842,0.32949,0.33957
8107.4960,3,0.19821,0.33032,0.34286,0.19836,0.32974,0.34056
8107.5291,3,0.19753,0.33133,0.34430,0.19811,0.33022,0.34168
8107.5621,3,0.19671,0.33213,0.34591,0.19769,0.33079,0.34295
8107.5933,3,0.19909,0.33279,0.34749,0.19811,0.33139,0.34431
8107.6267,3,0.19952,0.33359,0.34884,0.19853,0.33205,0.34567
8107.6676,3,0.19926,0.33406,0.35059,0.19875,0.33265,0.34715
8107.7015,3,0.20210,0.33451,0.35169,0.19976,0.33321,0.34851
8107.7340,3,0.20272,0.33480,0.35315,0.20065,0.33369,0.34990
8107.7739,3,0.20464,0.33454,0.35387,0.20185,0.33394,0.35109
8107.8063,3,0.20567,0.33485,0.35466,0.20299,0.33421,0.35216
8107.8381,3,0.20619,0.33499,0.35555,0.20395,0.33445,0.35318
8107.8713,3,0.20757,0.33525,0.35637,0.20504,0.33469,0.35413
8107.9022,3,0.20780,0.33548,0.35763,0.20587,0.33493,0.35518
8107.9336,3,0.20634,0.33527,0.35871,0.20601,0.33503,0.35624
8107.9666,3,0.20713,0.33553,0.35948,0.20634,0.33518,0.35721
8107.9987,3,0.20816,0.33561,0.36041,0.20689,0.33531,0.35817
8108.0319,3,0.20899,0.33604,0.36100,0.20752,0.33553,0.35902
8108.0647,3,0.20928,0.33685,0.36154,0.20805,0.33593,0.35977
8108.0978,3,0.20985,0.33744,0.36233,0.20859,0.33638,0.36054
8108.1298,3,0.20849,0.33751,0.36316,0.20856,0.33672,0.36133
8108.1613,3,0.20838,0.33806,0.36374,0.20851,0.33712,0.36205
8108.1959,3,0.21016,0.33880,0.36425,0.20900,0.33762,0.36271
8108.2292,3,0.21112,0.33890,0.36479,0.20964,0.33801,0.36334
8108.2607,3,0.21154,0.33923,0.36548,0.21021,0.33837,0.36398
8108.2949,3,0.21172,0.34018,0.36622,0.21066,0.33892,0.36465
8108.3293,3,0.21134,0.33998,0.36713,0.21086,0.33924,0.36539
8108.3616,3,0.21161,0.34054,0.36777,0.21109,0.33963,0.36611
8108.3951,3,0.21219,0.34087,0.36847,0.21142,0.34000,0.36682
8108.4273,3,0.21220,0.34131,0.36909,0.21165,0.34039,0.36750
8108.4620,3,0.21218,0.34157,0.36956,0.21181,0.34075,0.36812
8108.4976,3,0.21194,0.34219,0.37006,0.21185,0.34118,0.36870
8108.5370,3,0.21245,0.34201,0.37012,0.21203,0.34143,0.36912
8108.5683,3,0.21144,0.34151,0.37020,0.21185,0.34145,0.36945
8108.5994,3,0.21148,0.34089,0.37001,0.21174,0.34128,0.36962
8108.6311,3,0.21329,0.33910,0.36913,0.21221,0.34063,0.36947
8108.6643,3,0.21395,0.33718,0.36854,0.21273,0.33959,0.36919
8108.6959,3,0.21465,0.33483,0.36789,0.21331,0.33816,0.36880
8108.7280,3,0.21313,0.33204,0.36770,0.21325,0.33633,0.36847
8108.7613,3,0.21510,0.33016,0.36730,0.21381,0.33448,0.36812
8108.7960,3,0.21494,0.32857,0.36706,0.21415,0.33271,0.36780
8108.8330,3,0.21516,0.32664,0.36721,0.21445,0.33089,0.36762
8108.8644,3,0.21485,0.32472,0.36741,0.21457,0.32904,0.36756
8108.8973,3,0.21456,0.32285,0.36756,0.21457,0.32718,0.36756
8108.9276,3,0.21471,0.32018,0.36762,0.21461,0.32508,0.36758
8108.9626,3,0.21526,0.31785,0.36759,0.21481,0.32291,0.36758
8108.9945,3,0.21462,0.31447,0.36760,0.21475,0.32038,0.36759
8109.0272,3,0.21560,0.31129,0.36735,0.21500,0.31765,0.36752
8109.0607,3,0.21629,0.30829,0.36685,0.21539,0.31484,0.36732
8109.0994,3,0.21718,0.30396,0.36656,0.21593,0.31158,0.36709
8109.1352,3,0.21714,0.30102,0.36628,0.21629,0.30841,0.36685
8109.1685,3,0.21644,0.29755,0.36634,0.21634,0.30515,0.36669
8109.2010,3,0.21657,0.29509,0.36661,0.21641,0.30213,0.36667
8109.2342,3,0.21744,0.29254,0.36672,0.21672,0.29925,0.36668
8109.2671,3,0.21779,0.29062,0.36706,0.21704,0.29666,0.36680
8109.2991,3,0.22002,0.28837,0.36704,0.21793,0.29418,0.36687
8109.3311,3,0.22009,0.28653,0.36734,0.21858,0.29188,0.36701
8109.3629,3,0.22095,0.28363,0.36734,0.21929,0.28941,0.36711
8109.3931,3,0.22421,0.28170,0.36687,0.22077,0.28709,0.36704
8109.4302,3,0.22440,0.27907,0.36690,0.22186,0.28469,0.36700
8109.4618,3,0.22563,0.27563,0.36679,0.22299,0.28197,0.36694
8109.4952,3,0.22577,0.27314,0.36671,0.22382,0.27932,0.36687
8109.5294,3,0.22692,0.27100,0.36676,0.22475,0.27683,0.36684
8109.5603,3,0.22725,0.26810,0.36658,0.22550,0.27421,0.36676
8109.5963,3,0.22862,0.26574,0.36648,0.22644,0.27167,0.36668
8109.6293,3,0.22876,0.26283,0.36635,0.22713,0.26902,0.36658
8109.6632,3,0.22989,0.26050,0.36597,0.22796,0.26646,0.36640
8109.6974,3,0.22879,0.25858,0.36637,0.22821,0.26410,0.36639
8109.7316,3,0.22923,0.25637,0.36625,0.22852,0.26178,0.36635
8109.7652,3,0.23038,0.25426,0.36632,0.22908,0.25952,0.36634
8109.8013,3,0.23112,0.25199,0.36645,0.22969,0.25726,0.36637
8109.8360,3,0.23044,0.24945,0.36672,0.22992,0.25492,0.36648
8109.8686,3,0.23134,0.24698,0.36701,0.23034,0.25254,0.36664
8109.9017,3,0.23142,0.24493,0.36724,0.23067,0.25026,0.36682
8109.9352,3,0.23230,0.24306,0.36730,0.23116,0.24810,0.36696
8109.9733,3,0.23326,0.24087,0.36731,0.23179,0.24593,0.36707
8110.0116,3,0.23236,0.23878,0.36764,0.23196,0.24379,0.36724
8110.0452,3,0.23214,0.23629,0.36810,0.23201,0.24154,0.36750
8110.0793,3,0.23133,0.23415,0.36844,0.23181,0.23932,0.36778
8110.1109,3,0.23246,0.23134,0.36810,0.23201,0.23693,0.36788
8110.1459,3,0.23316,0.22919,0.36788,0.23235,0.23461,0.36788
8110.1799,3,0.23561,0.22678,0.36723,0.23333,0.23226,0.36768
8110.2121,3,0.23607,0.22421,0.36693,0.23415,0.22984,0.36746
8110.2539,3,0.23565,0.22178,0.36685,0.23460,0.22743,0.36728
8110.2857,3,0.23483,0.21877,0.36669,0.23467,0.22483,0.36710
8110.3178,3,0.23578,0.21575,0.36640,0.23500,0.22211,0.36689
8110.3496,3,0.23707,0.21346,0.36569,0.23563,0.21951,0.36653
8110.3815,3,0.23956,0.21117,0.36504,0.23681,0.21701,0.36608
8110.4136,3,0.23856,0.20858,0.36497,0.23733,0.21448,0.36575
8110.4457,3,0.23812,0.20669,0.36465,0.23757,0.21214,0.36542
8110.4790,3,0.23891,0.20381,0.36425,0.23797,0.20964,0.36507
8110.5111,3,0.23953,0.20221,0.36350,0.23844,0.20741,0.36460
8110.5482,3,0.24050,0.20029,0.36323,0.23906,0.20527,0.36419
8110.5806,3,0.24196,0.19740,0.36240,0.23993,0.20291,0.36365
8110.6135,3,0.24181,0.19695,0.36267,0.24049,0.20112,0.36336
8110.6447,3,0.24242,0.19511,0.36226,0.24107,0.19932,0.36303
8110.6781,3,0.24519,0.19275,0.36160,0.24231,0.19735,0.36260
8110.7197,3,0.24421,0.19078,0.36145,0.24288,0.19538,0.36226
8110.7522,3,0.24586,0.18873,0.36061,0.24377,0.19338,0.36176
8110.7840,3,0.24633,0.18661,0.36027,0.24454,0.19135,0.36131
8110.8176,3,0.24760,0.18568,0.35970,0.24546,0.18965,0.36083
8110.8510,3,0.24919,0.18401,0.35906,0.24658,0.18796,0.36030
8110.8865,3,0.24828,0.18254,0.35906,0.24709,0.18633,0.35993
8110.9178,3,0.24850,0.18127,0.35914,0.24751,0.18481,0.35969
8110.9494,3,0.24876,0.17987,0.35893,0.24789,0.18333,0.35946
8110.9822,3,0.24751,0.17818,0.35915,0.24777,0.18179,0.35937
8111.0177,3,0.24837,0.17651,0.35883,0.24795,0.18020,0.35921
8111.0489,3,0.24811,0.17517,0.35863,0.24800,0.17869,0.35903
8111.0800,3,0.24730,0.17375,0.35842,0.24779,0.17721,0.35885
8111.1102,3,0.24844,0.17219,0.35785,0.24799,0.17570,0.35855
8111.1456,3,0.24922,0.17100,0.35718,0.24836,0.17429,0.35814
8111.1798,3,0.24924,0.16948,0.35687,0.24862,0.17285,0.35776
8111.2108,3,0.24928,0.16776,0.35639,0.24882,0.17132,0.35735
8111.2446,3,0.24919,0.16630,0.35635,0.24893,0.16981,0.35705
8111.2829,3,0.24988,0.16490,0.35606,0.24921,0.16834,0.35675
8111.3164,3,0.25024,0.16327,0.35588,0.24952,0.16682,0.35649
8111.3507,3,0.24955,0.16230,0.35607,0.24953,0.16546,0.35637
8111.3832,3,0.25063,0.16089,0.35587,0.24986,0.16409,0.35622
8111.4179,3,0.25089,0.15917,0.35586,0.25017,0.16261,0.35611
8111.4524,3,0.25323,0.15728,0.35556,0.25109,0.16101,0.35595
8111.4921,3,0.25421,0.15525,0.35518,0.25202,0.15928,0.35572
8111.5278,3,0.25256,0.15337,0.35518,0.25218,0.15751,0.35555
8111.5688,3,0.25339,0.15211,0.35513,0.25255,0.15589,0.35543
8111.6044,3,0.25421,0.15083,0.35481,0.25304,0.15437,0.35524
8111.6382,3,0.25323,0.14824,0.35490,0.25310,0.15253,0.35514
8111.6707,3,0.25581,0.14661,0.35445,0.25391,0.15076,0.35493
8111.7037,3,0.25620,0.14257,0.35406,0.25460,0.14830,0.35467
8111.7361,3,0.25393,0.14034,0.35452,0.25440,0.14591,0.35463
8111.7692,3,0.25583,0.13948,0.35409,0.25483,0.14398,0.35447
8111.8027,3,0.25564,0.13691,0.35422,0.25507,0.14186,0.35439
8111.8352,3,0.25551,0.13561,0.35413,0.25520,0.13999,0.35431
8111.8693,3,0.25575,0.13375,0.35410,0.25537,0.13812,0.35425
8111.9023,3,0.25648,0.13178,0.35381,0.25570,0.13622,0.35412
8111.9354,3,0.25852,0.12981,0.35335,0.25655,0.13429,0.35389
8111.9739,3,0.25622,0.12778,0.35365,0.25645,0.13234,0.35382
8112.0062,3,0.25735,0.12627,0.35320,0.25672,0.13052,0.35363
8112.0440,3,0.25775,0.12457,0.35296,0.25703,0.12873,0.35343
8112.0786,3,0.25551,0.12263,0.35294,0.25658,0.12690,0.35328
8112.1101,3,0.25777,0.12058,0.35258,0.25693,0.12500,0.35307
8112.1446,3,0.25683,0.11883,0.35247,0.25690,0.12315,0.35289
8112.1781,3,0.25651,0.11619,0.35245,0.25679,0.12106,0.35276
8112.2102,3,0.25559,0.11478,0.35294,0.25643,0.11918,0.35281
8112.2450,3,0.25378,0.11268,0.35354,0.25563,0.11723,0.35303
8112.2821,3,0.25385,0.11075,0.35353,0.25510,0.11529,0.35318
8112.3157,3,0.25468,0.10906,0.35319,0.25497,0.11342,0.35318
8112.3501,3,0.25537,0.10836,0.35271,0.25509,0.11190,0.35304
8112.3869,3,0.25615,0.10760,0.35229,0.25541,0.11061,0.35281
8112.4262,3,0.25659,0.10656,0.35201,0.25576,0.10940,0.35257
8112.4581,3,0.25238,0.10463,0.35233,0.25475,0.10797,0.35250
8112.4908,3,0.25107,0.10223,0.35252,0.25365,0.10624,0.35251
8112.5246,3,0.25216,0.09981,0.35212,0.25320,0.10431,0.35239
8112.5559,3,0.25364,0.09653,0.35167,0.25333,0.10198,0.35217
8112.5874,3,0.25404,0.09494,0.35136,0.25354,0.09987,0.35193
8112.6207,3,0.25488,0.09204,0.35113,0.25394,0.09752,0.35169
8112.6539,3,0.25428,0.08943,0.35115,0.25404,0.09509,0.35153
8112.6858,3,0.25523,0.08679,0.35100,0.25440,0.09260,0.35137
8112.7173,3,0.25752,0.08497,0.35047,0.25534,0.09031,0.35110
8112.7497,3,0.25647,0.08268,0.35053,0.25568,0.08802,0.35093
8112.7815,3,0.25617,0.07935,0.35051,0.25583,0.08542,0.35080
8112.8143,3,0.25701,0.07766,0.35001,0.25618,0.08309,0.35056
8112.8469,3,0.25455,0.07554,0.35069,0.25569,0.08083,0.35060
8112.8854,3,0.25731,0.07369,0.35006,0.25618,0.07869,0.35044
8112.9177,3,0.25666,0.07140,0.35024,0.25632,0.07650,0.35038
8112.9529,3,0.25850,0.06892,0.34963,0.25697,0.07422,0.35016
8112.9840,3,0.25678,0.06697,0.34993,0.25692,0.07205,0.35009
8113.0154,3,0.25584,0.06448,0.35017,0.25659,0.06978,0.35011
8113.0469,3,0.25513,0.06192,0.35036,0.25615,0.06742,0.35019
8113.0811,3,0.25779,0.05935,0.35024,0.25664,0.06500,0.35020
8113.1141,3,0.25817,0.05770,0.35023,0.25710,0.06281,0.35021
8113.1452,3,0.25831,0.05617,0.35039,0.25746,0.06082,0.35026
8113.1776,3,0.25723,0.05438,0.35044,0.25739,0.05889,0.35032
8113.2193,3,0.25717,0.05283,0.35074,0.25733,0.05707,0.35044
8113.2580,3,0.25794,0.05138,0.35086,0.25751,0.05536,0.35057
8113.2938,3,0.25790,0.04965,0.35081,0.25763,0.05365,0.35064
8113.3303,3,0.25813,0.04856,0.35082,0.25778,0.05212,0.35069
8113.3639,3,0.25701,0.04632,0.35082,0.25755,0.05038,0.35073
8113.3966,3,0.25835,0.04472,0.35054,0.25779,0.04868,0.35067
8113.4307,3,0.25627,0.04278,0.35104,0.25733,0.04691,0.35078
8113.4626,3,0.25475,0.04096,0.35150,0.25656,0.04513,0.35100
8113.4977,3,0.25436,0.03766,0.35168,0.25590,0.04289,0.35120
8113.5344,3,0.25433,0.03590,0.35171,0.25543,0.04079,0.35135
8113.5675,3,0.25417,0.03459,0.35175,0.25505,0.03893,0.35147
8113.5991,3,0.25514,0.03269,0.35170,0.25508,0.03706,0.35154
8113.6298,3,0.25454,0.03139,0.35196,0.25492,0.03536,0.35167
8113.6634,3,0.25489,0.02970,0.35194,0.25491,0.03366,0.35175
8113.7005,3,0.25254,0.02841,0.35247,0.25420,0.03209,0.35197
8113.7334,3,0.25290,0.02545,0.35254,0.25381,0.03009,0.35214
8113.7647,3,0.25363,0.02388,0.35245,0.25376,0.02823,0.35223
8113.7970,3,0.25232,0.02185,0.35285,0.25332,0.02632,0.35242
8113.8316,3,0.25225,0.02021,0.35317,0.25300,0.02448,0.35264
8113.8642,3,0.25182,0.01886,0.35338,0.25265,0.02280,0.35286
8113.9014,3,0.25225,0.01699,0.35372,0.25253,0.02106,0.35312
8113.9368,3,0.25076,0.01535,0.35415,0.25200,0.01934,0.35343
8113.9732,3,0.25363,0.01365,0.35362,0.25249,0.01763,0.35349
8114.0116,3,0.25245,0.01199,0.35381,0.25247,0.01594,0.35358
8114.0457,3,0.25195,0.00929,0.35366,0.25232,0.01395,0.35361
8114.0785,3,0.25315,0.00711,0.35316,0.25257,0.01190,0.35347
8114.1132,3,0.25219,0.00518,0.35329,0.25245,0.00988,0.35342
8114.1465,3,0.25239,0.00293,0.35335,0.25243,0.00780,0.35340
8114.1769,3,0.25337,0.00121,0.35355,0.25272,0.00582,0.35344
8114.2117,3,0.25370,-0.00055,0.35356,0.25301,0.00391,0.35348
8114.2464,3,0.25436,-0.00290,0.35382,0.25342,0.00187,0.35358
8114.2786,3,0.25377,-0.00546,0.35435,0.25352,-0.00033,0.35381
8114.3099,3,0.25413,-0.00767,0.35476,0.25370,-0.00253,0.35410
8114.3451,3,0.25425,-0.01083,0.35515,0.25387,-0.00502,0.35441
8114.3782,3,0.25323,-0.01359,0.35552,0.25367,-0.00759,0.35474
8114.4192,3,0.25164,-0.01699,0.35611,0.25307,-0.01041,0.35516
8114.4508,3,0.25472,-0.02034,0.35586,0.25356,-0.01339,0.35537
8114.4826,3,0.25526,-0.02330,0.35581,0.25407,-0.01636,0.35550
8114.5146,3,0.25413,-0.02610,0.35625,0.25409,-0.01929,0.35572
8114.5492,3,0.25450,-0.02947,0.35624,0.25421,-0.02234,0.35588
8114.5846,3,0.25609,-0.03180,0.35554,0.25478,-0.02518,0.35578
8114.6158,3,0.25594,-0.03565,0.35540,0.25513,-0.02832,0.35566
8114.6503,3,0.25333,-0.03756,0.35583,0.25459,-0.03109,0.35571
8114.6899,3,0.25316,-0.03969,0.35583,0.25416,-0.03367,0.35575
8114.7229,3,0.25264,-0.04236,0.35621,0.25370,-0.03628,0.35589
8114.7572,3,0.25195,-0.04437,0.35651,0.25318,-0.03871,0.35607
8114.7896,3,0.25140,-0.04643,0.35674,0.25264,-0.04102,0.35627
8114.8218,3,0.24987,-0.04796,0.35702,0.25181,-0.04310,0.35650
8114.8533,3,0.24884,-0.05084,0.35730,0.25092,-0.04542,0.35674
8114.8890,3,0.24964,-0.05207,0.35712,0.25054,-0.04742,0.35685
8114.9221,3,0.25079,-0.05446,0.35684,0.25061,-0.04953,0.35685
8114.9532,3,0.25054,-0.05633,0.35673,0.25059,-0.05157,0.35681
8114.9864,3,0.25160,-0.05749,0.35655,0.25089,-0.05335,0.35673
8115.0219,3,0.25293,-0.05967,0.35631,0.25151,-0.05524,0.35661
8115.0583,3,0.25356,-0.06064,0.35622,0.25212,-0.05686,0.35649
8115.0900,3,0.25290,-0.06133,0.35641,0.25236,-0.05820,0.35647
8115.1217,3,0.25324,-0.06335,0.35666,0.25262,-0.05975,0.35653
8115.1530,3,0.25375,-0.06474,0.35703,0.25296,-0.06125,0.35668
8115.1862,3,0.25573,-0.06646,0.35699,0.25379,-0.06281,0.35677
8115.2198,3,0.25417,-0.06811,0.35738,0.25390,-0.06440,0.35695
8115.2537,3,0.25433,-0.06912,0.35742,0.25403,-0.06581,0.35709
8115.2855,3,0.25460,-0.07017,0.35720,0.25420,-0.06712,0.35713
8115.3187,3,0.25278,-0.07177,0.35758,0.25378,-0.06852,0.35726
8115.3524,3,0.25324,-0.07260,0.35760,0.25361,-0.06974,0.35737
8115.3871,3,0.25323,-0.07396,0.35776,0.25350,-0.07101,0.35749
8115.4215,3,0.25437,-0.07485,0.35794,0.25376,-0.07216,0.35762
8115.4532,3,0.25434,-0.07597,0.35800,0.25393,-0.07330,0.35773
8115.4898,3,0.25495,-0.07696,0.35805,0.25424,-0.07440,0.35783
8115.5214,3,0.25520,-0.07855,0.35801,0.25453,-0.07564,0.35788
8115.5543,3,0.25595,-0.07953,0.35763,0.25495,-0.07681,0.35781
8115.5856,3,0.25488,-0.08154,0.35752,0.25493,-0.07823,0.35772
8115.6196,3,0.25613,-0.08364,0.35718,0.25529,-0.07985,0.35756
8115.6527,3,0.25656,-0.08549,0.35695,0.25567,-0.08154,0.35738
8115.6848,3,0.25610,-0.08709,0.35673,0.25580,-0.08321,0.35718
8115.7213,3,0.25501,-0.08872,0.35687,0.25556,-0.08486,0.35709
8115.7552,3,0.25463,-0.09186,0.35669,0.25528,-0.08696,0.35697
8115.7910,3,0.25688,-0.09254,0.35640,0.25576,-0.08863,0.35680
8115.8239,3,0.25753,-0.09589,0.35615,0.25629,-0.09081,0.35660
8115.8559,3,0.25632,-0.09859,0.35609,0.25630,-0.09315,0.35645
8115.8896,3,0.25618,-0.10145,0.35544,0.25627,-0.09564,0.35615
8115.9230,3,0.25518,-0.10402,0.35513,0.25594,-0.09815,0.35584
8115.9553,3,0.25557,-0.10719,0.35473,0.25583,-0.10086,0.35551
8115.9879,3,0.25638,-0.10910,0.35405,0.25600,-0.10333,0.35507
8116.0204,3,0.25501,-0.11293,0.35371,0.25570,-0.10621,0.35466
8116.0547,3,0.25476,-0.11659,0.35339,0.25542,-0.10932,0.35428
8116.0888,3,0.25609,-0.11883,0.35291,0.25562,-0.11218,0.35387
8116.1232,3,0.25543,-0.12170,0.35281,0.25556,-0.11503,0.35355
8116.1665,3,0.25584,-0.12339,0.35203,0.25565,-0.11754,0.35310
8116.2044,3,0.25562,-0.12569,0.35152,0.25564,-0.11998,0.35262
8116.2427,3,0.25717,-0.12739,0.35112,0.25610,-0.12221,0.35217
8116.2750,3,0.25706,-0.12945,0.35100,0.25639,-0.12438,0.35182
8116.3069,3,0.25714,-0.13167,0.35084,0.25661,-0.12657,0.35153
8116.3392,3,0.25804,-0.13537,0.35030,0.25704,-0.12921,0.35116
8116.3723,3,0.25665,-0.13582,0.34987,0.25693,-0.13119,0.35077
8116.4034,3,0.25667,-0.13707,0.34945,0.25685,-0.13295,0.35038
8116.4356,3,0.25639,-0.13845,0.34928,0.25671,-0.13460,0.35005
8116.4686,3,0.25658,-0.14033,0.34913,0.25667,-0.13632,0.34977
8116.5005,3,0.25818,-0.14233,0.34867,0.25712,-0.13812,0.34944
8116.5324,3,0.25840,-0.14344,0.34812,0.25751,-0.13972,0.34904
8116.5636,3,0.25810,-0.14498,0.34785,0.25769,-0.14130,0.34869
8116.5952,3,0.25908,-0.14675,0.34724,0.25810,-0.14293,0.34825
8116.6276,3,0.25908,-0.14817,0.34694,0.25840,-0.14450,0.34786
8116.6620,3,0.25765,-0.15069,0.34675,0.25817,-0.14636,0.34753
8116.6954,3,0.25798,-0.15258,0.34633,0.25811,-0.14823,0.34717
8116.7382,3,0.25609,-0.15425,0.34630,0.25751,-0.15003,0.34691
8116.7684,3,0.25672,-0.15606,0.34604,0.25727,-0.15184,0.34665
8116.8022,3,0.25690,-0.15750,0.34587,0.25716,-0.15354,0.34641
8116.8332,3,0.25604,-0.15928,0.34584,0.25682,-0.15526,0.34624
8116.8646,3,0.25612,-0.16088,0.34584,0.25661,-0.15695,0.34612
8116.9021,3,0.25416,-0.16280,0.34626,0.25588,-0.15870,0.34616
8116.9335,3,0.25427,-0.16521,0.34634,0.25540,-0.16066,0.34622
8116.9682,3,0.25457,-0.16644,0.34635,0.25515,-0.16239,0.34626
8117.0018,3,0.25371,-0.16837,0.34647,0.25472,-0.16419,0.34632
8117.0386,3,0.25454,-0.17030,0.34631,0.25466,-0.16602,0.34632
8117.0701,3,0.25461,-0.17165,0.34616,0.25465,-0.16771,0.34627
8117.1012,3,0.25482,-0.17302,0.34595,0.25470,-0.16930,0.34617
8117.1344,3,0.25438,-0.17442,0.34584,0.25460,-0.17084,0.34607
8117.1652,3,0.25195,-0.17589,0.34611,0.25381,-0.17235,0.34609
8117.1956,3,0.25221,-0.17680,0.34615,0.25333,-0.17369,0.34611
8117.2324,3,0.25121,-0.17801,0.34632,0.25269,-0.17498,0.34617
8117.2652,3,0.25234,-0.17937,0.34612,0.25259,-0.17630,0.34615
8117.3051,3,0.25207,-0.18064,0.34616,0.25243,-0.17760,0.34616
8117.3363,3,0.25183,-0.18167,0.34633,0.25225,-0.17882,0.34621
8117.3669,3,0.25237,-0.18279,0.34628,0.25229,-0.18001,0.34623
8117.3992,3,0.25170,-0.18343,0.34646,0.25211,-0.18104,0.34630
8117.4326,3,0.25166,-0.18471,0.34648,0.25198,-0.18214,0.34635
8117.4645,3,0.25263,-0.18544,0.34621,0.25217,-0.18313,0.34631
8117.4966,3,0.25255,-0.18636,0.34616,0.25229,-0.18410,0.34626
8117.5275,3,0.25205,-0.18742,0.34602,0.25221,-0.18509,0.34619
8117.5605,3,0.25302,-0.18906,0.34560,0.25245,-0.18628,0.34601
8117.6021,3,0.25369,-0.18993,0.34526,0.25282,-0.18738,0.34579
8117.6349,3,0.25425,-0.19071,0.34486,0.25325,-0.18838,0.34551
8117.6659,3,0.25336,-0.19271,0.34460,0.25328,-0.18968,0.34524
8117.6989,3,0.25488,-0.19393,0.34423,0.25376,-0.19095,0.34494
8117.7307,3,0.25490,-0.19471,0.34430,0.25411,-0.19208,0.34475
8117.7621,3,0.25523,-0.19553,0.34431,0.25444,-0.19311,0.34461
8117.7941,3,0.25628,-0.19650,0.34430,0.25499,-0.19413,0.34452
8117.8289,3,0.25627,-0.19695,0.34443,0.25538,-0.19498,0.34449
8117.8600,3,0.25740,-0.19835,0.34417,0.25598,-0.19599,0.34440
8117.8951,3,0.25586,-0.20035,0.34423,0.25595,-0.19730,0.34435
8117.9451,3,0.25531,-0.20326,0.34427,0.25576,-0.19909,0.34432
8117.9773,3,0.25587,-0.20564,0.34424,0.25579,-0.20105,0.34430
8118.0117,3,0.25619,-0.20781,0.34426,0.25591,-0.20308,0.34429
8118.0471,3,0.25473,-0.21021,0.34426,0.25556,-0.20522,0.34428
8118.0789,3,0.25330,-0.21266,0.34410,0.25488,-0.20745,0.34423
8118.1122,3,0.25175,-0.21388,0.34393,0.25394,-0.20938,0.34414
8118.1438,3,0.25308,-0.21544,0.34314,0.25368,-0.21120,0.34384
8118.1786,3,0.25199,-0.21724,0.34246,0.25317,-0.21301,0.34342
8118.2174,3,0.25274,-0.21886,0.34159,0.25304,-0.21477,0.34287
8118.2508,3,0.25315,-0.22074,0.34055,0.25307,-0.21656,0.34218
8118.2846,3,0.25360,-0.22190,0.33940,0.25323,-0.21816,0.34134
8118.3168,3,0.25336,-0.22275,0.33829,0.25327,-0.21954,0.34043
8118.3509,3,0.25257,-0.22467,0.33753,0.25306,-0.22108,0.33956
8118.3841,3,0.25138,-0.22565,0.33670,0.25256,-0.22245,0.33870
8118.4162,3,0.25169,-0.22666,0.33560,0.25230,-0.22371,0.33777
8118.4493,3,0.25227,-0.22771,0.33459,0.25229,-0.22491,0.33682
8118.4826,3,0.25322,-0.22811,0.33366,0.25257,-0.22587,0.33587
8118.5197,3,0.25376,-0.22880,0.33253,0.25293,-0.22675,0.33487
8118.5530,3,0.25372,-0.22911,0.33142,0.25317,-0.22746,0.33384
8118.5852,3,0.25438,-0.23015,0.32996,0.25353,-0.22827,0.33267
8118.6180,3,0.25441,-0.22991,0.32825,0.25379,-0.22876,0.33135
8118.6509,3,0.25474,-0.23060,0.32663,0.25408,-0.22931,0.32993
8118.6829,3,0.25381,-0.23122,0.32512,0.25400,-0.22988,0.32849
8118.7156,3,0.25235,-0.23261,0.32369,0.25350,-0.23070,0.32705
8118.7482,3,0.25259,-0.23254,0.32207,0.25323,-0.23125,0.32556
8118.7821,3,0.25142,-0.23294,0.32052,0.25268,-0.23176,0.32405
8118.8134,3,0.25037,-0.23212,0.31915,0.25199,-0.23187,0.32258
8118.8447,3,0.25083,-0.23223,0.31740,0.25164,-0.23198,0.32102
8118.8772,3,0.24978,-0.23261,0.31600,0.25108,-0.23217,0.31952
8118.9110,3,0.24914,-0.23258,0.31467,0.25050,-0.23229,0.31806
8118.9505,3,0.24790,-0.23206,0.31348,0.24972,-0.23222,0.31669
8118.9895,3,0.24792,-0.23181,0.31248,0.24918,-0.23210,0.31542
8119.0217,3,0.24768,-0.23166,0.31191,0.24873,-0.23197,0.31437
8119.0584,3,0.24773,-0.23115,0.31110,0.24843,-0.23172,0.31339
8119.0923,3,0.24702,-0.22978,0.31032,0.24800,-0.23114,0.31247
8119.1242,3,0.24589,-0.22861,0.30977,0.24737,-0.23038,0.31166
8119.1573,3,0.24591,-0.22762,0.30883,0.24693,-0.22955,0.31081
8119.1919,3,0.24569,-0.22694,0.30764,0.24656,-0.22877,0.30986
8119.2250,3,0.24570,-0.22622,0.30622,0.24630,-0.22801,0.30877
8119.2579,3,0.24673,-0.22486,0.30334,0.24643,-0.22706,0.30714
8119.2917,3,0.24391,-0.22467,0.30202,0.24567,-0.22634,0.30561
8119.3226,3,0.24208,-0.22443,0.30088,0.24460,-0.22577,0.30419
8119.3543,3,0.24247,-0.22425,0.29965,0.24396,-0.22531,0.30283
8119.3858,3,0.23968,-0.22458,0.29896,0.24268,-0.22509,0.30167
8119.4177,3,0.23761,-0.22505,0.29840,0.24116,-0.22508,0.30069
8119.4502,3,0.23729,-0.22521,0.29730,0.24000,-0.22512,0.29967
8119.4813,3,0.23790,-0.22481,0.29607,0.23937,-0.22503,0.29859
8119.5135,3,0.23739,-0.22428,0.29476,0.23878,-0.22480,0.29744
8119.5452,3,0.23713,-0.22428,0.29322,0.23828,-0.22465,0.29618
8119.5779,3,0.23728,-0.22318,0.29183,0.23798,-0.22421,0.29487
8119.6120,3,0.23758,-0.22321,0.29039,0.23786,-0.22391,0.29353
8119.6462,3,0.23654,-0.22269,0.28915,0.23746,-0.22354,0.29221
8119.6808,3,0.23543,-0.22164,0.28837,0.23685,-0.22297,0.29106
8119.7155,3,0.23599,-0.22105,0.28760,0.23660,-0.22239,0.29002
8119.7483,3,0.23644,-0.21927,0.28672,0.23655,-0.22146,0.28903
8119.7799,3,0.23633,-0.21897,0.28601,0.23648,-0.22071,0.28813
8119.8158,3,0.23679,-0.21794,0.28513,0.23657,-0.21988,0.28723
8119.8501,3,0.23841,-0.21674,0.28381,0.23713,-0.21894,0.28620
8119.8827,3,0.24016,-0.21612,0.28218,0.23804,-0.21809,0.28500
8119.9165,3,0.23926,-0.21551,0.28087,0.23840,-0.21732,0.28376
8119.9501,3,0.23876,-0.21491,0.27944,0.23851,-0.21660,0.28246
8119.9826,3,0.23860,-0.21511,0.27764,0.23854,-0.21615,0.28102
8120.0148,3,0.23714,-0.21504,0.27592,0.23812,-0.21582,0.27949
8120.0472,3,0.23611,-0.21571,0.27434,0.23751,-0.21578,0.27794
8120.0804,3,0.23471,-0.21547,0.27298,0.23667,-0.21569,0.27646
8120.1167,3,0.23333,-0.21595,0.27166,0.23567,-0.21577,0.27502
8120.1483,3,0.23176,-0.21537,0.27010,0.23450,-0.21565,0.27354
8120.1817,3,0.23204,-0.21530,0.26804,0.23376,-0.21554,0.27189
8120.2139,3,0.23155,-0.21483,0.26640,0.23310,-0.21533,0.27024
8120.2449,3,0.23084,-0.21414,0.26486,0.23242,-0.21497,0.26863
8120.2773,3,0.23074,-0.21344,0.26339,0.23192,-0.21451,0.26706
8120.3128,3,0.23050,-0.21281,0.26179,0.23149,-0.21400,0.26548
8120.3452,3,0.22811,-0.21352,0.26068,0.23048,-0.21386,0.26404
8120.3775,3,0.22762,-0.21308,0.25947,0.22962,-0.21362,0.26267
8120.4124,3,0.22820,-0.21323,0.25829,0.22919,-0.21351,0.26135
8120.4466,3,0.22737,-0.21304,0.25762,0.22865,-0.21337,0.26023
8120.4804,3,0.22738,-0.21270,0.25681,0.22827,-0.21317,0.25921
8120.5133,3,0.22792,-0.21382,0.25569,0.22816,-0.21336,0.25815
8120.5462,3,0.22747,-0.21328,0.25484,0.22795,-0.21334,0.25716
8120.5796,3,0.22646,-0.21382,0.25400,0.22751,-0.21348,0.25621
8120.6122,3,0.22614,-0.21366,0.25320,0.22710,-0.21354,0.25531
8120.6451,3,0.22660,-0.21388,0.25231,0.22695,-0.21364,0.25441
8120.6824,3,0.22651,-0.21329,0.25159,0.22681,-0.21353,0.25356
8120.7207,3,0.22495,-0.21439,0.25115,0.22626,-0.21379,0.25284
8120.7537,3,0.22463,-0.21561,0.25097,0.22577,-0.21433,0.25228
8120.7862,3,0.22459,-0.21658,0.25080,0.22541,-0.21501,0.25183
8120.8171,3,0.22224,-0.21769,0.25103,0.22446,-0.21581,0.25159
8120.8502,3,0.22095,-0.21846,0.25074,0.22341,-0.21661,0.25134
8120.8830,3,0.22047,-0.21931,0.25060,0.22253,-0.21742,0.25112
8120.9157,3,0.22000,-0.21987,0.25021,0.22177,-0.21815,0.25084
8120.9504,3,0.21924,-0.22056,0.24995,0.22101,-0.21887,0.25057
8120.9817,3,0.21799,-0.22168,0.24944,0.22010,-0.21972,0.25024
8121.0123,3,0.21743,-0.22256,0.24858,0.21930,-0.22057,0.24974
8121.0464,3,0.21704,-0.22341,0.24765,0.21862,-0.22142,0.24911
8121.0832,3,0.21826,-0.22415,0.24639,0.21851,-0.22224,0.24830
8121.1151,3,0.21735,-0.22485,0.24556,0.21816,-0.22302,0.24748
8121.1467,3,0.21721,-0.22578,0.24488,0.21788,-0.22385,0.24670
8121.1781,3,0.21742,-0.22626,0.24428,0.21774,-0.22457,0.24597
8121.2099,3,0.21787,-0.22673,0.24369,0.21778,-0.22522,0.24529
8121.2436,3,0.21718,-0.22684,0.24339,0.21760,-0.22571,0.24472
8121.2764,3,0.21667,-0.22744,0.24304,0.21732,-0.22623,0.24421
8121.3135,3,0.21840,-0.22769,0.24247,0.21764,-0.22667,0.24369
8121.3454,3,0.21781,-0.22820,0.24215,0.21769,-0.22713,0.24323
8121.3855,3,0.21680,-0.22857,0.24186,0.21743,-0.22756,0.24282
8121.4259,3,0.21609,-0.22925,0.24111,0.21703,-0.22807,0.24231
8121.4581,3,0.21592,-0.23040,0.23997,0.21669,-0.22877,0.24161
8121.4905,3,0.21658,-0.23033,0.23876,0.21666,-0.22924,0.24075
8121.5244,3,0.21644,-0.23067,0.23705,0.21659,-0.22966,0.23964
8121.5558,3,0.21750,-0.23114,0.23523,0.21687,-0.23011,0.23832
8121.5911,3,0.21641,-0.23106,0.23362,0.21673,-0.23039,0.23691
8121.6261,3,0.21646,-0.23105,0.23193,0.21665,-0.23059,0.23541
8121.6613,3,0.21726,-0.23157,0.23001,0.21683,-0.23089,0.23379
8121.6937,3,0.21489,-0.23167,0.22863,0.21625,-0.23112,0.23224
8121.7273,3,0.21369,-0.23331,0.22727,0.21548,-0.23178,0.23075
8121.7595,3,0.21350,-0.23305,0.22615,0.21489,-0.23216,0.22937
8121.7927,3,0.21224,-0.23345,0.22520,0.21409,-0.23255,0.22812
8121.8286,3,0.21150,-0.23434,0.22396,0.21331,-0.23309,0.22687
8121.8597,3,0.21198,-0.23550,0.22224,0.21291,-0.23381,0.22548
8121.8999,3,0.21273,-0.23614,0.22016,0.21286,-0.23451,0.22389
8121.9309,3,0.21270,-0.23578,0.21818,0.21281,-0.23489,0.22217
8121.9676,3,0.21116,-0.23679,0.21654,0.21231,-0.23546,0.22048
8122.0001,3,0.21078,-0.23751,0.21485,0.21185,-0.23607,0.21879
8122.0320,3,0.21184,-0.23843,0.21301,0.21185,-0.23678,0.21706
8122.0647,3,0.21122,-0.23824,0.21164,0.21166,-0.23722,0.21543
8122.0970,3,0.21081,-0.23771,0.20965,0.21140,-0.23737,0.21370
8122.1346,3,0.20855,-0.23810,0.20785,0.21055,-0.23759,0.21194
8122.1676,3,0.20948,-0.23789,0.20615,0.21023,-0.23768,0.21021
8122.2010,3,0.21028,-0.23759,0.20459,0.21024,-0.23765,0.20852
8122.2340,3,0.20752,-0.23810,0.20363,0.20942,-0.23779,0.20705
8122.2723,3,0.20702,-0.23732,0.20281,0.20870,-0.23765,0.20578
8122.3044,3,0.20649,-0.23743,0.20168,0.20804,-0.23758,0.20455
8122.3361,3,0.20632,-0.23652,0.20060,0.20752,-0.23726,0.20337
8122.3682,3,0.20557,-0.23670,0.19954,0.20694,-0.23709,0.20222
8122.4008,3,0.20328,-0.23581,0.19880,0.20584,-0.23671,0.20119
8122.4346,3,0.20369,-0.23565,0.19762,0.20519,-0.23639,0.20012
8122.4668,3,0.20318,-0.23488,0.19670,0.20459,-0.23594,0.19909
8122.5035,3,0.20159,-0.23443,0.19590,0.20369,-0.23549,0.19814
8122.5361,3,0.20141,-0.23377,0.19497,0.20301,-0.23497,0.19719
8122.5673,3,0.20078,-0.23340,0.19422,0.20234,-0.23450,0.19629
8122.6015,3,0.19994,-0.23289,0.19374,0.20162,-0.23402,0.19553
8122.6342,3,0.20143,-0.23253,0.19306,0.20156,-0.23357,0.19479
8122.6681,3,0.20011,-0.23273,0.19284,0.20113,-0.23332,0.19420
8122.7005,3,0.19904,-0.23256,0.19251,0.20050,-0.23309,0.19370
8122.7354,3,0.19968,-0.23220,0.19190,0.20026,-0.23282,0.19316
8122.7715,3,0.20009,-0.23156,0.19122,0.20021,-0.23245,0.19257
8122.8043,3,0.20010,-0.23179,0.19019,0.20018,-0.23225,0.19186
8122.8364,3,0.20138,-0.23120,0.18925,0.20054,-0.23194,0.19107
8122.8701,3,0.20174,-0.23140,0.18786,0.20090,-0.23177,0.19011
8122.9053,3,0.20211,-0.23118,0.18632,0.20126,-0.23160,0.18897
8122.9372,3,0.20235,-0.23125,0.18469,0.20159,-0.23149,0.18769
8122.9745,3,0.20104,-0.23168,0.18280,0.20143,-0.23155,0.18622
8123.0072,3,0.20018,-0.23209,0.18103,0.20105,-0.23171,0.18466
8123.0466,3,0.19930,-0.23279,0.17920,0.20053,-0.23204,0.18303
8123.0794,3,0.19968,-0.23316,0.17745,0.20027,-0.23237,0.18135
8123.1122,3,0.19990,-0.23272,0.17578,0.20016,-0.23248,0.17968
8123.1450,3,0.19857,-0.23284,0.17423,0.19968,-0.23259,0.17805
8123.1818,3,0.19787,-0.23246,0.17272,0.19914,-0.23255,0.17645
8123.2166,3,0.19913,-0.23251,0.17073,0.19914,-0.23253,0.17473
8123.2477,3,0.19858,-0.23270,0.16881,0.19897,-0.23258,0.17296
8123.2838,3,0.19742,-0.23274,0.16716,0.19851,-0.23263,0.17122
8123.3159,3,0.19717,-0.23350,0.16550,0.19811,-0.23289,0.16950
8123.3480,3,0.19608,-0.23339,0.16436,0.19750,-0.23304,0.16796
8123.3864,3,0.19583,-0.23421,0.16317,0.19700,-0.23339,0.16652
8123.4194,3,0.19641,-0.23422,0.16187,0.19682,-0.23364,0.16513
8123.4537,3,0.19518,-0.23431,0.16085,0.19633,-0.23384,0.16384
8123.4868,3,0.19529,-0.23528,0.15930,0.19602,-0.23427,0.16248
8123.5190,3,0.19529,-0.23503,0.15784,0.19580,-0.23450,0.16109
8123.5530,3,0.19593,-0.23526,0.15586,0.19584,-0.23473,0.15952
8123.5837,3,0.19549,-0.23402,0.15429,0.19573,-0.23452,0.15795
8123.6158,3,0.19514,-0.23425,0.15240,0.19555,-0.23444,0.15628
8123.6573,3,0.19558,-0.23310,0.15078,0.19556,-0.23404,0.15463
8123.6909,3,0.19509,-0.23351,0.14933,0.19542,-0.23388,0.15304
8123.7239,3,0.19483,-0.23205,0.14820,0.19524,-0.23333,0.15159
8123.7566,3,0.19360,-0.23207,0.14708,0.19475,-0.23295,0.15024
8123.7950,3,0.19297,-0.23121,0.14613,0.19422,-0.23243,0.14900
8123.8277,3,0.19073,-0.23178,0.14515,0.19317,-0.23223,0.14785
8123.8639,3,0.19040,-0.23130,0.14420,0.19234,-0.23195,0.14675
8123.8976,3,0.18972,-0.23057,0.14320,0.19155,-0.23154,0.14569
8123.9319,3,0.19053,-0.22967,0.14134,0.19124,-0.23098,0.14438
8123.9709,3,0.19084,-0.22959,0.13990,0.19112,-0.23056,0.14304
8124.0050,3,0.18905,-0.22889,0.13925,0.19050,-0.23006,0.14190
8124.0368,3,0.18828,-0.22808,0.13837,0.18984,-0.22947,0.14084
8124.0686,3,0.18767,-0.22839,0.13732,0.18919,-0.22914,0.13979
8124.1008,3,0.18724,-0.22767,0.13631,0.18860,-0.22870,0.13874
8124.1333,3,0.18772,-0.22692,0.13526,0.18834,-0.22816,0.13770
8124.1642,3,0.18704,-0.22614,0.13420,0.18795,-0.22756,0.13665
8124.2038,3,0.18679,-0.22558,0.13313,0.18760,-0.22696,0.13560
8124.2358,3,0.18630,-0.22560,0.13196,0.18721,-0.22656,0.13451
8124.2681,3,0.18547,-0.22460,0.13131,0.18669,-0.22597,0.13355
8124.3097,3,0.18493,-0.22427,0.13060,0.18616,-0.22546,0.13266
8124.3440,3,0.18458,-0.22427,0.13002,0.18569,-0.22510,0.13187
8124.3786,3,0.18390,-0.22339,0.12965,0.18515,-0.22459,0.13120
8124.4109,3,0.18362,-0.22342,0.12920,0.18469,-0.22424,0.13060
8124.4447,3,0.18252,-0.22299,0.12891,0.18404,-0.22387,0.13010
8124.4778,3,0.18237,-0.22269,0.12809,0.18354,-0.22351,0.12949
8124.5096,3,0.18232,-0.22256,0.12721,0.18317,-0.22323,0.12881
8124.5447,3,0.18102,-0.22238,0.12630,0.18253,-0.22297,0.12805
8124.5822,3,0.18105,-0.22233,0.12498,0.18209,-0.22278,0.12713
8124.6136,3,0.18130,-0.22206,0.12367,0.18185,-0.22257,0.12609
8124.6451,3,0.18079,-0.22105,0.12287,0.18153,-0.22211,0.12513
8124.6794,3,0.18073,-0.22037,0.12225,0.18129,-0.22159,0.12426
8124.7205,3,0.18091,-0.22053,0.12122,0.18118,-0.22127,0.12335
8124.7524,3,0.18070,-0.22090,0.11997,0.18103,-0.22116,0.12234
8124.7846,3,0.18065,-0.22065,0.11827,0.18092,-0.22100,0.12112
8124.8183,3,0.18059,-0.22044,0.11646,0.18082,-0.22083,0.11972
8124.8502,3,0.18153,-0.22090,0.11473,0.18104,-0.22086,0.11822
8124.8850,3,0.18102,-0.22081,0.11294,0.18103,-0.22084,0.11664
8124.9181,3,0.18306,-0.22184,0.11083,0.18164,-0.22114,0.11490
8124.9554,3,0.18339,-0.22116,0.10924,0.18217,-0.22115,0.11320
8124.9873,3,0.18588,-0.21940,0.10797,0.18328,-0.22062,0.11163
8125.0193,3,0.18524,-0.21833,0.10726,0.18387,-0.21993,0.11032
8125.0534,3,0.18359,-0.21906,0.10651,0.18379,-0.21967,0.10918
8125.0866,3,0.18321,-0.21748,0.10593,0.18361,-0.21901,0.10820
8125.1194,3,0.18394,-0.21517,0.10510,0.18371,-0.21786,0.10727
8125.1511,3,0.18368,-0.21095,0.10510,0.18370,-0.21579,0.10662
8125.1872,3,0.18451,-0.20736,0.10473,0.18394,-0.21326,0.10605
8125.2228,3,0.18291,-0.20509,0.10459,0.18363,-0.21081,0.10562
8125.2544,3,0.18181,-0.20299,0.10429,0.18309,-0.20846,0.10522
8125.2904,3,0.18168,-0.20230,0.10335,0.18266,-0.20662,0.10466
8125.3241,3,0.18039,-0.20031,0.10297,0.18198,-0.20472,0.10415
8125.3573,3,0.17779,-0.19812,0.10339,0.18072,-0.20274,0.10392
8125.3877,3,0.17716,-0.19780,0.10338,0.17966,-0.20126,0.10376
8125.4213,3,0.17674,-0.19547,0.10424,0.17878,-0.19952,0.10390
8125.4554,3,0.17886,-0.19457,0.10441,0.17880,-0.19804,0.10406
8125.4944,3,0.18323,-0.18988,0.10628,0.18013,-0.19559,0.10472
8125.5256,3,0.18638,-0.18590,0.10675,0.18201,-0.19268,0.10533
8125.5572,3,0.18960,-0.18370,0.10691,0.18429,-0.18999,0.10580
8125.5891,3,0.19010,-0.18148,0.10714,0.18603,-0.18744,0.10621
8125.6218,3,0.18976,-0.17890,0.10754,0.18715,-0.18488,0.10661
8125.6582,3,0.18984,-0.17783,0.10747,0.18796,-0.18276,0.10687
8125.6899,3,0.18920,-0.17598,0.10759,0.18833,-0.18073,0.10708
8125.7213,3,0.18930,-0.17463,0.10764,0.18862,-0.17890,0.10725
8125.7527,3,0.18913,-0.17426,0.10772,0.18877,-0.17751,0.10739
8125.7844,3,0.18745,-0.17199,0.10802,0.18838,-0.17585,0.10758
8125.8171,3,0.18863,-0.17034,0.10797,0.18845,-0.17420,0.10770
8125.8498,3,0.18841,-0.16960,0.10784,0.18844,-0.17282,0.10774
8125.8888,3,0.18846,-0.16857,0.10760,0.18845,-0.17154,0.10770
8125.9223,3,0.18903,-0.16714,0.10750,0.18862,-0.17022,0.10764
8125.9597,3,0.18806,-0.16621,0.10758,0.18845,-0.16902,0.10762
8125.9993,3,0.18797,-0.16501,0.10772,0.18831,-0.16781,0.10765
8126.0330,3,0.18797,-0.16450,0.10773,0.18820,-0.16682,0.10768
8126.0650,3,0.18845,-0.16369,0.10778,0.18828,-0.16588,0.10771
8126.0984,3,0.18818,-0.16272,0.10819,0.18825,-0.16493,0.10785
8126.1331,3,0.18847,-0.16233,0.10804,0.18832,-0.16415,0.10791
8126.1645,3,0.18896,-0.16101,0.10814,0.18851,-0.16321,0.10798
8126.1962,3,0.18930,-0.15977,0.10840,0.18875,-0.16218,0.10810
8126.2276,3,0.19055,-0.15924,0.10809,0.18929,-0.16129,0.10810
8126.2630,3,0.18930,-0.15679,0.10833,0.18929,-0.15994,0.10817
8126.2951,3,0.18958,-0.15576,0.10816,0.18938,-0.15869,0.10817
8126.3295,3,0.18934,-0.15391,0.10808,0.18936,-0.15725,0.10814
8126.3670,3,0.18950,-0.15239,0.10764,0.18941,-0.15579,0.10799
8126.4083,3,0.18796,-0.15061,0.10773,0.18897,-0.15424,0.10791
8126.4398,3,0.18893,-0.14882,0.10745,0.18896,-0.15261,0.10777
8126.4735,3,0.18975,-0.14677,0.10760,0.18920,-0.15086,0.10772
8126.5119,3,0.18907,-0.14433,0.10768,0.18916,-0.14890,0.10771
8126.5453,3,0.18747,-0.14189,0.10791,0.18865,-0.14680,0.10777
8126.5762,3,0.18741,-0.13854,0.10775,0.18828,-0.14432,0.10777
8126.6106,3,0.18907,-0.13563,0.10762,0.18852,-0.14171,0.10772
8126.6437,3,0.18945,-0.13252,0.10762,0.18880,-0.13896,0.10769
8126.6767,3,0.18808,-0.13102,0.10775,0.18858,-0.13657,0.10771
8126.7117,3,0.18852,-0.12898,0.10800,0.18856,-0.13430,0.10780
8126.7462,3,0.19083,-0.12808,0.10769,0.18925,-0.13243,0.10776
8126.7776,3,0.19028,-0.12619,0.10812,0.18956,-0.13056,0.10787
8126.8154,3,0.19021,-0.12448,0.10778,0.18975,-0.12874,0.10784
8126.8464,3,0.18862,-0.12293,0.10789,0.18941,-0.12700,0.10786
8126.8778,3,0.18861,-0.12069,0.10797,0.18917,-0.12510,0.10789
8126.9103,3,0.18919,-0.12024,0.10779,0.18918,-0.12364,0.10786
8126.9435,3,0.19000,-0.11929,0.10811,0.18942,-0.12234,0.10794
8126.9782,3,0.19155,-0.11741,0.10833,0.19006,-0.12086,0.10806
8127.0147,3,0.19358,-0.11652,0.10803,0.19112,-0.11956,0.10805
8127.0506,3,0.19267,-0.11424,0.10837,0.19158,-0.11796,0.10814
8127.0818,3,0.19366,-0.11212,0.10828,0.19221,-0.11621,0.10818
8127.1160,3,0.19274,-0.10998,0.10857,0.19237,-0.11434,0.10830
8127.1471,3,0.19392,-0.10866,0.10851,0.19283,-0.11264,0.10836
8127.1799,3,0.19404,-0.10669,0.10872,0.19320,-0.11085,0.10847
8127.2112,3,0.19377,-0.10593,0.10868,0.19337,-0.10938,0.10853
8127.2439,3,0.19387,-0.10342,0.10858,0.19352,-0.10759,0.10855
8127.2764,3,0.19195,-0.10269,0.10864,0.19305,-0.10612,0.10858
8127.3092,3,0.19190,-0.10041,0.10853,0.19270,-0.10441,0.10856
8127.3470,3,0.19224,-0.09822,0.10841,0.19257,-0.10255,0.10852
8127.3790,3,0.19282,-0.09514,0.10851,0.19264,-0.10033,0.10851
8127.4098,3,0.19212,-0.09368,0.10860,0.19249,-0.09833,0.10854
8127.4432,3,0.19213,-0.09233,0.10886,0.19238,-0.09653,0.10864
8127.4784,3,0.19319,-0.09090,0.10861,0.19262,-0.09484,0.10863
8127.5114,3,0.19406,-0.08946,0.10858,0.19306,-0.09323,0.10862
8127.5442,3,0.19378,-0.08730,0.10837,0.19327,-0.09145,0.10854
8127.5795,3,0.19164,-0.08525,0.10844,0.19278,-0.08959,0.10851
8127.6145,3,0.19097,-0.08294,0.10802,0.19224,-0.08760,0.10836
8127.6472,3,0.19169,-0.08008,0.10758,0.19207,-0.08534,0.10813
8127.6794,3,0.19107,-0.07818,0.10724,0.19177,-0.08319,0.10786
8127.7121,3,0.19231,-0.07512,0.10719,0.19193,-0.08077,0.10766
8127.7439,3,0.19142,-0.07249,0.10700,0.19178,-0.07829,0.10746
8127.7813,3,0.19116,-0.07014,0.10697,0.19159,-0.07584,0.10732
8127.8141,3,0.19163,-0.06925,0.10650,0.19160,-0.07386,0.10707
8127.8450,3,0.19194,-0.06583,0.10638,0.19171,-0.07145,0.10686
8127.8796,3,0.19103,-0.06483,0.10657,0.19151,-0.06947,0.10678
8127.9132,3,0.19306,-0.06413,0.10663,0.19197,-0.06787,0.10673
8127.9479,3,0.19392,-0.06203,0.10688,0.19256,-0.06612,0.10678
8127.9824,3,0.19309,-0.06212,0.10718,0.19272,-0.06492,0.10690
8128.0153,3,0.19313,-0.05874,0.10755,0.19284,-0.06306,0.10709
8128.0489,3,0.19442,-0.05843,0.10726,0.19332,-0.06167,0.10714
8128.0865,3,0.19270,-0.05666,0.10768,0.19313,-0.06017,0.10730
8128.1193,3,0.19355,-0.05462,0.10771,0.19326,-0.05850,0.10743
8128.1551,3,0.19603,-0.05178,0.10748,0.19409,-0.05649,0.10744
8128.1872,3,0.19630,-0.04957,0.10749,0.19475,-0.05441,0.10746
8128.2197,3,0.19652,-0.04656,0.10723,0.19528,-0.05206,0.10739
8128.2513,3,0.19635,-0.04326,0.10730,0.19560,-0.04942,0.10736
8128.2836,3,0.19844,-0.04162,0.10688,0.19645,-0.04708,0.10722
8128.3249,3,0.19893,-0.03828,0.10665,0.19720,-0.04444,0.10705
8128.3597,3,0.19844,-0.03544,0.10650,0.19757,-0.04174,0.10688
8128.3958,3,0.19736,-0.03247,0.10693,0.19751,-0.03896,0.10690
8128.4292,3,0.19814,-0.02942,0.10724,0.19770,-0.03610,0.10700
8128.4660,3,0.19852,-0.02639,0.10786,0.19794,-0.03318,0.10726
8128.5016,3,0.19817,-0.02202,0.10882,0.19801,-0.02984,0.10773
8128.5364,3,0.19929,-0.02084,0.10920,0.19839,-0.02714,0.10817
8128.5678,3,0.19941,-0.01888,0.10938,0.19870,-0.02466,0.10853
8128.6013,3,0.19934,-0.01697,0.10956,0.19889,-0.02235,0.10884
8128.6331,3,0.20103,-0.01530,0.10940,0.19953,-0.02024,0.10901
8128.6687,3,0.20043,-0.01296,0.10919,0.19980,-0.01805,0.10906
8128.6998,3,0.20118,-0.01218,0.10880,0.20021,-0.01629,0.10898
8128.7323,3,0.20058,-0.01035,0.10875,0.20032,-0.01451,0.10891
8128.7646,3,0.20267,-0.00965,0.10817,0.20103,-0.01305,0.10869
8128.8034,3,0.20143,-0.00822,0.10812,0.20115,-0.01160,0.10852
8128.8342,3,0.20106,-0.00608,0.10777,0.20112,-0.00995,0.10829
8128.8675,3,0.20265,-0.00412,0.10734,0.20158,-0.00820,0.10801
8128.9039,3,0.20287,-0.00222,0.10720,0.20197,-0.00640,0.10777
8128.9379,3,0.20197,-0.00039,0.10723,0.20197,-0.00460,0.10761
8128.9722,3,0.20138,0.00185,0.10748,0.20179,-0.00267,0.10757
8129.0084,3,0.20155,0.00403,0.10766,0.20172,-0.00066,0.10760
8129.0411,3,0.20343,0.00613,0.10745,0.20223,0.00138,0.10755
8129.0731,3,0.20107,0.00936,0.10794,0.20188,0.00377,0.10767
8129.1134,3,0.19994,0.01113,0.10843,0.20130,0.00598,0.10790
8129.1503,3,0.20082,0.01348,0.10826,0.20116,0.00823,0.10801
8129.1825,3,0.19857,0.01528,0.10867,0.20038,0.01035,0.10820
8129.2245,3,0.20045,0.01663,0.10822,0.20040,0.01223,0.10821
8129.2546,3,0.20061,0.01834,0.10803,0.20046,0.01406,0.10815
8129.2867,3,0.20046,0.01943,0.10805,0.20046,0.01567,0.10812
8129.3174,3,0.19969,0.02094,0.10819,0.20023,0.01725,0.10814
8129.3498,3,0.20057,0.02186,0.10823,0.20033,0.01864,0.10817
8129.3829,3,0.20277,0.02651,0.10886,0.20106,0.02100,0.10838
8129.4173,3,0.20231,0.02725,0.10945,0.20144,0.02288,0.10870
8129.4503,3,0.20146,0.02967,0.10985,0.20144,0.02492,0.10905
8129.4822,3,0.20129,0.03184,0.11020,0.20140,0.02699,0.10939
8129.5135,3,0.20350,0.03437,0.11057,0.20203,0.02920,0.10974
8129.5471,3,0.20111,0.03474,0.11141,0.20175,0.03087,0.11024
8129.5801,3,0.20009,0.03521,0.11189,0.20125,0.03217,0.11074
8129.6118,3,0.20030,0.03717,0.11228,0.20097,0.03367,0.11120
8129.6430,3,0.19963,0.03839,0.11274,0.20057,0.03508,0.11166
8129.6777,3,0.20145,0.04008,0.11293,0.20083,0.03658,0.11204
8129.7143,3,0.20169,0.04080,0.11328,0.20109,0.03785,0.11241
8129.7468,3,0.20135,0.04318,0.11341,0.20117,0.03945,0.11271
8129.7797,3,0.20108,0.04490,0.11372,0.20114,0.04108,0.11301
8129.8112,3,0.19954,0.04625,0.11415,0.20066,0.04263,0.11336
8129.8437,3,0.20002,0.04763,0.11447,0.20047,0.04413,0.11369
8129.8773,3,0.20135,0.04960,0.11441,0.20073,0.04577,0.11391
8129.9097,3,0.19997,0.05089,0.11513,0.20050,0.04731,0.11427
8129.9456,3,0.20193,0.05208,0.11509,0.20093,0.04874,0.11452
8129.9779,3,0.20144,0.05369,0.11519,0.20109,0.05023,0.11472
8130.0109,3,0.20202,0.05546,0.11544,0.20137,0.05180,0.11494
8130.0453,3,0.20213,0.05761,0.11562,0.20160,0.05354,0.11514
8130.0837,3,0.20375,0.05955,0.11554,0.20224,0.05534,0.11526
8130.1215,3,0.20195,0.06154,0.11634,0.20215,0.05720,0.11559
8130.1554,3,0.20209,0.06433,0.11657,0.20213,0.05934,0.11588
8130.1887,3,0.20402,0.06688,0.11726,0.20270,0.06160,0.11630
8130.2220,3,0.20223,0.06934,0.11844,0.20256,0.06392,0.11694
8130.2547,3,0.20157,0.07211,0.11931,0.20226,0.06638,0.11765
8130.2860,3,0.20188,0.07396,0.12020,0.20215,0.06865,0.11841
8130.3249,3,0.19989,0.07624,0.12116,0.20147,0.07093,0.11924
8130.3571,3,0.20063,0.07745,0.12152,0.20122,0.07289,0.11992
8130.3950,3,0.20010,0.07898,0.12187,0.20088,0.07472,0.12050
8130.4281,3,0.20263,0.08039,0.12190,0.20141,0.07642,0.12092
8130.4672,3,0.20239,0.08174,0.12233,0.20170,0.07801,0.12134
8130.5069,3,0.20055,0.08218,0.12309,0.20135,0.07926,0.12187
8130.5452,3,0.20127,0.08337,0.12318,0.20133,0.08050,0.12226
8130.5808,3,0.20127,0.08401,0.12332,0.20131,0.08155,0.12258
8130.6147,3,0.20024,0.08457,0.12371,0.20099,0.08246,0.12292
8130.6488,3,0.20044,0.08547,0.12379,0.20083,0.08336,0.12318
8130.6811,3,0.19992,0.08617,0.12408,0.20056,0.08420,0.12345
8130.7119,3,0.20107,0.08727,0.12407,0.20071,0.08512,0.12363
8130.7433,3,0.20096,0.08880,0.12422,0.20078,0.08623,0.12381
8130.7794,3,0.20113,0.08987,0.12445,0.20089,0.08732,0.12400
8130.8121,3,0.20141,0.09217,0.12453,0.20105,0.08877,0.12416
8130.8434,3,0.20074,0.09310,0.12468,0.20095,0.09007,0.12432
8130.8845,3,0.19901,0.09508,0.12484,0.20037,0.09157,0.12447
8130.9196,3,0.20046,0.09660,0.12428,0.20040,0.09308,0.12441
8130.9507,3,0.20088,0.09825,0.12389,0.20054,0.09463,0.12426
8130.9826,3,0.20089,0.10031,0.12355,0.20064,0.09634,0.12404
8131.0168,3,0.19937,0.10268,0.12369,0.20026,0.09824,0.12394
8131.0494,3,0.20193,0.10449,0.12334,0.20076,0.10011,0.12376
8131.0811,3,0.20186,0.10632,0.12370,0.20109,0.10198,0.12374
8131.1206,3,0.20211,0.10825,0.12373,0.20139,0.10386,0.12374
8131.1531,3,0.20145,0.11054,0.12428,0.20141,0.10586,0.12390
8131.1859,3,0.20108,0.11222,0.12473,0.20131,0.10777,0.12415
8131.2176,3,0.19936,0.11455,0.12528,0.20073,0.10980,0.12449
8131.2503,3,0.20025,0.11752,0.12551,0.20058,0.11212,0.12480
8131.2831,3,0.20049,0.11960,0.12584,0.20055,0.11436,0.12511
8131.3180,3,0.20111,0.12134,0.12608,0.20072,0.11646,0.12540
8131.3530,3,0.19933,0.12400,0.12665,0.20030,0.11872,0.12577
8131.3844,3,0.20120,0.12567,0.12655,0.20057,0.12081,0.12601
8131.4165,3,0.20072,0.12770,0.12715,0.20061,0.12287,0.12635
8131.4485,3,0.19957,0.12917,0.12753,0.20030,0.12476,0.12670
8131.4818,3,0.20055,0.13108,0.12798,0.20038,0.12666,0.12709
8131.5136,3,0.20074,0.13329,0.12825,0.20049,0.12865,0.12744
8131.5470,3,0.20026,0.13419,0.12856,0.20042,0.13031,0.12777
8131.5786,3,0.20012,0.13525,0.12887,0.20033,0.13179,0.12810
8131.6157,3,0.19943,0.13718,0.12887,0.20006,0.13341,0.12833
8131.6489,3,0.19616,0.13921,0.12928,0.19889,0.13515,0.12862
8131.6844,3,0.19714,0.14031,0.12890,0.19836,0.13670,0.12870
8131.7184,3,0.19611,0.14213,0.12874,0.19769,0.13833,0.12871
8131.7530,3,0.19751,0.14353,0.12835,0.19763,0.13989,0.12860
8131.7854,3,0.19769,0.14538,0.12871,0.19765,0.14154,0.12864
8131.8176,3,0.19797,0.14719,0.12868,0.19775,0.14323,0.12865
8131.8491,3,0.19709,0.14928,0.12924,0.19755,0.14505,0.12883
8131.8825,3,0.19549,0.15071,0.12948,0.19693,0.14675,0.12902
8131.9159,3,0.19572,0.15291,0.12923,0.19657,0.14859,0.12908
8131.9479,3,0.19473,0.15344,0.12909,0.19602,0.15005,0.12909
8131.9820,3,0.19495,0.15369,0.12847,0.19570,0.15114,0.12890
8132.0196,3,0.19489,0.15407,0.12788,0.19545,0.15202,0.12860
8132.0547,3,0.19571,0.15442,0.12742,0.19553,0.15274,0.12824
8132.0858,3,0.19567,0.15527,0.12704,0.19557,0.15350,0.12788
8132.1178,3,0.19559,0.15660,0.12697,0.19558,0.15443,0.12761
8132.1507,3,0.19606,0.15737,0.12677,0.19572,0.15531,0.12736
8132.1832,3,0.19459,0.15922,0.12678,0.19538,0.15648,0.12718
8132.2205,3,0.19475,0.16065,0.12650,0.19519,0.15773,0.12698
8132.2521,3,0.19566,0.16195,0.12619,0.19534,0.15900,0.12674
8132.2850,3,0.19360,0.16461,0.12630,0.19481,0.16068,0.12661
8132.3161,3,0.19186,0.16657,0.12638,0.19393,0.16245,0.12654
8132.3476,3,0.19260,0.16867,0.12625,0.19353,0.16432,0.12645
8132.3814,3,0.19297,0.17094,0.12623,0.19336,0.16630,0.12639
8132.4165,3,0.19080,0.17263,0.12643,0.19259,0.16820,0.12640
8132.4485,3,0.19266,0.17391,0.12573,0.19261,0.16992,0.12620
8132.4807,3,0.19104,0.17443,0.12572,0.19214,0.17127,0.12606
8132.5128,3,0.19151,0.17489,0.12560,0.19195,0.17236,0.12592
8132.5453,3,0.19093,0.17549,0.12566,0.19165,0.17330,0.12584
8132.5782,3,0.19167,0.17653,0.12512,0.19165,0.17427,0.12563
8132.6106,3,0.19095,0.17794,0.12503,0.19144,0.17537,0.12545
8132.6465,3,0.19023,0.17868,0.12471,0.19108,0.17636,0.12522
8132.6773,3,0.19137,0.18017,0.12432,0.19117,0.17750,0.12495
8132.7142,3,0.19199,0.18163,0.12335,0.19141,0.17874,0.12447
8132.7468,3,0.19082,0.18379,0.12334,0.19124,0.18026,0.12413
8132.7824,3,0.18976,0.18531,0.12259,0.19079,0.18177,0.12367
8132.8172,3,0.19173,0.18692,0.12203,0.19107,0.18332,0.12318
8132.8517,3,0.19085,0.18847,0.12183,0.19101,0.18486,0.12277
8132.8898,3,0.19208,0.18973,0.12132,0.19133,0.18632,0.12233
8132.9212,3,0.19409,0.19104,0.12116,0.19216,0.18774,0.12198
8132.9538,3,0.19411,0.19178,0.12112,0.19274,0.18895,0.12172
8132.9871,3,0.19431,0.19314,0.12109,0.19321,0.19021,0.12153
8133.0201,3,0.19492,0.19468,0.12095,0.19372,0.19155,0.12136
8133.0533,3,0.19475,0.19656,0.12100,0.19403,0.19305,0.12125
8133.0858,3,0.19661,0.19814,0.12049,0.19481,0.19458,0.12102
8133.1190,3,0.19637,0.20024,0.12078,0.19528,0.19628,0.12095
8133.1589,3,0.19577,0.20089,0.12086,0.19543,0.19766,0.12092
8133.1914,3,0.19553,0.20216,0.12111,0.19546,0.19901,0.12098
8133.2238,3,0.19807,0.20284,0.12071,0.19624,0.20016,0.12090
8133.2553,3,0.19854,0.20400,0.12054,0.19693,0.20131,0.12079
8133.2882,3,0.19725,0.20644,0.12066,0.19703,0.20285,0.12075
8133.3212,3,0.19746,0.20852,0.12054,0.19716,0.20455,0.12069
8133.3528,3,0.19861,0.21002,0.12019,0.19760,0.20619,0.12054
8133.3850,3,0.19777,0.21181,0.12016,0.19765,0.20788,0.12043
8133.4191,3,0.19584,0.21328,0.12034,0.19710,0.20950,0.12040
8133.4535,3,0.19550,0.21434,0.12038,0.19662,0.21095,0.12039
8133.4872,3,0.19572,0.21674,0.12036,0.19635,0.21269,0.12038
8133.5192,3,0.19327,0.21820,0.12067,0.19543,0.21434,0.12047
8133.5596,3,0.19290,0.22047,0.12048,0.19467,0.21618,0.12047
8133.5914,3,0.19438,0.22249,0.11999,0.19458,0.21807,0.12033
8133.6285,3,0.19562,0.22368,0.11929,0.19489,0.21975,0.12002
8133.6605,3,0.19569,0.22502,0.11893,0.19513,0.22133,0.11969
8133.6927,3,0.19428,0.22669,0.11913,0.19488,0.22294,0.11952
8133.7267,3,0.19214,0.22678,0.11950,0.19406,0.22409,0.11952
8133.7596,3,0.19311,0.22893,0.11948,0.19377,0.22554,0.11951
8133.7954,3,0.19414,0.22944,0.11926,0.19388,0.22671,0.11943
8133.8311,3,0.19202,0.23054,0.11955,0.19332,0.22786,0.11947
8133.8651,3,0.19388,0.23240,0.11895,0.19349,0.22922,0.11931
8133.8996,3,0.19386,0.23386,0.11854,0.19360,0.23061,0.11908
8133.9312,3,0.19400,0.23501,0.11823,0.19372,0.23193,0.11883
8133.9693,3,0.19250,0.23518,0.11798,0.19336,0.23291,0.11857
8134.0007,3,0.19204,0.23591,0.11799,0.19296,0.23381,0.11840
8134.0335,3,0.19146,0.23719,0.11809,0.19251,0.23482,0.11831
8134.0665,3,0.19259,0.23769,0.11754,0.19253,0.23568,0.11808
8134.0978,3,0.19280,0.23819,0.11718,0.19262,0.23644,0.11781
8134.1329,3,0.19202,0.23972,0.11679,0.19244,0.23742,0.11750
8134.1648,3,0.19171,0.23989,0.11638,0.19222,0.23816,0.11716
8134.1957,3,0.19133,0.24188,0.11608,0.19195,0.23928,0.11684
8134.2289,3,0.19116,0.24352,0.11569,0.19171,0.24055,0.11650
8134.2605,3,0.19226,0.24451,0.11539,0.19188,0.24174,0.11616
8134.3013,3,0.19070,0.24505,0.11596,0.19153,0.24273,0.11610
8134.3351,3,0.19260,0.24658,0.11590,0.19185,0.24389,0.11604
8134.3689,3,0.19032,0.24806,0.11640,0.19139,0.24514,0.11615
8134.4057,3,0.18999,0.24908,0.11649,0.19097,0.24632,0.11625
8134.4377,3,0.19052,0.25052,0.11629,0.19084,0.24758,0.11626
8134.4702,3,0.19066,0.25219,0.11590,0.19078,0.24896,0.11615
8134.5046,3,0.18973,0.25339,0.11555,0.19047,0.25029,0.11597
8134.5363,3,0.19126,0.25452,0.11485,0.19070,0.25156,0.11564
8134.5719,3,0.19008,0.25556,0.11457,0.19052,0.25276,0.11532
8134.6053,3,0.18994,0.25682,0.11448,0.19034,0.25398,0.11507
8134.6414,3,0.19299,0.25853,0.11398,0.19114,0.25534,0.11474
8134.6748,3,0.19097,0.25928,0.11417,0.19109,0.25652,0.11457
8134.7055,3,0.19224,0.25974,0.11375,0.19144,0.25749,0.11432
8134.7373,3,0.19134,0.26098,0.11393,0.19141,0.25854,0.11420
8134.7723,3,0.19106,0.26221,0.11401,0.19130,0.25964,0.11415
8134.8076,3,0.19225,0.26278,0.11371,0.19159,0.26058,0.11402
8134.8400,3,0.19011,0.26428,0.11391,0.19115,0.26169,0.11398
8134.8720,3,0.19010,0.26461,0.11373,0.19083,0.26257,0.11391
8134.9044,3,0.19030,0.26611,0.11352,0.19067,0.26363,0.11379
8134.9389,3,0.18999,0.26722,0.11333,0.19047,0.26471,0.11365
8134.9722,3,0.18909,0.26858,0.11319,0.19005,0.26587,0.11351
8135.0032,3,0.18843,0.27034,0.11281,0.18957,0.26721,0.11330
8135.0365,3,0.18657,0.27235,0.11274,0.18867,0.26875,0.11313
8135.0693,3,0.18690,0.27355,0.11265,0.18814,0.27019,0.11299
8135.1021,3,0.18584,0.27450,0.11248,0.18745,0.27148,0.11284
8135.1333,3,0.18572,0.27588,0.11232,0.18693,0.27280,0.11268
8135.1677,3,0.18600,0.27831,0.11203,0.18665,0.27445,0.11249
8135.1990,3,0.18502,0.27993,0.11166,0.18616,0.27609,0.11224
8135.2312,3,0.18413,0.28136,0.11150,0.18555,0.27767,0.11202
8135.2629,3,0.18441,0.28324,0.11103,0.18521,0.27934,0.11172
8135.2958,3,0.18297,0.28583,0.11052,0.18454,0.28129,0.11136
8135.3320,3,0.18107,0.28796,0.11056,0.18350,0.28329,0.11112
8135.3633,3,0.17833,0.28953,0.11064,0.18195,0.28516,0.11098
8135.3997,3,0.17892,0.29195,0.11003,0.18104,0.28720,0.11069
8135.4343,3,0.17820,0.29424,0.10989,0.18019,0.28931,0.11045
8135.4670,3,0.17719,0.29660,0.10965,0.17929,0.29150,0.11021
8135.5000,3,0.17827,0.29953,0.10883,0.17898,0.29391,0.10980
8135.5380,3,0.17666,0.30190,0.10856,0.17829,0.29631,0.10942
8135.5706,3,0.17768,0.30407,0.10767,0.17810,0.29864,0.10890
8135.6043,3,0.17803,0.30621,0.10714,0.17808,0.30091,0.10837
8135.6354,3,0.17781,0.30772,0.10712,0.17800,0.30295,0.10800
8135.6677,3,0.17889,0.30968,0.10695,0.17827,0.30497,0.10768
8135.6991,3,0.17649,0.31191,0.10728,0.17773,0.30705,0.10756
8135.7320,3,0.17878,0.31452,0.10665,0.17805,0.30929,0.10729
8135.7630,3,0.17743,0.31573,0.10688,0.17786,0.31122,0.10717
8135.7983,3,0.17605,0.31772,0.10719,0.17732,0.31317,0.10717
8135.8307,3,0.17595,0.31862,0.10755,0.17691,0.31481,0.10729
8135.8635,3,0.17543,0.31807,0.10785,0.17646,0.31579,0.10746
8135.8953,3,0.17276,0.31535,0.10911,0.17535,0.31566,0.10795
8135.9277,3,0.17724,0.31307,0.10954,0.17592,0.31488,0.10843
8135.9615,3,0.17609,0.31150,0.11054,0.17597,0.31387,0.10906
8135.9944,3,0.17833,0.30918,0.11159,0.17668,0.31246,0.10982
8136.0286,3,0.17775,0.30813,0.11306,0.17700,0.31116,0.11079
8136.0618,3,0.17715,0.30638,0.11480,0.17705,0.30972,0.11200
8136.0957,3,0.17736,0.30517,0.11635,0.17714,0.30836,0.11330
8136.1350,3,0.17753,0.30227,0.11781,0.17726,0.30653,0.11465
8136.1753,3,0.17881,0.30068,0.11913,0.17772,0.30478,0.11600
8136.2125,3,0.17706,0.30096,0.12064,0.17753,0.30363,0.11739
8136.2454,3,0.17796,0.29946,0.12174,0.17766,0.30238,0.11869
8136.2766,3,0.17980,0.29907,0.12325,0.17830,0.30139,0.12006
8136.3098,3,0.17788,0.29870,0.12502,0.17817,0.30058,0.12155
8136.3488,3,0.17915,0.29877,0.12631,0.17847,0.30004,0.12298
8136.3817,3,0.18073,0.29837,0.12749,0.17915,0.29954,0.12433
8136.4163,3,0.18191,0.29822,0.12848,0.17997,0.29914,0.12558
8136.4502,3,0.18223,0.29833,0.12955,0.18065,0.29890,0.12677
8136.4866,3,0.18357,0.29855,0.13039,0.18153,0.29879,0.12786
8136.5197,3,0.18226,0.29934,0.13128,0.18175,0.29896,0.12888
8136.5516,3,0.18156,0.29957,0.13203,0.18169,0.29914,0.12983
8136.5825,3,0.18249,0.30133,0.13234,0.18193,0.29980,0.13058
8136.6135,3,0.18351,0.30066,0.13253,0.18241,0.30006,0.13116
8136.6449,3,0.18334,0.30107,0.13315,0.18268,0.30036,0.13176
8136.6765,3,0.18179,0.30219,0.13408,0.18242,0.30091,0.13246
8136.7105,3,0.18158,0.30264,0.13483,0.18217,0.30143,0.13317
8136.7438,3,0.18360,0.30245,0.13553,0.18260,0.30174,0.13388
8136.7770,3,0.18194,0.30258,0.13648,0.18240,0.30199,0.13466
8136.8106,3,0.18345,0.30229,0.13730,0.18272,0.30208,0.13545
8136.8444,3,0.18412,0.30195,0.13818,0.18314,0.30204,0.13627
8136.8805,3,0.18576,0.30188,0.13896,0.18392,0.30199,0.13708
8136.9164,3,0.18853,0.30143,0.13971,0.18530,0.30182,0.13787
8136.9486,3,0.19057,0.30176,0.14071,0.18688,0.30180,0.13872
8136.9834,3,0.19194,0.30063,0.14158,0.18840,0.30145,0.13958
8137.0146,3,0.19221,0.30013,0.14274,0.18954,0.30106,0.14053
8137.0463,3,0.19257,0.29998,0.14394,0.19045,0.30073,0.14155
8137.0787,3,0.19115,0.29974,0.14545,0.19066,0.30044,0.14272
8137.1101,3,0.19199,0.29990,0.14692,0.19106,0.30028,0.14398
8137.1498,3,0.19321,0.29982,0.14811,0.19171,0.30014,0.14522
8137.1798,3,0.19541,0.29864,0.14933,0.19282,0.29969,0.14645
8137.2111,3,0.19623,0.29857,0.15087,0.19384,0.29935,0.14778
8137.2453,3,0.19734,0.29682,0.15236,0.19489,0.29859,0.14915
8137.2795,3,0.19596,0.29515,0.15435,0.19521,0.29756,0.15071
8137.3126,3,0.19710,0.29573,0.15554,0.19578,0.29701,0.15216
8137.3454,3,0.19521,0.29489,0.15736,0.19561,0.29638,0.15372
8137.3788,3,0.20037,0.29568,0.15804,0.19704,0.29617,0.15502
8137.4104,3,0.19902,0.29551,0.15971,0.19763,0.29597,0.15643
8137.4439,3,0.19627,0.29567,0.16157,0.19722,0.29588,0.15797
8137.4790,3,0.19965,0.29585,0.16238,0.19795,0.29587,0.15929
8137.5136,3,0.19971,0.29562,0.16366,0.19848,0.29580,0.16060
8137.5454,3,0.19882,0.29612,0.16511,0.19858,0.29589,0.16196
8137.5778,3,0.19917,0.29591,0.16631,0.19876,0.29590,0.16326
8137.6120,3,0.20023,0.29508,0.16760,0.19920,0.29565,0.16457
8137.6477,3,0.19878,0.29513,0.16873,0.19907,0.29550,0.16582
8137.6790,3,0.20129,0.29402,0.16938,0.19974,0.29505,0.16688
8137.7158,3,0.19924,0.29386,0.17087,0.19959,0.29469,0.16808
8137.7472,3,0.20102,0.29338,0.17144,0.20002,0.29430,0.16909
8137.7853,3,0.20007,0.29347,0.17215,0.20003,0.29405,0.17001
8137.8184,3,0.20141,0.29356,0.17258,0.20045,0.29390,0.17078
8137.8506,3,0.20207,0.29531,0.17300,0.20093,0.29432,0.17145
8137.8841,3,0.20411,0.29588,0.17363,0.20189,0.29479,0.17210
8137.9166,3,0.20361,0.29688,0.17420,0.20240,0.29542,0.17273
8137.9493,3,0.20333,0.29911,0.17508,0.20268,0.29652,0.17344
8137.9846,3,0.20486,0.29849,0.17592,0.20334,0.29712,0.17418
8138.0210,3,0.20440,0.29941,0.17702,0.20366,0.29780,0.17503
8138.0539,3,0.20400,0.30025,0.17838,0.20376,0.29854,0.17604
8138.0865,3,0.20383,0.30128,0.17952,0.20378,0.29936,0.17708
8138.1182,3,0.20573,0.30229,0.18034,0.20437,0.30024,0.17806
8138.1511,3,0.20638,0.30169,0.18155,0.20497,0.30068,0.17911
8138.1830,3,0.20832,0.30426,0.18364,0.20597,0.30175,0.18047
8138.2141,3,0.20921,0.30457,0.18448,0.20695,0.30260,0.18167
8138.2459,3,0.20969,0.30481,0.18541,0.20777,0.30326,0.18279
8138.2776,3,0.21157,0.30542,0.18617,0.20891,0.30391,0.18381
8138.3123,3,0.21180,0.30479,0.18708,0.20978,0.30417,0.18479
8138.3505,3,0.21179,0.30606,0.18800,0.21038,0.30474,0.18575
8138.3833,3,0.21239,0.30663,0.18878,0.21098,0.30531,0.18666
8138.4161,3,0.21196,0.30680,0.18987,0.21128,0.30576,0.18762
8138.4467,3,0.21295,0.30598,0.19062,0.21178,0.30582,0.18852
8138.4798,3,0.21224,0.30678,0.19156,0.21192,0.30611,0.18944
8138.5116,3,0.21289,0.30731,0.19241,0.21221,0.30647,0.19033
8138.5475,3,0.21146,0.30875,0.19367,0.21198,0.30715,0.19133
8138.5789,3,0.21204,0.30886,0.19447,0.21200,0.30766,0.19227
8138.6110,3,0.21160,0.30907,0.19531,0.21188,0.30809,0.19318
8138.6486,3,0.21232,0.30947,0.19602,0.21201,0.30850,0.19403
8138.6805,3,0.21339,0.30991,0.19674,0.21242,0.30892,0.19485
8138.7122,3,0.21331,0.31000,0.19758,0.21269,0.30925,0.19567
8138.7440,3,0.21169,0.31005,0.19872,0.21239,0.30949,0.19658
8138.7778,3,0.21216,0.30959,0.19960,0.21232,0.30952,0.19749
8138.8100,3,0.21253,0.30953,0.20028,0.21238,0.30952,0.19832
8138.8441,3,0.21268,0.30957,0.20125,0.21247,0.30953,0.19920
8138.8764,3,0.21417,0.30920,0.20155,0.21298,0.30943,0.19991
8138.9097,3,0.21412,0.30984,0.20226,0.21332,0.30956,0.20061
8138.9459,3,0.21424,0.30948,0.20328,0.21360,0.30953,0.20141
8138.9804,3,0.21581,0.30927,0.20390,0.21426,0.30945,0.20216
8139.0140,3,0.21537,0.30842,0.20479,0.21459,0.30914,0.20295
8139.0479,3,0.21603,0.30990,0.20570,0.21503,0.30937,0.20377
8139.0798,3,0.21579,0.30957,0.20671,0.21526,0.30943,0.20465
8139.1137,3,0.21681,0.30801,0.20740,0.21572,0.30900,0.20548
8139.1503,3,0.21785,0.30913,0.20833,0.21636,0.30904,0.20633
8139.1816,3,0.21572,0.30733,0.20985,0.21617,0.30853,0.20739
8139.2130,3,0.21540,0.30563,0.21112,0.21594,0.30766,0.20851
8139.2459,3,0.21605,0.30516,0.21210,0.21597,0.30691,0.20959
8139.2789,3,0.21632,0.30359,0.21315,0.21608,0.30591,0.21065
8139.3108,3,0.21756,0.30275,0.21375,0.21652,0.30496,0.21158
8139.3440,3,0.21914,0.30211,0.21406,0.21731,0.30411,0.21233
8139.3781,3,0.21854,0.30066,0.21454,0.21768,0.30307,0.21299
8139.4104,3,0.21814,0.30056,0.21476,0.21782,0.30232,0.21352
8139.4434,3,0.21832,0.29798,0.21447,0.21797,0.30102,0.21381
8139.4769,3,0.21724,0.29664,0.21478,0.21775,0.29970,0.21410
8139.5096,3,0.21750,0.29499,0.21455,0.21767,0.29829,0.21424
8139.5464,3,0.21729,0.29312,0.21478,0.21756,0.29674,0.21440
8139.5828,3,0.21544,0.29095,0.21512,0.21692,0.29500,0.21461
8139.6139,3,0.21714,0.28812,0.21468,0.21699,0.29294,0.21463
8139.6480,3,0.21652,0.28570,0.21470,0.21685,0.29076,0.21465
8139.6792,3,0.21508,0.28210,0.21466,0.21632,0.28817,0.21466
8139.7156,3,0.21515,0.27882,0.21445,0.21597,0.28536,0.21460
8139.7490,3,0.21400,0.27562,0.21422,0.21538,0.28244,0.21448
8139.7837,3,0.21353,0.27300,0.21423,0.21482,0.27961,0.21441
8139.8164,3,0.21376,0.27052,0.21410,0.21450,0.27688,0.21431
8139.8512,3,0.21291,0.26801,0.21407,0.21403,0.27422,0.21424
8139.8839,3,0.21052,0.26440,0.21448,0.21297,0.27128,0.21431
8139.9186,3,0.21006,0.26091,0.21433,0.21210,0.26817,0.21432
8139.9525,3,0.21064,0.25724,0.21410,0.21166,0.26489,0.21425
8139.9868,3,0.21059,0.25374,0.21392,0.21134,0.26154,0.21415
8140.0249,3,0.21124,0.24870,0.21330,0.21131,0.25769,0.21390
8140.0571,3,0.21238,0.24462,0.21257,0.21163,0.25377,0.21350
8140.0944,3,0.21180,0.24158,0.21251,0.21168,0.25011,0.21320
8140.1340,3,0.21122,0.23742,0.21226,0.21154,0.24631,0.21292
8140.1655,3,0.21304,0.23390,0.21170,0.21199,0.24258,0.21255
8140.1982,3,0.21112,0.22995,0.21153,0.21173,0.23880,0.21225
8140.2306,3,0.21229,0.22687,0.21085,0.21190,0.23522,0.21183
8140.2623,3,0.21249,0.22385,0.21049,0.21208,0.23181,0.21143
8140.2933,3,0.21277,0.22132,0.21013,0.21228,0.22866,0.21104
8140.3279,3,0.21340,0.21920,0.20980,0.21262,0.22582,0.21067
8140.3691,3,0.21280,0.21805,0.20958,0.21267,0.22349,0.21034
8140.4014,3,0.21282,0.21564,0.20939,0.21272,0.22114,0.21005
8140.4373,3,0.21180,0.21458,0.20935,0.21244,0.21917,0.20984
8140.4685,3,0.21236,0.21292,0.20901,0.21242,0.21729,0.20959
8140.5009,3,0.21244,0.21215,0.20841,0.21242,0.21575,0.20924
8140.5424,3,0.21190,0.21099,0.20848,0.21227,0.21432,0.20901
8140.5737,3,0.21238,0.21025,0.20815,0.21230,0.21310,0.20875
8140.6052,3,0.21437,0.20915,0.20794,0.21292,0.21192,0.20851
8140.6388,3,0.21307,0.20724,0.20792,0.21297,0.21051,0.20833
8140.6702,3,0.21261,0.20635,0.20786,0.21286,0.20927,0.20819
8140.7016,3,0.21367,0.20500,0.20767,0.21310,0.20799,0.20804
8140.7331,3,0.21449,0.20358,0.20742,0.21352,0.20666,0.20785
8140.7658,3,0.21477,0.20236,0.20716,0.21389,0.20537,0.20764
8140.8078,3,0.21466,0.20119,0.20716,0.21412,0.20412,0.20750
8140.8401,3,0.21558,0.20036,0.20699,0.21456,0.20299,0.20735
8140.8716,3,0.21543,0.19850,0.20727,0.21482,0.20164,0.20733
8140.9026,3,0.21466,0.19761,0.20731,0.21477,0.20043,0.20732
8140.9391,3,0.21392,0.19634,0.20730,0.21452,0.19921,0.20731
8140.9771,3,0.21415,0.19500,0.20686,0.21440,0.19795,0.20718
8141.0104,3,0.21410,0.19344,0.20683,0.21431,0.19659,0.20707
8141.0452,3,0.21561,0.19221,0.20638,0.21470,0.19528,0.20687
8141.0782,3,0.21395,0.19070,0.20626,0.21448,0.19390,0.20669
8141.1154,3,0.21437,0.18919,0.20576,0.21444,0.19249,0.20641
8141.1470,3,0.21463,0.18727,0.20517,0.21450,0.19092,0.20604
8141.1825,3,0.21367,0.18650,0.20486,0.21425,0.18960,0.20569
8141.2133,3,0.21576,0.18520,0.20395,0.21470,0.18828,0.20517
8141.2454,3,0.21586,0.18412,0.20344,0.21505,0.18703,0.20465
8141.2774,3,0.21469,0.18332,0.20315,0.21494,0.18592,0.20420
8141.3105,3,0.21437,0.18213,0.20281,0.21477,0.18478,0.20378
8141.3438,3,0.21411,0.18182,0.20233,0.21457,0.18389,0.20335
8141.3827,3,0.21495,0.18074,0.20194,0.21469,0.18295,0.20292
8141.4175,3,0.21427,0.17864,0.20170,0.21456,0.18165,0.20256
8141.4511,3,0.21402,0.17706,0.20141,0.21440,0.18027,0.20221
8141.4866,3,0.21480,0.17407,0.20105,0.21452,0.17841,0.20186
8141.5169,3,0.21526,0.17156,0.20063,0.21474,0.17636,0.20149
8141.5486,3,0.21642,0.16903,0.20049,0.21524,0.17416,0.20119
8141.5806,3,0.21468,0.16664,0.20084,0.21507,0.17191,0.20109
8141.6135,3,0.21709,0.16399,0.20065,0.21568,0.16953,0.20096
8141.6468,3,0.21600,0.16259,0.20086,0.21578,0.16745,0.20093
8141.6786,3,0.21541,0.16181,0.20064,0.21567,0.16576,0.20084
8141.7126,3,0.21459,0.16082,0.20084,0.21534,0.16428,0.20084
8141.7468,3,0.21458,0.15966,0.20064,0.21512,0.16289,0.20078
8141.7812,3,0.21519,0.15863,0.20055,0.21514,0.16161,0.20071
8141.8144,3,0.21523,0.15714,0.20039,0.21516,0.16027,0.20061
8141.8477,3,0.21593,0.15572,0.20031,0.21539,0.15890,0.20052
8141.8788,3,0.21380,0.15434,0.20062,0.21492,0.15754,0.20055
8141.9125,3,0.21374,0.15295,0.20054,0.21456,0.15616,0.20055
8141.9450,3,0.21321,0.15229,0.20055,0.21416,0.15500,0.20055
8141.9783,3,0.21188,0.15094,0.20073,0.21347,0.15378,0.20060
8142.0127,3,0.21217,0.15006,0.20064,0.21308,0.15267,0.20061
8142.0490,3,0.21440,0.14884,0.20025,0.21348,0.15152,0.20051
8142.0818,3,0.21418,0.14722,0.20057,0.21369,0.15023,0.20052
8142.1153,3,0.21437,0.14586,0.20050,0.21389,0.14892,0.20052
8142.1492,3,0.21486,0.14458,0.20055,0.21418,0.14762,0.20053
8142.1841,3,0.21553,0.14317,0.20085,0.21459,0.14628,0.20063
8142.2158,3,0.21530,0.14237,0.20070,0.21480,0.14511,0.20065
8142.2468,3,0.21396,0.14190,0.20093,0.21455,0.14415,0.20073
8142.2777,3,0.21263,0.14096,0.20116,0.21397,0.14319,0.20086
8142.3115,3,0.21246,0.13972,0.20095,0.21352,0.14215,0.20089
8142.3432,3,0.21274,0.13885,0.20075,0.21329,0.14116,0.20085
8142.3794,3,0.21366,0.13758,0.20080,0.21340,0.14009,0.20083
8142.4111,3,0.21376,0.13604,0.20087,0.21351,0.13887,0.20085
8142.4456,3,0.21228,0.13462,0.20123,0.21314,0.13760,0.20096
8142.4796,3,0.21273,0.13281,0.20135,0.21302,0.13616,0.20108
8142.5128,3,0.21393,0.13116,0.20129,0.21329,0.13466,0.20114
8142.5449,3,0.21398,0.13039,0.20137,0.21350,0.13338,0.20121
8142.5836,3,0.21306,0.13009,0.20139,0.21336,0.13239,0.20126
8142.6161,3,0.21459,0.12837,0.20115,0.21373,0.13119,0.20123
8142.6473,3,0.21594,0.12800,0.20107,0.21439,0.13023,0.20118
8142.6791,3,0.21592,0.12723,0.20092,0.21485,0.12933,0.20110
8142.7114,3,0.21585,0.12512,0.20070,0.21515,0.12807,0.20098
8142.7464,3,0.21666,0.12462,0.20045,0.21560,0.12703,0.20082
8142.7789,3,0.21619,0.12363,0.20053,0.21578,0.12601,0.20073
8142.8192,3,0.21606,0.12269,0.20066,0.21586,0.12502,0.20071
8142.8527,3,0.21531,0.12156,0.20076,0.21570,0.12398,0.20073
8142.8858,3,0.21581,0.12005,0.20098,0.21573,0.12280,0.20080
8142.9177,3,0.21513,0.11965,0.20119,0.21555,0.12186,0.20092
8142.9514,3,0.21547,0.11772,0.20111,0.21553,0.12062,0.20097
8142.9841,3,0.21542,0.11702,0.20105,0.21550,0.11954,0.20100
8143.0154,3,0.21913,0.11458,0.20034,0.21659,0.11805,0.20080
8143.0494,3,0.21823,0.11352,0.20034,0.21708,0.11669,0.20066
8143.0820,3,0.21712,0.11281,0.20061,0.21709,0.11553,0.20065
8143.1139,3,0.21659,0.11117,0.20081,0.21694,0.11422,0.20070
8143.1461,3,0.21636,0.10902,0.20094,0.21677,0.11266,0.20077
8143.1871,3,0.21722,0.10702,0.20088,0.21690,0.11097,0.20080
8143.2178,3,0.21892,0.10556,0.20037,0.21751,0.10935,0.20067
8143.2510,3,0.21844,0.10361,0.20048,0.21779,0.10762,0.20061
8143.2840,3,0.21918,0.10238,0.20021,0.21820,0.10605,0.20049
8143.3163,3,0.21945,0.10039,0.19991,0.21858,0.10435,0.20032
8143.3478,3,0.22077,0.09857,0.19975,0.21923,0.10262,0.20015
8143.3800,3,0.22080,0.09722,0.19956,0.21970,0.10100,0.19997
8143.4165,3,0.22070,0.09647,0.19981,0.22000,0.09964,0.19992
8143.4496,3,0.21962,0.09440,0.19977,0.21989,0.09807,0.19988
8143.4810,3,0.21699,0.09358,0.20013,0.21902,0.09672,0.19995
8143.5131,3,0.21575,0.09255,0.20025,0.21804,0.09547,0.20004
8143.5451,3,0.21646,0.09073,0.20008,0.21756,0.09405,0.20005
8143.5774,3,0.21496,0.08764,0.20004,0.21678,0.09213,0.20005
8143.6131,3,0.21620,0.08535,0.19971,0.21661,0.09009,0.19995
8143.6468,3,0.21724,0.08410,0.19899,0.21680,0.08829,0.19966
8143.6807,3,0.21613,0.08244,0.19880,0.21660,0.08654,0.19940
8143.7141,3,0.21659,0.08079,0.19850,0.21660,0.08481,0.19913
8143.7469,3,0.21389,0.07814,0.19896,0.21578,0.08281,0.19908
8143.7794,3,0.21491,0.07564,0.19869,0.21552,0.08066,0.19896
8143.8169,3,0.21689,0.07394,0.19820,0.21593,0.07864,0.19873
8143.8507,3,0.21625,0.07130,0.19800,0.21603,0.07644,0.19852
8143.8860,3,0.21561,0.06892,0.19815,0.21590,0.07418,0.19841
8143.9188,3,0.21436,0.06676,0.19819,0.21544,0.07196,0.19834
8143.9511,3,0.21270,0.06442,0.19837,0.21462,0.06970,0.19835
8143.9866,3,0.21344,0.06343,0.19829,0.21427,0.06782,0.19833
8144.0192,3,0.21426,0.06165,0.19800,0.21427,0.06597,0.19823
8144.0510,3,0.21593,0.05997,0.19762,0.21477,0.06417,0.19805
8144.0841,3,0.21484,0.05796,0.19758,0.21479,0.06231,0.19791
8144.1235,3,0.21594,0.05605,0.19721,0.21513,0.06043,0.19770
8144.1597,3,0.21504,0.05539,0.19734,0.21511,0.05892,0.19759
8144.1955,3,0.21845,0.05412,0.19658,0.21611,0.05748,0.19729
8144.2275,3,0.21782,0.05193,0.19637,0.21662,0.05582,0.19701
8144.2603,3,0.21894,0.05092,0.19601,0.21732,0.05435,0.19671
8144.2953,3,0.21894,0.05003,0.19575,0.21780,0.05305,0.19642
8144.3289,3,0.22010,0.04862,0.19534,0.21849,0.05172,0.19610
8144.3611,3,0.21936,0.04749,0.19517,0.21875,0.05046,0.19582
8144.3996,3,0.22260,0.04653,0.19456,0.21991,0.04928,0.19544
8144.4320,3,0.22193,0.04501,0.19468,0.22051,0.04800,0.19521
8144.4636,3,0.22200,0.04402,0.19449,0.22096,0.04681,0.19499
8144.5014,3,0.22183,0.04211,0.19450,0.22122,0.04540,0.19485
8144.5337,3,0.22276,0.04094,0.19408,0.22168,0.04406,0.19462
8144.5676,3,0.22284,0.03960,0.19408,0.22203,0.04272,0.19445
8144.6032,3,0.22181,0.03822,0.19426,0.22196,0.04137,0.19440
8144.6379,3,0.22322,0.03666,0.19364,0.22234,0.03996,0.19417
8144.6690,3,0.22257,0.03568,0.19362,0.22241,0.03867,0.19400
8144.7023,3,0.22320,0.03482,0.19347,0.22265,0.03752,0.19384
8144.7335,3,0.22155,0.03436,0.19344,0.22232,0.03657,0.19372
8144.7657,3,0.22090,0.03259,0.19323,0.22189,0.03538,0.19357
8144.7976,3,0.22093,0.03204,0.19280,0.22160,0.03438,0.19334
8144.8298,3,0.21989,0.03111,0.19284,0.22109,0.03340,0.19319
8144.8609,3,0.21991,0.03004,0.19273,0.22074,0.03239,0.19305
8144.8942,3,0.21979,0.02937,0.19247,0.22045,0.03148,0.19288
8144.9294,3,0.22017,0.02861,0.19234,0.22037,0.03062,0.19272
8144.9667,3,0.22033,0.02716,0.19211,0.22036,0.02958,0.19253
8144.9999,3,0.22175,0.02616,0.19183,0.22077,0.02856,0.19232
8145.0304,3,0.22076,0.02499,0.19190,0.22077,0.02749,0.19220
8145.0621,3,0.22101,0.02362,0.19174,0.22084,0.02633,0.19206
8145.0934,3,0.22064,0.02243,0.19163,0.22078,0.02516,0.19193
8145.1272,3,0.21812,0.02151,0.19201,0.21998,0.02406,0.19195
8145.1629,3,0.21823,0.01990,0.19215,0.21946,0.02281,0.19201
8145.2029,3,0.21905,0.01858,0.19225,0.21934,0.02154,0.19208
8145.2363,3,0.21831,0.01730,0.19243,0.21903,0.02027,0.19219
8145.2678,3,0.21753,0.01616,0.19259,0.21858,0.01904,0.19231
8145.2994,3,0.21714,0.01526,0.19275,0.21815,0.01791,0.19244
8145.3333,3,0.21787,0.01498,0.19266,0.21806,0.01703,0.19251
8145.3704,3,0.21631,0.01412,0.19285,0.21754,0.01615,0.19261
8145.4061,3,0.21522,0.01287,0.19309,0.21684,0.01517,0.19275
8145.4374,3,0.21447,0.01205,0.19320,0.21613,0.01423,0.19289
8145.4691,3,0.21438,0.01055,0.19343,0.21561,0.01313,0.19305
8145.5004,3,0.21622,0.00972,0.19343,0.21579,0.01211,0.19316
8145.5319,3,0.21697,0.00808,0.19353,0.21614,0.01090,0.19327
8145.5633,3,0.21487,0.00778,0.19384,0.21576,0.00996,0.19344
8145.5963,3,0.21609,0.00660,0.19386,0.21586,0.00895,0.19357
8145.6305,3,0.21725,0.00580,0.19353,0.21628,0.00801,0.19356
8145.6685,3,0.21533,0.00492,0.19394,0.21599,0.00708,0.19367
8145.6997,3,0.21614,0.00401,0.19375,0.21604,0.00616,0.19370
8145.7375,3,0.21605,0.00277,0.19389,0.21604,0.00514,0.19376
8145.7747,3,0.21834,0.00261,0.19328,0.21673,0.00438,0.19361
8145.8076,3,0.21828,0.00236,0.19341,0.21719,0.00377,0.19355
8145.8407,3,0.21811,0.00198,0.19341,0.21747,0.00324,0.19351
8145.8733,3,0.21955,0.00201,0.19325,0.21809,0.00287,0.19343
8145.9040,3,0.21808,0.00096,0.19360,0.21809,0.00230,0.19348
8145.9355,3,0.21824,-0.00032,0.19338,0.21813,0.00151,0.19345
8145.9681,3,0.21686,-0.00110,0.19364,0.21775,0.00073,0.19351
8146.0007,3,0.21505,-0.00209,0.19374,0.21694,-0.00012,0.19358
8146.0330,3,0.21276,-0.00324,0.19377,0.21569,-0.00105,0.19364
8146.0668,3,0.21294,-0.00474,0.19386,0.21486,-0.00216,0.19370
8146.0996,3,0.21272,-0.00606,0.19412,0.21422,-0.00333,0.19383
8146.1344,3,0.21661,-0.00749,0.19390,0.21494,-0.00458,0.19385
8146.1698,3,0.21699,-0.00872,0.19427,0.21555,-0.00582,0.19397
8146.2038,3,0.21782,-0.01051,0.19457,0.21623,-0.00723,0.19415
8146.2373,3,0.21927,-0.01152,0.19456,0.21714,-0.00852,0.19427
8146.2684,3,0.21812,-0.01384,0.19505,0.21744,-0.01011,0.19451
8146.2996,3,0.21987,-0.01469,0.19509,0.21817,-0.01149,0.19468
8146.3308,3,0.22014,-0.01686,0.19517,0.21876,-0.01310,0.19483
8146.3616,3,0.22123,-0.01728,0.19522,0.21950,-0.01435,0.19494
8146.3941,3,0.22044,-0.01922,0.19565,0.21978,-0.01581,0.19516
8146.4287,3,0.22080,-0.02069,0.19583,0.22009,-0.01728,0.19536
8146.4609,3,0.22112,-0.02140,0.19595,0.22040,-0.01851,0.19554
8146.4944,3,0.21954,-0.02198,0.19685,0.22014,-0.01955,0.19593
8146.5271,3,0.21912,-0.02297,0.19734,0.21983,-0.02058,0.19635
8146.5609,3,0.21800,-0.02464,0.19789,0.21929,-0.02180,0.19681
8146.5938,3,0.21778,-0.02584,0.19820,0.21883,-0.02301,0.19723
8146.6348,3,0.21693,-0.02672,0.19847,0.21826,-0.02412,0.19760
8146.6663,3,0.21669,-0.02721,0.19861,0.21779,-0.02505,0.19790
8146.6998,3,0.21724,-0.02797,0.19867,0.21763,-0.02593,0.19813
8146.7308,3,0.21724,-0.02900,0.19868,0.21751,-0.02685,0.19830
8146.7622,3,0.21681,-0.02994,0.19876,0.21730,-0.02778,0.19844
8146.7942,3,0.21595,-0.03086,0.19871,0.21689,-0.02870,0.19852
8146.8277,3,0.21682,-0.03210,0.19848,0.21687,-0.02972,0.19851
8146.8595,3,0.21571,-0.03231,0.19867,0.21652,-0.03050,0.19855
8146.8931,3,0.21447,-0.03291,0.19893,0.21591,-0.03122,0.19867
8146.9267,3,0.21599,-0.03330,0.19899,0.21593,-0.03185,0.19876
8146.9602,3,0.21526,-0.03431,0.19912,0.21573,-0.03259,0.19887
8146.9946,3,0.21523,-0.03552,0.19942,0.21558,-0.03346,0.19903
8147.0326,3,0.21771,-0.03552,0.19897,0.21622,-0.03408,0.19902
8147.0645,3,0.21877,-0.03632,0.19909,0.21699,-0.03475,0.19904
8147.0976,3,0.21765,-0.03714,0.19959,0.21718,-0.03547,0.19921
8147.1309,3,0.21812,-0.03701,0.19992,0.21746,-0.03593,0.19942
8147.1772,3,0.21858,-0.03809,0.20037,0.21780,-0.03658,0.19970
8147.2087,3,0.21825,-0.03925,0.20079,0.21793,-0.03738,0.20003
8147.2464,3,0.21889,-0.04058,0.20093,0.21822,-0.03834,0.20030
8147.2788,3,0.21865,-0.04224,0.20119,0.21835,-0.03951,0.20057
8147.3117,3,0.21855,-0.04374,0.20135,0.21841,-0.04078,0.20080
8147.3425,3,0.21847,-0.04544,0.20160,0.21843,-0.04218,0.20104
8147.3758,3,0.21764,-0.04628,0.20176,0.21819,-0.04341,0.20126
8147.4120,3,0.21837,-0.04766,0.20201,0.21824,-0.04468,0.20148
8147.4474,3,0.21619,-0.04920,0.20264,0.21763,-0.04604,0.20183
8147.4883,3,0.21568,-0.05041,0.20297,0.21704,-0.04735,0.20217
8147.5206,3,0.21472,-0.05123,0.20324,0.21635,-0.04851,0.20249
8147.5531,3,0.21513,-0.05302,0.20350,0.21598,-0.04986,0.20279
8147.5857,3,0.21483,-0.05370,0.20341,0.21564,-0.05102,0.20298
8147.6166,3,0.21298,-0.05560,0.20356,0.21484,-0.05239,0.20315
8147.6488,3,0.21301,-0.05807,0.20351,0.21429,-0.05409,0.20326
8147.6799,3,0.21273,-0.05846,0.20340,0.21382,-0.05540,0.20330
8147.7112,3,0.21287,-0.06027,0.20364,0.21354,-0.05686,0.20340
8147.7524,3,0.21429,-0.06084,0.20352,0.21376,-0.05806,0.20344
8147.7856,3,0.21226,-0.06245,0.20395,0.21331,-0.05937,0.20359
8147.8189,3,0.21237,-0.06387,0.20392,0.21303,-0.06072,0.20369
8147.8519,3,0.21276,-0.06463,0.20402,0.21295,-0.06189,0.20379
8147.8843,3,0.21289,-0.06591,0.20405,0.21293,-0.06310,0.20387
8147.9157,3,0.21248,-0.06661,0.20411,0.21280,-0.06415,0.20394
8147.9488,3,0.21342,-0.06801,0.20360,0.21298,-0.06531,0.20384
8147.9803,3,0.21395,-0.06894,0.20331,0.21327,-0.06640,0.20368
8148.0138,3,0.21413,-0.07008,0.20266,0.21353,-0.06750,0.20337
8148.0467,3,0.21410,-0.07150,0.20225,0.21370,-0.06870,0.20304
8148.0780,3,0.21489,-0.07287,0.20177,0.21406,-0.06995,0.20266
8148.1115,3,0.21847,-0.07377,0.20097,0.21538,-0.07110,0.20215
8148.1556,3,0.21911,-0.07548,0.20025,0.21650,-0.07241,0.20158
8148.1928,3,0.21984,-0.07782,0.20013,0.21750,-0.07403,0.20115
8148.2295,3,0.21926,-0.07914,0.19999,0.21803,-0.07557,0.20080
8148.2661,3,0.21826,-0.08222,0.19980,0.21810,-0.07756,0.20050
8148.2998,3,0.21792,-0.08432,0.19976,0.21805,-0.07959,0.20028
8148.3330,3,0.21720,-0.08682,0.19957,0.21779,-0.08176,0.20006
8148.3648,3,0.21557,-0.08871,0.19975,0.21713,-0.08384,0.19997
8148.4043,3,0.21613,-0.09032,0.19954,0.21683,-0.08579,0.19984
8148.4412,3,0.21590,-0.09239,0.19949,0.21655,-0.08777,0.19973
8148.4727,3,0.21486,-0.09487,0.19938,0.21604,-0.08990,0.19963
8148.5090,3,0.21192,-0.09798,0.19977,0.21480,-0.09232,0.19967
8148.5395,3,0.21173,-0.10005,0.19967,0.21388,-0.09464,0.19967
8148.5738,3,0.21331,-0.10239,0.19939,0.21371,-0.09697,0.19959
8148.6057,3,0.21267,-0.10375,0.19951,0.21340,-0.09900,0.19956
8148.6374,3,0.21324,-0.10620,0.19953,0.21335,-0.10116,0.19955
8148.6689,3,0.21109,-0.10786,0.19996,0.21267,-0.10317,0.19967
8148.7009,3,0.21128,-0.11026,0.19994,0.21225,-0.10530,0.19976
8148.7405,3,0.21219,-0.11165,0.19985,0.21224,-0.10720,0.19978
8148.7732,3,0.21198,-0.11329,0.20019,0.21216,-0.10903,0.19991
8148.8041,3,0.21260,-0.11522,0.20024,0.21229,-0.11089,0.20001
8148.8366,3,0.20993,-0.11745,0.20066,0.21158,-0.11286,0.20020
8148.8672,3,0.21047,-0.12054,0.20082,0.21125,-0.11516,0.20039
8148.8990,3,0.21047,-0.12279,0.20102,0.21101,-0.11745,0.20058
8148.9321,3,0.21161,-0.12492,0.20089,0.21119,-0.11969,0.20067
8148.9654,3,0.21157,-0.12620,0.20110,0.21131,-0.12164,0.20080
8148.9965,3,0.21034,-0.12794,0.20136,0.21102,-0.12353,0.20097
8149.0352,3,0.20977,-0.12883,0.20134,0.21065,-0.12512,0.20108
8149.0678,3,0.20991,-0.12982,0.20127,0.21042,-0.12653,0.20114
8149.1001,3,0.20928,-0.13065,0.20132,0.21008,-0.12777,0.20119
8149.1325,3,0.20884,-0.13249,0.20163,0.20971,-0.12918,0.20132
8149.1702,3,0.20910,-0.13389,0.20154,0.20953,-0.13059,0.20139
8149.2055,3,0.20893,-0.13525,0.20193,0.20935,-0.13199,0.20155
8149.2382,3,0.20794,-0.13699,0.20250,0.20893,-0.13349,0.20183
8149.2726,3,0.20870,-0.13926,0.20253,0.20886,-0.13522,0.20204
8149.3049,3,0.20728,-0.14081,0.20293,0.20838,-0.13690,0.20231
8149.3368,3,0.20735,-0.14230,0.20313,0.20807,-0.13852,0.20256
8149.3690,3,0.20706,-0.14477,0.20344,0.20777,-0.14040,0.20282
8149.4014,3,0.20626,-0.14646,0.20378,0.20732,-0.14221,0.20311
8149.4336,3,0.20660,-0.14869,0.20415,0.20710,-0.14416,0.20342
8149.4644,3,0.20581,-0.15046,0.20468,0.20671,-0.14605,0.20380
8149.4964,3,0.20478,-0.15316,0.20537,0.20613,-0.14818,0.20427
8149.5344,3,0.20499,-0.15482,0.20585,0.20579,-0.15017,0.20474
8149.5685,3,0.20457,-0.15610,0.20637,0.20542,-0.15195,0.20523
8149.6000,3,0.20323,-0.15808,0.20700,0.20477,-0.15379,0.20576
8149.6330,3,0.20353,-0.15995,0.20730,0.20439,-0.15564,0.20623
8149.6650,3,0.20332,-0.16101,0.20765,0.20407,-0.15725,0.20665
8149.6961,3,0.20224,-0.16158,0.20794,0.20352,-0.15855,0.20704
8149.7290,3,0.20030,-0.16302,0.20862,0.20256,-0.15989,0.20752
8149.7601,3,0.19968,-0.16496,0.20892,0.20169,-0.16141,0.20794
8149.7942,3,0.20053,-0.16649,0.20944,0.20134,-0.16293,0.20839
8149.8266,3,0.19933,-0.16803,0.20978,0.20074,-0.16446,0.20881
8149.8660,3,0.19905,-0.16996,0.21036,0.20023,-0.16611,0.20927
8149.8987,3,0.19859,-0.17152,0.21074,0.19974,-0.16773,0.20971
8149.9301,3,0.19783,-0.17328,0.21125,0.19917,-0.16940,0.21017
8149.9668,3,0.19898,-0.17460,0.21159,0.19911,-0.17096,0.21060
8149.9984,3,0.19796,-0.17577,0.21214,0.19877,-0.17240,0.21106
8150.0305,3,0.19809,-0.17649,0.21239,0.19856,-0.17363,0.21146
8150.0631,3,0.19823,-0.17742,0.21246,0.19846,-0.17476,0.21176
8150.0959,3,0.19648,-0.17913,0.21251,0.19787,-0.17607,0.21198
8150.1341,3,0.19561,-0.18082,0.21280,0.19719,-0.17750,0.21223
8150.1726,3,0.19518,-0.18303,0.21292,0.19659,-0.17916,0.21244
8150.2049,3,0.19501,-0.18429,0.21316,0.19612,-0.18070,0.21265
8150.2366,3,0.19529,-0.18641,0.21297,0.19587,-0.18241,0.21275
8150.2684,3,0.19513,-0.18837,0.21321,0.19565,-0.18420,0.21289
8150.3020,3,0.19491,-0.19011,0.21352,0.19542,-0.18597,0.21308
8150.3345,3,0.19668,-0.19206,0.21367,0.19580,-0.18780,0.21325
8150.3685,3,0.19750,-0.19471,0.21414,0.19631,-0.18987,0.21352
8150.4016,3,0.19860,-0.19715,0.21445,0.19700,-0.19205,0.21380
8150.4322,3,0.19989,-0.20015,0.21450,0.19787,-0.19448,0.21401
8150.4637,3,0.20155,-0.20336,0.21466,0.19897,-0.19715,0.21421
8150.4968,3,0.20241,-0.20606,0.21467,0.20000,-0.19982,0.21434
8150.5376,3,0.20444,-0.20938,0.21452,0.20133,-0.20269,0.21440
8150.5685,3,0.20427,-0.21340,0.21467,0.20221,-0.20590,0.21448
8150.6014,3,0.20386,-0.21688,0.21421,0.20271,-0.20920,0.21440
8150.6334,3,0.20258,-0.21980,0.21396,0.20267,-0.21238,0.21427
8150.6675,3,0.20265,-0.22284,0.21379,0.20266,-0.21552,0.21412
8150.7008,3,0.20323,-0.22617,0.21340,0.20283,-0.21871,0.21391
8150.7368,3,0.20226,-0.22923,0.21316,0.20266,-0.22187,0.21368
8150.7678,3,0.20454,-0.23192,0.21300,0.20323,-0.22488,0.21348
8150.8038,3,0.20385,-0.23411,0.21287,0.20341,-0.22765,0.21330
8150.8421,3,0.20566,-0.23722,0.21249,0.20409,-0.23052,0.21305
8150.8733,3,0.20548,-0.24010,0.21197,0.20451,-0.23340,0.21273
8150.9036,3,0.20364,-0.24282,0.21191,0.20424,-0.23622,0.21248
8150.9392,3,0.20525,-0.24580,0.21119,0.20455,-0.23910,0.21209
8150.9709,3,0.20524,-0.24842,0.21068,0.20475,-0.24189,0.21167
8151.0028,3,0.20528,-0.24976,0.21016,0.20491,-0.24425,0.21122
8151.0334,3,0.20678,-0.25146,0.20953,0.20547,-0.24642,0.21071
8151.0672,3,0.20794,-0.25228,0.20915,0.20621,-0.24817,0.21024
8151.0986,3,0.20700,-0.25250,0.20889,0.20645,-0.24947,0.20984
8151.1311,3,0.20537,-0.25313,0.20890,0.20613,-0.25057,0.20956
8151.1654,3,0.20557,-0.25316,0.20918,0.20596,-0.25134,0.20944
8151.1969,3,0.20572,-0.25500,0.20918,0.20589,-0.25244,0.20937
8151.2361,3,0.20667,-0.25576,0.20913,0.20612,-0.25344,0.20930
8151.2682,3,0.20582,-0.25749,0.20939,0.20603,-0.25465,0.20932
8151.2997,3,0.20442,-0.25945,0.20965,0.20555,-0.25609,0.20942
8151.3324,3,0.20463,-0.26134,0.20987,0.20527,-0.25767,0.20956
8151.3642,3,0.20417,-0.26262,0.20998,0.20494,-0.25915,0.20968
8151.3957,3,0.20432,-0.26360,0.21023,0.20476,-0.26049,0.20985
8151.4280,3,0.20447,-0.26478,0.21041,0.20467,-0.26177,0.21002
8151.4596,3,0.20488,-0.26599,0.21034,0.20473,-0.26304,0.21011
8151.4925,3,0.20510,-0.26730,0.21028,0.20484,-0.26432,0.21016
8151.5277,3,0.20496,-0.26760,0.21017,0.20488,-0.26530,0.21017
8151.5650,3,0.20677,-0.26762,0.20954,0.20544,-0.26600,0.20998
8151.5979,3,0.20495,-0.26812,0.20933,0.20530,-0.26663,0.20978
8151.6361,3,0.20492,-0.26891,0.20854,0.20518,-0.26732,0.20941
8151.6703,3,0.20541,-0.27015,0.20777,0.20525,-0.26817,0.20892
8151.7100,3,0.20437,-0.27103,0.20726,0.20499,-0.26903,0.20842
8151.7420,3,0.20437,-0.27311,0.20649,0.20480,-0.27025,0.20784
8151.7762,3,0.20404,-0.27436,0.20602,0.20457,-0.27148,0.20730
8151.8123,3,0.20311,-0.27514,0.20576,0.20413,-0.27258,0.20683
8151.8471,3,0.20298,-0.27587,0.20561,0.20379,-0.27357,0.20647
8151.8815,3,0.20387,-0.27640,0.20550,0.20381,-0.27442,0.20618
8151.9148,3,0.20386,-0.27711,0.20543,0.20382,-0.27522,0.20595
8151.9531,3,0.20232,-0.27816,0.20599,0.20337,-0.27611,0.20596
8151.9848,3,0.20203,-0.27921,0.20665,0.20297,-0.27704,0.20617
8152.0175,3,0.20187,-0.28046,0.20814,0.20264,-0.27806,0.20676
8152.0574,3,0.20183,-0.27932,0.20975,0.20240,-0.27844,0.20766
8152.0913,3,0.20347,-0.27958,0.21098,0.20272,-0.27878,0.20865
8152.1233,3,0.20588,-0.27982,0.21354,0.20367,-0.27909,0.21012
8152.1546,3,0.20446,-0.28066,0.21485,0.20390,-0.27956,0.21154
8152.1936,3,0.20462,-0.28093,0.21620,0.20412,-0.27997,0.21294
8152.2322,3,0.20309,-0.28157,0.21758,0.20381,-0.28045,0.21433
8152.2661,3,0.20447,-0.28146,0.21836,0.20401,-0.28076,0.21554
8152.2974,3,0.20364,-0.28081,0.21981,0.20390,-0.28077,0.21682
8152.3295,3,0.20400,-0.28092,0.22078,0.20393,-0.28082,0.21801
8152.3633,3,0.20362,-0.28041,0.22196,0.20384,-0.28069,0.21919
8152.3978,3,0.20424,-0.27967,0.22321,0.20396,-0.28039,0.22040
8152.4313,3,0.20499,-0.27896,0.22438,0.20427,-0.27996,0.22159
8152.4656,3,0.20483,-0.27854,0.22527,0.20444,-0.27953,0.22270
8152.5016,3,0.20495,-0.27771,0.22631,0.20459,-0.27899,0.22378
8152.5338,3,0.20538,-0.27725,0.22726,0.20483,-0.27847,0.22482
8152.5677,3,0.20533,-0.27703,0.22852,0.20498,-0.27804,0.22593
8152.6017,3,0.20534,-0.27620,0.22977,0.20509,-0.27749,0.22708
8152.6358,3,0.20529,-0.27618,0.23089,0.20515,-0.27709,0.22823
8152.6788,3,0.20493,-0.27570,0.23205,0.20509,-0.27668,0.22937
8152.7114,3,0.20583,-0.27566,0.23307,0.20531,-0.27637,0.23048
8152.7447,3,0.20653,-0.27524,0.23404,0.20567,-0.27603,0.23155
8152.7805,3,0.20554,-0.27476,0.23555,0.20563,-0.27565,0.23275
8152.8122,3,0.20602,-0.27390,0.23659,0.20575,-0.27513,0.23390
8152.8435,3,0.20687,-0.27356,0.23728,0.20608,-0.27466,0.23492
8152.8808,3,0.20873,-0.27353,0.23755,0.20688,-0.27432,0.23571
8152.9162,3,0.20814,-0.27346,0.23852,0.20726,-0.27406,0.23655
8152.9480,3,0.20817,-0.27312,0.23919,0.20753,-0.27378,0.23734
8152.9788,3,0.20771,-0.27343,0.23987,0.20758,-0.27367,0.23810
8153.0118,3,0.20758,-0.27281,0.24057,0.20758,-0.27341,0.23884
8153.0430,3,0.20783,-0.27252,0.24115,0.20766,-0.27314,0.23953
8153.0772,3,0.20670,-0.27244,0.24289,0.20737,-0.27293,0.24054
8153.1149,3,0.20632,-0.27281,0.24380,0.20706,-0.27290,0.24152
8153.1465,3,0.20419,-0.27282,0.24531,0.20620,-0.27287,0.24265
8153.1796,3,0.20353,-0.27208,0.24655,0.20540,-0.27264,0.24382
8153.2160,3,0.20432,-0.27194,0.24761,0.20507,-0.27243,0.24496
8153.2533,3,0.20525,-0.27103,0.24863,0.20513,-0.27201,0.24606
8153.2859,3,0.20422,-0.27081,0.24986,0.20485,-0.27165,0.24720
8153.3178,3,0.20306,-0.27075,0.25099,0.20431,-0.27138,0.24834
8153.3486,3,0.20407,-0.27102,0.25181,0.20424,-0.27127,0.24938
8153.3805,3,0.20302,-0.27111,0.25271,0.20387,-0.27122,0.25038
8153.4115,3,0.20289,-0.27124,0.25359,0.20358,-0.27123,0.25134
8153.4449,3,0.20308,-0.27168,0.25434,0.20343,-0.27136,0.25224
8153.4765,3,0.20341,-0.27134,0.25531,0.20342,-0.27136,0.25316
8153.5108,3,0.20267,-0.27138,0.25619,0.20320,-0.27136,0.25407
8153.5434,3,0.20341,-0.27246,0.25681,0.20326,-0.27169,0.25489
8153.5764,3,0.20560,-0.27240,0.25728,0.20396,-0.27191,0.25561
8153.6096,3,0.20538,-0.27195,0.25805,0.20439,-0.27192,0.25634
8153.6436,3,0.20577,-0.27169,0.25905,0.20480,-0.27185,0.25715
8153.6762,3,0.20540,-0.27213,0.26001,0.20498,-0.27193,0.25801
8153.7112,3,0.20580,-0.27226,0.26095,0.20523,-0.27203,0.25889
8153.7431,3,0.20617,-0.27256,0.26179,0.20551,-0.27219,0.25976
8153.7821,3,0.20696,-0.27291,0.26245,0.20594,-0.27241,0.26057
8153.8132,3,0.20692,-0.27274,0.26326,0.20624,-0.27251,0.26138
8153.8467,3,0.20701,-0.27226,0.26397,0.20647,-0.27243,0.26215
8153.8877,3,0.20745,-0.27247,0.26482,0.20676,-0.27244,0.26295
8153.9202,3,0.20737,-0.27345,0.26568,0.20694,-0.27274,0.26377
8153.9531,3,0.20718,-0.27360,0.26672,0.20702,-0.27300,0.26466
8153.9847,3,0.20742,-0.27360,0.26766,0.20714,-0.27318,0.26556
8154.0172,3,0.20793,-0.27394,0.26882,0.20737,-0.27341,0.26653
8154.0504,3,0.20758,-0.27355,0.27026,0.20743,-0.27345,0.26765
8154.0842,3,0.20915,-0.27441,0.27113,0.20795,-0.27374,0.26869
8154.1172,3,0.20794,-0.27446,0.27268,0.20795,-0.27395,0.26989
8154.1554,3,0.20813,-0.27409,0.27398,0.20800,-0.27400,0.27112
8154.1876,3,0.20856,-0.27420,0.27505,0.20817,-0.27406,0.27230
8154.2246,3,0.20848,-0.27419,0.27631,0.20826,-0.27410,0.27350
8154.2593,3,0.20836,-0.27411,0.27741,0.20829,-0.27410,0.27467
8154.2942,3,0.20961,-0.27391,0.27824,0.20869,-0.27404,0.27574
8154.3291,3,0.21012,-0.27350,0.27912,0.20912,-0.27388,0.27676
8154.3691,3,0.21075,-0.27340,0.27991,0.20961,-0.27374,0.27770
8154.4009,3,0.21045,-0.27386,0.28086,0.20986,-0.27377,0.27865
8154.4350,3,0.21084,-0.27452,0.28166,0.21016,-0.27400,0.27955
8154.4683,3,0.21056,-0.27456,0.28296,0.21028,-0.27417,0.28058
8154.4995,3,0.21028,-0.27439,0.28404,0.21028,-0.27423,0.28162
8154.5357,3,0.21108,-0.27479,0.28479,0.21052,-0.27440,0.28257
8154.5676,3,0.21187,-0.27444,0.28579,0.21092,-0.27441,0.28353
8154.5990,3,0.21325,-0.27466,0.28631,0.21162,-0.27449,0.28437
8154.6392,3,0.21332,-0.27476,0.28714,0.21213,-0.27457,0.28520
8154.6719,3,0.21378,-0.27556,0.28766,0.21263,-0.27487,0.28594
8154.7034,3,0.21348,-0.27597,0.28835,0.21288,-0.27520,0.28666
8154.7338,3,0.21495,-0.27616,0.28895,0.21350,-0.27549,0.28735
8154.7701,3,0.21513,-0.27630,0.28971,0.21399,-0.27573,0.28806
8154.8048,3,0.21468,-0.27687,0.29055,0.21420,-0.27607,0.28880
8154.8373,3,0.21448,-0.27734,0.29135,0.21428,-0.27645,0.28957
8154.8686,3,0.21366,-0.27801,0.29240,0.21409,-0.27692,0.29042
8154.9000,3,0.21306,-0.27813,0.29388,0.21378,-0.27728,0.29146
8154.9331,3,0.21284,-0.27841,0.29519,0.21350,-0.27762,0.29258
8154.9642,3,0.21171,-0.27816,0.29690,0.21296,-0.27778,0.29387
8154.9956,3,0.21212,-0.27768,0.29823,0.21271,-0.27775,0.29518
8155.0276,3,0.21232,-0.27846,0.29942,0.21259,-0.27796,0.29645
8155.0600,3,0.21257,-0.27841,0.30049,0.21258,-0.27809,0.29766
8155.0947,3,0.21332,-0.27889,0.30149,0.21281,-0.27833,0.29881
8155.1273,3,0.21155,-0.27894,0.30299,0.21243,-0.27852,0.30006
8155.1615,3,0.21303,-0.27904,0.30384,0.21261,-0.27867,0.30120
8155.1927,3,0.21331,-0.27846,0.30508,0.21282,-0.27861,0.30236
8155.2315,3,0.21293,-0.27863,0.30626,0.21285,-0.27862,0.30353
8155.2667,3,0.21393,-0.27852,0.30725,0.21318,-0.27859,0.30465
8155.2983,3,0.21298,-0.27877,0.30842,0.21312,-0.27864,0.30578
8155.3323,3,0.21323,-0.27851,0.30943,0.21315,-0.27860,0.30688
8155.3649,3,0.21324,-0.27919,0.31044,0.21317,-0.27878,0.30795
8155.4054,3,0.21461,-0.27852,0.31121,0.21360,-0.27870,0.30893
8155.4367,3,0.21510,-0.27756,0.31225,0.21405,-0.27836,0.30992
8155.4705,3,0.21471,-0.27722,0.31324,0.21425,-0.27802,0.31092
8155.5019,3,0.21468,-0.27653,0.31437,0.21438,-0.27757,0.31196
8155.5355,3,0.21429,-0.27620,0.31575,0.21435,-0.27716,0.31309
8155.5698,3,0.21241,-0.27600,0.31759,0.21377,-0.27681,0.31444
8155.6012,3,0.21301,-0.27471,0.31903,0.21354,-0.27618,0.31582
8155.6332,3,0.21230,-0.27521,0.32058,0.21317,-0.27589,0.31725
8155.6662,3,0.21172,-0.27486,0.32224,0.21274,-0.27558,0.31874
8155.6993,3,0.21310,-0.27441,0.32361,0.21284,-0.27523,0.32021
8155.7318,3,0.21446,-0.27398,0.32502,0.21333,-0.27486,0.32165
8155.7637,3,0.21485,-0.27285,0.32660,0.21379,-0.27425,0.32314
8155.7962,3,0.21495,-0.27273,0.32793,0.21414,-0.27380,0.32457
8155.8288,3,0.21428,-0.27253,0.32943,0.21418,-0.27342,0.32603
8155.8620,3,0.21333,-0.27159,0.33083,0.21393,-0.27287,0.32747
8155.8926,3,0.21329,-0.27196,0.33212,0.21373,-0.27260,0.32887
8155.9269,3,0.21277,-0.27139,0.33370,0.21344,-0.27223,0.33032
8155.9601,3,0.21249,-0.27126,0.33496,0.21316,-0.27194,0.33171
8155.9938,3,0.21283,-0.27027,0.33619,0.21306,-0.27144,0.33305
8156.0258,3,0.21184,-0.26966,0.33747,0.21269,-0.27091,0.33438
8156.0599,3,0.21278,-0.26915,0.33848,0.21272,-0.27038,0.33561
8156.0927,3,0.21403,-0.26912,0.33929,0.21311,-0.27000,0.33671
8156.1285,3,0.21433,-0.26883,0.34013,0.21348,-0.26965,0.33774
8156.1654,3,0.21465,-0.26870,0.34065,0.21383,-0.26936,0.33861
8156.1973,3,0.21505,-0.26833,0.34145,0.21420,-0.26905,0.33946
8156.2297,3,0.21562,-0.26784,0.34219,0.21462,-0.26869,0.34028
8156.2631,3,0.21612,-0.26741,0.34296,0.21507,-0.26831,0.34109
8156.3003,3,0.21556,-0.26696,0.34395,0.21522,-0.26790,0.34195
8156.3340,3,0.21623,-0.26662,0.34464,0.21552,-0.26752,0.34275
8156.3651,3,0.21566,-0.26587,0.34550,0.21556,-0.26702,0.34358
8156.3966,3,0.21522,-0.26520,0.34626,0.21546,-0.26648,0.34438
8156.4286,3,0.21407,-0.26441,0.34700,0.21504,-0.26586,0.34517
8156.4616,3,0.21391,-0.26387,0.34744,0.21470,-0.26526,0.34585
8156.4971,3,0.21363,-0.26333,0.34801,0.21438,-0.26468,0.34650
8156.5301,3,0.21366,-0.26250,0.34863,0.21417,-0.26403,0.34714
8156.5636,3,0.21391,-0.26163,0.34906,0.21409,-0.26331,0.34772
8156.5964,3,0.21396,-0.26023,0.34938,0.21405,-0.26238,0.34821
8156.6310,3,0.21358,-0.25948,0.34983,0.21391,-0.26151,0.34870
8156.6628,3,0.21290,-0.25867,0.34989,0.21361,-0.26066,0.34906
8156.6933,3,0.21272,-0.25789,0.35006,0.21334,-0.25983,0.34936
8156.7263,3,0.21310,-0.25724,0.35009,0.21327,-0.25905,0.34958
8156.7583,3,0.21393,-0.25588,0.35014,0.21347,-0.25810,0.34975
8156.7910,3,0.21471,-0.25479,0.35017,0.21384,-0.25711,0.34987
8156.8223,3,0.21452,-0.25417,0.35028,0.21404,-0.25623,0.34999
8156.8554,3,0.21452,-0.25334,0.35035,0.21418,-0.25536,0.35010
8156.8866,3,0.21422,-0.25244,0.35029,0.21420,-0.25449,0.35016
8156.9185,3,0.21519,-0.25105,0.35008,0.21449,-0.25346,0.35013
8156.9511,3,0.21496,-0.24930,0.35011,0.21463,-0.25221,0.35013
8156.9845,3,0.21462,-0.24764,0.35014,0.21463,-0.25084,0.35013
8157.0175,3,0.21498,-0.24609,0.35010,0.21473,-0.24941,0.35012
8157.0498,3,0.21587,-0.24548,0.35002,0.21507,-0.24823,0.35009
8157.0832,3,0.21624,-0.24346,0.35005,0.21542,-0.24680,0.35008
8157.1212,3,0.21707,-0.24194,0.34999,0.21592,-0.24534,0.35005
8157.1565,3,0.21747,-0.24032,0.35001,0.21638,-0.24384,0.35004
8157.1882,3,0.21748,-0.23952,0.35001,0.21671,-0.24254,0.35003
8157.2232,3,0.21796,-0.23869,0.34979,0.21709,-0.24139,0.34996
8157.2566,3,0.21774,-0.23717,0.34978,0.21728,-0.24012,0.34991
8157.2889,3,0.21962,-0.23605,0.34953,0.21799,-0.23890,0.34979
8157.3204,3,0.22057,-0.23480,0.34927,0.21876,-0.23767,0.34964
8157.3527,3,0.21985,-0.23368,0.34929,0.21909,-0.23647,0.34953
8157.3847,3,0.21995,-0.23201,0.34927,0.21935,-0.23513,0.34945
8157.4183,3,0.21988,-0.23111,0.34919,0.21951,-0.23393,0.34937
8157.4513,3,0.21936,-0.23003,0.34936,0.21946,-0.23276,0.34937
8157.4840,3,0.21959,-0.22836,0.34949,0.21950,-0.23144,0.34941
8157.5162,3,0.21997,-0.22747,0.34966,0.21964,-0.23025,0.34948
8157.5484,3,0.21982,-0.22588,0.34989,0.21969,-0.22894,0.34960
8157.5822,3,0.22093,-0.22422,0.35004,0.22007,-0.22752,0.34973
8157.6141,3,0.22161,-0.22269,0.35005,0.22053,-0.22607,0.34983
8157.6461,3,0.22179,-0.21994,0.35034,0.22091,-0.22423,0.34998
8157.6828,3,0.22201,-0.21788,0.35069,0.22124,-0.22233,0.35019
8157.7138,3,0.22177,-0.21431,0.35097,0.22140,-0.21992,0.35043
8157.7453,3,0.21996,-0.21192,0.35161,0.22097,-0.21752,0.35078
8157.7834,3,0.21737,-0.20821,0.35255,0.21989,-0.21473,0.35131
8157.8171,3,0.21888,-0.20423,0.35257,0.21958,-0.21158,0.35169
8157.8498,3,0.21747,-0.20002,0.35350,0.21895,-0.20811,0.35223
8157.8846,3,0.21794,-0.19590,0.35404,0.21865,-0.20445,0.35277
8157.9213,3,0.21743,-0.19153,0.35449,0.21828,-0.20057,0.35329
8157.9540,3,0.21606,-0.18657,0.35502,0.21761,-0.19637,0.35381
8157.9853,3,0.21710,-0.17999,0.35481,0.21746,-0.19146,0.35411
8158.0169,3,0.21861,-0.17110,0.35460,0.21781,-0.18535,0.35426
8158.0478,3,0.22047,-0.16262,0.35447,0.21861,-0.17853,0.35432
8158.0801,3,0.21916,-0.15115,0.35532,0.21877,-0.17032,0.35462
8158.1131,3,0.22041,-0.13737,0.35601,0.21926,-0.16043,0.35504
8158.1447,3,0.21962,-0.12233,0.35705,0.21937,-0.14900,0.35564
8158.1770,3,0.21714,-0.10750,0.35916,0.21870,-0.13655,0.35670
8158.2114,3,0.21849,-0.09309,0.35980,0.21864,-0.12351,0.35763
8158.2509,3,0.21909,-0.07410,0.35981,0.21877,-0.10869,0.35828
8158.2847,3,0.21771,-0.05605,0.36068,0.21845,-0.09290,0.35900
8158.3176,3,0.21783,-0.04015,0.36086,0.21827,-0.07707,0.35956
8158.3490,3,0.22181,-0.01817,0.36015,0.21933,-0.05940,0.35974
8158.3816,3,0.21896,0.00719,0.36275,0.21922,-0.03943,0.36064
8158.4126,3,0.21366,0.03298,0.36595,0.21755,-0.01770,0.36223
8158.4453,3,0.21058,0.06016,0.36932,0.21546,0.00566,0.36436
8158.4791,3,0.21212,0.08810,0.37140,0.21446,0.03039,0.36647
8158.5112,3,0.21276,0.11321,0.37285,0.21395,0.05524,0.36838
8158.5443,3,0.20685,0.13448,0.37411,0.21182,0.07901,0.37010
8158.5766,3,0.20831,0.15658,0.37265,0.21077,0.10228,0.37087
8158.6107,3,0.20343,0.17848,0.37244,0.20856,0.12514,0.37134
8158.6426,3,0.19950,0.19929,0.37189,0.20584,0.14738,0.37150
8158.6803,3,0.19864,0.21838,0.36976,0.20368,0.16868,0.37098
8158.7117,3,0.19173,0.23158,0.36898,0.20010,0.18755,0.37038
8158.7477,3,0.19552,0.24037,0.36647,0.19872,0.20340,0.36921
8158.7787,3,0.19349,0.24748,0.36506,0.19716,0.21662,0.36796
8158.8095,3,0.19018,0.25327,0.36486,0.19506,0.22762,0.36703
8158.8434,3,0.18492,0.25735,0.36542,0.19202,0.23654,0.36655
8158.8788,3,0.18486,0.26016,0.36485,0.18987,0.24362,0.36604
8158.9106,3,0.18423,0.26112,0.36446,0.18818,0.24887,0.36557
8158.9426,3,0.18363,0.26139,0.36417,0.18681,0.25263,0.36515
8158.9765,3,0.18255,0.26127,0.36387,0.18553,0.25522,0.36476
8159.0130,3,0.18169,0.26058,0.36360,0.18438,0.25683,0.36442
8159.0457,3,0.18223,0.26030,0.36335,0.18374,0.25787,0.36410
8159.0774,3,0.18007,0.25894,0.36375,0.18263,0.25819,0.36399
8159.1092,3,0.17934,0.25822,0.36404,0.18165,0.25820,0.36401
8159.1424,3,0.17812,0.25743,0.36478,0.18059,0.25797,0.36424
8159.1783,3,0.17981,0.25615,0.36519,0.18036,0.25742,0.36452
8159.2095,3,0.18025,0.25483,0.36565,0.18032,0.25664,0.36486
8159.2435,3,0.18106,0.25343,0.36609,0.18055,0.25568,0.36523
8159.2844,3,0.18182,0.25246,0.36644,0.18093,0.25471,0.36559
8159.3189,3,0.18176,0.25121,0.36679,0.18118,0.25366,0.36595
8159.3556,3,0.18183,0.25118,0.36727,0.18137,0.25292,0.36635
8159.3916,3,0.18116,0.25051,0.36787,0.18131,0.25220,0.36681
8159.4226,3,0.18119,0.25033,0.36804,0.18127,0.25164,0.36718
8159.4556,3,0.18153,0.24965,0.36800,0.18135,0.25104,0.36742
8159.4876,3,0.18212,0.24894,0.36789,0.18158,0.25041,0.36756
8159.5200,3,0.18213,0.24951,0.36796,0.18175,0.25014,0.36768
8159.5518,3,0.18199,0.25038,0.36771,0.18182,0.25021,0.36769
8159.5831,3,0.18014,0.25057,0.36776,0.18132,0.25032,0.36771
8159.6161,3,0.18092,0.25118,0.36729,0.18120,0.25058,0.36759
8159.6475,3,0.17952,0.25141,0.36724,0.18069,0.25083,0.36748
8159.6850,3,0.18113,0.25154,0.36680,0.18082,0.25104,0.36728
8159.7196,3,0.18045,0.25118,0.36708,0.18071,0.25108,0.36722
8159.7534,3,0.17921,0.25035,0.36753,0.18026,0.25086,0.36731
8159.7853,3,0.17819,0.25000,0.36768,0.17964,0.25060,0.36742
8159.8211,3,0.17763,0.24808,0.36852,0.17904,0.24985,0.36775
8159.8562,3,0.17948,0.24356,0.36946,0.17917,0.24796,0.36826
8159.8892,3,0.18002,0.23336,0.37185,0.17942,0.24358,0.36934
8159.9284,3,0.18324,0.21786,0.37306,0.18057,0.23586,0.37045
8159.9625,3,0.18803,0.19543,0.37435,0.18281,0.22373,0.37162
8159.9946,3,0.19905,0.16237,0.37373,0.18768,0.20532,0.37225
8160.0296,3,0.20353,0.13381,0.37362,0.19244,0.18387,0.37266
8160.0601,3,0.20754,0.09737,0.37307,0.19697,0.15792,0.37279
8160.0933,3,0.20564,0.05486,0.37230,0.19957,0.12700,0.37264
8160.1273,3,0.20654,0.01205,0.36928,0.20166,0.09252,0.37163
8160.1710,3,0.21075,-0.02948,0.36409,0.20439,0.05592,0.36937
8160.1897,3,0.20569,-0.06362,0.36103,0.20478,0.02006,0.36687
8160.2326,3,0.19964,-0.09861,0.35989,0.20324,-0.01554,0.36477
8160.2577,3,0.20024,-0.14171,0.36036,0.20234,-0.05340,0.36345
8160.2908,3,0.20997,-0.18047,0.35677,0.20463,-0.09152,0.36145
8160.3236,3,0.21809,-0.21278,0.35323,0.20866,-0.12790,0.35898
8160.3559,3,0.21233,-0.23813,0.35129,0.20976,-0.16097,0.35667
8160.3872,3,0.20891,-0.25960,0.35000,0.20951,-0.19056,0.35467
8160.4191,3,0.20786,-0.27708,0.34929,0.20901,-0.21651,0.35306
8160.4511,3,0.20350,-0.28820,0.35025,0.20736,-0.23802,0.35222
8160.4844,3,0.20084,-0.29752,0.35132,0.20540,-0.25587,0.35195
8160.5276,3,0.19923,-0.30186,0.35301,0.20355,-0.26967,0.35227
8160.5607,3,0.20059,-0.30120,0.35488,0.20266,-0.27913,0.35305
8160.5953,3,0.20134,-0.29848,0.35694,0.20227,-0.28493,0.35422
8160.6279,3,0.20353,-0.29520,0.35922,0.20264,-0.28801,0.35572
8160.6611,3,0.20596,-0.28967,0.36177,0.20364,-0.28851,0.35753
8160.6940,3,0.20735,-0.28435,0.36450,0.20475,-0.28726,0.35962
8160.7310,3,0.20634,-0.28047,0.36711,0.20523,-0.28523,0.36187
8160.7660,3,0.20599,-0.27764,0.36890,0.20546,-0.28295,0.36398
8160.8002,3,0.20144,-0.27483,0.37078,0.20425,-0.28051,0.36602
8160.8363,3,0.19854,-0.27146,0.37208,0.20254,-0.27780,0.36784
8160.8702,3,0.19886,-0.26728,0.37268,0.20143,-0.27464,0.36929
8160.9102,3,0.19806,-0.26474,0.37344,0.20042,-0.27167,0.37053
8160.9424,3,0.19937,-0.26300,0.37392,0.20011,-0.26907,0.37155
8160.9761,3,0.19893,-0.26226,0.37438,0.19976,-0.26703,0.37240
8161.0126,3,0.19952,-0.26147,0.37460,0.19968,-0.26536,0.37306
8161.0477,3,0.19952,-0.26055,0.37493,0.19963,-0.26392,0.37362
8161.0786,3,0.19923,-0.25948,0.37536,0.19951,-0.26258,0.37414
8161.1103,3,0.19994,-0.25739,0.37595,0.19964,-0.26103,0.37468
8161.1511,3,0.19881,-0.25553,0.37684,0.19939,-0.25938,0.37533
8161.1835,3,0.19908,-0.25177,0.37722,0.19930,-0.25709,0.37590
8161.2163,3,0.19969,-0.24399,0.37574,0.19942,-0.25316,0.37585
8161.2480,3,0.20213,-0.24342,0.37109,0.20023,-0.25024,0.37442
8161.2800,3,0.20561,-0.24176,0.36162,0.20185,-0.24769,0.37058
8161.3179,3,0.20079,-0.24170,0.34774,0.20153,-0.24590,0.36373
8161.3510,3,0.19521,-0.24517,0.32761,0.19963,-0.24568,0.35289
8161.3832,3,0.16995,-0.24785,0.30511,0.19073,-0.24633,0.33856
8161.4486,4,0.19484,-0.22653,0.21813,0.19196,-0.24039,0.30243
8161.4792,4,0.16657,-0.22629,0.19442,0.18435,-0.23616,0.27003
8161.5098,4,0.15866,-0.22619,0.16801,0.17664,-0.23317,0.23942
8161.5449,4,0.16517,-0.21449,0.14860,0.17320,-0.22756,0.21218
8161.5757,4,0.17186,-0.19884,0.13797,0.17280,-0.21895,0.18991
8161.6140,4,0.17421,-0.19245,0.13439,0.17322,-0.21100,0.17326
8161.6441,4,0.17256,-0.18728,0.13346,0.17302,-0.20388,0.16132
8161.6760,4,0.17155,-0.18056,0.13315,0.17258,-0.19689,0.15287
8161.7101,4,0.17252,-0.16864,0.13368,0.17256,-0.18841,0.14711
8161.7439,4,0.17712,-0.15005,0.13615,0.17393,-0.17690,0.14382
8161.7827,4,0.18123,-0.11966,0.14274,0.17612,-0.15973,0.14350
8161.8178,4,0.18473,-0.08283,0.15043,0.17871,-0.13666,0.14558
8161.8483,4,0.19011,-0.04018,0.15821,0.18213,-0.10772,0.14937
8161.8799,4,0.18845,0.00395,0.16450,0.18403,-0.07421,0.15391
8161.9256,4,0.19589,0.05799,0.17203,0.18759,-0.03455,0.15935
8161.9626,4,0.19920,0.09555,0.17341,0.19107,0.00448,0.16356
8161.9947,4,0.20184,0.12591,0.17246,0.19430,0.04091,0.16623
8162.0263,4,0.20378,0.14474,0.17081,0.19715,0.07206,0.16760
8162.0593,4,0.19916,0.15377,0.16987,0.19775,0.09657,0.16828
8162.0925,4,0.19901,0.16075,0.16929,0.19813,0.11583,0.16859
8162.1305,4,0.20300,0.16788,0.16887,0.19959,0.13144,0.16867
8162.1623,4,0.20829,0.17428,0.16897,0.20220,0.14429,0.16876
8162.1947,4,0.20815,0.18067,0.16975,0.20399,0.15520,0.16906
8162.2278,4,0.20541,0.18699,0.16990,0.20441,0.16474,0.16931
8162.2615,4,0.20764,0.19222,0.16910,0.20538,0.17298,0.16925
8162.2944,4,0.20830,0.19644,0.16758,0.20626,0.18002,0.16875
8162.3339,4,0.21136,0.20078,0.16525,0.20779,0.18625,0.16770
8162.3767,4,0.21388,0.20483,0.16333,0.20962,0.19182,0.16639
8162.4080,4,0.22011,0.21017,0.16111,0.21276,0.19733,0.16481
8162.4431,4,0.21996,0.21602,0.15982,0.21492,0.20294,0.16331
8162.4794,4,0.22624,0.22209,0.15812,0.21832,0.20868,0.16175
8162.5103,4,0.23101,0.22796,0.15620,0.22213,0.21447,0.16009
8162.5438,4,0.23652,0.23231,0.15508,0.22645,0.21982,0.15859
8162.5786,4,0.24063,0.23832,0.15542,0.23070,0.22537,0.15764
8162.6115,4,0.24929,0.24719,0.15800,0.23628,0.23191,0.15775
8162.6436,4,0.27444,0.26160,0.16940,0.24773,0.24082,0.16124
8162.6774,4,0.27558,0.25977,0.17513,0.25608,0.24651,0.16541
8162.7110,4,0.29159,0.24796,0.17890,0.26674,0.24694,0.16945
8162.7449,4,0.30393,0.22647,0.17537,0.27789,0.24080,0.17123
8162.7775,4,0.32739,0.17797,0.16582,0.29274,0.22195,0.16961
8163.3080,5,0.40000,0.20664,0.16077,0.32492,0.21736,0.16696
8163.3383,5,0.40000,0.15600,0.14400,0.34744,0.19895,0.16007
8163.4065,6,0.40000,0.00865,0.09641,0.36321,0.14186,0.14097
8163.4389,6,0.40000,0.00501,0.08757,0.37425,0.10080,0.12495
8163.4756,6,0.40000,0.00915,0.09665,0.38197,0.07331,0.11646
8163.5082,6,0.40000,0.02402,0.11339,0.38738,0.05852,0.11554
8163.5418,6,0.40000,0.05223,0.13139,0.39117,0.05663,0.12029
8163.5774,6,0.40000,0.07789,0.15205,0.39382,0.06301,0.12982
8163.6106,6,0.40000,0.11033,0.16819,0.39567,0.07720,0.14133
8163.6433,6,0.40000,0.13921,0.18415,0.39697,0.09581,0.15418
8163.6761,6,0.39268,0.14526,0.19893,0.39568,0.11064,0.16760
8163.7111,6,0.36864,0.14344,0.21000,0.38757,0.12048,0.18032
8163.7433,6,0.34641,0.13173,0.21813,0.37522,0.12385,0.19166
8163.7758,6,0.34081,0.10727,0.22063,0.36490,0.11888,0.20035
8163.8115,6,0.33281,0.07446,0.22116,0.35527,0.10555,0.20659
8163.8441,6,0.34373,0.04507,0.21292,0.35181,0.08741,0.20849
8163.8897,6,0.35333,0.01996,0.20676,0.35227,0.06718,0.20797
8163.9076,6,0.32337,0.00342,0.20144,0.34360,0.04805,0.20601
8163.9425,6,0.28221,-0.00524,0.20589,0.32518,0.03206,0.20598
8163.9785,6,0.25615,-0.00148,0.21430,0.30447,0.02200,0.20847
8164.0143,6,0.25209,0.00881,0.22418,0.28876,0.01804,0.21319
8164.0563,6,0.25812,0.02596,0.23528,0.27957,0.02042,0.21981
8164.0877,6,0.26737,0.04200,0.24348,0.27591,0.02689,0.22691
8164.1197,6,0.26828,0.05226,0.25168,0.27362,0.03450,0.23434
8164.1511,6,0.26576,0.05255,0.25712,0.27126,0.03992,0.24118
8164.1852,6,0.25738,0.03973,0.25962,0.26710,0.03986,0.24671
8164.2197,6,0.26883,0.01786,0.25391,0.26762,0.03326,0.24887
8164.2516,6,0.27695,-0.00937,0.24332,0.27042,0.02047,0.24720
8164.2818,6,0.27224,-0.01986,0.23266,0.27096,0.00837,0.24284
8164.3155,6,0.24659,-0.03027,0.22991,0.26365,-0.00322,0.23896
8164.3492,6,0.23215,-0.03052,0.23081,0.25420,-0.01141,0.23652
8164.3832,6,0.23590,-0.01737,0.23676,0.24871,-0.01320,0.23659
8164.4144,6,0.24412,0.00419,0.24600,0.24734,-0.00798,0.23941
8164.4456,6,0.25700,0.02419,0.25329,0.25023,0.00167,0.24358
8164.4775,6,0.26105,0.03912,0.25776,0.25348,0.01290,0.24783
8164.5112,6,0.25543,0.04655,0.25807,0.25407,0.02300,0.25090
8164.5434,6,0.26217,0.03197,0.25282,0.25650,0.02569,0.25148
8164.5779,6,0.25952,0.01006,0.24134,0.25740,0.02100,0.24844
8164.6085,6,0.27492,-0.00790,0.22472,0.26266,0.01233,0.24132
8164.6430,6,0.26386,-0.01895,0.21105,0.26302,0.00295,0.23224
8164.6789,6,0.24684,-0.02491,0.20835,0.25817,-0.00541,0.22508
8164.7098,6,0.23812,-0.01635,0.21173,0.25215,-0.00869,0.22107
8164.7431,6,0.24072,-0.00043,0.22058,0.24872,-0.00622,0.22092
8164.7788,6,0.25605,0.02113,0.23003,0.25092,0.00199,0.22366
8164.8128,6,0.26227,0.04581,0.23907,0.25433,0.01514,0.22828
8164.8446,6,0.27021,0.05653,0.24640,0.25909,0.02755,0.23372
8164.8781,6,0.26837,0.06407,0.25003,0.26187,0.03851,0.23861
8164.9102,6,0.26396,0.05707,0.25046,0.26250,0.04408,0.24216
8164.9448,6,0.26820,0.03662,0.24521,0.26421,0.04184,0.24308
8164.9753,6,0.26752,0.01207,0.23393,0.26520,0.03291,0.24033
8165.0206,6,0.27499,-0.00612,0.21795,0.26814,0.02120,0.23362
8165.0467,6,0.26899,-0.01834,0.20251,0.26840,0.00934,0.22428
8165.0836,6,0.24239,-0.02536,0.19853,0.26060,-0.00107,0.21656
8165.1173,6,0.22872,-0.02107,0.19966,0.25103,-0.00707,0.21149
8165.1508,6,0.22427,-0.01029,0.20512,0.24301,-0.00803,0.20958
8165.1815,6,0.23038,0.01073,0.21467,0.23922,-0.00241,0.21111
8165.2135,6,0.23972,0.03134,0.22433,0.23937,0.00772,0.21507
8165.2496,6,0.26195,0.04957,0.23150,0.24614,0.02027,0.22000
8165.2955,6,0.26805,0.06000,0.23809,0.25272,0.03219,0.22543
8165.3282,6,0.26636,0.06233,0.24282,0.25681,0.04123,0.23064
8165.3634,6,0.25875,0.04990,0.24360,0.25739,0.04383,0.23453
8165.3968,6,0.25677,0.01972,0.23778,0.25721,0.03660,0.23551
8165.4364,6,0.26023,-0.01878,0.22691,0.25811,0.01999,0.23293
8165.4731,6,0.25637,-0.05081,0.21168,0.25759,-0.00125,0.22655
8165.5069,6,0.26212,-0.07532,0.19272,0.25895,-0.02347,0.21640
8165.5422,6,0.25039,-0.09451,0.17786,0.25638,-0.04478,0.20484
8165.5857,6,0.24023,-0.10679,0.16966,0.25154,-0.06338,0.19429
8165.6204,6,0.23369,-0.10543,0.16787,0.24618,-0.07600,0.18636
8165.6547,6,0.23266,-0.09396,0.16938,0.24213,-0.08139,0.18127
8165.6938,6,0.24368,-0.07498,0.17123,0.24259,-0.07946,0.17826
8165.7298,6,0.24154,-0.05155,0.17299,0.24228,-0.07109,0.17668
8165.7636,6,0.23731,-0.03259,0.17398,0.24079,-0.05954,0.17587
8165.7946,6,0.21430,-0.02443,0.17453,0.23284,-0.04901,0.17547
8165.8259,6,0.21378,-0.03058,0.16985,0.22712,-0.04348,0.17378
8165.8590,6,0.21407,-0.05324,0.16262,0.22321,-0.04641,0.17043
8165.9043,6,0.21578,-0.07658,0.15124,0.22098,-0.05546,0.16467
8165.9219,6,0.22223,-0.10424,0.13775,0.22135,-0.07009,0.15660
8165.9531,6,0.22421,-0.12565,0.12391,0.22221,-0.08676,0.14679
8165.9958,6,0.21987,-0.14261,0.11098,0.22151,-0.10352,0.13605
8166.0159,6,0.20738,-0.15022,0.10541,0.21727,-0.11753,0.12686
8166.0584,6,0.20170,-0.15063,0.10383,0.21260,-0.12746,0.11995
8166.0766,6,0.20084,-0.14010,0.10564,0.20907,-0.13125,0.11566
8166.1092,6,0.20239,-0.12340,0.10924,0.20707,-0.12889,0.11373
8166.1460,6,0.19744,-0.10408,0.11454,0.20418,-0.12145,0.11397
8166.1789,6,0.19731,-0.09434,0.11984,0.20212,-0.11332,0.11573
8166.2122,6,0.17984,-0.09392,0.12754,0.19544,-0.10750,0.11928
8166.2499,6,0.17662,-0.09505,0.13336,0.18979,-0.10376,0.12350
8166.2843,6,0.18846,-0.10359,0.13442,0.18939,-0.10371,0.12678
8166.3179,6,0.19633,-0.11652,0.13042,0.19147,-0.10755,0.12787
8166.3494,6,0.19798,-0.12796,0.12633,0.19343,-0.11368,0.12741
8166.3800,6,0.18919,-0.13815,0.12240,0.19215,-0.12102,0.12591
8166.4220,6,0.18385,-0.13650,0.11999,0.18966,-0.12566,0.12413
8166.4402,6,0.17383,-0.12471,0.11981,0.18491,-0.12538,0.12284
8166.4741,6,0.17294,-0.09995,0.12038,0.18132,-0.11775,0.12210
8166.5075,6,0.17030,-0.06988,0.12132,0.17801,-0.10339,0.12186
8166.5410,6,0.16570,-0.03403,0.12177,0.17432,-0.08258,0.12183
8166.5841,6,0.16151,0.00444,0.12555,0.17048,-0.05647,0.12295
8166.6177,6,0.18878,0.02360,0.12465,0.17597,-0.03245,0.12346
8166.6512,6,0.20569,0.04033,0.12430,0.18488,-0.01062,0.12371
8166.6830,6,0.21131,0.04764,0.12386,0.19281,0.00686,0.12375
8166.7154,6,0.21642,0.05702,0.12007,0.19989,0.02191,0.12265
8166.7462,6,0.20896,0.07589,0.11777,0.20261,0.03810,0.12119
8166.7798,6,0.20930,0.10348,0.11959,0.20462,0.05772,0.12071
8166.8129,6,0.21391,0.13081,0.12032,0.20741,0.07964,0.12059
8166.8448,6,0.20105,0.16155,0.12592,0.20550,0.10422,0.12219
8166.8780,6,0.20189,0.18789,0.12960,0.20442,0.12932,0.12441
8166.9126,6,0.21041,0.21128,0.13121,0.20621,0.15391,0.12645
8166.9467,6,0.20807,0.21348,0.12997,0.20677,0.17178,0.12751
8166.9785,6,0.21025,0.20289,0.12480,0.20781,0.18111,0.12669
8167.0097,6,0.20824,0.19030,0.11801,0.20794,0.18387,0.12409
8167.0431,6,0.20006,0.18888,0.11502,0.20558,0.18537,0.12137
8167.0762,6,0.19054,0.20022,0.11787,0.20107,0.18983,0.12032
8167.1146,6,0.18695,0.21180,0.12238,0.19683,0.19642,0.12094
8167.1488,6,0.19290,0.22439,0.12523,0.19565,0.20481,0.12222
8167.1904,6,0.20117,0.24069,0.13055,0.19731,0.21557,0.12472
8167.2246,6,0.20508,0.24636,0.13409,0.19964,0.22481,0.12753
8167.2571,6,0.20681,0.24490,0.13627,0.20179,0.23083,0.13015
8167.2879,6,0.20787,0.23347,0.13639,0.20361,0.23162,0.13202
8167.3200,6,0.21238,0.22484,0.13397,0.20624,0.22959,0.13261
8167.3534,6,0.18618,0.22263,0.14062,0.20022,0.22750,0.13501
8167.3846,6,0.17980,0.22710,0.15411,0.19410,0.22738,0.14074
8167.4165,6,0.18525,0.23291,0.16761,0.19144,0.22904,0.14880
8167.4477,6,0.20633,0.24509,0.18409,0.19591,0.23385,0.15939
8167.4896,6,0.22308,0.25319,0.19931,0.20406,0.23966,0.17136
8167.5076,6,0.23397,0.25615,0.21534,0.21303,0.24460,0.18456
8167.5435,6,0.22736,0.25086,0.23112,0.21733,0.24648,0.19853
8167.5782,6,0.22641,0.24349,0.23994,0.22006,0.24558,0.21095
8167.6113,6,0.22335,0.23851,0.25011,0.22105,0.24346,0.22270
8167.6440,6,0.20980,0.23733,0.26844,0.21767,0.24162,0.23642
8167.6831,6,0.20231,0.23888,0.28965,0.21307,0.24080,0.25239
8167.7152,6,0.20216,0.23310,0.30758,0.20979,0.23849,0.26895
8167.7497,6,0.19431,0.22701,0.32271,0.20515,0.23505,0.28508
8167.7809,6,0.18785,0.22930,0.33746,0.19996,0.23332,0.30079
8167.8117,6,0.17887,0.23708,0.34972,0.19363,0.23445,0.31547
8167.8427,6,0.18829,0.24548,0.35382,0.19203,0.23776,0.32697
8167.8767,6,0.19589,0.24617,0.35629,0.19319,0.24028,0.33577
8167.9104,6,0.19907,0.24383,0.35430,0.19495,0.24135,0.34133
8167.9437,6,0.19708,0.24342,0.35426,0.19559,0.24197,0.34521
8167.9824,6,0.19474,0.24699,0.35877,0.19534,0.24347,0.34928
8168.0135,6,0.19675,0.25275,0.36654,0.19576,0.24626,0.35446
8168.0462,6,0.20509,0.25544,0.37186,0.19856,0.24901,0.35968
8168.0774,6,0.19351,0.25319,0.37677,0.19704,0.25027,0.36481
8168.1110,6,0.17445,0.25223,0.38071,0.19026,0.25086,0.36958
8168.1447,6,0.17873,0.24585,0.37847,0.18680,0.24935,0.37224
8168.1773,6,0.18668,0.22902,0.37431,0.18677,0.24325,0.37286
8168.2116,6,0.20157,0.20538,0.36433,0.19121,0.23189,0.37030
8168.2497,6,0.22024,0.17979,0.35143,0.19992,0.21626,0.36464
8168.2878,6,0.23511,0.15779,0.34183,0.21047,0.19872,0.35780
8168.3198,6,0.22183,0.13687,0.34564,0.21388,0.18016,0.35415
8168.3522,6,0.21673,0.12618,0.35643,0.21474,0.16397,0.35483
8168.3849,6,0.22957,0.11352,0.36327,0.21918,0.14883,0.35737
8168.4162,6,0.23685,0.09557,0.36636,0.22448,0.13285,0.36006
8168.4475,6,0.22820,0.06558,0.36953,0.22560,0.11267,0.36290
8168.4784,6,0.24070,0.02711,0.36201,0.23013,0.08700,0.36264
8168.5100,6,0.24105,-0.02430,0.35374,0.23341,0.05361,0.35997
8168.5547,6,0.24590,-0.05741,0.33877,0.23715,0.02031,0.35361
8168.5734,6,0.25766,-0.08727,0.32384,0.24331,-0.01197,0.34468
8168.6050,6,0.25300,-0.11518,0.32333,0.24621,-0.04293,0.33827
8168.6388,6,0.24571,-0.11671,0.33579,0.24606,-0.06507,0.33753
8168.6701,6,0.26089,-0.11008,0.34900,0.25051,-0.07857,0.34097
8168.7043,6,0.26605,-0.10404,0.36093,0.25517,-0.08621,0.34696
8168.7371,6,0.26072,-0.10440,0.36789,0.25683,-0.09167,0.35324
8168.7681,6,0.25375,-0.11688,0.36995,0.25591,-0.09923,0.35825
8168.8018,6,0.25127,-0.14819,0.36467,0.25452,-0.11392,0.36018
8168.8332,6,0.27564,-0.17510,0.35005,0.26085,-0.13227,0.35714
8168.8667,6,0.27351,-0.19967,0.33664,0.26465,-0.15249,0.35099
8168.8991,6,0.24257,-0.22026,0.33008,0.25803,-0.17282,0.34472
8168.9311,6,0.23292,-0.22704,0.33277,0.25049,-0.18909,0.34113
8168.9673,6,0.23704,-0.22665,0.34373,0.24646,-0.20035,0.34191
8169.0001,6,0.25877,-0.21379,0.35692,0.25015,-0.20438,0.34641
8169.0322,6,0.27160,-0.20310,0.36930,0.25659,-0.20400,0.35328
8169.0635,6,0.25769,-0.20114,0.37753,0.25692,-0.20314,0.36055
8169.0951,6,0.26050,-0.20771,0.37450,0.25799,-0.20451,0.36474
8169.1283,6,0.26889,-0.22640,0.36392,0.26126,-0.21108,0.36449
8169.1612,6,0.27129,-0.23243,0.34691,0.26427,-0.21748,0.35922
8169.1943,6,0.25671,-0.22821,0.33347,0.26200,-0.22070,0.35150
8169.2271,6,0.25964,-0.21251,0.32613,0.26129,-0.21824,0.34389
8169.2616,6,0.26922,-0.18153,0.32335,0.26367,-0.20723,0.33772
8169.3041,6,0.28316,-0.14875,0.31910,0.26952,-0.18969,0.33214
8169.3347,6,0.29304,-0.12720,0.30628,0.27657,-0.17094,0.32438
8169.3670,6,0.29384,-0.10354,0.28400,0.28175,-0.15072,0.31227
8169.3992,6,0.28909,-0.09760,0.25855,0.28395,-0.13479,0.29615
8169.4320,6,0.25714,-0.08584,0.23707,0.27591,-0.12010,0.27843
8169.4631,6,0.24975,-0.06977,0.22036,0.26806,-0.10500,0.26100
8169.4991,6,0.25786,-0.04915,0.22185,0.26500,-0.08825,0.24926
8169.5310,6,0.27606,-0.02495,0.22758,0.26832,-0.06926,0.24275
8169.5737,6,0.27142,0.00431,0.23341,0.26925,-0.04719,0.23995
8169.5920,6,0.26579,0.02316,0.23261,0.26821,-0.02608,0.23775
8169.6281,6,0.27351,0.01881,0.22178,0.26980,-0.01261,0.23296
8169.6692,6,0.27700,0.00483,0.20319,0.27196,-0.00738,0.22403
8169.7133,6,0.26555,-0.00102,0.17970,0.27004,-0.00547,0.21073
8169.7312,6,0.26105,0.00503,0.16294,0.26734,-0.00232,0.19639
8169.7629,6,0.26901,0.03029,0.16111,0.26784,0.00746,0.18581
8169.7953,6,0.27348,0.05533,0.16275,0.26954,0.02182,0.17889
8169.8343,6,0.26412,0.07861,0.16854,0.26791,0.03886,0.17579
8169.8684,6,0.26662,0.09541,0.17066,0.26752,0.05582,0.17425
8169.9096,6,0.26990,0.09289,0.16897,0.26824,0.06694,0.17266
8169.9407,6,0.28408,0.08303,0.16150,0.27299,0.07177,0.16932
8169.9747,6,0.28254,0.07237,0.15727,0.27585,0.07195,0.16570
8170.0079,6,0.27250,0.06451,0.15948,0.27485,0.06972,0.16384
8170.0448,6,0.27297,0.06333,0.16528,0.27428,0.06780,0.16427
8170.0771,6,0.26688,0.06805,0.17677,0.27206,0.06788,0.16802
8170.1131,6,0.26568,0.07521,0.18791,0.27015,0.07008,0.17399
8170.1469,6,0.26622,0.08230,0.19628,0.26897,0.07375,0.18067
8170.1788,6,0.27014,0.08210,0.20022,0.26932,0.07625,0.18654
8170.2105,6,0.27022,0.08208,0.20186,0.26959,0.07800,0.19113
8170.2446,6,0.27281,0.07845,0.20078,0.27056,0.07814,0.19403
8170.2842,6,0.26818,0.07542,0.20096,0.26985,0.07732,0.19611
8170.3187,6,0.26962,0.07568,0.20184,0.26978,0.07683,0.19783
8170.3494,6,0.26893,0.07741,0.20264,0.26952,0.07700,0.19927
8170.3823,6,0.26807,0.07743,0.20410,0.26909,0.07713,0.20072
8170.4163,6,0.26789,0.07865,0.20534,0.26873,0.07758,0.20211
8170.4487,6,0.26769,0.07806,0.20571,0.26842,0.07773,0.20319
8170.4824,6,0.26598,0.07521,0.20568,0.26769,0.07697,0.20394
8170.5142,6,0.26808,0.07274,0.20435,0.26780,0.07570,0.20406
8170.5451,6,0.26708,0.07191,0.20410,0.26759,0.07456,0.20407
8170.5764,6,0.26755,0.07246,0.20363,0.26758,0.07393,0.20394
8170.6092,6,0.26540,0.07128,0.20409,0.26692,0.07314,0.20398
8170.6429,6,0.26609,0.07281,0.20409,0.26667,0.07304,0.20402
8170.6777,6,0.26556,0.07197,0.20465,0.26634,0.07272,0.20420
8170.7126,6,0.26688,0.07149,0.20481,0.26650,0.07235,0.20438
8170.7437,6,0.26568,0.07167,0.20525,0.26626,0.07214,0.20464
8170.7756,6,0.26696,0.07142,0.20523,0.26647,0.07193,0.20482
8170.8102,6,0.26501,0.07274,0.20518,0.26603,0.07217,0.20493
8170.8456,6,0.26637,0.07287,0.20472,0.26613,0.07238,0.20487
8170.8796,6,0.26720,0.07474,0.20403,0.26645,0.07309,0.20461
8170.9145,6,0.26660,0.07500,0.20389,0.26650,0.07366,0.20440
8170.9468,6,0.26705,0.07554,0.20342,0.26666,0.07423,0.20410
8170.9802,6,0.26565,0.07639,0.20336,0.26636,0.07487,0.20388
8171.0128,6,0.26635,0.07627,0.20324,0.26636,0.07529,0.20369
8171.0553,6,0.26556,0.07722,0.20349,0.26612,0.07587,0.20363
8171.0937,6,0.26484,0.07725,0.20382,0.26573,0.07628,0.20369
8171.1289,6,0.26464,0.07811,0.20402,0.26541,0.07683,0.20379
8171.1625,6,0.26492,0.07827,0.20397,0.26526,0.07726,0.20384
8171.1960,6,0.26583,0.07839,0.20380,0.26543,0.07760,0.20383
8171.2297,6,0.26516,0.07849,0.20372,0.26535,0.07787,0.20380
8171.2680,6,0.26586,0.07904,0.20346,0.26550,0.07822,0.20369
8171.3020,6,0.26653,0.07979,0.20313,0.26581,0.07869,0.20353
8171.3343,6,0.26619,0.08021,0.20310,0.26592,0.07915,0.20340
8171.3674,6,0.26720,0.08040,0.20292,0.26631,0.07952,0.20326
8171.3993,6,0.26748,0.08046,0.20280,0.26666,0.07980,0.20312
8171.4397,6,0.26631,0.08107,0.20285,0.26656,0.08018,0.20304
8171.4738,6,0.26554,0.08162,0.20295,0.26625,0.08062,0.20301
8171.5076,6,0.26430,0.08147,0.20319,0.26566,0.08087,0.20307
8171.5399,6,0.26451,0.08211,0.20310,0.26532,0.08124,0.20307
8171.5715,6,0.26524,0.08223,0.20288,0.26529,0.08154,0.20302
8171.6082,6,0.26373,0.08204,0.20317,0.26482,0.08169,0.20306
8171.6422,6,0.26345,0.08209,0.20310,0.26441,0.08181,0.20307
8171.6782,6,0.26359,0.08187,0.20279,0.26416,0.08183,0.20299
8171.7131,6,0.26432,0.08212,0.20245,0.26421,0.08192,0.20283
8171.7454,6,0.26442,0.08224,0.20208,0.26427,0.08201,0.20260
8171.7788,6,0.26387,0.08169,0.20215,0.26415,0.08192,0.20247
8171.8145,6,0.26355,0.08176,0.20212,0.26397,0.08187,0.20236
8171.8481,6,0.26328,0.08198,0.20204,0.26376,0.08190,0.20227
8171.8857,6,0.26360,0.08172,0.20202,0.26372,0.08185,0.20219
8171.9223,6,0.26326,0.08169,0.20211,0.26358,0.08180,0.20217
8171.9544,6,0.26387,0.08191,0.20186,0.26367,0.08183,0.20207
8171.9883,6,0.26372,0.08163,0.20175,0.26368,0.08177,0.20198
8172.0204,6,0.26376,0.08197,0.20161,0.26371,0.08183,0.20187
8172.0517,6,0.26329,0.08209,0.20156,0.26358,0.08191,0.20177
8172.0834,6,0.26341,0.08155,0.20145,0.26353,0.08180,0.20168
8172.1168,6,0.26435,0.08157,0.20116,0.26378,0.08173,0.20152
8172.1528,6,0.26312,0.08154,0.20123,0.26358,0.08167,0.20143
8172.1870,6,0.26371,0.08148,0.20095,0.26362,0.08162,0.20129
8172.2190,6,0.26284,0.08160,0.20095,0.26339,0.08161,0.20119
8172.2502,6,0.26408,0.08167,0.20074,0.26360,0.08163,0.20105
8172.2824,6,0.26306,0.08170,0.20078,0.26343,0.08165,0.20097
8172.3160,6,0.26193,0.08178,0.20094,0.26298,0.08169,0.20096
8172.3511,6,0.26395,0.08183,0.20050,0.26327,0.08173,0.20082
8172.3868,6,0.26296,0.08204,0.20032,0.26318,0.08182,0.20067
8172.4194,6,0.26260,0.08178,0.20013,0.26301,0.08181,0.20051
8172.4513,6,0.26216,0.08172,0.19994,0.26275,0.08179,0.20034
8172.4840,6,0.26033,0.08125,0.20014,0.26203,0.08163,0.20028
8172.5145,6,0.26088,0.08115,0.20005,0.26168,0.08148,0.20021
8172.5461,6,0.26073,0.08136,0.20021,0.26140,0.08145,0.20021
8172.5787,6,0.26103,0.08089,0.20044,0.26129,0.08128,0.20028
8172.6139,6,0.26307,0.08101,0.20061,0.26182,0.08120,0.20038
8172.6472,6,0.26236,0.08101,0.20079,0.26198,0.08114,0.20050
8172.6836,6,0.26187,0.08060,0.20094,0.26195,0.08098,0.20063
8172.7145,6,0.26134,0.08031,0.20114,0.26177,0.08078,0.20079
8172.7543,6,0.26042,0.07940,0.20143,0.26136,0.08037,0.20098
8172.7847,6,0.26064,0.07923,0.20146,0.26115,0.08003,0.20112
8172.8168,6,0.26093,0.07932,0.20136,0.26108,0.07981,0.20119
8172.8497,6,0.26111,0.07960,0.20141,0.26109,0.07975,0.20126
8172.8805,6,0.26074,0.07928,0.20147,0.26098,0.07961,0.20132
8172.9117,6,0.26010,0.07934,0.20151,0.26072,0.07953,0.20138
8172.9450,6,0.25894,0.07921,0.20167,0.26018,0.07943,0.20147
8172.9769,6,0.25923,0.07875,0.20169,0.25990,0.07923,0.20153
8173.0129,6,0.25959,0.07903,0.20148,0.25980,0.07917,0.20152
8173.0458,6,0.25874,0.07905,0.20169,0.25948,0.07913,0.20157
8173.0777,6,0.25867,0.07883,0.20167,0.25924,0.07904,0.20160
8173.1107,6,0.25861,0.07902,0.20167,0.25905,0.07903,0.20162
8173.1483,6,0.25840,0.07872,0.20187,0.25885,0.07894,0.20169
8173.1799,6,0.25938,0.07897,0.20186,0.25901,0.07895,0.20174
8173.2168,6,0.25964,0.07944,0.20167,0.25920,0.07909,0.20172
8173.2529,6,0.25968,0.07963,0.20186,0.25934,0.07926,0.20177
8173.2877,6,0.25962,0.07981,0.20176,0.25943,0.07942,0.20176
8173.3192,6,0.26113,0.08032,0.20168,0.25994,0.07969,0.20174
8173.3526,6,0.26146,0.08037,0.20154,0.26039,0.07990,0.20168
8173.3938,6,0.26127,0.08068,0.20172,0.26066,0.08013,0.20169
8173.4266,6,0.26006,0.08076,0.20207,0.26048,0.08032,0.20180
8173.4689,6,0.26015,0.08118,0.20210,0.26038,0.08058,0.20189
8173.5031,6,0.26000,0.08131,0.20224,0.26027,0.08080,0.20200
8173.5429,6,0.25969,0.08092,0.20250,0.26009,0.08084,0.20215
8173.5783,6,0.25831,0.07999,0.20265,0.25956,0.08058,0.20230
8173.6118,6,0.26001,0.08039,0.20233,0.25969,0.08052,0.20231
8173.6432,6,0.26005,0.08089,0.20227,0.25980,0.08063,0.20230
8173.6792,6,0.25930,0.08067,0.20243,0.25965,0.08064,0.20234
8173.7110,6,0.25905,0.08094,0.20240,0.25947,0.08073,0.20236
8173.7434,6,0.25949,0.08114,0.20234,0.25948,0.08085,0.20235
8173.7764,6,0.25857,0.08131,0.20242,0.25921,0.08099,0.20237
8173.8121,6,0.25907,0.08066,0.20239,0.25917,0.08089,0.20238
8173.8462,6,0.25917,0.08031,0.20233,0.25917,0.08072,0.20236
8173.8789,6,0.26004,0.08034,0.20241,0.25943,0.08060,0.20238
8173.9123,6,0.25978,0.08004,0.20249,0.25953,0.08044,0.20241
8173.9459,6,0.25936,0.07982,0.20263,0.25948,0.08025,0.20248
8173.9803,6,0.25967,0.07995,0.20264,0.25954,0.08016,0.20253
8174.0144,6,0.25811,0.07984,0.20293,0.25911,0.08007,0.20265
8174.0476,6,0.25856,0.07960,0.20276,0.25894,0.07992,0.20268
8174.0793,6,0.25791,0.07927,0.20299,0.25863,0.07973,0.20277
8174.1131,6,0.25850,0.07935,0.20286,0.25859,0.07962,0.20280
8174.1450,6,0.25723,0.07924,0.20348,0.25818,0.07950,0.20300
8174.1766,6,0.25576,0.07878,0.20408,0.25746,0.07929,0.20333
8174.2119,6,0.25668,0.07829,0.20430,0.25722,0.07899,0.20362
8174.2436,6,0.25755,0.07765,0.20479,0.25732,0.07859,0.20397
8174.2769,6,0.25714,0.07732,0.20500,0.25727,0.07821,0.20428
8174.3108,6,0.25787,0.07753,0.20494,0.25745,0.07800,0.20448
8174.3518,6,0.25780,0.07828,0.20492,0.25755,0.07809,0.20461
8174.3916,6,0.25680,0.07809,0.20505,0.25733,0.07809,0.20474
8174.4225,6,0.25627,0.07862,0.20490,0.25701,0.07825,0.20479
8174.4551,6,0.25631,0.07857,0.20486,0.25680,0.07834,0.20481
8174.4873,6,0.25673,0.07914,0.20473,0.25678,0.07858,0.20479
8174.5181,6,0.25721,0.07939,0.20466,0.25691,0.07883,0.20475
8174.5504,6,0.25743,0.07960,0.20465,0.25707,0.07906,0.20472
8174.5845,6,0.25712,0.07934,0.20483,0.25708,0.07914,0.20475
8174.6167,6,0.25680,0.07980,0.20491,0.25700,0.07934,0.20480
8174.6480,6,0.25611,0.07976,0.20515,0.25673,0.07947,0.20491
8174.6812,6,0.25685,0.07992,0.20518,0.25677,0.07960,0.20499
8174.7135,6,0.25764,0.07998,0.20507,0.25703,0.07972,0.20501
8174.7452,6,0.25847,0.08050,0.20492,0.25746,0.07995,0.20498
8174.7763,6,0.25752,0.08028,0.20515,0.25748,0.08005,0.20503
8174.8100,6,0.25796,0.08030,0.20511,0.25762,0.08012,0.20506
8174.8427,6,0.25883,0.08077,0.20491,0.25798,0.08032,0.20501
8174.8757,6,0.25867,0.08102,0.20494,0.25819,0.08053,0.20499
8174.9106,6,0.25815,0.08143,0.20484,0.25818,0.08080,0.20495
8174.9421,6,0.25856,0.08289,0.20460,0.25829,0.08143,0.20484
8174.9770,6,0.26004,0.08489,0.20399,0.25882,0.08246,0.20459
8175.0103,6,0.26124,0.08925,0.20312,0.25954,0.08450,0.20415
8175.0428,6,0.26258,0.09665,0.20235,0.26046,0.08815,0.20361
8175.0771,6,0.26195,0.10469,0.20091,0.26090,0.09311,0.20280
8175.1137,6,0.26103,0.11628,0.19765,0.26094,0.10006,0.20125
8175.1457,6,0.25974,0.12798,0.19210,0.26058,0.10844,0.19851
8175.1796,6,0.25885,0.14186,0.18356,0.26006,0.11847,0.19402
8175.2162,6,0.25498,0.15375,0.17389,0.25854,0.12905,0.18798
8175.2478,6,0.24900,0.16551,0.16381,0.25568,0.13999,0.18073
8175.2788,6,0.23668,0.17702,0.15367,0.24998,0.15110,0.17261
8175.3100,6,0.22869,0.18441,0.14448,0.24359,0.16109,0.16417
8175.3494,6,0.21511,0.18874,0.13626,0.23505,0.16939,0.15580
8175.3821,6,0.19917,0.18914,0.13008,0.22428,0.17531,0.14809
8175.4153,6,0.18486,0.18911,0.12734,0.21246,0.17945,0.14186
8175.4462,6,0.17948,0.18993,0.12977,0.20256,0.18260,0.13824
8175.4855,6,0.17069,0.19756,0.13727,0.19300,0.18708,0.13795
8175.5179,6,0.17963,0.20230,0.14411,0.18899,0.19165,0.13980
8175.5536,6,0.18446,0.20580,0.15153,0.18763,0.19589,0.14332
8175.5863,6,0.18723,0.20249,0.15566,0.18751,0.19787,0.14702
8175.6176,6,0.19240,0.19977,0.15773,0.18898,0.19844,0.15023
8175.6498,6,0.19586,0.20136,0.15767,0.19104,0.19932,0.15246
8175.6831,6,0.19573,0.20533,0.15716,0.19245,0.20112,0.15387
8175.7165,6,0.19232,0.21147,0.15565,0.19241,0.20423,0.15440
8175.7499,6,0.19097,0.21579,0.15337,0.19198,0.20770,0.15410
8175.7843,6,0.18864,0.21751,0.15131,0.19097,0.21064,0.15326
8175.8165,6,0.19081,0.21874,0.14971,0.19093,0.21307,0.15219
8175.8497,6,0.19073,0.22079,0.14852,0.19087,0.21539,0.15109
8175.8835,6,0.19022,0.22289,0.14773,0.19067,0.21764,0.15009
8175.9172,6,0.19084,0.22529,0.14647,0.19072,0.21993,0.14900
8175.9513,6,0.19105,0.22775,0.14574,0.19082,0.22228,0.14802
8175.9844,6,0.19012,0.23045,0.14513,0.19061,0.22473,0.14716
8176.0165,6,0.18996,0.23085,0.14468,0.19042,0.22657,0.14641
8176.0497,6,0.19044,0.23147,0.14439,0.19042,0.22804,0.14581
8176.0816,6,0.19072,0.23058,0.14434,0.19051,0.22880,0.14537
8176.1129,6,0.19124,0.23069,0.14401,0.19073,0.22937,0.14496
8176.1466,6,0.19194,0.23124,0.14383,0.19109,0.22993,0.14462
8176.1798,6,0.19098,0.23272,0.14368,0.19106,0.23077,0.14434
8176.2139,6,0.19185,0.23304,0.14328,0.19130,0.23145,0.14402
8176.2473,6,0.18952,0.23462,0.14320,0.19076,0.23240,0.14378
8176.2809,6,0.18889,0.23520,0.14311,0.19020,0.23324,0.14358
8176.3137,6,0.18796,0.23650,0.14274,0.18953,0.23422,0.14332
8176.3507,6,0.18616,0.23831,0.14249,0.18852,0.23544,0.14307
8176.3839,6,0.18300,0.24022,0.14240,0.18686,0.23688,0.14287
8176.4162,6,0.18049,0.24238,0.14215,0.18495,0.23853,0.14265
8176.4496,6,0.18164,0.24190,0.14177,0.18396,0.23954,0.14239
8176.4818,6,0.18223,0.24047,0.14185,0.18344,0.23982,0.14223
8176.5132,6,0.18456,0.23957,0.14161,0.18378,0.23975,0.14204
8176.5532,6,0.18456,0.23913,0.14131,0.18401,0.23956,0.14182
8176.5854,6,0.18663,0.23844,0.14073,0.18480,0.23923,0.14149
8176.6175,6,0.18541,0.23811,0.14061,0.18498,0.23889,0.14123
8176.6507,6,0.18642,0.23810,0.14039,0.18542,0.23866,0.14097
8176.6835,6,0.18498,0.23804,0.14068,0.18528,0.23847,0.14089
8176.7160,6,0.18429,0.23856,0.14069,0.18499,0.23850,0.14083
8176.7494,6,0.18554,0.23788,0.14057,0.18515,0.23831,0.14075
8176.7822,6,0.18582,0.23756,0.14063,0.18535,0.23809,0.14072
8176.8156,6,0.18596,0.23755,0.14062,0.18554,0.23793,0.14069
8176.8493,6,0.18686,0.23791,0.14048,0.18593,0.23792,0.14063
8176.8811,6,0.18665,0.23734,0.14042,0.18615,0.23775,0.14056
8176.9194,6,0.18634,0.23752,0.14028,0.18620,0.23768,0.14048
8176.9548,6,0.18508,0.23784,0.14026,0.18587,0.23773,0.14041
8176.9906,6,0.18485,0.23784,0.14023,0.18556,0.23776,0.14036
8177.0219,6,0.18458,0.23741,0.14029,0.18527,0.23766,0.14034
8177.0539,6,0.18390,0.23747,0.14040,0.18486,0.23760,0.14036
8177.0863,6,0.18424,0.23777,0.14011,0.18467,0.23765,0.14028
8177.1235,6,0.18625,0.23770,0.13960,0.18515,0.23766,0.14008
8177.1668,6,0.18630,0.23766,0.13952,0.18549,0.23766,0.13991
8177.1983,6,0.18637,0.23684,0.13959,0.18575,0.23742,0.13982
8177.2308,6,0.18615,0.23690,0.13950,0.18587,0.23726,0.13972
8177.2636,6,0.18604,0.23659,0.13965,0.18592,0.23706,0.13970
8177.2957,6,0.18568,0.23629,0.13960,0.18585,0.23683,0.13967
8177.3283,6,0.18505,0.23638,0.13966,0.18561,0.23669,0.13967
8177.3622,6,0.18655,0.23680,0.13928,0.18589,0.23673,0.13955
8177.4020,6,0.18526,0.23654,0.13954,0.18570,0.23667,0.13955
8177.4329,6,0.18413,0.23682,0.13956,0.18523,0.23672,0.13955
8177.4649,6,0.18421,0.23636,0.13953,0.18492,0.23661,0.13954
8177.4984,6,0.18351,0.23651,0.13929,0.18450,0.23658,0.13947
8177.5323,6,0.18282,0.23683,0.13930,0.18400,0.23666,0.13942
8177.5640,6,0.18595,0.23742,0.13862,0.18458,0.23688,0.13918
8177.5977,6,0.18412,0.23725,0.13841,0.18444,0.23699,0.13895
8177.6300,6,0.18496,0.23729,0.13820,0.18460,0.23708,0.13872
8177.6608,6,0.18407,0.23766,0.13811,0.18444,0.23726,0.13854
8177.6945,6,0.18466,0.23720,0.13791,0.18450,0.23724,0.13835
8177.7277,6,0.18452,0.23648,0.13790,0.18451,0.23701,0.13822
8177.7593,6,0.18409,0.23729,0.13787,0.18439,0.23710,0.13811
8177.7950,6,0.18427,0.23670,0.13809,0.18435,0.23698,0.13811
8177.8273,6,0.18510,0.23709,0.13807,0.18457,0.23701,0.13810
8177.8631,6,0.18420,0.23754,0.13827,0.18446,0.23717,0.13815
8177.8998,6,0.18440,0.23752,0.13846,0.18444,0.23727,0.13824
8177.9337,6,0.18497,0.23742,0.13823,0.18460,0.23732,0.13824
8177.9699,6,0.18446,0.23696,0.13846,0.18456,0.23721,0.13830
8178.0044,6,0.18412,0.23735,0.13832,0.18443,0.23725,0.13831
8178.0382,6,0.18417,0.23741,0.13829,0.18435,0.23730,0.13830
8178.0693,6,0.18374,0.23755,0.13823,0.18417,0.23738,0.13828
8178.1024,6,0.18512,0.23812,0.13791,0.18445,0.23760,0.13817
8178.1355,6,0.18401,0.23781,0.13816,0.18432,0.23766,0.13817
8178.1671,6,0.18319,0.23847,0.13810,0.18398,0.23791,0.13815
8178.2001,6,0.18330,0.23856,0.13794,0.18378,0.23810,0.13809
8178.2430,6,0.18357,0.23871,0.13782,0.18371,0.23828,0.13800
8178.2793,6,0.18431,0.23843,0.13772,0.18389,0.23833,0.13792
8178.3119,6,0.18395,0.23825,0.13760,0.18391,0.23830,0.13783
8178.3441,6,0.18405,0.23874,0.13755,0.18395,0.23843,0.13774
8178.3786,6,0.18486,0.23864,0.13740,0.18423,0.23849,0.13764
8178.4182,6,0.18436,0.23801,0.13736,0.18427,0.23835,0.13755
8178.4516,6,0.18548,0.23878,0.13706,0.18463,0.23848,0.13741
8178.4851,6,0.18401,0.23856,0.13713,0.18444,0.23850,0.13732
8178.5189,6,0.18452,0.23862,0.13699,0.18447,0.23854,0.13722
8178.5512,6,0.18569,0.23776,0.13684,0.18483,0.23831,0.13711
8178.5900,6,0.18569,0.23797,0.13676,0.18509,0.23820,0.13700
8178.6216,6,0.18556,0.23836,0.13669,0.18523,0.23825,0.13691
8178.6561,6,0.18468,0.23839,0.13683,0.18507,0.23829,0.13689
8178.6892,6,0.18509,0.23872,0.13673,0.18508,0.23842,0.13684
8178.7204,6,0.18713,0.23826,0.13659,0.18569,0.23837,0.13677
8178.7521,6,0.18515,0.23804,0.13687,0.18553,0.23827,0.13680
8178.7872,6,0.18523,0.23716,0.13706,0.18544,0.23794,0.13688
8178.8246,6,0.18478,0.23742,0.13688,0.18524,0.23778,0.13688
8178.8561,6,0.18622,0.23745,0.13655,0.18553,0.23768,0.13678
8178.8876,6,0.18577,0.23671,0.13666,0.18561,0.23739,0.13674
8178.9196,6,0.18515,0.23703,0.13667,0.18547,0.23728,0.13672
8178.9536,6,0.18534,0.23669,0.13670,0.18543,0.23711,0.13671
8178.9853,6,0.18616,0.23702,0.13653,0.18565,0.23708,0.13666
8179.0218,6,0.18671,0.23699,0.13650,0.18597,0.23706,0.13661
8179.0557,6,0.18492,0.23697,0.13687,0.18565,0.23703,0.13669
8179.0915,6,0.18503,0.23728,0.13706,0.18547,0.23710,0.13680
8179.1282,6,0.18556,0.23707,0.13712,0.18549,0.23709,0.13690
8179.1642,6,0.18455,0.23678,0.13735,0.18521,0.23700,0.13703
8179.1947,6,0.18489,0.23717,0.13722,0.18511,0.23705,0.13709
8179.2327,6,0.18518,0.23631,0.13724,0.18513,0.23683,0.13713
8179.2642,6,0.18393,0.23700,0.13730,0.18477,0.23688,0.13718
8179.2956,6,0.18509,0.23732,0.13701,0.18487,0.23701,0.13713
8179.3269,6,0.18480,0.23730,0.13697,0.18485,0.23710,0.13708
8179.3654,6,0.18602,0.23746,0.13689,0.18520,0.23721,0.13703
8179.4024,6,0.18653,0.23695,0.13693,0.18560,0.23713,0.13700
8179.4340,6,0.18468,0.23699,0.13720,0.18532,0.23709,0.13706
8179.4656,6,0.18519,0.23684,0.13704,0.18528,0.23701,0.13705
8179.4999,6,0.18498,0.23692,0.13712,0.18519,0.23698,0.13707
8179.5307,6,0.18580,0.23734,0.13693,0.18537,0.23709,0.13703
8179.5617,6,0.18570,0.23711,0.13690,0.18547,0.23710,0.13699
8179.5953,6,0.18505,0.23732,0.13686,0.18535,0.23717,0.13695
8179.6297,6,0.18594,0.23739,0.13671,0.18552,0.23723,0.13688
8179.6652,6,0.18653,0.23736,0.13665,0.18583,0.23727,0.13681
8179.6967,6,0.18553,0.23703,0.13688,0.18574,0.23720,0.13683
8179.7310,6,0.18568,0.23753,0.13675,0.18572,0.23730,0.13681
8179.7634,6,0.18501,0.23724,0.13676,0.18551,0.23728,0.13679
8179.7955,6,0.18538,0.23695,0.13677,0.18547,0.23718,0.13678
8179.8275,6,0.18554,0.23730,0.13649,0.18549,0.23722,0.13670
8179.8619,6,0.18545,0.23725,0.13652,0.18548,0.23723,0.13664
8179.8957,6,0.18618,0.23703,0.13651,0.18569,0.23717,0.13660
8179.9270,6,0.18641,0.23698,0.13647,0.18591,0.23711,0.13656
8179.9593,6,0.18598,0.23657,0.13677,0.18593,0.23695,0.13663
8180.0030,6,0.18614,0.23634,0.13661,0.18599,0.23677,0.13662
8180.0355,6,0.18584,0.23641,0.13656,0.18595,0.23666,0.13660
8180.0697,6,0.18697,0.23672,0.13634,0.18626,0.23668,0.13652
8180.1011,6,0.18610,0.23674,0.13644,0.18621,0.23670,0.13650
8180.1342,6,0.18660,0.23697,0.13640,0.18633,0.23678,0.13647
8180.1669,6,0.18584,0.23701,0.13656,0.18618,0.23685,0.13650
8180.1991,6,0.18626,0.23674,0.13663,0.18621,0.23682,0.13654
8180.2308,6,0.18592,0.23701,0.13666,0.18612,0.23687,0.13657
8180.2691,6,0.18638,0.23694,0.13668,0.18620,0.23689,0.13660
8180.3054,6,0.18716,0.23690,0.13661,0.18649,0.23689,0.13661
8180.3402,6,0.18728,0.23712,0.13648,0.18672,0.23696,0.13657
8180.3727,6,0.18772,0.23668,0.13644,0.18702,0.23688,0.13653
8180.4047,6,0.18706,0.23676,0.13660,0.18703,0.23684,0.13655
8180.4452,6,0.18580,0.23710,0.13664,0.18666,0.23692,0.13658
8180.4768,6,0.18506,0.23699,0.13675,0.18618,0.23694,0.13663
8180.5113,6,0.18464,0.23747,0.13661,0.18572,0.23710,0.13662
8180.5447,6,0.18600,0.23715,0.13635,0.18580,0.23712,0.13654
8180.5759,6,0.18520,0.23717,0.13633,0.18562,0.23713,0.13648
8180.6110,6,0.18630,0.23721,0.13626,0.18582,0.23716,0.13641
8180.6431,6,0.18635,0.23691,0.13628,0.18598,0.23708,0.13637
8180.6771,6,0.18648,0.23669,0.13631,0.18613,0.23697,0.13636
8180.7095,6,0.18476,0.23707,0.13662,0.18572,0.23700,0.13644
8180.7524,6,0.18523,0.23765,0.13642,0.18557,0.23719,0.13643
8180.7892,6,0.18510,0.23680,0.13666,0.18543,0.23707,0.13650
8180.8235,6,0.18526,0.23783,0.13658,0.18538,0.23730,0.13653
8180.8585,6,0.18511,0.23757,0.13667,0.18530,0.23738,0.13657
8180.8999,6,0.18461,0.23687,0.13676,0.18509,0.23723,0.13663
8180.9326,6,0.18565,0.23694,0.13660,0.18526,0.23714,0.13662
8180.9682,6,0.18502,0.23727,0.13662,0.18519,0.23718,0.13662
8181.0013,6,0.18603,0.23711,0.13650,0.18544,0.23716,0.13659
8181.0437,6,0.18612,0.23720,0.13641,0.18564,0.23717,0.13653
8181.0760,6,0.18674,0.23712,0.13631,0.18597,0.23716,0.13647
8181.1111,6,0.18512,0.23728,0.13657,0.18572,0.23719,0.13650
8181.1430,6,0.18513,0.23732,0.13661,0.18554,0.23723,0.13653
8181.1785,6,0.18527,0.23688,0.13660,0.18546,0.23713,0.13655
8181.2104,6,0.18526,0.23768,0.13667,0.18540,0.23729,0.13659
8181.2429,6,0.18575,0.23805,0.13660,0.18550,0.23752,0.13659
8181.2827,6,0.18646,0.23792,0.13660,0.18579,0.23764,0.13659
8181.3153,6,0.18592,0.23769,0.13666,0.18583,0.23766,0.13661
8181.3469,6,0.18646,0.23816,0.13648,0.18602,0.23781,0.13657
8181.3789,6,0.18663,0.23759,0.13668,0.18620,0.23774,0.13660
8181.4117,6,0.18708,0.23778,0.13648,0.18647,0.23775,0.13657
8181.4434,6,0.18625,0.23772,0.13664,0.18640,0.23774,0.13659
8181.4845,6,0.18638,0.23818,0.13651,0.18639,0.23787,0.13657
8181.5177,6,0.18716,0.23805,0.13631,0.18662,0.23793,0.13649
8181.5511,6,0.18669,0.23726,0.13628,0.18664,0.23773,0.13643
8181.5821,6,0.18653,0.23784,0.13624,0.18661,0.23776,0.13637
8181.6129,6,0.18684,0.23721,0.13634,0.18668,0.23760,0.13636
8181.6495,6,0.18705,0.23689,0.13638,0.18679,0.23739,0.13637
8181.6804,6,0.18693,0.23727,0.13637,0.18683,0.23735,0.13637
8181.7119,6,0.18756,0.23788,0.13628,0.18705,0.23751,0.13634
8181.7440,6,0.18781,0.23751,0.13616,0.18728,0.23751,0.13629
8181.7774,6,0.18765,0.23707,0.13629,0.18739,0.23738,0.13629
8181.8089,6,0.18794,0.23794,0.13607,0.18756,0.23755,0.13622
8181.8420,6,0.18834,0.23735,0.13612,0.18779,0.23749,0.13619
8181.8761,6,0.18857,0.23711,0.13607,0.18803,0.23738,0.13616
8181.9097,6,0.18721,0.23712,0.13628,0.18778,0.23730,0.13619
8181.9450,6,0.18612,0.23681,0.13649,0.18728,0.23715,0.13628
8181.9767,6,0.18763,0.23758,0.13617,0.18739,0.23728,0.13625
8182.0098,6,0.18852,0.23784,0.13638,0.18773,0.23745,0.13629
8182.0500,6,0.18746,0.23909,0.13654,0.18765,0.23794,0.13636
8182.0897,6,0.18304,0.24002,0.13724,0.18626,0.23857,0.13663
8182.1216,6,0.18288,0.24055,0.13745,0.18525,0.23916,0.13687
8182.1534,6,0.18334,0.24191,0.13758,0.18467,0.23998,0.13708
8182.1845,6,0.18592,0.24052,0.13756,0.18505,0.24014,0.13723
8182.2172,6,0.18665,0.24103,0.13714,0.18553,0.24041,0.13720
8182.2504,6,0.18518,0.24050,0.13702,0.18542,0.24044,0.13715
8182.2839,6,0.18555,0.24001,0.13651,0.18546,0.24031,0.13696
8182.3153,6,0.18492,0.23971,0.13597,0.18530,0.24013,0.13666
8182.3487,6,0.18425,0.23816,0.13572,0.18498,0.23954,0.13638
8182.3802,6,0.18526,0.23748,0.13560,0.18507,0.23892,0.13614
8182.4119,6,0.18617,0.23659,0.13578,0.18540,0.23822,0.13603
8182.4443,6,0.18862,0.23638,0.13618,0.18636,0.23767,0.13608
8182.4822,6,0.18775,0.23611,0.13718,0.18678,0.23720,0.13641
8182.5254,6,0.18741,0.23739,0.13814,0.18697,0.23726,0.13693
8182.5553,6,0.18801,0.23803,0.13855,0.18728,0.23749,0.13741
8182.5838,6,0.18660,0.23813,0.13946,0.18708,0.23768,0.13803
8182.6137,6,0.18807,0.23972,0.13931,0.18737,0.23829,0.13841
8182.6427,6,0.18824,0.23909,0.13963,0.18763,0.23853,0.13878
8182.6747,6,0.18738,0.23851,0.13983,0.18756,0.23853,0.13909
8182.7040,6,0.18766,0.23845,0.13967,0.18759,0.23850,0.13927
8182.7340,6,0.18782,0.23798,0.13957,0.18766,0.23835,0.13936
8182.7626,6,0.18651,0.23842,0.13956,0.18731,0.23837,0.13942
8182.7932,6,0.18682,0.23834,0.13936,0.18717,0.23836,0.13940
8182.8246,6,0.18669,0.23901,0.13901,0.18702,0.23855,0.13928
8182.8524,6,0.18451,0.24048,0.13904,0.18627,0.23913,0.13921
8182.8817,6,0.18446,0.24229,0.13882,0.18573,0.24008,0.13909
8182.9116,6,0.18463,0.24277,0.13884,0.18540,0.24088,0.13902
8182.9445,6,0.18597,0.24352,0.13846,0.18557,0.24168,0.13885
8182.9733,6,0.18635,0.24304,0.13831,0.18580,0.24209,0.13869
8183.0038,6,0.18643,0.24282,0.13809,0.18599,0.24231,0.13851
8183.0336,6,0.18577,0.24347,0.13777,0.18593,0.24266,0.13829
8183.0626,6,0.18535,0.24315,0.13760,0.18575,0.24280,0.13808
8183.0920,6,0.18496,0.24361,0.13761,0.18552,0.24305,0.13794
8183.1243,6,0.18609,0.24382,0.13746,0.18569,0.24328,0.13780
8183.1541,6,0.18437,0.24355,0.13799,0.18529,0.24336,0.13785
8183.1833,6,0.18450,0.24452,0.13779,0.18505,0.24371,0.13784
8183.2123,6,0.18521,0.24417,0.13758,0.18510,0.24385,0.13776
8183.2408,6,0.18559,0.24498,0.13719,0.18525,0.24419,0.13759
8183.2719,6,0.18604,0.24423,0.13684,0.18549,0.24420,0.13736
8183.3018,6,0.18433,0.24419,0.13660,0.18514,0.24419,0.13713
8183.3339,6,0.18564,0.24285,0.13632,0.18529,0.24379,0.13689
8183.3640,6,0.18606,0.24212,0.13621,0.18552,0.24329,0.13669
8183.4021,6,0.18671,0.24216,0.13605,0.18588,0.24295,0.13649
8183.4340,6,0.18611,0.24106,0.13643,0.18595,0.24238,0.13648
8183.4652,6,0.18619,0.24130,0.13638,0.18602,0.24206,0.13645
8183.5008,6,0.18653,0.24159,0.13619,0.18617,0.24192,0.13637
8183.5343,6,0.18673,0.24190,0.13575,0.18634,0.24191,0.13619
8183.5701,6,0.18662,0.24192,0.13532,0.18642,0.24191,0.13593
8183.6123,6,0.18616,0.24246,0.13474,0.18635,0.24208,0.13557
8183.6413,6,0.18660,0.24156,0.13447,0.18642,0.24192,0.13524
8183.6704,6,0.18886,0.24254,0.13426,0.18715,0.24211,0.13495
8183.7017,6,0.19036,0.24117,0.13475,0.18811,0.24183,0.13489
8183.7439,6,0.19221,0.24263,0.13501,0.18934,0.24207,0.13492
8183.7736,6,0.19338,0.24348,0.13600,0.19055,0.24249,0.13525
8183.8019,6,0.19310,0.24578,0.13803,0.19132,0.24348,0.13608
8183.8329,6,0.19354,0.24826,0.14088,0.19198,0.24491,0.13752
8183.8680,6,0.19650,0.25056,0.14397,0.19334,0.24661,0.13946
8183.9040,6,0.19870,0.25352,0.14770,0.19495,0.24868,0.14193
8183.9377,6,0.19948,0.25582,0.15220,0.19631,0.25082,0.14501
8183.9714,6,0.20050,0.25695,0.15731,0.19757,0.25266,0.14870
8184.0031,6,0.20512,0.25889,0.16241,0.19983,0.25453,0.15281
8184.0348,6,0.20641,0.26104,0.16829,0.20180,0.25648,0.15746
8184.0681,6,0.20865,0.26486,0.17481,0.20386,0.25900,0.16266
8184.1004,6,0.21437,0.26677,0.18087,0.20701,0.26133,0.16812
8184.1348,6,0.21935,0.26966,0.18732,0.21071,0.26383,0.17388
8184.1672,6,0.22413,0.27202,0.19406,0.21474,0.26629,0.17993
8184.2058,6,0.22734,0.27484,0.20077,0.21852,0.26885,0.18619
8184.2387,6,0.23111,0.27763,0.20760,0.22230,0.27148,0.19261
8184.2702,6,0.23032,0.28049,0.21426,0.22470,0.27419,0.19910
8184.3039,6,0.23612,0.28311,0.21924,0.22813,0.27686,0.20515
8184.3363,6,0.23914,0.28559,0.22434,0.23143,0.27948,0.21090
8184.3688,6,0.24095,0.28976,0.22922,0.23429,0.28257,0.21640
8184.3997,6,0.24564,0.29399,0.23372,0.23769,0.28599,0.22159
8184.4338,6,0.25178,0.29848,0.23845,0.24192,0.28974,0.22665
8184.4668,6,0.25469,0.30165,0.24361,0.24575,0.29331,0.23174
8184.5036,6,0.25688,0.30280,0.24844,0.24909,0.29616,0.23675
8184.5376,6,0.25950,0.30252,0.25377,0.25221,0.29807,0.24185
8184.5702,6,0.25936,0.30236,0.25930,0.25436,0.29936,0.24709
8184.6084,6,0.25964,0.30092,0.26543,0.25594,0.29982,0.25259
8184.6399,6,0.26373,0.30067,0.27105,0.25828,0.30008,0.25813
8184.6748,6,0.26554,0.30099,0.27715,0.26046,0.30035,0.26384
8184.7057,6,0.26929,0.29982,0.28259,0.26311,0.30019,0.26946
8184.7373,6,0.27234,0.29894,0.28781,0.26588,0.29982,0.27497
8184.7694,6,0.27487,0.29500,0.29233,0.26858,0.29837,0.28018
8184.8031,6,0.27863,0.28958,0.29559,0.27159,0.29573,0.28480
8184.8368,6,0.27773,0.28001,0.29815,0.27343,0.29102,0.28880
8184.8687,6,0.27491,0.27039,0.30128,0.27388,0.28483,0.29255
8184.9023,6,0.27163,0.26160,0.30465,0.27320,0.27786,0.29618
8184.9441,6,0.26935,0.25104,0.30872,0.27205,0.26981,0.29994
8184.9757,6,0.27391,0.24020,0.31196,0.27261,0.26093,0.30355
8185.0131,6,0.27724,0.23006,0.31594,0.27400,0.25167,0.30727
8185.0491,6,0.28032,0.21898,0.32008,0.27590,0.24186,0.31111
8185.0825,6,0.28348,0.20531,0.32321,0.27817,0.23090,0.31474
8185.1141,6,0.28457,0.19364,0.32633,0.28009,0.21972,0.31822
8185.1543,6,0.28050,0.18067,0.32857,0.28021,0.20800,0.32132
8185.1874,6,0.28201,0.16594,0.32945,0.28075,0.19539,0.32376
8185.2187,6,0.28524,0.15309,0.32941,0.28210,0.18270,0.32546
8185.2517,6,0.28651,0.13919,0.32829,0.28342,0.16964,0.32631
8185.2881,6,0.28632,0.12766,0.32696,0.28429,0.15705,0.32650
8185.3192,6,0.28841,0.11429,0.32533,0.28553,0.14422,0.32615
8185.3589,6,0.28777,0.10029,0.32468,0.28620,0.13104,0.32571
8185.3970,6,0.28306,0.08735,0.32510,0.28526,0.11793,0.32553
8185.4285,6,0.28070,0.07774,0.32517,0.28389,0.10587,0.32542
8185.4604,6,0.28207,0.06788,0.32448,0.28334,0.09447,0.32514
8185.4981,6,0.27994,0.05762,0.32460,0.28232,0.08342,0.32498
8185.5368,6,0.27940,0.04946,0.32464,0.28145,0.07323,0.32488
8185.5688,6,0.28288,0.04126,0.32364,0.28188,0.06364,0.32451
8185.6005,6,0.28373,0.03317,0.32344,0.28243,0.05450,0.32419
8185.6321,6,0.28651,0.02740,0.32355,0.28366,0.04637,0.32400
8185.6642,6,0.28202,0.01882,0.32537,0.28317,0.03810,0.32441
8185.6972,6,0.28254,0.01202,0.32639,0.28298,0.03028,0.32500
8185.7287,6,0.28754,0.00497,0.32709,0.28434,0.02269,0.32563
8185.7607,6,0.29294,-0.00403,0.32804,0.28692,0.01467,0.32635
8185.7934,6,0.29042,-0.01480,0.32966,0.28797,0.00583,0.32735
8185.8258,6,0.28618,-0.02212,0.33193,0.28743,-0.00256,0.32872
8185.8598,6,0.28446,-0.03061,0.33348,0.28654,-0.01097,0.33015
8185.8922,6,0.28117,-0.03675,0.33469,0.28493,-0.01871,0.33151
8185.9348,6,0.28046,-0.04452,0.33541,0.28359,-0.02645,0.33268
8185.9663,6,0.28260,-0.05200,0.33554,0.28329,-0.03411,0.33354
8185.9996,6,0.28365,-0.05998,0.33646,0.28340,-0.04187,0.33442
8186.0327,6,0.28500,-0.06940,0.33759,0.28388,-0.05013,0.33537
8186.0665,6,0.28412,-0.07868,0.34015,0.28395,-0.05870,0.33680
8186.1002,6,0.28468,-0.08805,0.34256,0.28417,-0.06750,0.33853
8186.1380,6,0.28333,-0.09821,0.34561,0.28392,-0.07671,0.34065
8186.1696,6,0.28272,-0.10843,0.34843,0.28356,-0.08623,0.34299
8186.2024,6,0.28647,-0.11749,0.35008,0.28443,-0.09561,0.34511
8186.2365,6,0.28835,-0.12718,0.35309,0.28561,-0.10508,0.34751
8186.2724,6,0.29000,-0.13852,0.35535,0.28693,-0.11511,0.34986
8186.3054,6,0.28932,-0.14697,0.35761,0.28765,-0.12467,0.35219
8186.3396,6,0.28584,-0.15086,0.35933,0.28710,-0.13252,0.35433
8186.3743,6,0.28778,-0.15141,0.36154,0.28731,-0.13819,0.35649
8186.4065,6,0.29138,-0.15514,0.36565,0.28853,-0.14328,0.35924
8186.4407,6,0.29872,-0.15520,0.37132,0.29159,-0.14685,0.36286
8186.4798,6,0.30482,-0.15434,0.37560,0.29556,-0.14910,0.36669
8186.5123,6,0.30606,-0.15331,0.37978,0.29871,-0.15036,0.37061
8186.5466,6,0.30549,-0.15300,0.38232,0.30074,-0.15115,0.37413
8186.5848,6,0.30317,-0.15357,0.38270,0.30147,-0.15188,0.37670
8186.6166,6,0.30897,-0.15576,0.38051,0.30372,-0.15304,0.37784
8186.6477,6,0.30727,-0.15686,0.37851,0.30479,-0.15419,0.37804
8186.6806,6,0.30577,-0.15792,0.37672,0.30508,-0.15531,0.37765
8186.7163,6,0.30242,-0.15723,0.37600,0.30428,-0.15589,0.37715
8186.7479,6,0.30747,-0.15672,0.37411,0.30524,-0.15613,0.37624
8186.7809,6,0.30745,-0.15611,0.37324,0.30590,-0.15613,0.37534
8186.8121,6,0.31037,-0.15405,0.37229,0.30724,-0.15550,0.37443
8186.8444,6,0.31388,-0.15319,0.37189,0.30923,-0.15481,0.37366
8186.8766,6,0.31789,-0.14914,0.37154,0.31183,-0.15311,0.37303
8186.9087,6,0.31930,-0.14409,0.37173,0.31407,-0.15040,0.37264
8186.9429,6,0.32072,-0.13846,0.37103,0.31606,-0.14682,0.37216
8186.9770,6,0.32416,-0.13399,0.36890,0.31849,-0.14297,0.37118
8187.0096,6,0.32447,-0.12946,0.36581,0.32029,-0.13892,0.36957
8187.0426,6,0.32517,-0.12715,0.36146,0.32175,-0.13539,0.36714
8187.0755,6,0.32437,-0.12599,0.35524,0.32254,-0.13257,0.36357
8187.1095,6,0.32054,-0.12232,0.34841,0.32194,-0.12950,0.35902
8187.1436,6,0.31993,-0.12184,0.34129,0.32134,-0.12720,0.35370
8187.1756,6,0.31654,-0.12165,0.33347,0.31990,-0.12553,0.34763
8187.2112,6,0.31309,-0.12295,0.32612,0.31786,-0.12476,0.34118
8187.2453,6,0.31073,-0.12337,0.31926,0.31572,-0.12434,0.33461
8187.2776,6,0.30903,-0.12444,0.31178,0.31371,-0.12437,0.32776
8187.3088,6,0.30817,-0.12685,0.30397,0.31205,-0.12512,0.32062
8187.3439,6,0.30345,-0.12795,0.29704,0.30947,-0.12597,0.31355
8187.3765,6,0.30290,-0.13140,0.28922,0.30750,-0.12760,0.30625
8187.4186,6,0.29973,-0.13128,0.28236,0.30517,-0.12870,0.29908
8187.4499,6,0.29702,-0.13158,0.27681,0.30273,-0.12957,0.29240
8187.4857,6,0.29634,-0.13323,0.27223,0.30081,-0.13066,0.28635
8187.5167,6,0.29682,-0.13403,0.26807,0.29961,-0.13168,0.28087
8187.5481,6,0.29654,-0.13598,0.26450,0.29869,-0.13297,0.27595
8187.5806,6,0.29838,-0.13691,0.26016,0.29860,-0.13415,0.27122
8187.6124,6,0.29989,-0.13693,0.25537,0.29898,-0.13498,0.26646
8187.6452,6,0.29969,-0.13873,0.25075,0.29920,-0.13611,0.26175
8187.6777,6,0.30197,-0.13832,0.24651,0.30003,-0.13677,0.25718
8187.7142,6,0.30215,-0.13890,0.24302,0.30067,-0.13741,0.25293
8187.7559,6,0.30043,-0.13925,0.23986,0.30060,-0.13796,0.24901
8187.7942,6,0.29974,-0.13928,0.23674,0.30034,-0.13836,0.24533
8187.8285,6,0.29773,-0.13866,0.23346,0.29956,-0.13845,0.24177
8187.8614,6,0.29488,-0.13848,0.23032,0.29815,-0.13846,0.23833
8187.8920,6,0.29184,-0.13710,0.22789,0.29626,-0.13805,0.23520
8187.9314,6,0.29159,-0.13590,0.22495,0.29486,-0.13741,0.23213
8187.9620,6,0.29066,-0.13373,0.22230,0.29360,-0.13630,0.22918
8187.9968,6,0.28902,-0.13265,0.21979,0.29223,-0.13521,0.22636
8188.0284,6,0.28954,-0.13003,0.21712,0.29142,-0.13365,0.22359
8188.0618,6,0.28714,-0.12853,0.21434,0.29014,-0.13212,0.22082
8188.0952,6,0.28826,-0.12669,0.21106,0.28957,-0.13049,0.21789
8188.1267,6,0.28847,-0.12416,0.20724,0.28924,-0.12859,0.21470
8188.1602,6,0.28463,-0.12336,0.20423,0.28786,-0.12702,0.21156
8188.1928,6,0.28425,-0.12241,0.20108,0.28677,-0.12564,0.20841
8188.2282,6,0.27895,-0.12187,0.19917,0.28443,-0.12451,0.20564
8188.2637,6,0.27829,-0.12165,0.19743,0.28259,-0.12365,0.20318
8188.2968,6,0.27728,-0.12367,0.19587,0.28099,-0.12366,0.20099
8188.3296,6,0.27371,-0.12542,0.19518,0.27881,-0.12419,0.19924
8188.3619,6,0.26944,-0.12759,0.19522,0.27600,-0.12521,0.19804
8188.3996,6,0.26837,-0.12827,0.19541,0.27371,-0.12613,0.19725
8188.4305,6,0.26752,-0.12674,0.19586,0.27185,-0.12631,0.19683
8188.4665,6,0.26559,-0.12447,0.19606,0.26997,-0.12576,0.19660
8188.4979,6,0.26436,-0.12283,0.19615,0.26829,-0.12488,0.19647
8188.5301,6,0.26580,-0.12215,0.19573,0.26754,-0.12406,0.19625
8188.5638,6,0.26565,-0.12060,0.19571,0.26697,-0.12302,0.19608
8188.5963,6,0.26763,-0.12032,0.19533,0.26717,-0.12221,0.19586
8188.6305,6,0.26800,-0.11950,0.19515,0.26742,-0.12140,0.19564
8188.6633,6,0.26937,-0.11817,0.19490,0.26800,-0.12043,0.19542
8188.7069,6,0.26945,-0.11838,0.19498,0.26844,-0.11982,0.19529
8188.7392,6,0.26907,-0.11801,0.19522,0.26863,-0.11927,0.19527
8188.7806,6,0.26969,-0.11795,0.19529,0.26895,-0.11888,0.19527
8188.8124,6,0.26904,-0.11770,0.19545,0.26897,-0.11852,0.19533
8188.8502,6,0.26936,-0.11716,0.19543,0.26909,-0.11811,0.19536
8188.8826,6,0.27001,-0.11701,0.19519,0.26937,-0.11778,0.19531
8188.9142,6,0.27080,-0.11640,0.19499,0.26980,-0.11737,0.19521
8188.9503,6,0.27218,-0.11524,0.19476,0.27051,-0.11673,0.19508
8188.9837,6,0.27244,-0.11376,0.19483,0.27109,-0.11584,0.19500
8189.0172,6,0.27212,-0.11303,0.19472,0.27140,-0.11500,0.19492
8189.0495,6,0.27229,-0.11245,0.19446,0.27167,-0.11423,0.19478
8189.0829,6,0.27116,-0.11186,0.19443,0.27151,-0.11352,0.19467
8189.1162,6,0.27152,-0.11104,0.19444,0.27151,-0.11278,0.19460
8189.1485,6,0.27201,-0.11027,0.19469,0.27166,-0.11202,0.19463
8189.1807,6,0.27399,-0.10879,0.19501,0.27236,-0.11105,0.19474
8189.2140,6,0.27692,-0.10868,0.19519,0.27373,-0.11034,0.19488
8189.2478,6,0.27998,-0.10695,0.19506,0.27560,-0.10933,0.19493
8189.2800,6,0.28614,-0.10538,0.19409,0.27876,-0.10814,0.19468
8189.3125,6,0.28757,-0.10439,0.19411,0.28141,-0.10702,0.19451
8189.3445,6,0.29262,-0.10230,0.19366,0.28477,-0.10560,0.19426
8189.3777,6,0.29768,-0.10009,0.19310,0.28864,-0.10395,0.19391
8189.4110,6,0.30108,-0.09924,0.19306,0.29237,-0.10254,0.19366
8189.4547,6,0.30519,-0.09753,0.19281,0.29622,-0.10103,0.19340
8189.4932,6,0.31040,-0.09517,0.19237,0.30047,-0.09928,0.19309
8189.5284,6,0.31302,-0.09334,0.19183,0.30424,-0.09750,0.19271
8189.5619,6,0.31835,-0.09147,0.19102,0.30847,-0.09569,0.19221
8189.5938,6,0.32381,-0.08949,0.18993,0.31307,-0.09383,0.19152
8189.6272,6,0.32778,-0.08778,0.18941,0.31748,-0.09201,0.19089
8189.6659,6,0.33221,-0.08537,0.18895,0.32190,-0.09002,0.19031
8189.7014,6,0.33609,-0.08408,0.18838,0.32616,-0.08824,0.18973
8189.7346,6,0.33897,-0.08345,0.18822,0.33000,-0.08680,0.18928
8189.7675,6,0.34174,-0.08282,0.18802,0.33352,-0.08561,0.18890
8189.8029,6,0.34437,-0.08253,0.18804,0.33678,-0.08468,0.18864
8189.8390,6,0.34753,-0.08141,0.18765,0.34000,-0.08370,0.18834
8189.8725,6,0.34955,-0.08087,0.18757,0.34287,-0.08285,0.18811
8189.9045,6,0.35120,-0.08202,0.18783,0.34537,-0.08260,0.18803
8189.9386,6,0.35646,-0.08049,0.18800,0.34869,-0.08197,0.18802
8189.9699,6,0.35647,-0.08164,0.18939,0.35103,-0.08187,0.18843
8190.0052,6,0.35872,-0.08108,0.19056,0.35333,-0.08164,0.18907
8190.0401,6,0.36230,-0.08124,0.19427,0.35602,-0.08152,0.19063
8190.0719,6,0.37014,-0.08053,0.19612,0.36026,-0.08122,0.19228
8190.1048,6,0.37471,-0.07903,0.19853,0.36459,-0.08056,0.19415
8190.1371,6,0.38169,-0.07621,0.19978,0.36972,-0.07926,0.19584
8190.1676,6,0.38729,-0.07491,0.20082,0.37499,-0.07795,0.19734
8190.1988,6,0.39447,-0.07434,0.20171,0.38084,-0.07687,0.19865
8190.2293,6,0.39795,-0.07523,0.20300,0.38597,-0.07638,0.19995
8190.2603,6,0.40000,-0.07528,0.20419,0.39018,-0.07605,0.20122
8190.2918,6,0.40000,-0.07835,0.20479,0.39313,-0.07674,0.20229
8190.3261,6,0.40000,-0.07765,0.20594,0.39519,-0.07701,0.20339
8190.3609,6,0.40000,-0.08064,0.20706,0.39663,-0.07810,0.20449
8190.3924,6,0.40000,-0.07930,0.20765,0.39764,-0.07846,0.20544
8190.4318,6,0.40000,-0.08178,0.20787,0.39835,-0.07946,0.20617
8190.4675,6,0.40000,-0.07948,0.20760,0.39884,-0.07946,0.20660
8190.5065,6,0.40000,-0.07956,0.20620,0.39919,-0.07949,0.20648
8190.5375,6,0.40000,-0.08252,0.20575,0.39943,-0.08040,0.20626
8190.5705,6,0.40000,-0.07883,0.20452,0.39960,-0.07993,0.20574
8190.6020,6,0.40000,-0.08030,0.20337,0.39972,-0.08004,0.20503
8190.6472,6,0.40000,-0.07964,0.20226,0.39981,-0.07992,0.20420
8190.6792,6,0.40000,-0.08192,0.20135,0.39986,-0.08052,0.20334
8190.7120,6,0.40000,-0.08184,0.20094,0.39990,-0.08092,0.20262
8190.7460,6,0.40000,-0.08174,0.19999,0.39993,-0.08116,0.20183
8190.7806,6,0.40000,-0.08185,0.19979,0.39995,-0.08137,0.20122
8190.8139,6,0.40000,-0.08054,0.19944,0.39997,-0.08112,0.20069
8190.8467,6,0.40000,-0.07889,0.19901,0.39998,-0.08045,0.20018
8190.8786,6,0.40000,-0.07844,0.19855,0.39998,-0.07985,0.19969
8190.9100,6,0.40000,-0.07820,0.19784,0.39999,-0.07935,0.19914
8190.9424,6,0.40000,-0.07641,0.19803,0.39999,-0.07847,0.19880
8190.9755,6,0.40000,-0.07544,0.19873,0.39999,-0.07756,0.19878
8191.0094,6,0.40000,-0.07472,0.19893,0.40000,-0.07671,0.19883
8191.0489,6,0.40000,-0.07427,0.19952,0.40000,-0.07598,0.19903
8191.0861,6,0.40000,-0.07271,0.19995,0.40000,-0.07500,0.19931
8191.1190,6,0.40000,-0.07178,0.20021,0.40000,-0.07403,0.19958
8191.1506,6,0.40000,-0.07219,0.20042,0.40000,-0.07348,0.19983
8191.1832,6,0.40000,-0.06816,0.19954,0.40000,-0.07188,0.19974
8191.2214,6,0.40000,-0.06589,0.19991,0.40000,-0.07009,0.19979
8191.2529,6,0.40000,-0.06369,0.19976,0.40000,-0.06817,0.19978
8191.2926,6,0.40000,-0.06095,0.19955,0.40000,-0.06600,0.19971
8191.3262,6,0.40000,-0.05932,0.19909,0.40000,-0.06400,0.19953
8191.3620,6,0.40000,-0.05803,0.19755,0.40000,-0.06221,0.19893
8191.3964,6,0.40000,-0.05486,0.19608,0.40000,-0.06000,0.19808
8191.4327,6,0.40000,-0.05321,0.19531,0.40000,-0.05796,0.19725
8191.4673,6,0.40000,-0.05223,0.19369,0.40000,-0.05624,0.19618
8191.5006,6,0.40000,-0.05114,0.19165,0.40000,-0.05471,0.19482
8191.5350,6,0.40000,-0.04803,0.19019,0.40000,-0.05271,0.19343
8191.5683,6,0.40000,-0.04593,0.18823,0.40000,-0.05067,0.19187
8191.6002,6,0.40000,-0.04532,0.18621,0.40000,-0.04907,0.19017
8191.6406,6,0.40000,-0.04240,0.18564,0.40000,-0.04707,0.18881
8191.6788,6,0.40000,-0.04181,0.18522,0.40000,-0.04549,0.18773
8191.7103,6,0.40000,-0.03581,0.18429,0.40000,-0.04258,0.18670
8191.7429,6,0.40000,-0.03356,0.18248,0.40000,-0.03988,0.18543
8191.7837,6,0.40000,-0.03019,0.17996,0.40000,-0.03697,0.18379
8191.8201,6,0.40000,-0.01867,0.17752,0.40000,-0.03148,0.18191
8191.8530,6,0.40000,-0.01672,0.17632,0.40000,-0.02705,0.18023
8191.8845,6,0.40000,-0.01452,0.17503,0.40000,-0.02329,0.17867
8191.9168,6,0.40000,-0.01340,0.17433,0.40000,-0.02032,0.17737
8191.9500,6,0.40000,-0.00868,0.17429,0.40000,-0.01683,0.17645
8191.9841,6,0.40000,-0.00894,0.17284,0.40000,-0.01446,0.17536
8192.0169,6,0.40000,-0.00462,0.17225,0.40000,-0.01151,0.17443
8192.0487,6,0.40000,-0.00284,0.16992,0.40000,-0.00891,0.17308
8192.0795,6,0.40000,-0.00108,0.16753,0.40000,-0.00656,0.17141
8192.1132,6,0.40000,0.00175,0.16464,0.40000,-0.00407,0.16938
8192.1439,6,0.40000,0.00196,0.16236,0.40000,-0.00226,0.16727
8192.1761,6,0.40000,0.00187,0.16012,0.40000,-0.00102,0.16513
8192.2102,6,0.40000,0.00065,0.15775,0.40000,-0.00052,0.16291
8192.2434,6,0.40000,0.00549,0.15707,0.40000,0.00128,0.16116
8192.2759,6,0.40000,0.00624,0.15570,0.40000,0.00277,0.15952
8192.3110,6,0.40000,0.00812,0.15351,0.40000,0.00438,0.15772
8192.3439,6,0.40000,0.00849,0.15315,0.40000,0.00561,0.15635
8192.3806,6,0.40000,0.01136,0.15280,0.40000,0.00733,0.15528
8192.4135,6,0.40000,0.01328,0.15399,0.40000,0.00912,0.15490
8192.4515,6,0.40000,0.01303,0.15583,0.40000,0.01029,0.15518
8192.4836,6,0.40000,0.01132,0.15811,0.40000,0.01060,0.15605
8192.5196,6,0.40000,0.00959,0.16043,0.40000,0.01030,0.15737
8192.5531,6,0.40000,0.00852,0.16324,0.40000,0.00976,0.15913
8192.5848,6,0.40000,0.00790,0.16578,0.40000,0.00920,0.16112
8192.6188,6,0.40000,0.00786,0.16801,0.40000,0.00880,0.16319
8192.6515,6,0.40000,0.00779,0.16924,0.40000,0.00850,0.16501
8192.6912,6,0.40000,0.01090,0.16979,0.40000,0.00922,0.16644
8192.7219,6,0.40000,0.01350,0.17026,0.40000,0.01050,0.16759
8192.7588,6,0.40000,0.01545,0.17114,0.40000,0.01199,0.16865
8192.7914,6,0.40000,0.02066,0.17256,0.40000,0.01459,0.16982
8192.8277,6,0.40000,0.02313,0.17430,0.40000,0.01715,0.17117
8192.8588,6,0.40000,0.02573,0.17577,0.40000,0.01973,0.17255
8192.8939,6,0.40000,0.02749,0.17658,0.40000,0.02206,0.17376
8192.9276,6,0.40000,0.03019,0.17700,0.40000,0.02450,0.17473
8192.9634,6,0.40000,0.03287,0.17676,0.40000,0.02701,0.17534
8192.9975,6,0.40000,0.03521,0.17579,0.40000,0.02947,0.17547
8193.0331,6,0.40000,0.04051,0.17509,0.40000,0.03278,0.17536
8193.0650,6,0.40000,0.04276,0.17461,0.40000,0.03577,0.17514
8193.0979,6,0.40000,0.04490,0.17344,0.40000,0.03851,0.17463
8193.1303,6,0.40000,0.04646,0.17296,0.40000,0.04090,0.17413
8193.1627,6,0.40000,0.04826,0.17280,0.40000,0.04310,0.17373
8193.2008,6,0.40000,0.05098,0.17235,0.40000,0.04547,0.17332
8193.2341,6,0.40000,0.05210,0.17162,0.40000,0.04746,0.17281
8193.2725,6,0.40000,0.05372,0.17007,0.40000,0.04933,0.17199
8193.3036,6,0.40000,0.05665,0.16943,0.40000,0.05153,0.17122
8193.3375,6,0.40000,0.05939,0.16903,0.40000,0.05389,0.17056
8193.3707,6,0.40000,0.06169,0.16874,0.40000,0.05623,0.17001
8193.4053,6,0.40000,0.06264,0.16979,0.40000,0.05815,0.16995
8193.4408,6,0.40000,0.06247,0.17360,0.40000,0.05945,0.17105
8193.4765,6,0.40000,0.06170,0.17541,0.40000,0.06012,0.17235
8193.5156,6,0.40000,0.06043,0.17788,0.40000,0.06022,0.17401
8193.5573,6,0.40000,0.05952,0.17982,0.40000,0.06001,0.17575
8193.5901,6,0.40000,0.05721,0.18288,0.40000,0.05917,0.17789
8193.6272,6,0.40000,0.05542,0.18517,0.40000,0.05805,0.18008
8193.6637,6,0.40000,0.05412,0.18832,0.40000,0.05687,0.18255
8193.6967,6,0.40000,0.05408,0.19108,0.40000,0.05603,0.18511
8193.7309,6,0.40000,0.05096,0.19401,0.40000,0.05451,0.18778
8193.7645,6,0.40000,0.04946,0.19695,0.40000,0.05300,0.19053
8193.7978,6,0.40000,0.04865,0.19961,0.40000,0.05169,0.19325
8193.8311,6,0.40000,0.04792,0.20185,0.40000,0.05056,0.19583
8193.8636,6,0.40000,0.04736,0.20350,0.40000,0.04960,0.19813
8193.8966,6,0.40000,0.04645,0.20466,0.40000,0.04865,0.20009
8193.9279,6,0.40000,0.04469,0.20551,0.40000,0.04746,0.20172
8193.9638,6,0.40000,0.04402,0.20608,0.40000,0.04643,0.20303
8193.9964,6,0.40000,0.04293,0.20691,0.40000,0.04538,0.20419
8194.0286,6,0.40000,0.04157,0.20772,0.40000,0.04424,0.20525
8194.0664,6,0.40000,0.04047,0.20853,0.40000,0.04311,0.20624
8194.1020,6,0.40000,0.03928,0.20984,0.40000,0.04196,0.20732
8194.1335,6,0.40000,0.03648,0.21079,0.40000,0.04032,0.20836
8194.1652,6,0.40000,0.03554,0.21109,0.40000,0.03888,0.20918
8194.1981,6,0.40000,0.03283,0.21193,0.40000,0.03707,0.21000
8194.2304,6,0.40000,0.03206,0.21232,0.40000,0.03556,0.21070
8194.2615,6,0.40000,0.02962,0.21303,0.40000,0.03378,0.21140
8194.2927,6,0.40000,0.02804,0.21379,0.40000,0.03206,0.21212
8194.3260,6,0.40000,0.02729,0.21419,0.40000,0.03063,0.21274
8194.3703,6,0.40000,0.02512,0.21403,0.40000,0.02898,0.21312
8194.4027,6,0.40000,0.02392,0.21420,0.40000,0.02746,0.21345
8194.4372,6,0.40000,0.02210,0.21446,0.40000,0.02585,0.21375
8194.4686,6,0.40000,0.01989,0.21442,0.40000,0.02406,0.21395
8194.5005,6,0.40000,0.01973,0.21438,0.40000,0.02276,0.21408
8194.5361,6,0.39888,0.01684,0.21450,0.39966,0.02099,0.21421
8194.5722,6,0.39773,0.01617,0.21335,0.39908,0.01954,0.21395
8194.6042,6,0.39463,0.01631,0.21286,0.39775,0.01857,0.21362
8194.6350,6,0.39025,0.01598,0.21250,0.39550,0.01779,0.21329
8194.6673,6,0.38757,0.01427,0.21188,0.39312,0.01674,0.21286
8194.6983,6,0.38532,0.01480,0.21183,0.39078,0.01615,0.21255
8194.7304,6,0.38257,0.01283,0.21184,0.38832,0.01516,0.21234
8194.7617,6,0.38005,0.01333,0.21177,0.38584,0.01461,0.21217
8194.7973,6,0.37732,0.01158,0.21221,0.38328,0.01370,0.21218
8194.8299,6,0.37624,0.01093,0.21207,0.38117,0.01287,0.21215
8194.8638,6,0.37559,0.01002,0.21255,0.37950,0.01202,0.21227
8194.8971,6,0.37415,0.00921,0.21252,0.37789,0.01117,0.21234
8194.9303,6,0.37026,0.00963,0.21294,0.37560,0.01071,0.21252
8194.9648,6,0.36884,0.00837,0.21295,0.37357,0.01001,0.21265
8194.9994,6,0.36911,0.00708,0.21273,0.37223,0.00913,0.21267
8195.0328,6,0.36709,0.00686,0.21322,0.37069,0.00845,0.21284
8195.0667,6,0.36526,0.00695,0.21364,0.36906,0.00800,0.21308
8195.0983,6,0.36276,0.00634,0.21416,0.36717,0.00750,0.21340
8195.1310,6,0.35882,0.00548,0.21493,0.36467,0.00690,0.21386
8195.1702,6,0.35753,0.00481,0.21511,0.36253,0.00627,0.21424
8195.2019,6,0.35439,0.00451,0.21562,0.36008,0.00574,0.21465
8195.2365,6,0.35463,0.00371,0.21615,0.35845,0.00513,0.21510
8195.2742,6,0.35239,0.00397,0.21675,0.35663,0.00478,0.21560
8195.3060,6,0.35007,0.00311,0.21749,0.35466,0.00428,0.21616
8195.3371,6,0.34709,0.00371,0.21855,0.35239,0.00411,0.21688
8195.3689,6,0.34431,0.00241,0.21880,0.34996,0.00360,0.21746
8195.3995,6,0.34226,0.00205,0.21920,0.34765,0.00314,0.21798
8195.4331,6,0.33881,0.00120,0.21974,0.34500,0.00256,0.21851
8195.4639,6,0.33715,0.00112,0.22017,0.34265,0.00212,0.21901
8195.4972,6,0.33513,0.00103,0.22046,0.34039,0.00180,0.21944
8195.5310,6,0.33212,0.00003,0.22119,0.33791,0.00126,0.21997
8195.5641,6,0.32918,0.00185,0.22197,0.33529,0.00144,0.22057
8195.5980,6,0.32832,0.00269,0.22261,0.33320,0.00182,0.22118
8195.6314,6,0.32586,0.00390,0.22326,0.33100,0.00244,0.22180
8195.6642,6,0.32185,0.00635,0.22427,0.32825,0.00361,0.22254
8195.6950,6,0.31768,0.00763,0.22507,0.32508,0.00482,0.22330
8195.7271,6,0.31398,0.00921,0.22580,0.32175,0.00614,0.22405
8195.7582,6,0.30847,0.01145,0.22656,0.31777,0.00773,0.22480
8195.7940,6,0.30832,0.01347,0.22638,0.31493,0.00945,0.22528
8195.8257,6,0.30411,0.01433,0.22663,0.31169,0.01092,0.22568
8195.8637,6,0.29986,0.01632,0.22695,0.30814,0.01254,0.22606
8195.8986,6,0.29351,0.01792,0.22764,0.30375,0.01415,0.22654
8195.9355,6,0.29226,0.01833,0.22856,0.30030,0.01541,0.22714
8195.9677,6,0.28786,0.02022,0.22980,0.29657,0.01685,0.22794
8196.0005,6,0.28592,0.02237,0.23101,0.29338,0.01851,0.22886
8196.0327,6,0.28598,0.02415,0.23160,0.29116,0.02020,0.22968
8196.0638,6,0.28098,0.02793,0.23307,0.28810,0.02252,0.23070
8196.0970,6,0.27688,0.03156,0.23400,0.28474,0.02523,0.23169
8196.1277,6,0.27317,0.03619,0.23523,0.28127,0.02852,0.23275
8196.1595,6,0.27205,0.04004,0.23641,0.27850,0.03197,0.23385
8196.1932,6,0.26743,0.04391,0.23832,0.27518,0.03555,0.23519
8196.2274,6,0.26389,0.04828,0.23995,0.27179,0.03937,0.23662
8196.2595,6,0.26110,0.05334,0.24161,0.26858,0.04356,0.23812
8196.2982,6,0.25694,0.05928,0.24364,0.26509,0.04828,0.23977
8196.3331,6,0.25488,0.06539,0.24521,0.26203,0.05341,0.24140
8196.3658,6,0.25301,0.07232,0.24641,0.25932,0.05908,0.24291
8196.3987,6,0.24755,0.07879,0.24809,0.25579,0.06500,0.24446
8196.4292,6,0.24822,0.08483,0.24920,0.25352,0.07095,0.24588
8196.4686,6,0.24277,0.09304,0.25130,0.25029,0.07758,0.24751
8196.5015,6,0.24094,0.09955,0.25288,0.24749,0.08417,0.24912
8196.5325,6,0.23654,0.10620,0.25431,0.24420,0.09078,0.25068
8196.5665,6,0.23507,0.11363,0.25524,0.24147,0.09763,0.25205
8196.5989,6,0.23120,0.12050,0.25659,0.23839,0.10449,0.25341
8196.6336,6,0.23007,0.12636,0.25759,0.23589,0.11105,0.25466
8196.6664,6,0.22776,0.13201,0.25860,0.23345,0.11734,0.25584
8196.6993,6,0.22360,0.13876,0.26013,0.23050,0.12377,0.25713
8196.7325,6,0.22080,0.14422,0.26120,0.22759,0.12990,0.25835
8196.7676,6,0.21825,0.15207,0.26237,0.22479,0.13655,0.25956
8196.7990,6,0.21754,0.15921,0.26307,0.22261,0.14335,0.26061
8196.8344,6,0.21409,0.16669,0.26435,0.22006,0.15035,0.26173
8196.8660,6,0.21228,0.17227,0.26501,0.21772,0.15693,0.26271
8196.8995,6,0.21054,0.17885,0.26579,0.21557,0.16350,0.26364
8196.9332,6,0.21087,0.18490,0.26634,0.21416,0.16992,0.26445
8196.9652,6,0.20763,0.19136,0.26728,0.21220,0.17636,0.26530
8197.0002,6,0.20692,0.19707,0.26816,0.21061,0.18257,0.26616
8197.0307,6,0.20484,0.20392,0.26877,0.20888,0.18897,0.26694
8197.0622,6,0.20510,0.20958,0.26881,0.20775,0.19516,0.26750
8197.0947,6,0.20203,0.21560,0.26913,0.20603,0.20129,0.26799
8197.1285,6,0.20175,0.22098,0.26900,0.20475,0.20720,0.26829
8197.1664,6,0.20363,0.22763,0.26861,0.20441,0.21333,0.26839
8197.2013,6,0.20354,0.23292,0.26815,0.20415,0.21920,0.26832
8197.2383,6,0.20358,0.23746,0.26788,0.20398,0.22468,0.26819
8197.2713,6,0.20076,0.24135,0.26767,0.20301,0.22968,0.26803
8197.3109,6,0.20009,0.24514,0.26679,0.20214,0.23432,0.26766
8197.3439,6,0.20084,0.24917,0.26552,0.20175,0.23877,0.26702
8197.3778,6,0.20145,0.25360,0.26375,0.20166,0.24322,0.26604
8197.4101,6,0.20067,0.25747,0.26229,0.20136,0.24750,0.26491
8197.4431,6,0.20324,0.26110,0.26027,0.20192,0.25158,0.26352
8197.4865,6,0.20157,0.26470,0.25856,0.20182,0.25551,0.26203
8197.5227,6,0.20343,0.26908,0.25713,0.20230,0.25958,0.26056
8197.5566,6,0.20357,0.27231,0.25612,0.20268,0.26340,0.25923
8197.5915,6,0.20413,0.27517,0.25544,0.20312,0.26693,0.25809
8197.6312,6,0.20646,0.27768,0.25491,0.20412,0.27016,0.25714
8197.6631,6,0.20746,0.27991,0.25506,0.20512,0.27308,0.25652
8197.6954,6,0.20824,0.28143,0.25506,0.20606,0.27559,0.25608
8197.7273,6,0.20833,0.28281,0.25554,0.20674,0.27775,0.25592
8197.7604,6,0.20738,0.28490,0.25650,0.20693,0.27990,0.25609
8197.7959,6,0.20797,0.28688,0.25743,0.20724,0.28199,0.25649
8197.8275,6,0.20747,0.28818,0.25869,0.20731,0.28385,0.25715
8197.8586,6,0.20775,0.28937,0.25982,0.20744,0.28551,0.25795
8197.8947,6,0.20755,0.29086,0.26034,0.20747,0.28711,0.25867
8197.9333,6,0.20879,0.29167,0.25998,0.20787,0.28848,0.25906
8197.9666,6,0.20769,0.29318,0.25912,0.20782,0.28989,0.25908
8197.9987,6,0.20613,0.29417,0.25794,0.20731,0.29118,0.25873
8198.0322,6,0.20621,0.29654,0.25677,0.20698,0.29279,0.25814
8198.0654,6,0.20441,0.29790,0.25612,0.20621,0.29432,0.25754
8198.1011,6,0.20404,0.29980,0.25581,0.20556,0.29596,0.25702
8198.1350,6,0.20421,0.30072,0.25558,0.20515,0.29739,0.25659
8198.1698,6,0.20679,0.30149,0.25529,0.20564,0.29862,0.25620
8198.2011,6,0.20864,0.30159,0.25511,0.20654,0.29951,0.25587
8198.2341,6,0.21089,0.30277,0.25482,0.20785,0.30049,0.25555
8198.2673,6,0.21035,0.30350,0.25498,0.20860,0.30139,0.25538
8198.2991,6,0.21082,0.30582,0.25465,0.20927,0.30272,0.25516
8198.3302,6,0.21156,0.30659,0.25440,0.20995,0.30388,0.25493
8198.3612,6,0.21288,0.30698,0.25477,0.21083,0.30481,0.25488
8198.3986,6,0.21360,0.30693,0.25517,0.21166,0.30545,0.25497
8198.4296,6,0.21299,0.30681,0.25586,0.21206,0.30586,0.25524
8198.4634,6,0.21246,0.30679,0.25656,0.21218,0.30614,0.25563
8198.4977,6,0.21341,0.30633,0.25700,0.21255,0.30619,0.25604
8198.5301,6,0.21322,0.30536,0.25728,0.21275,0.30594,0.25641
8198.5636,6,0.21324,0.30451,0.25750,0.21290,0.30552,0.25674
8198.5973,6,0.21315,0.30336,0.25778,0.21297,0.30487,0.25705
8198.6342,6,0.21384,0.30182,0.25768,0.21323,0.30395,0.25724
8198.6705,6,0.21522,0.30052,0.25748,0.21383,0.30292,0.25731
8198.7021,6,0.21594,0.29927,0.25741,0.21446,0.30183,0.25734
8198.7349,6,0.21772,0.29854,0.25729,0.21544,0.30084,0.25733
8198.7660,6,0.21891,0.29873,0.25728,0.21648,0.30021,0.25731
8198.7999,6,0.22037,0.29815,0.25696,0.21765,0.29959,0.25721
8198.8352,6,0.22139,0.29830,0.25678,0.21877,0.29920,0.25708
8198.8681,6,0.22201,0.29711,0.25682,0.21974,0.29858,0.25700
8198.8989,6,0.22524,0.29708,0.25622,0.22139,0.29813,0.25677
8198.9306,6,0.22649,0.29633,0.25613,0.22292,0.29759,0.25658
8198.9628,6,0.22744,0.29480,0.25610,0.22428,0.29675,0.25643
8198.9945,6,0.22699,0.29447,0.25616,0.22509,0.29607,0.25635
8199.0309,6,0.22703,0.29308,0.25606,0.22567,0.29517,0.25626
8199.0634,6,0.22679,0.29255,0.25603,0.22601,0.29439,0.25619
8199.0976,6,0.22761,0.29162,0.25590,0.22649,0.29356,0.25611
8199.1297,6,0.22850,0.29148,0.25586,0.22709,0.29293,0.25603
8199.1609,6,0.22848,0.29035,0.25602,0.22751,0.29216,0.25603
8199.1933,6,0.22946,0.29022,0.25607,0.22810,0.29158,0.25604
8199.2263,6,0.23040,0.28951,0.25614,0.22879,0.29096,0.25607
8199.2607,6,0.22980,0.28864,0.25637,0.22909,0.29026,0.25616
8199.3031,6,0.23183,0.28830,0.25645,0.22991,0.28967,0.25625
8199.3366,6,0.23303,0.28836,0.25666,0.23085,0.28928,0.25637
8199.3683,6,0.23361,0.28822,0.25670,0.23168,0.28896,0.25647
8199.4004,6,0.23560,0.28793,0.25676,0.23285,0.28865,0.25656
8199.4329,6,0.23521,0.28750,0.25710,0.23356,0.28831,0.25672
8199.4666,6,0.23680,0.28640,0.25729,0.23453,0.28773,0.25689
8199.5004,6,0.23815,0.28652,0.25732,0.23562,0.28737,0.25702
8199.5327,6,0.23793,0.28547,0.25773,0.23631,0.28680,0.25723
8199.5647,6,0.23910,0.28534,0.25754,0.23715,0.28636,0.25732
8199.5963,6,0.23930,0.28438,0.25757,0.23779,0.28577,0.25740
8199.6310,6,0.24016,0.28413,0.25766,0.23850,0.28528,0.25748
8199.6651,6,0.24107,0.28332,0.25765,0.23927,0.28469,0.25753
8199.6980,6,0.24244,0.28319,0.25766,0.24022,0.28424,0.25757
8199.7303,6,0.24460,0.28241,0.25770,0.24154,0.28369,0.25761
8199.7615,6,0.24585,0.28196,0.25780,0.24283,0.28317,0.25766
8199.7947,6,0.24618,0.28077,0.25792,0.24384,0.28245,0.25774
8199.8276,6,0.24803,0.28056,0.25778,0.24509,0.28188,0.25775
8199.8612,6,0.24896,0.27933,0.25744,0.24625,0.28112,0.25766
8199.8927,6,0.24916,0.27890,0.25722,0.24712,0.28045,0.25753
8199.9270,6,0.25003,0.27760,0.25690,0.24800,0.27960,0.25734
8199.9610,6,0.25095,0.27688,0.25656,0.24888,0.27878,0.25710
8199.9951,6,0.25173,0.27609,0.25648,0.24974,0.27797,0.25692
8200.0288,6,0.25193,0.27524,0.25637,0.25040,0.27715,0.25675
8200.0609,6,0.25335,0.27512,0.25614,0.25128,0.27655,0.25657
8200.0934,6,0.25271,0.27489,0.25588,0.25171,0.27605,0.25636
8200.1275,6,0.25390,0.27403,0.25558,0.25237,0.27544,0.25613
8200.1599,6,0.25610,0.27364,0.25485,0.25349,0.27490,0.25574
8200.1938,6,0.25629,0.27284,0.25447,0.25433,0.27428,0.25536
8200.2268,6,0.25820,0.27216,0.25385,0.25549,0.27365,0.25491
8200.2598,6,0.25830,0.27131,0.25369,0.25633,0.27295,0.25454
8200.2925,6,0.25867,0.27039,0.25353,0.25703,0.27218,0.25424
8200.3264,6,0.26073,0.26952,0.25285,0.25814,0.27138,0.25382
8200.3593,6,0.26081,0.26875,0.25256,0.25894,0.27059,0.25344
8200.3988,6,0.26203,0.26811,0.25195,0.25987,0.26985,0.25300
8200.4308,6,0.26229,0.26699,0.25157,0.26060,0.26899,0.25257
8200.4632,6,0.26308,0.26626,0.25107,0.26134,0.26817,0.25212
8200.4963,6,0.26523,0.26609,0.25040,0.26251,0.26755,0.25160
8200.5337,6,0.26591,0.26488,0.25005,0.26353,0.26675,0.25114
8200.5646,6,0.26742,0.26431,0.24959,0.26470,0.26602,0.25067
8200.5957,6,0.26844,0.26450,0.24929,0.26582,0.26556,0.25026
8200.6309,6,0.27010,0.26383,0.24917,0.26710,0.26504,0.24993
8200.6627,6,0.27206,0.26405,0.24866,0.26859,0.26475,0.24955
8200.6947,6,0.27266,0.26322,0.24846,0.26981,0.26429,0.24922
8200.7273,6,0.27377,0.26287,0.24824,0.27100,0.26386,0.24893
8200.7615,6,0.27347,0.26206,0.24801,0.27174,0.26332,0.24865
8200.7945,6,0.27524,0.26210,0.24757,0.27279,0.26296,0.24833
8200.8257,6,0.27442,0.26116,0.24743,0.27328,0.26242,0.24806
8200.8598,6,0.27506,0.26023,0.24728,0.27381,0.26176,0.24782
8200.8926,6,0.27673,0.26033,0.24687,0.27469,0.26133,0.24754
8200.9266,6,0.27819,0.25828,0.24670,0.27574,0.26042,0.24729
8200.9594,6,0.27832,0.25926,0.24660,0.27651,0.26007,0.24708
8200.9987,6,0.28049,0.25775,0.24637,0.27771,0.25937,0.24687
8201.0299,6,0.28033,0.25713,0.24639,0.27849,0.25870,0.24672
8201.0607,6,0.28179,0.25655,0.24641,0.27948,0.25806,0.24663
8201.0929,6,0.28264,0.25648,0.24630,0.28043,0.25758,0.24653
8201.1267,6,0.28301,0.25524,0.24608,0.28121,0.25688,0.24639
8201.1613,6,0.28432,0.25488,0.24581,0.28214,0.25628,0.24622
8201.1938,6,0.28497,0.25468,0.24564,0.28299,0.25580,0.24605
8201.2273,6,0.28511,0.25337,0.24546,0.28362,0.25507,0.24587
8201.2606,6,0.28642,0.25315,0.24503,0.28446,0.25450,0.24562
8201.2919,6,0.28715,0.25181,0.24441,0.28527,0.25369,0.24526
8201.3266,6,0.28813,0.25114,0.24354,0.28613,0.25293,0.24474
8201.3590,6,0.28952,0.25025,0.24254,0.28715,0.25212,0.24408
8201.3919,6,0.29085,0.24992,0.24176,0.28826,0.25146,0.24338
8201.4257,6,0.29245,0.24977,0.24072,0.28951,0.25095,0.24258
8201.4594,6,0.29172,0.24948,0.24039,0.29018,0.25051,0.24193
8201.4925,6,0.29228,0.24948,0.23981,0.29081,0.25020,0.24129
8201.5275,6,0.29314,0.24842,0.23940,0.29151,0.24967,0.24073
8201.5611,6,0.29430,0.24793,0.23952,0.29234,0.24914,0.24036
8201.5930,6,0.29595,0.24733,0.23958,0.29343,0.24860,0.24013
8201.6351,6,0.29793,0.24761,0.23962,0.29478,0.24830,0.23997
8201.6681,6,0.30031,0.24675,0.23939,0.29644,0.24784,0.23980
8201.7009,6,0.30224,0.24685,0.23919,0.29818,0.24754,0.23962
8201.7318,6,0.30332,0.24675,0.23901,0.29972,0.24730,0.23944
8201.7634,6,0.30193,0.24606,0.23933,0.30038,0.24693,0.23940
8201.7954,6,0.30256,0.24489,0.23915,0.30104,0.24632,0.23933
8201.8314,6,0.30317,0.24442,0.23883,0.30168,0.24575,0.23918
8201.8678,6,0.30504,0.24381,0.23836,0.30269,0.24517,0.23893
8201.9013,6,0.30511,0.24425,0.23784,0.30341,0.24489,0.23861
8201.9332,6,0.30701,0.24453,0.23688,0.30449,0.24478,0.23809
8201.9649,6,0.30779,0.24419,0.23599,0.30548,0.24461,0.23746
8201.9961,6,0.30843,0.24499,0.23504,0.30636,0.24472,0.23673
8202.0287,6,0.30869,0.24396,0.23400,0.30706,0.24449,0.23591
8202.0606,6,0.30946,0.24417,0.23271,0.30778,0.24440,0.23495
8202.0927,6,0.30957,0.24489,0.23162,0.30832,0.24455,0.23395
8202.1264,6,0.31055,0.24408,0.23048,0.30899,0.24441,0.23291
8202.1597,6,0.31170,0.24453,0.22945,0.30980,0.24444,0.23187
8202.1934,6,0.31174,0.24424,0.22857,0.31038,0.24438,0.23088
8202.2266,6,0.31424,0.24438,0.22734,0.31154,0.24438,0.22982
8202.2605,6,0.31322,0.24410,0.22653,0.31204,0.24430,0.22883
8202.2942,6,0.31507,0.24447,0.22517,0.31295,0.24435,0.22773
8202.3285,6,0.31687,0.24393,0.22396,0.31413,0.24422,0.22660
8202.3653,6,0.31699,0.24379,0.22312,0.31499,0.24409,0.22556
8202.3973,6,0.31831,0.24436,0.22225,0.31598,0.24417,0.22457
8202.4297,6,0.31838,0.24490,0.22187,0.31670,0.24439,0.22376
8202.4614,6,0.32087,0.24458,0.22070,0.31795,0.24445,0.22284
8202.4936,6,0.32049,0.24371,0.22013,0.31871,0.24423,0.22203
8202.5249,6,0.31922,0.24293,0.21972,0.31886,0.24384,0.22134
8202.5612,6,0.32162,0.24247,0.21888,0.31969,0.24343,0.22060
8202.5983,6,0.32301,0.24252,0.21792,0.32069,0.24316,0.21980
8202.6316,6,0.32099,0.24059,0.21774,0.32078,0.24239,0.21918
8202.6630,6,0.32241,0.24066,0.21702,0.32127,0.24187,0.21853
8202.6948,6,0.32211,0.24010,0.21662,0.32152,0.24134,0.21796
8202.7270,6,0.32443,0.24003,0.21556,0.32239,0.24095,0.21724
8202.7608,6,0.32681,0.23993,0.21428,0.32372,0.24064,0.21635
8202.7979,6,0.32823,0.24100,0.21278,0.32507,0.24075,0.21528
8202.8302,6,0.32883,0.24188,0.21152,0.32620,0.24109,0.21415
8202.8627,6,0.32829,0.24249,0.21068,0.32683,0.24151,0.21311
8202.8968,6,0.32979,0.24402,0.20968,0.32771,0.24226,0.21208
8202.9295,6,0.33263,0.24492,0.20873,0.32919,0.24306,0.21108
8202.9617,6,0.33297,0.24498,0.20789,0.33032,0.24363,0.21012
8202.9945,6,0.33221,0.24564,0.20723,0.33089,0.24424,0.20925
8203.0287,6,0.33377,0.24548,0.20651,0.33175,0.24461,0.20843
8203.0616,6,0.33323,0.24552,0.20592,0.33220,0.24488,0.20768
8203.0940,6,0.33301,0.24618,0.20551,0.33244,0.24527,0.20703
8203.1268,6,0.33157,0.24640,0.20541,0.33218,0.24561,0.20654
8203.1587,6,0.33226,0.24634,0.20512,0.33221,0.24583,0.20612
8203.1915,6,0.33294,0.24697,0.20493,0.33243,0.24617,0.20576
8203.2266,6,0.33132,0.24671,0.20506,0.33209,0.24633,0.20555
8203.2606,6,0.33102,0.24702,0.20509,0.33177,0.24654,0.20541
8203.2949,6,0.32954,0.24673,0.20560,0.33110,0.24660,0.20547
8203.3292,6,0.32944,0.24643,0.20603,0.33060,0.24655,0.20564
8203.3699,6,0.32915,0.24672,0.20679,0.33017,0.24660,0.20598
8203.4033,6,0.32710,0.24693,0.20764,0.32925,0.24670,0.20648
8203.4376,6,0.32742,0.24625,0.20804,0.32870,0.24656,0.20695
8203.4684,6,0.32564,0.24598,0.20849,0.32778,0.24639,0.20741
8203.5018,6,0.32410,0.24617,0.20873,0.32668,0.24632,0.20781
8203.5346,6,0.32212,0.24605,0.20899,0.32531,0.24624,0.20816
8203.5677,6,0.32172,0.24560,0.20912,0.32423,0.24605,0.20845
8203.6014,6,0.31848,0.24443,0.20959,0.32251,0.24556,0.20879
8203.6349,6,0.31698,0.24508,0.20964,0.32085,0.24542,0.20905
8203.6679,6,0.31606,0.24528,0.20958,0.31941,0.24538,0.20921
8203.7000,6,0.31534,0.24608,0.20954,0.31819,0.24559,0.20931
8203.7343,6,0.31393,0.24714,0.20940,0.31691,0.24606,0.20933
8203.7682,6,0.31379,0.24764,0.20971,0.31598,0.24653,0.20945
8203.7992,6,0.31237,0.24971,0.21007,0.31489,0.24748,0.20963
8203.8323,6,0.30969,0.25035,0.21067,0.31333,0.24834,0.20995
8203.8663,6,0.30773,0.25138,0.21139,0.31165,0.24925,0.21038
8203.9010,6,0.30757,0.25192,0.21208,0.31043,0.25005,0.21089
8203.9335,6,0.30592,0.25276,0.21272,0.30907,0.25087,0.21144
8203.9661,6,0.30643,0.25404,0.21287,0.30828,0.25182,0.21187
8203.9986,6,0.30440,0.25467,0.21308,0.30712,0.25267,0.21223
8204.0297,6,0.30085,0.25515,0.21374,0.30524,0.25342,0.21269
8204.0618,6,0.29907,0.25551,0.21439,0.30339,0.25405,0.21320
8204.0943,6,0.29821,0.25571,0.21502,0.30183,0.25455,0.21374
8204.1261,6,0.29504,0.25676,0.21572,0.29980,0.25521,0.21434
8204.1607,6,0.29337,0.25662,0.21643,0.29787,0.25563,0.21496
8204.1926,6,0.29239,0.25780,0.21681,0.29622,0.25628,0.21552
8204.2293,6,0.28867,0.25800,0.21741,0.29396,0.25680,0.21609
8204.2606,6,0.28778,0.25844,0.21764,0.29211,0.25729,0.21655
8204.2936,6,0.28510,0.25859,0.21789,0.29000,0.25768,0.21695
8204.3307,6,0.28464,0.25891,0.21810,0.28839,0.25805,0.21730
8204.3636,6,0.28383,0.25973,0.21863,0.28702,0.25855,0.21770
8204.3964,6,0.28164,0.26082,0.21957,0.28541,0.25923,0.21826
8204.4275,6,0.28060,0.26135,0.22037,0.28397,0.25987,0.21889
8204.4595,6,0.27987,0.26218,0.22100,0.28274,0.26056,0.21952
8204.4935,6,0.27928,0.26279,0.22158,0.28170,0.26123,0.22014
8204.5251,6,0.27705,0.26359,0.22200,0.28031,0.26194,0.22070
8204.5585,6,0.27728,0.26423,0.22179,0.27940,0.26263,0.22103
8204.5990,6,0.27525,0.26440,0.22226,0.27816,0.26316,0.22140
8204.6312,6,0.27528,0.26462,0.22246,0.27729,0.26360,0.22171
8204.6631,6,0.27360,0.26537,0.22318,0.27619,0.26413,0.22215
8204.6939,6,0.27304,0.26506,0.22387,0.27524,0.26441,0.22267
8204.7264,6,0.27161,0.26558,0.22489,0.27415,0.26476,0.22333
8204.7612,6,0.26988,0.26547,0.22601,0.27287,0.26497,0.22413
8204.7950,6,0.26947,0.26563,0.22662,0.27185,0.26517,0.22488
8204.8270,6,0.26638,0.26633,0.22780,0.27021,0.26552,0.22576
8204.8622,6,0.26584,0.26619,0.22837,0.26890,0.26572,0.22654
8204.8929,6,0.26635,0.26641,0.22885,0.26813,0.26593,0.22723
8204.9253,6,0.26312,0.26595,0.22984,0.26663,0.26594,0.22801
8204.9602,6,0.26278,0.26661,0.23017,0.26547,0.26614,0.22866
8204.9921,6,0.26258,0.26679,0.23018,0.26460,0.26633,0.22912
8205.0262,6,0.26192,0.26690,0.23039,0.26380,0.26650,0.22950
8205.0625,6,0.26062,0.26683,0.23079,0.26284,0.26660,0.22989
8205.0933,6,0.26030,0.26769,0.23083,0.26208,0.26693,0.23017
8205.1259,6,0.25941,0.26783,0.23097,0.26128,0.26720,0.23041
8205.1608,6,0.25921,0.26847,0.23088,0.26066,0.26758,0.23055
8205.1924,6,0.25680,0.26799,0.23112,0.25950,0.26770,0.23072
8205.2270,6,0.25515,0.26875,0.23142,0.25820,0.26802,0.23093
8205.2595,6,0.25336,0.26918,0.23173,0.25675,0.26837,0.23117
8205.2922,6,0.25340,0.26947,0.23188,0.25574,0.26870,0.23138
8205.3254,6,0.25176,0.26985,0.23252,0.25455,0.26904,0.23173
8205.3592,6,0.25091,0.27029,0.23304,0.25346,0.26942,0.23212
8205.3918,6,0.24993,0.27084,0.23356,0.25240,0.26984,0.23255
8205.4289,6,0.24929,0.27257,0.23415,0.25146,0.27066,0.23303
8205.4638,6,0.24891,0.27214,0.23452,0.25070,0.27110,0.23348
8205.4976,6,0.24656,0.27288,0.23501,0.24945,0.27164,0.23394
8205.5312,6,0.24573,0.27367,0.23524,0.24834,0.27225,0.23433
8205.5635,6,0.24423,0.27393,0.23571,0.24710,0.27275,0.23474
8205.5978,6,0.24406,0.27411,0.23599,0.24619,0.27316,0.23512
8205.6316,6,0.24254,0.27529,0.23644,0.24510,0.27380,0.23551
8205.6644,6,0.24215,0.27554,0.23685,0.24421,0.27432,0.23592
8205.6959,6,0.24093,0.27624,0.23732,0.24323,0.27490,0.23634
8205.7278,6,0.24118,0.27691,0.23763,0.24261,0.27550,0.23673
8205.7594,6,0.24022,0.27794,0.23795,0.24190,0.27623,0.23709
8205.7980,6,0.23882,0.27762,0.23832,0.24097,0.27665,0.23746
8205.8294,6,0.23759,0.27835,0.23866,0.23996,0.27716,0.23782
8205.8610,6,0.23775,0.27885,0.23865,0.23929,0.27766,0.23807
8205.8917,6,0.23676,0.27865,0.23904,0.23853,0.27796,0.23836
8205.9262,6,0.23750,0.27882,0.23919,0.23822,0.27822,0.23861
8205.9588,6,0.23890,0.28006,0.23912,0.23843,0.27877,0.23876
8205.9963,6,0.23873,0.28066,0.23922,0.23852,0.27934,0.23890
8206.0280,6,0.23822,0.28025,0.23953,0.23843,0.27961,0.23909
8206.0627,6,0.23661,0.28078,0.23995,0.23788,0.27996,0.23935
8206.0961,6,0.23588,0.28134,0.24023,0.23728,0.28038,0.23961
8206.1281,6,0.23558,0.28156,0.24031,0.23677,0.28073,0.23982
8206.1615,6,0.23462,0.28193,0.24030,0.23613,0.28109,0.23996
8206.1925,6,0.23484,0.28307,0.24019,0.23574,0.28169,0.24003
8206.2283,6,0.23393,0.28392,0.24019,0.23520,0.28236,0.24008
8206.2594,6,0.23229,0.28427,0.24029,0.23433,0.28293,0.24014
8206.2921,6,0.23123,0.28476,0.24040,0.23340,0.28348,0.24022
8206.3245,6,0.22971,0.28557,0.24056,0.23229,0.28411,0.24032
8206.3582,6,0.22874,0.28619,0.24076,0.23122,0.28473,0.24045
8206.3920,6,0.22764,0.28696,0.24090,0.23015,0.28540,0.24059
8206.4248,6,0.22735,0.28730,0.24097,0.22931,0.28597,0.24070
8206.4636,6,0.22605,0.28764,0.24117,0.22833,0.28647,0.24084
8206.4963,6,0.22442,0.28888,0.24147,0.22716,0.28720,0.24103
8206.5287,6,0.22454,0.28956,0.24152,0.22637,0.28790,0.24118
8206.5624,6,0.22284,0.28980,0.24192,0.22532,0.28847,0.24140
8206.5981,6,0.22046,0.29021,0.24222,0.22386,0.28899,0.24165
8206.6319,6,0.22058,0.29111,0.24206,0.22287,0.28963,0.24177
8206.6635,6,0.21950,0.29153,0.24214,0.22186,0.29020,0.24188
8206.6967,6,0.21734,0.29165,0.24258,0.22051,0.29063,0.24209
8206.7280,6,0.21669,0.29178,0.24278,0.21936,0.29098,0.24230
8206.7685,6,0.21694,0.29208,0.24314,0.21864,0.29131,0.24255
8206.8025,6,0.21531,0.29240,0.24329,0.21764,0.29164,0.24277
8206.8362,6,0.21461,0.29202,0.24340,0.21673,0.29175,0.24296
8206.8696,6,0.21353,0.29217,0.24372,0.21577,0.29188,0.24319
8206.9036,6,0.21223,0.29230,0.24387,0.21471,0.29200,0.24339
8206.9383,6,0.21268,0.29226,0.24373,0.21410,0.29208,0.24349
8206.9698,6,0.21230,0.29196,0.24409,0.21356,0.29204,0.24367
8207.0033,6,0.21097,0.29088,0.24442,0.21279,0.29170,0.24390
8207.0410,6,0.20944,0.29077,0.24445,0.21178,0.29142,0.24406
8207.0717,6,0.20985,0.28979,0.24406,0.21120,0.29093,0.24406
8207.1075,6,0.20865,0.28893,0.24399,0.21044,0.29033,0.24404
8207.1403,6,0.20747,0.28859,0.24409,0.20955,0.28981,0.24405
8207.1735,6,0.20687,0.28846,0.24432,0.20874,0.28941,0.24414
8207.2043,6,0.20568,0.28872,0.24460,0.20782,0.28920,0.24428
8207.2389,6,0.20507,0.28848,0.24469,0.20700,0.28898,0.24440
8207.2764,6,0.20364,0.28855,0.24471,0.20599,0.28885,0.24449
8207.3204,6,0.20213,0.28894,0.24476,0.20483,0.28888,0.24457
8207.3537,6,0.20169,0.28925,0.24463,0.20389,0.28899,0.24459
8207.3845,6,0.20052,0.28917,0.24463,0.20288,0.28904,0.24460
8207.4168,6,0.19917,0.28919,0.24461,0.20177,0.28909,0.24460
8207.4479,6,0.19990,0.29003,0.24444,0.20121,0.28937,0.24455
8207.4796,6,0.19921,0.29014,0.24467,0.20061,0.28960,0.24459
8207.5135,6,0.19826,0.29100,0.24483,0.19990,0.29002,0.24466
8207.5478,6,0.19774,0.29101,0.24514,0.19926,0.29032,0.24480
8207.5810,6,0.19591,0.29137,0.24558,0.19825,0.29063,0.24504
8207.6131,6,0.19552,0.29133,0.24566,0.19743,0.29084,0.24522
8207.6525,6,0.19655,0.29138,0.24575,0.19717,0.29100,0.24538
8207.6886,6,0.19233,0.29117,0.24645,0.19572,0.29105,0.24570
8207.7244,6,0.19242,0.29076,0.24665,0.19473,0.29097,0.24599
8207.7606,6,0.19245,0.29040,0.24660,0.19404,0.29080,0.24617
8207.7932,6,0.19258,0.28973,0.24645,0.19360,0.29048,0.24626
8207.8272,6,0.19208,0.28950,0.24654,0.19315,0.29018,0.24634
8207.8604,6,0.19233,0.28917,0.24636,0.19290,0.28988,0.24635
8207.8914,6,0.19258,0.28897,0.24631,0.19280,0.28961,0.24633
8207.9245,6,0.19252,0.28861,0.24634,0.19272,0.28931,0.24634
8207.9584,6,0.19346,0.28853,0.24621,0.19294,0.28907,0.24630
8207.9913,6,0.19483,0.28830,0.24617,0.19350,0.28884,0.24626
8208.0261,6,0.19469,0.28803,0.24613,0.19386,0.28860,0.24622
8208.0580,6,0.19247,0.28671,0.24628,0.19344,0.28803,0.24624
8208.0933,6,0.19100,0.28557,0.24595,0.19271,0.28729,0.24615
8208.1263,6,0.19069,0.28411,0.24540,0.19211,0.28634,0.24592
8208.1587,6,0.19087,0.28206,0.24468,0.19174,0.28505,0.24555
8208.1941,6,0.19028,0.28105,0.24438,0.19130,0.28385,0.24520
8208.2257,6,0.19126,0.27968,0.24426,0.19129,0.28260,0.24492
8208.2591,6,0.19132,0.27805,0.24424,0.19130,0.28124,0.24472
8208.2926,6,0.19190,0.27653,0.24413,0.19148,0.27982,0.24454
8208.3261,6,0.19257,0.27517,0.24429,0.19181,0.27843,0.24447
8208.3591,6,0.19236,0.27418,0.24472,0.19197,0.27715,0.24454
8208.3953,6,0.19151,0.27312,0.24495,0.19184,0.27594,0.24466
8208.4341,6,0.19131,0.27142,0.24493,0.19168,0.27458,0.24474
8208.4675,6,0.19040,0.26921,0.24532,0.19129,0.27297,0.24492
8208.4998,6,0.18970,0.26769,0.24584,0.19082,0.27139,0.24519
8208.5342,6,0.18970,0.26611,0.24646,0.19048,0.26980,0.24557
8208.5656,6,0.18984,0.26406,0.24727,0.19029,0.26808,0.24608
8208.5980,6,0.18958,0.26175,0.24781,0.19008,0.26618,0.24660
8208.6320,6,0.18705,0.25749,0.24930,0.18917,0.26357,0.24741
8208.6675,6,0.18752,0.25472,0.25000,0.18867,0.26092,0.24819
8208.7005,6,0.18728,0.25179,0.25058,0.18825,0.25818,0.24890
8208.7346,6,0.18628,0.24971,0.25112,0.18766,0.25564,0.24957
8208.7687,6,0.18689,0.24642,0.25108,0.18743,0.25287,0.25002
8208.8007,6,0.18432,0.24264,0.25136,0.18650,0.24980,0.25042
8208.8339,6,0.18500,0.23945,0.25096,0.18605,0.24670,0.25058
8208.8662,6,0.18445,0.23550,0.25096,0.18557,0.24334,0.25070
8208.8993,6,0.18390,0.23118,0.25109,0.18507,0.23969,0.25082
8208.9329,6,0.18364,0.22586,0.25133,0.18464,0.23554,0.25097
8208.9646,6,0.18222,0.22028,0.25200,0.18391,0.23096,0.25128
8208.9954,6,0.18032,0.21508,0.25274,0.18284,0.22620,0.25172
8209.0268,6,0.18011,0.20898,0.25334,0.18202,0.22103,0.25221
8209.0601,6,0.17961,0.20329,0.25412,0.18130,0.21571,0.25278
8209.0917,6,0.17744,0.19677,0.25464,0.18014,0.21003,0.25334
8209.1263,6,0.17687,0.19025,0.25496,0.17916,0.20409,0.25383
8209.1591,6,0.17524,0.18381,0.25552,0.17798,0.19801,0.25434
8209.1918,6,0.17422,0.17788,0.25574,0.17685,0.19197,0.25476
8209.2260,6,0.17313,0.17064,0.25613,0.17574,0.18557,0.25517
8209.2631,6,0.17095,0.16394,0.25668,0.17430,0.17908,0.25562
8209.2970,6,0.17027,0.15691,0.25710,0.17309,0.17243,0.25607
8209.3314,6,0.16868,0.14979,0.25775,0.17177,0.16564,0.25657
8209.3633,6,0.16728,0.14380,0.25835,0.17042,0.15909,0.25711
8209.3954,6,0.16519,0.13664,0.25911,0.16885,0.15235,0.25771
8209.4281,6,0.16345,0.13011,0.25961,0.16723,0.14568,0.25828
8209.4610,6,0.16191,0.12274,0.26006,0.16563,0.13880,0.25881
8209.4954,6,0.16262,0.11604,0.25994,0.16473,0.13197,0.25915
8209.5294,6,0.16271,0.10929,0.25978,0.16412,0.12516,0.25934
8209.5639,6,0.16083,0.10201,0.25982,0.16314,0.11822,0.25948
8209.6003,6,0.15902,0.09492,0.26011,0.16190,0.11123,0.25967
8209.6333,6,0.15866,0.08754,0.26019,0.16093,0.10412,0.25983
8209.6664,6,0.15917,0.08107,0.26022,0.16040,0.09721,0.25995
8209.6991,6,0.15797,0.07404,0.26093,0.15967,0.09026,0.26024
8209.7308,6,0.15770,0.06770,0.26173,0.15908,0.08349,0.26069
8209.7643,6,0.15580,0.06169,0.26240,0.15810,0.07695,0.26120
8209.7968,6,0.15540,0.05529,0.26257,0.15729,0.07045,0.26161
8209.8339,6,0.15523,0.04931,0.26277,0.15667,0.06411,0.26196
8209.8678,6,0.15438,0.04356,0.26295,0.15598,0.05795,0.26226
8209.9036,6,0.15490,0.03774,0.26247,0.15566,0.05189,0.26232
8209.9368,6,0.15587,0.03248,0.26191,0.15572,0.04606,0.26220
8209.9692,6,0.15527,0.02651,0.26202,0.15558,0.04020,0.26215
8210.0031,6,0.15349,0.02032,0.26233,0.15496,0.03423,0.26220
8210.0356,6,0.15154,0.01465,0.26251,0.15393,0.02836,0.26229
8210.0684,6,0.15284,0.01019,0.26202,0.15360,0.02291,0.26221
8210.1022,6,0.15317,0.00500,0.26207,0.15348,0.01754,0.26217
8210.1341,6,0.15295,0.00031,0.26212,0.15332,0.01237,0.26216
8210.1671,6,0.15156,-0.00366,0.26232,0.15279,0.00756,0.26220
8210.1985,6,0.15150,-0.00830,0.26234,0.15240,0.00280,0.26224
8210.2322,6,0.15273,-0.01171,0.26212,0.15250,-0.00155,0.26221
8210.2637,6,0.15329,-0.01573,0.26187,0.15274,-0.00580,0.26211
8210.2945,6,0.15280,-0.01898,0.26172,0.15276,-0.00976,0.26199
8210.3271,6,0.15264,-0.02279,0.26159,0.15272,-0.01367,0.26187
8210.3622,6,0.15380,-0.02654,0.26122,0.15304,-0.01753,0.26168
8210.3956,6,0.15403,-0.02958,0.26118,0.15334,-0.02115,0.26153
8210.4301,6,0.15234,-0.03321,0.26139,0.15304,-0.02477,0.26149
8210.4671,6,0.15275,-0.03628,0.26095,0.15295,-0.02822,0.26133
8210.5000,6,0.15238,-0.04032,0.26123,0.15278,-0.03185,0.26130
8210.5317,6,0.15373,-0.04319,0.26066,0.15307,-0.03525,0.26110
8210.5641,6,0.15358,-0.04692,0.26074,0.15322,-0.03875,0.26100
8210.6010,6,0.15290,-0.04988,0.26062,0.15312,-0.04209,0.26088
8210.6343,6,0.15393,-0.05252,0.26028,0.15337,-0.04522,0.26070
8210.6661,6,0.15237,-0.05468,0.26029,0.15307,-0.04806,0.26058
8210.7025,6,0.15308,-0.05729,0.25992,0.15307,-0.05083,0.26038
8210.7391,6,0.15437,-0.05939,0.25938,0.15346,-0.05340,0.26008
8210.7816,6,0.15385,-0.06155,0.25896,0.15358,-0.05584,0.25975
8210.8131,6,0.15315,-0.06415,0.25875,0.15345,-0.05833,0.25945
8210.8448,6,0.15381,-0.06675,0.25850,0.15356,-0.06086,0.25916
8210.8767,6,0.15396,-0.06920,0.25829,0.15368,-0.06336,0.25890
8210.9113,6,0.15425,-0.07175,0.25793,0.15385,-0.06588,0.25861
8210.9420,6,0.15475,-0.07443,0.25767,0.15412,-0.06845,0.25833
8210.9767,6,0.15608,-0.07621,0.25709,0.15471,-0.07077,0.25796
8211.0102,6,0.15564,-0.07869,0.25674,0.15499,-0.07315,0.25759
8211.0429,6,0.15563,-0.08132,0.25646,0.15518,-0.07560,0.25725
8211.0791,6,0.15612,-0.08307,0.25633,0.15546,-0.07784,0.25698
8211.1135,6,0.15708,-0.08416,0.25605,0.15595,-0.07973,0.25670
8211.1473,6,0.15709,-0.08706,0.25556,0.15629,-0.08193,0.25635
8211.1815,6,0.15696,-0.08953,0.25519,0.15649,-0.08421,0.25601
8211.2124,6,0.15767,-0.09058,0.25478,0.15685,-0.08612,0.25564
8211.2470,6,0.15731,-0.09223,0.25459,0.15699,-0.08795,0.25532
8211.2858,6,0.15817,-0.09375,0.25414,0.15734,-0.08969,0.25497
8211.3216,6,0.15777,-0.09525,0.25429,0.15747,-0.09136,0.25476
8211.3548,6,0.15714,-0.09550,0.25458,0.15737,-0.09260,0.25471
8211.3865,6,0.15751,-0.09581,0.25432,0.15741,-0.09356,0.25459
8211.4202,6,0.15929,-0.09570,0.25369,0.15798,-0.09420,0.25432
8211.4530,6,0.16002,-0.09598,0.25364,0.15859,-0.09474,0.25412
8211.4848,6,0.16194,-0.09571,0.25337,0.15959,-0.09503,0.25389
8211.5267,6,0.16250,-0.09532,0.25334,0.16047,-0.09512,0.25373
8211.5580,6,0.16406,-0.09481,0.25329,0.16154,-0.09502,0.25360
8211.5954,6,0.16438,-0.09490,0.25332,0.16239,-0.09499,0.25351
8211.6270,6,0.16576,-0.09537,0.25326,0.16340,-0.09510,0.25344
8211.6623,6,0.16722,-0.09600,0.25277,0.16455,-0.09537,0.25324
8211.7141,6,0.17031,-0.09649,0.25202,0.16628,-0.09571,0.25287
8211.7467,6,0.17134,-0.09736,0.25142,0.16779,-0.09620,0.25244
8211.7776,6,0.17280,-0.09800,0.25040,0.16930,-0.09674,0.25183
8211.8091,6,0.17490,-0.09982,0.24953,0.17098,-0.09767,0.25114
8211.8428,6,0.17677,-0.10388,0.24843,0.17271,-0.09953,0.25033
8211.8835,6,0.17876,-0.10677,0.24869,0.17453,-0.10170,0.24983
8211.9194,6,0.17874,-0.10898,0.24920,0.17579,-0.10388,0.24964
8211.9515,6,0.18178,-0.11081,0.24921,0.17759,-0.10596,0.24951
8211.9828,6,0.18209,-0.11414,0.24963,0.17894,-0.10841,0.24955
8212.0154,6,0.18189,-0.11778,0.24983,0.17983,-0.11122,0.24963
8212.0492,6,0.18248,-0.12069,0.24942,0.18062,-0.11406,0.24957
8212.0816,6,0.18678,-0.12369,0.24797,0.18247,-0.11695,0.24909
8212.1141,6,0.18527,-0.12754,0.24758,0.18331,-0.12013,0.24864
8212.1463,6,0.18553,-0.13004,0.24726,0.18398,-0.12310,0.24822
8212.1790,6,0.18830,-0.13214,0.24675,0.18527,-0.12581,0.24778
8212.2115,6,0.18912,-0.13643,0.24706,0.18643,-0.12900,0.24756
8212.2449,6,0.18852,-0.13772,0.24726,0.18706,-0.13161,0.24747
8212.2788,6,0.19059,-0.13956,0.24682,0.18812,-0.13400,0.24728
8212.3114,6,0.19099,-0.14082,0.24651,0.18898,-0.13605,0.24705
8212.3448,6,0.19200,-0.14260,0.24567,0.18988,-0.13801,0.24663
8212.3790,6,0.19381,-0.14292,0.24485,0.19106,-0.13949,0.24610
8212.4123,6,0.19613,-0.14396,0.24424,0.19258,-0.14083,0.24554
8212.4430,6,0.19655,-0.14406,0.24408,0.19377,-0.14180,0.24510
8212.4753,6,0.19837,-0.14470,0.24385,0.19515,-0.14267,0.24473
8212.5086,6,0.19981,-0.14531,0.24364,0.19655,-0.14346,0.24440
8212.5415,6,0.20378,-0.14700,0.24312,0.19872,-0.14452,0.24402
8212.5748,6,0.20566,-0.14865,0.24241,0.20080,-0.14576,0.24353
8212.6077,6,0.20706,-0.14990,0.24176,0.20268,-0.14700,0.24300
8212.6444,6,0.20748,-0.15147,0.24099,0.20412,-0.14834,0.24240
8212.6832,6,0.20983,-0.15319,0.24002,0.20583,-0.14980,0.24168
8212.7159,6,0.21187,-0.15476,0.23890,0.20765,-0.15129,0.24085
8212.7474,6,0.21341,-0.15748,0.23800,0.20938,-0.15315,0.24000
8212.7791,6,0.21452,-0.15959,0.23747,0.21092,-0.15508,0.23924
8212.8121,6,0.21659,-0.16073,0.23661,0.21262,-0.15677,0.23845
8212.8454,6,0.21906,-0.16295,0.23606,0.21455,-0.15863,0.23773
8212.8775,6,0.22274,-0.16339,0.23515,0.21701,-0.16005,0.23696
8212.9085,6,0.22518,-0.16606,0.23500,0.21946,-0.16186,0.23637
8212.9436,6,0.22539,-0.16686,0.23487,0.22124,-0.16336,0.23592
8212.9760,6,0.22767,-0.16779,0.23490,0.22317,-0.16469,0.23561
8213.0117,6,0.22982,-0.16938,0.23475,0.22516,-0.16609,0.23535
8213.0430,6,0.23215,-0.17113,0.23426,0.22726,-0.16760,0.23503
8213.0770,6,0.23421,-0.17234,0.23346,0.22935,-0.16902,0.23455
8213.1090,6,0.23598,-0.17415,0.23246,0.23134,-0.17056,0.23393
8213.1431,6,0.23776,-0.17442,0.23134,0.23327,-0.17172,0.23315
8213.1787,6,0.23999,-0.17568,0.22976,0.23528,-0.17291,0.23213
8213.2099,6,0.23980,-0.17718,0.22897,0.23664,-0.17419,0.23118
8213.2417,6,0.23801,-0.17893,0.22862,0.23705,-0.17561,0.23041
8213.2755,6,0.23920,-0.18053,0.22787,0.23770,-0.17709,0.22965
8213.3123,6,0.24038,-0.18201,0.22750,0.23850,-0.17856,0.22901
8213.3445,6,0.24132,-0.18380,0.22754,0.23935,-0.18013,0.22857
8213.3776,6,0.24426,-0.18480,0.22740,0.24082,-0.18153,0.22822
8213.4143,6,0.24513,-0.18723,0.22761,0.24212,-0.18324,0.22803
8213.4466,6,0.24576,-0.18857,0.22774,0.24321,-0.18484,0.22795
8213.4841,6,0.24653,-0.18933,0.22768,0.24421,-0.18619,0.22787
8213.5158,6,0.24640,-0.19148,0.22763,0.24487,-0.18778,0.22780
8213.5509,6,0.24788,-0.19178,0.22728,0.24577,-0.18898,0.22764
8213.5832,6,0.24651,-0.19333,0.22716,0.24599,-0.19028,0.22750
8213.6164,6,0.24825,-0.19584,0.22620,0.24667,-0.19195,0.22711
8213.6499,6,0.25072,-0.19657,0.22521,0.24789,-0.19334,0.22654
8213.6821,6,0.25134,-0.19793,0.22463,0.24892,-0.19471,0.22597
8213.7137,6,0.25223,-0.19946,0.22432,0.24991,-0.19614,0.22547
8213.7497,6,0.25311,-0.20085,0.22400,0.25087,-0.19755,0.22503
8213.7819,6,0.25384,-0.20221,0.22381,0.25176,-0.19895,0.22466
8213.8135,6,0.25636,-0.20231,0.22322,0.25314,-0.19996,0.22423
8213.8475,6,0.25622,-0.20369,0.22314,0.25406,-0.20107,0.22390
8213.8786,6,0.25747,-0.20464,0.22298,0.25508,-0.20215,0.22363
8213.9104,6,0.25865,-0.20547,0.22258,0.25615,-0.20314,0.22331
8213.9418,6,0.25910,-0.20745,0.22274,0.25704,-0.20444,0.22314
8213.9763,6,0.26151,-0.20664,0.22264,0.25838,-0.20510,0.22299
8214.0111,6,0.26056,-0.20755,0.22311,0.25904,-0.20583,0.22303
8214.0454,6,0.26463,-0.20782,0.22275,0.26071,-0.20643,0.22294
8214.0781,6,0.26455,-0.20741,0.22318,0.26186,-0.20672,0.22302
8214.1111,6,0.26564,-0.20739,0.22338,0.26300,-0.20692,0.22313
8214.1427,6,0.26649,-0.20700,0.22360,0.26405,-0.20695,0.22327
8214.1782,6,0.26818,-0.20695,0.22353,0.26529,-0.20695,0.22335
8214.2203,6,0.26766,-0.20680,0.22352,0.26600,-0.20690,0.22340
8214.2578,6,0.26821,-0.20696,0.22345,0.26666,-0.20692,0.22341
8214.2901,6,0.27015,-0.20651,0.22316,0.26771,-0.20680,0.22334
8214.3225,6,0.27044,-0.20642,0.22313,0.26853,-0.20669,0.22327
8214.3538,6,0.27161,-0.20617,0.22301,0.26945,-0.20653,0.22320
8214.3862,6,0.27213,-0.20601,0.22276,0.27026,-0.20638,0.22306
8214.4175,6,0.27274,-0.20619,0.22252,0.27100,-0.20632,0.22290
8214.4502,6,0.27225,-0.20590,0.22265,0.27138,-0.20619,0.22282
8214.4831,6,0.27292,-0.20627,0.22257,0.27184,-0.20622,0.22275
8214.5142,6,0.27438,-0.20576,0.22242,0.27260,-0.20608,0.22265
8214.5483,6,0.27434,-0.20658,0.22216,0.27312,-0.20623,0.22250
8214.5805,6,0.27550,-0.20674,0.22180,0.27384,-0.20638,0.22229
8214.6130,6,0.27614,-0.20604,0.22153,0.27453,-0.20628,0.22206
8214.6499,6,0.27601,-0.20717,0.22138,0.27497,-0.20655,0.22186
8214.6843,6,0.27878,-0.20646,0.22082,0.27611,-0.20652,0.22155
8214.7165,6,0.27761,-0.20763,0.22082,0.27656,-0.20685,0.22133
8214.7500,6,0.28055,-0.20709,0.22051,0.27776,-0.20693,0.22108
8214.7814,6,0.28007,-0.20707,0.22059,0.27845,-0.20697,0.22093
8214.8128,6,0.28185,-0.20686,0.22041,0.27947,-0.20694,0.22078
8214.8470,6,0.28313,-0.20745,0.22031,0.28057,-0.20709,0.22064
8214.8797,6,0.28515,-0.20710,0.21988,0.28195,-0.20709,0.22041
8214.9118,6,0.28615,-0.20696,0.21971,0.28321,-0.20705,0.22020
8214.9470,6,0.28628,-0.20671,0.21976,0.28413,-0.20695,0.22007
8214.9803,6,0.28642,-0.20654,0.22014,0.28482,-0.20683,0.22009
8215.0150,6,0.28821,-0.20655,0.21999,0.28583,-0.20674,0.22006
8215.0499,6,0.28982,-0.20657,0.21997,0.28703,-0.20669,0.22003
8215.0820,6,0.29010,-0.20635,0.21993,0.28795,-0.20659,0.22000
8215.1135,6,0.29265,-0.20594,0.21956,0.28936,-0.20639,0.21987
8215.1462,6,0.29343,-0.20617,0.21957,0.29058,-0.20633,0.21978
8215.1783,6,0.29601,-0.20603,0.21914,0.29221,-0.20624,0.21959
8215.2113,6,0.29532,-0.20574,0.21917,0.29314,-0.20609,0.21946
8215.2442,6,0.29884,-0.20509,0.21888,0.29485,-0.20579,0.21929
8215.2759,6,0.30018,-0.20457,0.21894,0.29645,-0.20542,0.21918
8215.3088,6,0.30134,-0.20502,0.21896,0.29792,-0.20530,0.21912
8215.3419,6,0.30075,-0.20523,0.21926,0.29877,-0.20528,0.21916
8215.3833,6,0.30293,-0.20510,0.21928,0.30002,-0.20523,0.21920
8215.4174,6,0.30253,-0.20547,0.21931,0.30077,-0.20530,0.21923
8215.4502,6,0.30495,-0.20557,0.21855,0.30202,-0.20538,0.21903
8215.4839,6,0.30647,-0.20513,0.21838,0.30336,-0.20531,0.21883
8215.5169,6,0.30915,-0.20458,0.21798,0.30509,-0.20509,0.21858
8215.5492,6,0.31205,-0.20411,0.21723,0.30718,-0.20479,0.21817
8215.5815,6,0.31238,-0.20382,0.21673,0.30874,-0.20450,0.21774
8215.6144,6,0.31272,-0.20412,0.21647,0.30993,-0.20439,0.21736
8215.6465,6,0.31396,-0.20476,0.21585,0.31114,-0.20450,0.21691
8215.6811,6,0.31504,-0.20464,0.21542,0.31231,-0.20454,0.21646
8215.7132,6,0.31665,-0.20491,0.21498,0.31361,-0.20465,0.21602
8215.7451,6,0.31937,-0.20393,0.21467,0.31534,-0.20444,0.21561
8215.7775,6,0.32110,-0.20285,0.21443,0.31707,-0.20396,0.21526
8215.8093,6,0.32240,-0.20243,0.21442,0.31867,-0.20350,0.21501
8215.8411,6,0.32219,-0.20109,0.21433,0.31972,-0.20278,0.21480
8215.8765,6,0.32414,-0.20140,0.21394,0.32105,-0.20236,0.21454
8215.9117,6,0.32434,-0.20092,0.21356,0.32204,-0.20193,0.21425
8215.9434,6,0.32540,-0.20100,0.21333,0.32304,-0.20165,0.21397
8215.9777,6,0.32695,-0.20066,0.21300,0.32421,-0.20136,0.21368
8216.0094,6,0.32959,-0.20060,0.21254,0.32583,-0.20113,0.21334
8216.0409,6,0.33088,-0.20022,0.21250,0.32734,-0.20086,0.21309
8216.0839,6,0.33165,-0.20058,0.21247,0.32864,-0.20078,0.21290
8216.1166,6,0.33250,-0.20112,0.21227,0.32980,-0.20088,0.21271
8216.1492,6,0.33578,-0.20087,0.21193,0.33159,-0.20088,0.21248
8216.1852,6,0.33553,-0.20067,0.21207,0.33277,-0.20081,0.21236
8216.2265,6,0.33629,-0.20184,0.21194,0.33383,-0.20112,0.21223
8216.2586,6,0.33628,-0.20211,0.21219,0.33456,-0.20142,0.21222
8216.2928,6,0.33813,-0.20226,0.21183,0.33563,-0.20167,0.21210
8216.3253,6,0.33913,-0.20233,0.21145,0.33668,-0.20187,0.21191
8216.3627,6,0.33982,-0.20172,0.21105,0.33762,-0.20182,0.21165
8216.3960,6,0.34038,-0.20131,0.21090,0.33845,-0.20167,0.21142
8216.4322,6,0.34210,-0.20018,0.21070,0.33955,-0.20122,0.21121
8216.4648,6,0.34466,-0.19971,0.21005,0.34108,-0.20077,0.21086
8216.4967,6,0.34620,-0.19938,0.20996,0.34262,-0.20035,0.21059
8216.5300,6,0.34618,-0.19821,0.21003,0.34369,-0.19971,0.21042
8216.5666,6,0.34753,-0.19762,0.20971,0.34484,-0.19908,0.21021
8216.6012,6,0.35075,-0.19642,0.20894,0.34661,-0.19828,0.20983
8216.6370,6,0.35026,-0.19527,0.20886,0.34771,-0.19738,0.20954
8216.6715,6,0.35148,-0.19393,0.20835,0.34884,-0.19635,0.20918
8216.7035,6,0.35387,-0.19485,0.20753,0.35035,-0.19590,0.20869
8216.7356,6,0.35505,-0.19426,0.20692,0.35176,-0.19541,0.20816
8216.7675,6,0.35354,-0.19487,0.20661,0.35229,-0.19524,0.20769
8216.7993,6,0.35573,-0.19336,0.20620,0.35332,-0.19468,0.20724
8216.8309,6,0.35354,-0.19302,0.20655,0.35339,-0.19418,0.20703
8216.8628,6,0.35660,-0.19197,0.20615,0.35435,-0.19352,0.20677
8216.8953,6,0.35794,-0.19166,0.20571,0.35543,-0.19296,0.20645
8216.9284,6,0.35840,-0.19097,0.20561,0.35632,-0.19236,0.20620
8216.9606,6,0.36006,-0.18946,0.20508,0.35744,-0.19149,0.20586
8216.9926,6,0.36134,-0.18900,0.20470,0.35861,-0.19074,0.20551
8217.0266,6,0.36202,-0.18804,0.20459,0.35963,-0.18993,0.20524
8217.0581,6,0.36712,-0.18650,0.20331,0.36188,-0.18890,0.20466
8217.0971,6,0.36909,-0.18544,0.20266,0.36404,-0.18786,0.20406
8217.1281,6,0.36869,-0.18387,0.20234,0.36544,-0.18667,0.20354
8217.1629,6,0.37065,-0.18311,0.20148,0.36700,-0.18560,0.20292
8217.1945,6,0.37272,-0.18352,0.20083,0.36872,-0.18498,0.20230
8217.2278,6,0.37734,-0.18275,0.20042,0.37130,-0.18431,0.20173
8217.2606,6,0.37663,-0.18434,0.20078,0.37290,-0.18432,0.20145
8217.2959,6,0.37895,-0.18582,0.20056,0.37472,-0.18477,0.20118
8217.3280,6,0.37924,-0.18682,0.20123,0.37607,-0.18538,0.20120
8217.3698,6,0.38111,-0.18702,0.20179,0.37758,-0.18588,0.20138
8217.4014,6,0.38318,-0.18728,0.20187,0.37926,-0.18630,0.20153
8217.4329,6,0.38412,-0.18753,0.20232,0.38072,-0.18667,0.20176
8217.4678,6,0.38405,-0.18787,0.20298,0.38172,-0.18703,0.20213
8217.5015,6,0.38760,-0.18907,0.20285,0.38348,-0.18764,0.20235
8217.5358,6,0.38651,-0.18871,0.20341,0.38439,-0.18796,0.20267
8217.5696,6,0.38966,-0.18887,0.20309,0.38597,-0.18823,0.20279
8217.6044,6,0.39243,-0.18808,0.20290,0.38791,-0.18819,0.20283
8217.6379,6,0.39564,-0.18795,0.20203,0.39023,-0.18812,0.20259
8217.6709,6,0.39759,-0.18815,0.20162,0.39244,-0.18813,0.20230
8217.7032,6,0.39991,-0.18800,0.20082,0.39468,-0.18809,0.20185
8217.7358,6,0.40000,-0.18918,0.20002,0.39628,-0.18842,0.20130
8217.7696,6,0.40000,-0.18909,0.19972,0.39739,-0.18862,0.20083
8217.8018,6,0.40000,-0.19024,0.20028,0.39817,-0.18911,0.20066
8217.8357,6,0.40000,-0.19067,0.20039,0.39872,-0.18957,0.20058
8217.8694,6,0.40000,-0.19033,0.20014,0.39911,-0.18980,0.20045
8217.9060,6,0.40000,-0.19055,0.19967,0.39937,-0.19002,0.20021
8217.9368,6,0.40000,-0.19079,0.19918,0.39956,-0.19025,0.19990
8217.9680,6,0.40000,-0.19110,0.19853,0.39969,-0.19051,0.19949
8217.9996,6,0.40000,-0.19041,0.19797,0.39979,-0.19048,0.19903
8218.0311,6,0.40000,-0.18966,0.19656,0.39985,-0.19023,0.19829
8218.0635,6,0.40000,-0.18987,0.19438,0.39989,-0.19012,0.19712
8218.0953,6,0.40000,-0.18854,0.19335,0.39993,-0.18965,0.19599
8218.1354,6,0.40000,-0.18858,0.19236,0.39995,-0.18933,0.19490
8218.1677,6,0.40000,-0.18856,0.19133,0.39996,-0.18910,0.19383
8218.2069,6,0.40000,-0.18773,0.19117,0.39997,-0.18869,0.19303
8218.2407,6,0.40000,-0.18797,0.19092,0.39998,-0.18847,0.19240
8218.2750,6,0.40000,-0.18918,0.19066,0.39999,-0.18868,0.19187
8218.3084,6,0.40000,-0.18902,0.19099,0.39999,-0.18878,0.19161
8218.3468,6,0.40000,-0.18917,0.19104,0.39999,-0.18890,0.19144
8218.3785,6,0.40000,-0.18933,0.19108,0.40000,-0.18903,0.19133
8218.4112,6,0.40000,-0.18910,0.19101,0.40000,-0.18905,0.19124
8218.4431,6,0.40000,-0.18679,0.19113,0.40000,-0.18837,0.19120
8218.4756,6,0.40000,-0.18693,0.19112,0.40000,-0.18794,0.19118
8218.5104,6,0.40000,-0.18675,0.19075,0.40000,-0.18758,0.19105
8218.5420,6,0.40000,-0.18578,0.19078,0.40000,-0.18704,0.19097
8218.5752,6,0.40000,-0.18496,0.19013,0.40000,-0.18642,0.19072
8218.6088,6,0.40000,-0.18641,0.18959,0.40000,-0.18641,0.19038
8218.6459,6,0.40000,-0.18563,0.18862,0.40000,-0.18618,0.18985
8218.6773,6,0.40000,-0.18556,0.18773,0.40000,-0.18599,0.18922
8218.7083,6,0.40000,-0.18448,0.18708,0.40000,-0.18554,0.18858
8218.7475,6,0.40000,-0.18348,0.18598,0.40000,-0.18492,0.18780
8218.7809,6,0.40000,-0.18453,0.18536,0.40000,-0.18480,0.18707
8218.8146,6,0.40000,-0.18340,0.18447,0.40000,-0.18438,0.18629
8218.8481,6,0.40000,-0.18249,0.18319,0.40000,-0.18382,0.18536
8218.8806,6,0.40000,-0.18045,0.18219,0.40000,-0.18281,0.18441
8218.9128,6,0.40000,-0.17850,0.18066,0.40000,-0.18151,0.18328
8218.9443,6,0.40000,-0.17634,0.17917,0.40000,-0.17996,0.18205
8218.9763,6,0.40000,-0.17644,0.17719,0.40000,-0.17891,0.18059
8219.0086,6,0.40000,-0.17664,0.17551,0.40000,-0.17823,0.17907
8219.0441,6,0.40000,-0.17432,0.17473,0.40000,-0.17705,0.17777
8219.0779,6,0.40000,-0.17174,0.17404,0.40000,-0.17546,0.17665
8219.1099,6,0.40000,-0.17142,0.17294,0.40000,-0.17425,0.17554
8219.1427,6,0.40000,-0.16894,0.17244,0.40000,-0.17266,0.17461
8219.1780,6,0.40000,-0.16982,0.17158,0.40000,-0.17181,0.17370
8219.2095,6,0.40000,-0.16879,0.17047,0.40000,-0.17090,0.17273
8219.2407,6,0.40000,-0.16848,0.16964,0.40000,-0.17017,0.17180
8219.2736,6,0.40000,-0.17097,0.16882,0.40000,-0.17041,0.17091
8219.3080,6,0.40000,-0.17117,0.16872,0.40000,-0.17064,0.17025
8219.3415,6,0.40000,-0.16963,0.16832,0.40000,-0.17034,0.16967
8219.3748,6,0.40000,-0.17021,0.16813,0.40000,-0.17030,0.16921
8219.4130,6,0.40000,-0.17093,0.16691,0.40000,-0.17049,0.16852
8219.4476,6,0.40000,-0.16885,0.16610,0.40000,-0.17000,0.16779
8219.4820,6,0.40000,-0.16770,0.16449,0.40000,-0.16931,0.16680
8219.5122,6,0.40000,-0.16658,0.16333,0.40000,-0.16849,0.16576
8219.5474,6,0.40000,-0.16555,0.16161,0.40000,-0.16761,0.16452
8219.5787,6,0.40000,-0.16556,0.16111,0.40000,-0.16699,0.16349
8219.6128,6,0.40000,-0.16386,0.16003,0.40000,-0.16605,0.16245
8219.6433,6,0.40000,-0.16197,0.15944,0.40000,-0.16483,0.16155
8219.6758,6,0.40000,-0.16187,0.16014,0.40000,-0.16394,0.16113
8219.7181,6,0.40000,-0.15870,0.16132,0.40000,-0.16237,0.16118
8219.7522,6,0.40000,-0.15467,0.16376,0.40000,-0.16006,0.16196
8219.7846,6,0.40000,-0.15378,0.16570,0.40000,-0.15817,0.16308
8219.8162,6,0.40000,-0.14977,0.16580,0.40000,-0.15565,0.16390
8219.8481,6,0.40000,-0.14628,0.16562,0.40000,-0.15284,0.16441
8219.8810,6,0.40000,-0.14274,0.16407,0.40000,-0.14981,0.16431
8219.9147,6,0.40000,-0.14192,0.16314,0.40000,-0.14744,0.16396
8219.9480,6,0.40000,-0.14088,0.16001,0.40000,-0.14547,0.16277
8219.9851,6,0.40000,-0.14155,0.15846,0.40000,-0.14430,0.16148
8220.0186,6,0.40000,-0.14189,0.15723,0.40000,-0.14358,0.16020
8220.0527,6,0.40000,-0.14450,0.15652,0.40000,-0.14385,0.15910
8220.0872,6,0.40000,-0.14622,0.15510,0.40000,-0.14456,0.15790
8220.1199,6,0.40000,-0.14744,0.15387,0.40000,-0.14542,0.15669
8220.1517,6,0.40000,-0.14842,0.15329,0.40000,-0.14632,0.15567
8220.1853,6,0.40000,-0.14796,0.15312,0.40000,-0.14681,0.15490
8220.2169,6,0.40000,-0.14700,0.15326,0.40000,-0.14687,0.15441
8220.2572,6,0.40000,-0.14738,0.15269,0.40000,-0.14702,0.15389
8220.2894,6,0.40000,-0.14565,0.15322,0.40000,-0.14661,0.15369
8220.3220,6,0.40000,-0.14591,0.15415,0.40000,-0.14640,0.15383
8220.3528,6,0.40000,-0.14534,0.15515,0.40000,-0.14608,0.15423
8220.3840,6,0.40000,-0.14298,0.15656,0.40000,-0.14515,0.15493
8220.4173,6,0.40000,-0.14448,0.15846,0.40000,-0.14495,0.15599
8220.4494,6,0.40000,-0.14213,0.16041,0.40000,-0.14410,0.15731
8220.4817,6,0.40000,-0.14152,0.16147,0.40000,-0.14333,0.15856
8220.5155,6,0.40000,-0.14035,0.16238,0.40000,-0.14243,0.15971
8220.5481,6,0.40000,-0.14015,0.16258,0.40000,-0.14175,0.16057
8220.5806,6,0.40000,-0.13851,0.16274,0.40000,-0.14078,0.16122
8220.6128,6,0.40000,-0.13700,0.16271,0.40000,-0.13965,0.16167
8220.6510,6,0.40000,-0.13625,0.16220,0.40000,-0.13863,0.16183
8220.6834,6,0.40000,-0.13636,0.16221,0.40000,-0.13795,0.16194
8220.7168,6,0.40000,-0.13736,0.16336,0.40000,-0.13777,0.16237
8220.7496,6,0.40000,-0.13836,0.16366,0.40000,-0.13795,0.16276
8220.7813,6,0.40000,-0.13977,0.16407,0.40000,-0.13849,0.16315
8220.8157,6,0.40000,-0.14015,0.16367,0.40000,-0.13899,0.16331
8220.8471,6,0.40000,-0.14034,0.16322,0.40000,-0.13940,0.16328
8220.8807,6,0.40000,-0.14154,0.16175,0.40000,-0.14004,0.16282
8220.9166,6,0.40000,-0.13891,0.16092,0.40000,-0.13970,0.16225
8220.9534,6,0.40000,-0.13846,0.15964,0.40000,-0.13933,0.16147
8220.9861,6,0.40000,-0.13319,0.16017,0.40000,-0.13749,0.16108
8221.0282,6,0.40000,-0.13187,0.16061,0.40000,-0.13580,0.16094
8221.0595,6,0.40000,-0.13005,0.16079,0.40000,-0.13408,0.16089
8221.0948,6,0.40000,-0.13002,0.16197,0.40000,-0.13286,0.16122
8221.1290,6,0.40000,-0.12947,0.16238,0.40000,-0.13184,0.16157
8221.1620,6,0.40000,-0.13258,0.16224,0.40000,-0.13207,0.16177
8221.1987,6,0.40000,-0.13325,0.16237,0.40000,-0.13242,0.16195
8221.2311,6,0.40000,-0.13539,0.16203,0.40000,-0.13331,0.16197
8221.2701,6,0.40000,-0.13999,0.16201,0.40000,-0.13531,0.16198
8221.3011,6,0.40000,-0.14309,0.16179,0.40000,-0.13765,0.16192
8221.3442,6,0.40000,-0.14150,0.16220,0.40000,-0.13880,0.16201
8221.3819,6,0.40000,-0.14317,0.16267,0.40000,-0.14011,0.16221
8221.4190,6,0.40000,-0.14293,0.16325,0.40000,-0.14096,0.16252
8221.4543,6,0.40000,-0.14678,0.16501,0.40000,-0.14270,0.16327
8221.4911,6,0.40000,-0.14765,0.16686,0.40000,-0.14419,0.16435
8221.5259,6,0.40000,-0.15097,0.16770,0.40000,-0.14622,0.16535
8221.5587,6,0.40000,-0.14919,0.16854,0.40000,-0.14711,0.16631
8221.5929,6,0.40000,-0.14815,0.17006,0.40000,-0.14742,0.16743
8221.6332,6,0.40000,-0.14715,0.17086,0.40000,-0.14734,0.16846
8221.6669,6,0.40000,-0.14727,0.17179,0.40000,-0.14732,0.16946
8221.6992,6,0.40000,-0.14652,0.17160,0.40000,-0.14708,0.17010
8221.7329,6,0.40000,-0.14700,0.17249,0.40000,-0.14706,0.17082
8221.7647,6,0.40000,-0.14746,0.17372,0.40000,-0.14718,0.17169
8221.7983,6,0.40000,-0.15122,0.17777,0.40000,-0.14839,0.17351
8221.8315,6,0.40000,-0.15185,0.17959,0.40000,-0.14943,0.17534
8221.8737,6,0.40000,-0.15404,0.18065,0.40000,-0.15081,0.17693
8221.9062,6,0.40000,-0.15600,0.18244,0.40000,-0.15237,0.17858
8221.9386,6,0.40000,-0.15875,0.18404,0.40000,-0.15428,0.18022
8221.9732,6,0.40000,-0.15878,0.18666,0.40000,-0.15563,0.18215
8222.0135,6,0.40000,-0.15947,0.18879,0.40000,-0.15678,0.18414
8222.0473,6,0.40000,-0.16085,0.19147,0.40000,-0.15800,0.18634
8222.0787,6,0.40000,-0.16257,0.19416,0.40000,-0.15937,0.18869
8222.1108,6,0.40000,-0.16500,0.19563,0.40000,-0.16106,0.19077
8222.1428,6,0.40000,-0.16811,0.19725,0.40000,-0.16318,0.19272
8222.1739,6,0.40000,-0.16861,0.19792,0.40000,-0.16481,0.19428
8222.2134,6,0.40000,-0.16940,0.19830,0.40000,-0.16618,0.19548
8222.2453,6,0.40000,-0.16986,0.19907,0.40000,-0.16729,0.19656
8222.2768,6,0.40000,-0.17041,0.19994,0.40000,-0.16822,0.19757
8222.3105,6,0.40000,-0.17144,0.20022,0.40000,-0.16919,0.19837
8222.3430,6,0.40000,-0.17073,0.20040,0.40000,-0.16965,0.19898
8222.3760,6,0.39464,-0.17161,0.20129,0.39839,-0.17024,0.19967
8222.4100,6,0.39363,-0.17246,0.20069,0.39696,-0.17091,0.19998
8222.4457,6,0.38819,-0.17391,0.20133,0.39433,-0.17181,0.20038
8222.4802,6,0.38893,-0.17540,0.20061,0.39271,-0.17288,0.20045
8222.5143,6,0.38228,-0.17685,0.20154,0.38958,-0.17407,0.20078
8222.5475,6,0.38418,-0.17742,0.20077,0.38796,-0.17508,0.20077
8222.5783,6,0.37902,-0.17918,0.20130,0.38528,-0.17631,0.20093
8222.6121,6,0.37791,-0.18117,0.20126,0.38307,-0.17777,0.20103
8222.6443,6,0.37837,-0.18210,0.20113,0.38166,-0.17907,0.20106
8222.6756,6,0.37619,-0.18403,0.20130,0.38002,-0.18055,0.20113
8222.7098,6,0.37356,-0.18543,0.20163,0.37808,-0.18202,0.20128
8222.7417,6,0.36801,-0.18829,0.20212,0.37506,-0.18390,0.20153
8222.7852,6,0.36652,-0.19063,0.20192,0.37250,-0.18592,0.20165
8222.8189,6,0.36490,-0.19012,0.20203,0.37022,-0.18718,0.20177
8222.8497,6,0.36204,-0.19097,0.20216,0.36776,-0.18832,0.20188
8222.8809,6,0.35935,-0.19086,0.20250,0.36524,-0.18908,0.20207
8222.9128,6,0.36017,-0.19156,0.20208,0.36372,-0.18982,0.20207
8222.9444,6,0.35756,-0.19176,0.20200,0.36187,-0.19040,0.20205
8222.9760,6,0.35527,-0.19269,0.20224,0.35989,-0.19109,0.20211
8223.0076,6,0.35393,-0.19407,0.20249,0.35810,-0.19198,0.20222
8223.0404,6,0.34948,-0.19427,0.20342,0.35552,-0.19267,0.20258
8223.0800,6,0.34963,-0.19317,0.20372,0.35375,-0.19282,0.20292
8223.1116,6,0.34839,-0.19212,0.20425,0.35214,-0.19261,0.20332
8223.1488,6,0.34807,-0.19218,0.20446,0.35092,-0.19248,0.20366
8223.1804,6,0.34459,-0.19172,0.20510,0.34902,-0.19225,0.20409
8223.2131,6,0.34256,-0.19140,0.20531,0.34708,-0.19200,0.20446
8223.2457,6,0.34187,-0.19170,0.20534,0.34552,-0.19191,0.20472
8223.2794,6,0.33925,-0.19185,0.20534,0.34364,-0.19189,0.20491
8223.3166,6,0.33936,-0.19189,0.20474,0.34235,-0.19189,0.20486
8223.3509,6,0.33705,-0.19157,0.20475,0.34076,-0.19180,0.20482
8223.3820,6,0.33425,-0.19005,0.20483,0.33881,-0.19127,0.20483
8223.4132,6,0.33309,-0.18924,0.20458,0.33709,-0.19066,0.20475
8223.4457,6,0.33007,-0.18774,0.20512,0.33499,-0.18979,0.20486
8223.4786,6,0.32876,-0.18730,0.20548,0.33312,-0.18904,0.20505
8223.5119,6,0.32750,-0.18676,0.20549,0.33144,-0.18836,0.20518
8223.5489,6,0.32561,-0.18617,0.20541,0.32969,-0.18770,0.20525
8223.5813,6,0.32321,-0.18648,0.20547,0.32774,-0.18733,0.20532
8223.6128,6,0.32310,-0.18727,0.20520,0.32635,-0.18731,0.20528
8223.6462,6,0.32036,-0.18820,0.20567,0.32455,-0.18758,0.20540
8223.6774,6,0.31816,-0.18901,0.20612,0.32264,-0.18801,0.20562
8223.7107,6,0.31505,-0.18976,0.20664,0.32036,-0.18853,0.20592
8223.7438,6,0.31333,-0.19103,0.20731,0.31825,-0.18928,0.20634
8223.7840,6,0.31066,-0.19189,0.20832,0.31597,-0.19006,0.20693
8223.8194,6,0.31090,-0.19183,0.20866,0.31445,-0.19060,0.20745
8223.8509,6,0.31001,-0.19272,0.20937,0.31312,-0.19123,0.20803
8223.8832,6,0.30888,-0.19249,0.21006,0.31185,-0.19161,0.20864
8223.9188,6,0.30862,-0.19269,0.21048,0.31088,-0.19193,0.20919
8223.9507,6,0.30610,-0.19328,0.21103,0.30944,-0.19234,0.20974
8223.9815,6,0.30734,-0.19243,0.21100,0.30881,-0.19236,0.21012
8224.0152,6,0.30700,-0.19271,0.21124,0.30827,-0.19247,0.21046
8224.0482,6,0.30451,-0.19333,0.21150,0.30714,-0.19273,0.21077
8224.0822,6,0.30225,-0.19220,0.21189,0.30567,-0.19257,0.21111
8224.1153,6,0.30218,-0.19235,0.21219,0.30462,-0.19250,0.21143
8224.1481,6,0.30201,-0.19219,0.21226,0.30384,-0.19241,0.21168
8224.1874,6,0.30103,-0.19175,0.21260,0.30300,-0.19221,0.21196
8224.2192,6,0.30019,-0.19229,0.21298,0.30216,-0.19224,0.21226
8224.2515,6,0.29779,-0.19172,0.21357,0.30085,-0.19208,0.21266
8224.2837,6,0.30005,-0.19247,0.21347,0.30061,-0.19220,0.21290
8224.3166,6,0.29681,-0.19212,0.21424,0.29947,-0.19217,0.21330
8224.3581,6,0.29583,-0.19366,0.21467,0.29838,-0.19262,0.21371
8224.3900,6,0.29424,-0.19275,0.21527,0.29714,-0.19266,0.21418
8224.4237,6,0.29264,-0.19269,0.21595,0.29579,-0.19267,0.21471
8224.4623,6,0.29284,-0.19237,0.21609,0.29490,-0.19258,0.21512
8224.4949,6,0.29148,-0.19270,0.21637,0.29387,-0.19261,0.21550
8224.5275,6,0.29015,-0.19264,0.21656,0.29276,-0.19262,0.21582
8224.5598,6,0.28948,-0.19277,0.21645,0.29177,-0.19267,0.21601
8224.5907,6,0.28853,-0.19308,0.21641,0.29080,-0.19279,0.21613
8224.6250,6,0.28487,-0.19272,0.21721,0.28902,-0.19277,0.21645
8224.6577,6,0.28367,-0.19288,0.21764,0.28742,-0.19280,0.21681
8224.6915,6,0.28182,-0.19238,0.21799,0.28574,-0.19267,0.21716
8224.7283,6,0.28066,-0.19296,0.21817,0.28421,-0.19276,0.21747
8224.7632,6,0.27976,-0.19259,0.21842,0.28288,-0.19271,0.21775
8224.8012,6,0.27837,-0.19232,0.21867,0.28153,-0.19259,0.21803
8224.8319,6,0.27756,-0.19271,0.21888,0.28034,-0.19263,0.21828
8224.8632,6,0.27591,-0.19299,0.21926,0.27901,-0.19274,0.21858
8224.8976,6,0.27411,-0.19250,0.21983,0.27754,-0.19266,0.21895
8224.9315,6,0.27516,-0.19237,0.21999,0.27683,-0.19258,0.21926
8224.9625,6,0.27139,-0.19283,0.22084,0.27519,-0.19265,0.21974
8225.0000,6,0.27071,-0.19261,0.22121,0.27385,-0.19264,0.22018
8225.0336,6,0.27055,-0.19305,0.22129,0.27286,-0.19276,0.22051
8225.0667,6,0.26940,-0.19275,0.22164,0.27182,-0.19276,0.22085
8225.1052,6,0.26797,-0.19258,0.22184,0.27067,-0.19270,0.22115
8225.1384,6,0.26599,-0.19317,0.22225,0.26926,-0.19284,0.22148
8225.1720,6,0.26519,-0.19309,0.22226,0.26804,-0.19292,0.22171
8225.2032,6,0.26368,-0.19326,0.22260,0.26673,-0.19302,0.22198
8225.2348,6,0.26357,-0.19392,0.22245,0.26578,-0.19329,0.22212
8225.2688,6,0.26257,-0.19401,0.22267,0.26482,-0.19351,0.22228
8225.3002,6,0.26166,-0.19382,0.22297,0.26387,-0.19360,0.22249
8225.3337,6,0.26031,-0.19463,0.22317,0.26281,-0.19391,0.22269
8225.3652,6,0.25920,-0.19451,0.22364,0.26172,-0.19409,0.22298
8225.3992,6,0.25878,-0.19525,0.22384,0.26084,-0.19444,0.22324
8225.4327,6,0.25683,-0.19549,0.22432,0.25964,-0.19475,0.22356
8225.4656,6,0.25499,-0.19620,0.22457,0.25824,-0.19519,0.22387
8225.4989,6,0.25467,-0.19651,0.22457,0.25717,-0.19558,0.22408
8225.5301,6,0.25266,-0.19632,0.22492,0.25582,-0.19581,0.22433
8225.5623,6,0.25245,-0.19720,0.22483,0.25481,-0.19622,0.22448
8225.5936,6,0.25051,-0.19630,0.22496,0.25352,-0.19624,0.22462
8225.6249,6,0.24922,-0.19698,0.22508,0.25223,-0.19647,0.22476
8225.6580,6,0.24905,-0.19732,0.22476,0.25128,-0.19672,0.22476
8225.6924,6,0.24814,-0.19641,0.22466,0.25033,-0.19663,0.22473
8225.7291,6,0.24830,-0.19638,0.22459,0.24972,-0.19655,0.22469
8225.7651,6,0.24788,-0.19606,0.22499,0.24917,-0.19641,0.22478
8225.8006,6,0.24581,-0.19560,0.22523,0.24816,-0.19616,0.22491
8225.8322,6,0.24496,-0.19426,0.22552,0.24720,-0.19559,0.22509
8225.8640,6,0.24443,-0.19390,0.22575,0.24637,-0.19509,0.22529
8225.8947,6,0.24456,-0.19368,0.22563,0.24583,-0.19467,0.22539
8225.9256,6,0.24244,-0.19273,0.22598,0.24481,-0.19408,0.22557
8225.9573,6,0.24122,-0.19184,0.22578,0.24373,-0.19341,0.22563
8225.9910,6,0.24112,-0.19134,0.22558,0.24295,-0.19279,0.22562
8226.0258,6,0.24047,-0.19080,0.22573,0.24221,-0.19219,0.22565
8226.0595,6,0.24038,-0.18921,0.22595,0.24166,-0.19130,0.22574
8226.0908,6,0.23982,-0.18761,0.22646,0.24111,-0.19019,0.22595
8226.1247,6,0.23851,-0.18673,0.22689,0.24033,-0.18916,0.22624
8226.1576,6,0.23730,-0.18566,0.22725,0.23942,-0.18811,0.22654
8226.1969,6,0.23787,-0.18586,0.22729,0.23896,-0.18743,0.22677
8226.2301,6,0.23810,-0.18553,0.22767,0.23870,-0.18686,0.22704
8226.2636,6,0.23876,-0.18568,0.22777,0.23872,-0.18651,0.22726
8226.2948,6,0.23772,-0.18538,0.22821,0.23842,-0.18617,0.22754
8226.3258,6,0.23791,-0.18480,0.22838,0.23827,-0.18576,0.22779
8226.3594,6,0.23689,-0.18392,0.22895,0.23785,-0.18521,0.22814
8226.3933,6,0.23548,-0.18345,0.22948,0.23714,-0.18468,0.22854
8226.4281,6,0.23684,-0.18291,0.22932,0.23705,-0.18415,0.22877
8226.4596,6,0.23482,-0.18350,0.22989,0.23638,-0.18395,0.22911
8226.4952,6,0.23686,-0.18291,0.22955,0.23652,-0.18364,0.22924
8226.5306,6,0.23635,-0.18335,0.22979,0.23647,-0.18355,0.22941
8226.5653,6,0.23620,-0.18291,0.22946,0.23639,-0.18336,0.22942
8226.5975,6,0.23636,-0.18283,0.22907,0.23638,-0.18320,0.22932
8226.6295,6,0.23714,-0.18258,0.22796,0.23661,-0.18301,0.22891
8226.6664,6,0.23756,-0.18205,0.22570,0.23689,-0.18272,0.22795
8226.6983,6,0.23898,-0.18239,0.22100,0.23752,-0.18262,0.22586
8226.7305,6,0.24257,-0.18273,0.21181,0.23903,-0.18266,0.22165
8226.7642,6,0.23568,-0.18276,0.20190,0.23803,-0.18269,0.21572
8226.7963,6,0.23580,-0.18007,0.18874,0.23736,-0.18190,0.20763
8226.8308,6,0.23198,-0.17706,0.17447,0.23575,-0.18045,0.19768
8226.8634,6,0.23100,-0.17141,0.15699,0.23432,-0.17774,0.18547
8226.8964,6,0.23116,-0.16917,0.13818,0.23337,-0.17517,0.17128
8226.9293,6,0.22050,-0.16493,0.12021,0.22951,-0.17209,0.15596
8226.9614,6,0.21063,-0.16665,0.10116,0.22385,-0.17046,0.13952
8227.0021,6,0.19475,-0.16629,0.08378,0.21512,-0.16921,0.12280
8227.0342,6,0.16258,-0.16077,0.07308,0.19936,-0.16668,0.10788
